structure_index,formula,total_atoms,distinct_elements,elements,count_Cr,fraction_Cr,count_W,fraction_W,count_Y,fraction_Y,count_Zr,fraction_Zr
0,Y125,125,1,Y,0,0.000000000000,0,0.000000000000,125,1.000000000000,0,0.000000000000
1,Y125,125,1,Y,0,0.000000000000,0,0.000000000000,125,1.000000000000,0,0.000000000000
2,Y125,125,1,Y,0,0.000000000000,0,0.000000000000,125,1.000000000000,0,0.000000000000
3,Y125,125,1,Y,0,0.000000000000,0,0.000000000000,125,1.000000000000,0,0.000000000000
4,Y125,125,1,Y,0,0.000000000000,0,0.000000000000,125,1.000000000000,0,0.000000000000
5,Y125,125,1,Y,0,0.000000000000,0,0.000000000000,125,1.000000000000,0,0.000000000000
6,Y125,125,1,Y,0,0.000000000000,0,0.000000000000,125,1.000000000000,0,0.000000000000
7,Y125,125,1,Y,0,0.000000000000,0,0.000000000000,125,1.000000000000,0,0.000000000000
8,Y125,125,1,Y,0,0.000000000000,0,0.000000000000,125,1.000000000000,0,0.000000000000
9,Y125,125,1,Y,0,0.000000000000,0,0.000000000000,125,1.000000000000,0,0.000000000000
10,Y125,125,1,Y,0,0.000000000000,0,0.000000000000,125,1.000000000000,0,0.000000000000
11,Y125,125,1,Y,0,0.000000000000,0,0.000000000000,125,1.000000000000,0,0.000000000000
12,Y125,125,1,Y,0,0.000000000000,0,0.000000000000,125,1.000000000000,0,0.000000000000
13,Y125,125,1,Y,0,0.000000000000,0,0.000000000000,125,1.000000000000,0,0.000000000000
14,Y125,125,1,Y,0,0.000000000000,0,0.000000000000,125,1.000000000000,0,0.000000000000
15,Y125,125,1,Y,0,0.000000000000,0,0.000000000000,125,1.000000000000,0,0.000000000000
16,Y125,125,1,Y,0,0.000000000000,0,0.000000000000,125,1.000000000000,0,0.000000000000
17,Y125,125,1,Y,0,0.000000000000,0,0.000000000000,125,1.000000000000,0,0.000000000000
18,Y125,125,1,Y,0,0.000000000000,0,0.000000000000,125,1.000000000000,0,0.000000000000
19,Y125,125,1,Y,0,0.000000000000,0,0.000000000000,125,1.000000000000,0,0.000000000000
20,Y125,125,1,Y,0,0.000000000000,0,0.000000000000,125,1.000000000000,0,0.000000000000
21,Y125,125,1,Y,0,0.000000000000,0,0.000000000000,125,1.000000000000,0,0.000000000000
22,Y125,125,1,Y,0,0.000000000000,0,0.000000000000,125,1.000000000000,0,0.000000000000
23,Y125,125,1,Y,0,0.000000000000,0,0.000000000000,125,1.000000000000,0,0.000000000000
24,Y125,125,1,Y,0,0.000000000000,0,0.000000000000,125,1.000000000000,0,0.000000000000
25,Y125,125,1,Y,0,0.000000000000,0,0.000000000000,125,1.000000000000,0,0.000000000000
26,Y125,125,1,Y,0,0.000000000000,0,0.000000000000,125,1.000000000000,0,0.000000000000
27,Y125,125,1,Y,0,0.000000000000,0,0.000000000000,125,1.000000000000,0,0.000000000000
28,Y125,125,1,Y,0,0.000000000000,0,0.000000000000,125,1.000000000000,0,0.000000000000
29,Y125,125,1,Y,0,0.000000000000,0,0.000000000000,125,1.000000000000,0,0.000000000000
30,Y125,125,1,Y,0,0.000000000000,0,0.000000000000,125,1.000000000000,0,0.000000000000
31,Y125,125,1,Y,0,0.000000000000,0,0.000000000000,125,1.000000000000,0,0.000000000000
32,Y125,125,1,Y,0,0.000000000000,0,0.000000000000,125,1.000000000000,0,0.000000000000
33,Y125,125,1,Y,0,0.000000000000,0,0.000000000000,125,1.000000000000,0,0.000000000000
34,Y125,125,1,Y,0,0.000000000000,0,0.000000000000,125,1.000000000000,0,0.000000000000
35,Y125,125,1,Y,0,0.000000000000,0,0.000000000000,125,1.000000000000,0,0.000000000000
36,Y125,125,1,Y,0,0.000000000000,0,0.000000000000,125,1.000000000000,0,0.000000000000
37,Y125,125,1,Y,0,0.000000000000,0,0.000000000000,125,1.000000000000,0,0.000000000000
38,Y125,125,1,Y,0,0.000000000000,0,0.000000000000,125,1.000000000000,0,0.000000000000
39,Y125,125,1,Y,0,0.000000000000,0,0.000000000000,125,1.000000000000,0,0.000000000000
40,Y125,125,1,Y,0,0.000000000000,0,0.000000000000,125,1.000000000000,0,0.000000000000
41,Y125,125,1,Y,0,0.000000000000,0,0.000000000000,125,1.000000000000,0,0.000000000000
42,Y125,125,1,Y,0,0.000000000000,0,0.000000000000,125,1.000000000000,0,0.000000000000
43,Y125,125,1,Y,0,0.000000000000,0,0.000000000000,125,1.000000000000,0,0.000000000000
44,Y125,125,1,Y,0,0.000000000000,0,0.000000000000,125,1.000000000000,0,0.000000000000
45,Y125,125,1,Y,0,0.000000000000,0,0.000000000000,125,1.000000000000,0,0.000000000000
46,Y125,125,1,Y,0,0.000000000000,0,0.000000000000,125,1.000000000000,0,0.000000000000
47,Y125,125,1,Y,0,0.000000000000,0,0.000000000000,125,1.000000000000,0,0.000000000000
48,Y125,125,1,Y,0,0.000000000000,0,0.000000000000,125,1.000000000000,0,0.000000000000
49,Y125,125,1,Y,0,0.000000000000,0,0.000000000000,125,1.000000000000,0,0.000000000000
50,Y125,125,1,Y,0,0.000000000000,0,0.000000000000,125,1.000000000000,0,0.000000000000
51,Y125,125,1,Y,0,0.000000000000,0,0.000000000000,125,1.000000000000,0,0.000000000000
52,Y125,125,1,Y,0,0.000000000000,0,0.000000000000,125,1.000000000000,0,0.000000000000
53,Y125,125,1,Y,0,0.000000000000,0,0.000000000000,125,1.000000000000,0,0.000000000000
54,Y135,135,1,Y,0,0.000000000000,0,0.000000000000,135,1.000000000000,0,0.000000000000
55,Zr125,125,1,Zr,0,0.000000000000,0,0.000000000000,0,0.000000000000,125,1.000000000000
56,Zr125,125,1,Zr,0,0.000000000000,0,0.000000000000,0,0.000000000000,125,1.000000000000
57,Zr125,125,1,Zr,0,0.000000000000,0,0.000000000000,0,0.000000000000,125,1.000000000000
58,Zr125,125,1,Zr,0,0.000000000000,0,0.000000000000,0,0.000000000000,125,1.000000000000
59,Zr125,125,1,Zr,0,0.000000000000,0,0.000000000000,0,0.000000000000,125,1.000000000000
60,Zr125,125,1,Zr,0,0.000000000000,0,0.000000000000,0,0.000000000000,125,1.000000000000
61,Zr125,125,1,Zr,0,0.000000000000,0,0.000000000000,0,0.000000000000,125,1.000000000000
62,Zr125,125,1,Zr,0,0.000000000000,0,0.000000000000,0,0.000000000000,125,1.000000000000
63,Zr125,125,1,Zr,0,0.000000000000,0,0.000000000000,0,0.000000000000,125,1.000000000000
64,Zr125,125,1,Zr,0,0.000000000000,0,0.000000000000,0,0.000000000000,125,1.000000000000
65,Zr125,125,1,Zr,0,0.000000000000,0,0.000000000000,0,0.000000000000,125,1.000000000000
66,Zr125,125,1,Zr,0,0.000000000000,0,0.000000000000,0,0.000000000000,125,1.000000000000
67,Zr125,125,1,Zr,0,0.000000000000,0,0.000000000000,0,0.000000000000,125,1.000000000000
68,Zr125,125,1,Zr,0,0.000000000000,0,0.000000000000,0,0.000000000000,125,1.000000000000
69,Zr125,125,1,Zr,0,0.000000000000,0,0.000000000000,0,0.000000000000,125,1.000000000000
70,Zr125,125,1,Zr,0,0.000000000000,0,0.000000000000,0,0.000000000000,125,1.000000000000
71,Zr125,125,1,Zr,0,0.000000000000,0,0.000000000000,0,0.000000000000,125,1.000000000000
72,Zr125,125,1,Zr,0,0.000000000000,0,0.000000000000,0,0.000000000000,125,1.000000000000
73,Zr125,125,1,Zr,0,0.000000000000,0,0.000000000000,0,0.000000000000,125,1.000000000000
74,Zr125,125,1,Zr,0,0.000000000000,0,0.000000000000,0,0.000000000000,125,1.000000000000
75,Zr125,125,1,Zr,0,0.000000000000,0,0.000000000000,0,0.000000000000,125,1.000000000000
76,Zr125,125,1,Zr,0,0.000000000000,0,0.000000000000,0,0.000000000000,125,1.000000000000
77,Zr125,125,1,Zr,0,0.000000000000,0,0.000000000000,0,0.000000000000,125,1.000000000000
78,Zr125,125,1,Zr,0,0.000000000000,0,0.000000000000,0,0.000000000000,125,1.000000000000
79,Zr125,125,1,Zr,0,0.000000000000,0,0.000000000000,0,0.000000000000,125,1.000000000000
80,Zr125,125,1,Zr,0,0.000000000000,0,0.000000000000,0,0.000000000000,125,1.000000000000
81,Zr125,125,1,Zr,0,0.000000000000,0,0.000000000000,0,0.000000000000,125,1.000000000000
82,Zr125,125,1,Zr,0,0.000000000000,0,0.000000000000,0,0.000000000000,125,1.000000000000
83,Zr125,125,1,Zr,0,0.000000000000,0,0.000000000000,0,0.000000000000,125,1.000000000000
84,Zr125,125,1,Zr,0,0.000000000000,0,0.000000000000,0,0.000000000000,125,1.000000000000
85,Zr125,125,1,Zr,0,0.000000000000,0,0.000000000000,0,0.000000000000,125,1.000000000000
86,Zr125,125,1,Zr,0,0.000000000000,0,0.000000000000,0,0.000000000000,125,1.000000000000
87,Zr125,125,1,Zr,0,0.000000000000,0,0.000000000000,0,0.000000000000,125,1.000000000000
88,Zr125,125,1,Zr,0,0.000000000000,0,0.000000000000,0,0.000000000000,125,1.000000000000
89,Zr125,125,1,Zr,0,0.000000000000,0,0.000000000000,0,0.000000000000,125,1.000000000000
90,Zr125,125,1,Zr,0,0.000000000000,0,0.000000000000,0,0.000000000000,125,1.000000000000
91,Zr125,125,1,Zr,0,0.000000000000,0,0.000000000000,0,0.000000000000,125,1.000000000000
92,Zr125,125,1,Zr,0,0.000000000000,0,0.000000000000,0,0.000000000000,125,1.000000000000
93,Zr125,125,1,Zr,0,0.000000000000,0,0.000000000000,0,0.000000000000,125,1.000000000000
94,Zr125,125,1,Zr,0,0.000000000000,0,0.000000000000,0,0.000000000000,125,1.000000000000
95,Zr125,125,1,Zr,0,0.000000000000,0,0.000000000000,0,0.000000000000,125,1.000000000000
96,Zr125,125,1,Zr,0,0.000000000000,0,0.000000000000,0,0.000000000000,125,1.000000000000
97,Zr125,125,1,Zr,0,0.000000000000,0,0.000000000000,0,0.000000000000,125,1.000000000000
98,Zr125,125,1,Zr,0,0.000000000000,0,0.000000000000,0,0.000000000000,125,1.000000000000
99,Zr125,125,1,Zr,0,0.000000000000,0,0.000000000000,0,0.000000000000,125,1.000000000000
100,Zr125,125,1,Zr,0,0.000000000000,0,0.000000000000,0,0.000000000000,125,1.000000000000
101,Zr125,125,1,Zr,0,0.000000000000,0,0.000000000000,0,0.000000000000,125,1.000000000000
102,Zr125,125,1,Zr,0,0.000000000000,0,0.000000000000,0,0.000000000000,125,1.000000000000
103,Zr125,125,1,Zr,0,0.000000000000,0,0.000000000000,0,0.000000000000,125,1.000000000000
104,Zr125,125,1,Zr,0,0.000000000000,0,0.000000000000,0,0.000000000000,125,1.000000000000
105,Zr125,125,1,Zr,0,0.000000000000,0,0.000000000000,0,0.000000000000,125,1.000000000000
106,Zr125,125,1,Zr,0,0.000000000000,0,0.000000000000,0,0.000000000000,125,1.000000000000
107,Zr125,125,1,Zr,0,0.000000000000,0,0.000000000000,0,0.000000000000,125,1.000000000000
108,Zr125,125,1,Zr,0,0.000000000000,0,0.000000000000,0,0.000000000000,125,1.000000000000
109,Zr133,133,1,Zr,0,0.000000000000,0,0.000000000000,0,0.000000000000,133,1.000000000000
110,Zr125,125,1,Zr,0,0.000000000000,0,0.000000000000,0,0.000000000000,125,1.000000000000
111,Zr125,125,1,Zr,0,0.000000000000,0,0.000000000000,0,0.000000000000,125,1.000000000000
112,Zr125,125,1,Zr,0,0.000000000000,0,0.000000000000,0,0.000000000000,125,1.000000000000
113,Zr125,125,1,Zr,0,0.000000000000,0,0.000000000000,0,0.000000000000,125,1.000000000000
114,Zr125,125,1,Zr,0,0.000000000000,0,0.000000000000,0,0.000000000000,125,1.000000000000
115,Zr125,125,1,Zr,0,0.000000000000,0,0.000000000000,0,0.000000000000,125,1.000000000000
116,Zr125,125,1,Zr,0,0.000000000000,0,0.000000000000,0,0.000000000000,125,1.000000000000
117,Zr125,125,1,Zr,0,0.000000000000,0,0.000000000000,0,0.000000000000,125,1.000000000000
118,Zr125,125,1,Zr,0,0.000000000000,0,0.000000000000,0,0.000000000000,125,1.000000000000
119,Zr125,125,1,Zr,0,0.000000000000,0,0.000000000000,0,0.000000000000,125,1.000000000000
120,Zr125,125,1,Zr,0,0.000000000000,0,0.000000000000,0,0.000000000000,125,1.000000000000
121,Zr125,125,1,Zr,0,0.000000000000,0,0.000000000000,0,0.000000000000,125,1.000000000000
122,Zr125,125,1,Zr,0,0.000000000000,0,0.000000000000,0,0.000000000000,125,1.000000000000
123,Zr125,125,1,Zr,0,0.000000000000,0,0.000000000000,0,0.000000000000,125,1.000000000000
124,Zr125,125,1,Zr,0,0.000000000000,0,0.000000000000,0,0.000000000000,125,1.000000000000
125,Zr125,125,1,Zr,0,0.000000000000,0,0.000000000000,0,0.000000000000,125,1.000000000000
126,Zr125,125,1,Zr,0,0.000000000000,0,0.000000000000,0,0.000000000000,125,1.000000000000
127,Zr125,125,1,Zr,0,0.000000000000,0,0.000000000000,0,0.000000000000,125,1.000000000000
128,Zr125,125,1,Zr,0,0.000000000000,0,0.000000000000,0,0.000000000000,125,1.000000000000
129,Zr125,125,1,Zr,0,0.000000000000,0,0.000000000000,0,0.000000000000,125,1.000000000000
130,Zr125,125,1,Zr,0,0.000000000000,0,0.000000000000,0,0.000000000000,125,1.000000000000
131,Zr125,125,1,Zr,0,0.000000000000,0,0.000000000000,0,0.000000000000,125,1.000000000000
132,Zr125,125,1,Zr,0,0.000000000000,0,0.000000000000,0,0.000000000000,125,1.000000000000
133,Zr125,125,1,Zr,0,0.000000000000,0,0.000000000000,0,0.000000000000,125,1.000000000000
134,Zr125,125,1,Zr,0,0.000000000000,0,0.000000000000,0,0.000000000000,125,1.000000000000
135,Zr125,125,1,Zr,0,0.000000000000,0,0.000000000000,0,0.000000000000,125,1.000000000000
136,Zr125,125,1,Zr,0,0.000000000000,0,0.000000000000,0,0.000000000000,125,1.000000000000
137,Zr125,125,1,Zr,0,0.000000000000,0,0.000000000000,0,0.000000000000,125,1.000000000000
138,Zr125,125,1,Zr,0,0.000000000000,0,0.000000000000,0,0.000000000000,125,1.000000000000
139,Zr125,125,1,Zr,0,0.000000000000,0,0.000000000000,0,0.000000000000,125,1.000000000000
140,Zr125,125,1,Zr,0,0.000000000000,0,0.000000000000,0,0.000000000000,125,1.000000000000
141,Zr125,125,1,Zr,0,0.000000000000,0,0.000000000000,0,0.000000000000,125,1.000000000000
142,Zr125,125,1,Zr,0,0.000000000000,0,0.000000000000,0,0.000000000000,125,1.000000000000
143,Zr125,125,1,Zr,0,0.000000000000,0,0.000000000000,0,0.000000000000,125,1.000000000000
144,Zr125,125,1,Zr,0,0.000000000000,0,0.000000000000,0,0.000000000000,125,1.000000000000
145,Zr125,125,1,Zr,0,0.000000000000,0,0.000000000000,0,0.000000000000,125,1.000000000000
146,Zr125,125,1,Zr,0,0.000000000000,0,0.000000000000,0,0.000000000000,125,1.000000000000
147,Zr125,125,1,Zr,0,0.000000000000,0,0.000000000000,0,0.000000000000,125,1.000000000000
148,Zr125,125,1,Zr,0,0.000000000000,0,0.000000000000,0,0.000000000000,125,1.000000000000
149,Zr125,125,1,Zr,0,0.000000000000,0,0.000000000000,0,0.000000000000,125,1.000000000000
150,Zr125,125,1,Zr,0,0.000000000000,0,0.000000000000,0,0.000000000000,125,1.000000000000
151,Zr125,125,1,Zr,0,0.000000000000,0,0.000000000000,0,0.000000000000,125,1.000000000000
152,Zr125,125,1,Zr,0,0.000000000000,0,0.000000000000,0,0.000000000000,125,1.000000000000
153,Zr125,125,1,Zr,0,0.000000000000,0,0.000000000000,0,0.000000000000,125,1.000000000000
154,Zr125,125,1,Zr,0,0.000000000000,0,0.000000000000,0,0.000000000000,125,1.000000000000
155,Zr125,125,1,Zr,0,0.000000000000,0,0.000000000000,0,0.000000000000,125,1.000000000000
156,Zr125,125,1,Zr,0,0.000000000000,0,0.000000000000,0,0.000000000000,125,1.000000000000
157,Zr125,125,1,Zr,0,0.000000000000,0,0.000000000000,0,0.000000000000,125,1.000000000000
158,Zr125,125,1,Zr,0,0.000000000000,0,0.000000000000,0,0.000000000000,125,1.000000000000
159,Zr125,125,1,Zr,0,0.000000000000,0,0.000000000000,0,0.000000000000,125,1.000000000000
160,Zr125,125,1,Zr,0,0.000000000000,0,0.000000000000,0,0.000000000000,125,1.000000000000
161,Zr125,125,1,Zr,0,0.000000000000,0,0.000000000000,0,0.000000000000,125,1.000000000000
162,Zr125,125,1,Zr,0,0.000000000000,0,0.000000000000,0,0.000000000000,125,1.000000000000
163,Zr125,125,1,Zr,0,0.000000000000,0,0.000000000000,0,0.000000000000,125,1.000000000000
164,Zr135,135,1,Zr,0,0.000000000000,0,0.000000000000,0,0.000000000000,135,1.000000000000
165,Y128,128,1,Y,0,0.000000000000,0,0.000000000000,128,1.000000000000,0,0.000000000000
166,Y128,128,1,Y,0,0.000000000000,0,0.000000000000,128,1.000000000000,0,0.000000000000
167,Y128,128,1,Y,0,0.000000000000,0,0.000000000000,128,1.000000000000,0,0.000000000000
168,Y128,128,1,Y,0,0.000000000000,0,0.000000000000,128,1.000000000000,0,0.000000000000
169,Y128,128,1,Y,0,0.000000000000,0,0.000000000000,128,1.000000000000,0,0.000000000000
170,Y128,128,1,Y,0,0.000000000000,0,0.000000000000,128,1.000000000000,0,0.000000000000
171,Y128,128,1,Y,0,0.000000000000,0,0.000000000000,128,1.000000000000,0,0.000000000000
172,Y128,128,1,Y,0,0.000000000000,0,0.000000000000,128,1.000000000000,0,0.000000000000
173,Y128,128,1,Y,0,0.000000000000,0,0.000000000000,128,1.000000000000,0,0.000000000000
174,Y128,128,1,Y,0,0.000000000000,0,0.000000000000,128,1.000000000000,0,0.000000000000
175,Y128,128,1,Y,0,0.000000000000,0,0.000000000000,128,1.000000000000,0,0.000000000000
176,Y128,128,1,Y,0,0.000000000000,0,0.000000000000,128,1.000000000000,0,0.000000000000
177,Y128,128,1,Y,0,0.000000000000,0,0.000000000000,128,1.000000000000,0,0.000000000000
178,Y128,128,1,Y,0,0.000000000000,0,0.000000000000,128,1.000000000000,0,0.000000000000
179,Y128,128,1,Y,0,0.000000000000,0,0.000000000000,128,1.000000000000,0,0.000000000000
180,Y128,128,1,Y,0,0.000000000000,0,0.000000000000,128,1.000000000000,0,0.000000000000
181,Y128,128,1,Y,0,0.000000000000,0,0.000000000000,128,1.000000000000,0,0.000000000000
182,Y128,128,1,Y,0,0.000000000000,0,0.000000000000,128,1.000000000000,0,0.000000000000
183,Y128,128,1,Y,0,0.000000000000,0,0.000000000000,128,1.000000000000,0,0.000000000000
184,Y128,128,1,Y,0,0.000000000000,0,0.000000000000,128,1.000000000000,0,0.000000000000
185,Y128,128,1,Y,0,0.000000000000,0,0.000000000000,128,1.000000000000,0,0.000000000000
186,Y128,128,1,Y,0,0.000000000000,0,0.000000000000,128,1.000000000000,0,0.000000000000
187,Y128,128,1,Y,0,0.000000000000,0,0.000000000000,128,1.000000000000,0,0.000000000000
188,Y128,128,1,Y,0,0.000000000000,0,0.000000000000,128,1.000000000000,0,0.000000000000
189,Y128,128,1,Y,0,0.000000000000,0,0.000000000000,128,1.000000000000,0,0.000000000000
190,Y128,128,1,Y,0,0.000000000000,0,0.000000000000,128,1.000000000000,0,0.000000000000
191,Y128,128,1,Y,0,0.000000000000,0,0.000000000000,128,1.000000000000,0,0.000000000000
192,Y128,128,1,Y,0,0.000000000000,0,0.000000000000,128,1.000000000000,0,0.000000000000
193,Y128,128,1,Y,0,0.000000000000,0,0.000000000000,128,1.000000000000,0,0.000000000000
194,Y128,128,1,Y,0,0.000000000000,0,0.000000000000,128,1.000000000000,0,0.000000000000
195,Y128,128,1,Y,0,0.000000000000,0,0.000000000000,128,1.000000000000,0,0.000000000000
196,Y128,128,1,Y,0,0.000000000000,0,0.000000000000,128,1.000000000000,0,0.000000000000
197,Y128,128,1,Y,0,0.000000000000,0,0.000000000000,128,1.000000000000,0,0.000000000000
198,Y128,128,1,Y,0,0.000000000000,0,0.000000000000,128,1.000000000000,0,0.000000000000
199,Y128,128,1,Y,0,0.000000000000,0,0.000000000000,128,1.000000000000,0,0.000000000000
200,Y128,128,1,Y,0,0.000000000000,0,0.000000000000,128,1.000000000000,0,0.000000000000
201,Y128,128,1,Y,0,0.000000000000,0,0.000000000000,128,1.000000000000,0,0.000000000000
202,Y128,128,1,Y,0,0.000000000000,0,0.000000000000,128,1.000000000000,0,0.000000000000
203,Y128,128,1,Y,0,0.000000000000,0,0.000000000000,128,1.000000000000,0,0.000000000000
204,Y128,128,1,Y,0,0.000000000000,0,0.000000000000,128,1.000000000000,0,0.000000000000
205,Y128,128,1,Y,0,0.000000000000,0,0.000000000000,128,1.000000000000,0,0.000000000000
206,Y128,128,1,Y,0,0.000000000000,0,0.000000000000,128,1.000000000000,0,0.000000000000
207,Y128,128,1,Y,0,0.000000000000,0,0.000000000000,128,1.000000000000,0,0.000000000000
208,Y128,128,1,Y,0,0.000000000000,0,0.000000000000,128,1.000000000000,0,0.000000000000
209,Y128,128,1,Y,0,0.000000000000,0,0.000000000000,128,1.000000000000,0,0.000000000000
210,Y128,128,1,Y,0,0.000000000000,0,0.000000000000,128,1.000000000000,0,0.000000000000
211,Y128,128,1,Y,0,0.000000000000,0,0.000000000000,128,1.000000000000,0,0.000000000000
212,Y128,128,1,Y,0,0.000000000000,0,0.000000000000,128,1.000000000000,0,0.000000000000
213,Y128,128,1,Y,0,0.000000000000,0,0.000000000000,128,1.000000000000,0,0.000000000000
214,Y128,128,1,Y,0,0.000000000000,0,0.000000000000,128,1.000000000000,0,0.000000000000
215,Y128,128,1,Y,0,0.000000000000,0,0.000000000000,128,1.000000000000,0,0.000000000000
216,Y128,128,1,Y,0,0.000000000000,0,0.000000000000,128,1.000000000000,0,0.000000000000
217,Y128,128,1,Y,0,0.000000000000,0,0.000000000000,128,1.000000000000,0,0.000000000000
218,Y128,128,1,Y,0,0.000000000000,0,0.000000000000,128,1.000000000000,0,0.000000000000
219,Y137,137,1,Y,0,0.000000000000,0,0.000000000000,137,1.000000000000,0,0.000000000000
220,Y128,128,1,Y,0,0.000000000000,0,0.000000000000,128,1.000000000000,0,0.000000000000
221,Y128,128,1,Y,0,0.000000000000,0,0.000000000000,128,1.000000000000,0,0.000000000000
222,Y128,128,1,Y,0,0.000000000000,0,0.000000000000,128,1.000000000000,0,0.000000000000
223,Y128,128,1,Y,0,0.000000000000,0,0.000000000000,128,1.000000000000,0,0.000000000000
224,Y128,128,1,Y,0,0.000000000000,0,0.000000000000,128,1.000000000000,0,0.000000000000
225,Y128,128,1,Y,0,0.000000000000,0,0.000000000000,128,1.000000000000,0,0.000000000000
226,Y128,128,1,Y,0,0.000000000000,0,0.000000000000,128,1.000000000000,0,0.000000000000
227,Y128,128,1,Y,0,0.000000000000,0,0.000000000000,128,1.000000000000,0,0.000000000000
228,Y128,128,1,Y,0,0.000000000000,0,0.000000000000,128,1.000000000000,0,0.000000000000
229,Y128,128,1,Y,0,0.000000000000,0,0.000000000000,128,1.000000000000,0,0.000000000000
230,Y128,128,1,Y,0,0.000000000000,0,0.000000000000,128,1.000000000000,0,0.000000000000
231,Y128,128,1,Y,0,0.000000000000,0,0.000000000000,128,1.000000000000,0,0.000000000000
232,Y128,128,1,Y,0,0.000000000000,0,0.000000000000,128,1.000000000000,0,0.000000000000
233,Y128,128,1,Y,0,0.000000000000,0,0.000000000000,128,1.000000000000,0,0.000000000000
234,Y128,128,1,Y,0,0.000000000000,0,0.000000000000,128,1.000000000000,0,0.000000000000
235,Y128,128,1,Y,0,0.000000000000,0,0.000000000000,128,1.000000000000,0,0.000000000000
236,Y128,128,1,Y,0,0.000000000000,0,0.000000000000,128,1.000000000000,0,0.000000000000
237,Y128,128,1,Y,0,0.000000000000,0,0.000000000000,128,1.000000000000,0,0.000000000000
238,Y128,128,1,Y,0,0.000000000000,0,0.000000000000,128,1.000000000000,0,0.000000000000
239,Y128,128,1,Y,0,0.000000000000,0,0.000000000000,128,1.000000000000,0,0.000000000000
240,Y128,128,1,Y,0,0.000000000000,0,0.000000000000,128,1.000000000000,0,0.000000000000
241,Y128,128,1,Y,0,0.000000000000,0,0.000000000000,128,1.000000000000,0,0.000000000000
242,Y128,128,1,Y,0,0.000000000000,0,0.000000000000,128,1.000000000000,0,0.000000000000
243,Y128,128,1,Y,0,0.000000000000,0,0.000000000000,128,1.000000000000,0,0.000000000000
244,Y128,128,1,Y,0,0.000000000000,0,0.000000000000,128,1.000000000000,0,0.000000000000
245,Y128,128,1,Y,0,0.000000000000,0,0.000000000000,128,1.000000000000,0,0.000000000000
246,Y128,128,1,Y,0,0.000000000000,0,0.000000000000,128,1.000000000000,0,0.000000000000
247,Y128,128,1,Y,0,0.000000000000,0,0.000000000000,128,1.000000000000,0,0.000000000000
248,Y128,128,1,Y,0,0.000000000000,0,0.000000000000,128,1.000000000000,0,0.000000000000
249,Y128,128,1,Y,0,0.000000000000,0,0.000000000000,128,1.000000000000,0,0.000000000000
250,Y128,128,1,Y,0,0.000000000000,0,0.000000000000,128,1.000000000000,0,0.000000000000
251,Y128,128,1,Y,0,0.000000000000,0,0.000000000000,128,1.000000000000,0,0.000000000000
252,Y128,128,1,Y,0,0.000000000000,0,0.000000000000,128,1.000000000000,0,0.000000000000
253,Y128,128,1,Y,0,0.000000000000,0,0.000000000000,128,1.000000000000,0,0.000000000000
254,Y128,128,1,Y,0,0.000000000000,0,0.000000000000,128,1.000000000000,0,0.000000000000
255,Y128,128,1,Y,0,0.000000000000,0,0.000000000000,128,1.000000000000,0,0.000000000000
256,Y128,128,1,Y,0,0.000000000000,0,0.000000000000,128,1.000000000000,0,0.000000000000
257,Y128,128,1,Y,0,0.000000000000,0,0.000000000000,128,1.000000000000,0,0.000000000000
258,Y128,128,1,Y,0,0.000000000000,0,0.000000000000,128,1.000000000000,0,0.000000000000
259,Y128,128,1,Y,0,0.000000000000,0,0.000000000000,128,1.000000000000,0,0.000000000000
260,Y128,128,1,Y,0,0.000000000000,0,0.000000000000,128,1.000000000000,0,0.000000000000
261,Y128,128,1,Y,0,0.000000000000,0,0.000000000000,128,1.000000000000,0,0.000000000000
262,Y128,128,1,Y,0,0.000000000000,0,0.000000000000,128,1.000000000000,0,0.000000000000
263,Y128,128,1,Y,0,0.000000000000,0,0.000000000000,128,1.000000000000,0,0.000000000000
264,Y128,128,1,Y,0,0.000000000000,0,0.000000000000,128,1.000000000000,0,0.000000000000
265,Y128,128,1,Y,0,0.000000000000,0,0.000000000000,128,1.000000000000,0,0.000000000000
266,Y128,128,1,Y,0,0.000000000000,0,0.000000000000,128,1.000000000000,0,0.000000000000
267,Y128,128,1,Y,0,0.000000000000,0,0.000000000000,128,1.000000000000,0,0.000000000000
268,Y128,128,1,Y,0,0.000000000000,0,0.000000000000,128,1.000000000000,0,0.000000000000
269,Y128,128,1,Y,0,0.000000000000,0,0.000000000000,128,1.000000000000,0,0.000000000000
270,Y128,128,1,Y,0,0.000000000000,0,0.000000000000,128,1.000000000000,0,0.000000000000
271,Y128,128,1,Y,0,0.000000000000,0,0.000000000000,128,1.000000000000,0,0.000000000000
272,Y128,128,1,Y,0,0.000000000000,0,0.000000000000,128,1.000000000000,0,0.000000000000
273,Y128,128,1,Y,0,0.000000000000,0,0.000000000000,128,1.000000000000,0,0.000000000000
274,Y135,135,1,Y,0,0.000000000000,0,0.000000000000,135,1.000000000000,0,0.000000000000
275,Zr128,128,1,Zr,0,0.000000000000,0,0.000000000000,0,0.000000000000,128,1.000000000000
276,Zr128,128,1,Zr,0,0.000000000000,0,0.000000000000,0,0.000000000000,128,1.000000000000
277,Zr128,128,1,Zr,0,0.000000000000,0,0.000000000000,0,0.000000000000,128,1.000000000000
278,Zr128,128,1,Zr,0,0.000000000000,0,0.000000000000,0,0.000000000000,128,1.000000000000
279,Zr128,128,1,Zr,0,0.000000000000,0,0.000000000000,0,0.000000000000,128,1.000000000000
280,Zr128,128,1,Zr,0,0.000000000000,0,0.000000000000,0,0.000000000000,128,1.000000000000
281,Zr128,128,1,Zr,0,0.000000000000,0,0.000000000000,0,0.000000000000,128,1.000000000000
282,Zr128,128,1,Zr,0,0.000000000000,0,0.000000000000,0,0.000000000000,128,1.000000000000
283,Zr128,128,1,Zr,0,0.000000000000,0,0.000000000000,0,0.000000000000,128,1.000000000000
284,Zr128,128,1,Zr,0,0.000000000000,0,0.000000000000,0,0.000000000000,128,1.000000000000
285,Zr128,128,1,Zr,0,0.000000000000,0,0.000000000000,0,0.000000000000,128,1.000000000000
286,Zr128,128,1,Zr,0,0.000000000000,0,0.000000000000,0,0.000000000000,128,1.000000000000
287,Zr128,128,1,Zr,0,0.000000000000,0,0.000000000000,0,0.000000000000,128,1.000000000000
288,Zr128,128,1,Zr,0,0.000000000000,0,0.000000000000,0,0.000000000000,128,1.000000000000
289,Zr128,128,1,Zr,0,0.000000000000,0,0.000000000000,0,0.000000000000,128,1.000000000000
290,Zr128,128,1,Zr,0,0.000000000000,0,0.000000000000,0,0.000000000000,128,1.000000000000
291,Zr128,128,1,Zr,0,0.000000000000,0,0.000000000000,0,0.000000000000,128,1.000000000000
292,Zr128,128,1,Zr,0,0.000000000000,0,0.000000000000,0,0.000000000000,128,1.000000000000
293,Zr128,128,1,Zr,0,0.000000000000,0,0.000000000000,0,0.000000000000,128,1.000000000000
294,Zr128,128,1,Zr,0,0.000000000000,0,0.000000000000,0,0.000000000000,128,1.000000000000
295,Zr128,128,1,Zr,0,0.000000000000,0,0.000000000000,0,0.000000000000,128,1.000000000000
296,Zr128,128,1,Zr,0,0.000000000000,0,0.000000000000,0,0.000000000000,128,1.000000000000
297,Zr128,128,1,Zr,0,0.000000000000,0,0.000000000000,0,0.000000000000,128,1.000000000000
298,Zr128,128,1,Zr,0,0.000000000000,0,0.000000000000,0,0.000000000000,128,1.000000000000
299,Zr128,128,1,Zr,0,0.000000000000,0,0.000000000000,0,0.000000000000,128,1.000000000000
300,Zr128,128,1,Zr,0,0.000000000000,0,0.000000000000,0,0.000000000000,128,1.000000000000
301,Zr128,128,1,Zr,0,0.000000000000,0,0.000000000000,0,0.000000000000,128,1.000000000000
302,Zr128,128,1,Zr,0,0.000000000000,0,0.000000000000,0,0.000000000000,128,1.000000000000
303,Zr128,128,1,Zr,0,0.000000000000,0,0.000000000000,0,0.000000000000,128,1.000000000000
304,Zr128,128,1,Zr,0,0.000000000000,0,0.000000000000,0,0.000000000000,128,1.000000000000
305,Zr128,128,1,Zr,0,0.000000000000,0,0.000000000000,0,0.000000000000,128,1.000000000000
306,Zr128,128,1,Zr,0,0.000000000000,0,0.000000000000,0,0.000000000000,128,1.000000000000
307,Zr128,128,1,Zr,0,0.000000000000,0,0.000000000000,0,0.000000000000,128,1.000000000000
308,Zr128,128,1,Zr,0,0.000000000000,0,0.000000000000,0,0.000000000000,128,1.000000000000
309,Zr128,128,1,Zr,0,0.000000000000,0,0.000000000000,0,0.000000000000,128,1.000000000000
310,Zr128,128,1,Zr,0,0.000000000000,0,0.000000000000,0,0.000000000000,128,1.000000000000
311,Zr128,128,1,Zr,0,0.000000000000,0,0.000000000000,0,0.000000000000,128,1.000000000000
312,Zr128,128,1,Zr,0,0.000000000000,0,0.000000000000,0,0.000000000000,128,1.000000000000
313,Zr128,128,1,Zr,0,0.000000000000,0,0.000000000000,0,0.000000000000,128,1.000000000000
314,Zr128,128,1,Zr,0,0.000000000000,0,0.000000000000,0,0.000000000000,128,1.000000000000
315,Zr128,128,1,Zr,0,0.000000000000,0,0.000000000000,0,0.000000000000,128,1.000000000000
316,Zr128,128,1,Zr,0,0.000000000000,0,0.000000000000,0,0.000000000000,128,1.000000000000
317,Zr128,128,1,Zr,0,0.000000000000,0,0.000000000000,0,0.000000000000,128,1.000000000000
318,Zr128,128,1,Zr,0,0.000000000000,0,0.000000000000,0,0.000000000000,128,1.000000000000
319,Zr128,128,1,Zr,0,0.000000000000,0,0.000000000000,0,0.000000000000,128,1.000000000000
320,Zr128,128,1,Zr,0,0.000000000000,0,0.000000000000,0,0.000000000000,128,1.000000000000
321,Zr128,128,1,Zr,0,0.000000000000,0,0.000000000000,0,0.000000000000,128,1.000000000000
322,Zr128,128,1,Zr,0,0.000000000000,0,0.000000000000,0,0.000000000000,128,1.000000000000
323,Zr128,128,1,Zr,0,0.000000000000,0,0.000000000000,0,0.000000000000,128,1.000000000000
324,Zr128,128,1,Zr,0,0.000000000000,0,0.000000000000,0,0.000000000000,128,1.000000000000
325,Zr128,128,1,Zr,0,0.000000000000,0,0.000000000000,0,0.000000000000,128,1.000000000000
326,Zr128,128,1,Zr,0,0.000000000000,0,0.000000000000,0,0.000000000000,128,1.000000000000
327,Zr128,128,1,Zr,0,0.000000000000,0,0.000000000000,0,0.000000000000,128,1.000000000000
328,Zr128,128,1,Zr,0,0.000000000000,0,0.000000000000,0,0.000000000000,128,1.000000000000
329,Zr139,139,1,Zr,0,0.000000000000,0,0.000000000000,0,0.000000000000,139,1.000000000000
330,W125,125,1,W,0,0.000000000000,125,1.000000000000,0,0.000000000000,0,0.000000000000
331,W125,125,1,W,0,0.000000000000,125,1.000000000000,0,0.000000000000,0,0.000000000000
332,W125,125,1,W,0,0.000000000000,125,1.000000000000,0,0.000000000000,0,0.000000000000
333,W125,125,1,W,0,0.000000000000,125,1.000000000000,0,0.000000000000,0,0.000000000000
334,W125,125,1,W,0,0.000000000000,125,1.000000000000,0,0.000000000000,0,0.000000000000
335,W125,125,1,W,0,0.000000000000,125,1.000000000000,0,0.000000000000,0,0.000000000000
336,W125,125,1,W,0,0.000000000000,125,1.000000000000,0,0.000000000000,0,0.000000000000
337,W125,125,1,W,0,0.000000000000,125,1.000000000000,0,0.000000000000,0,0.000000000000
338,W125,125,1,W,0,0.000000000000,125,1.000000000000,0,0.000000000000,0,0.000000000000
339,W125,125,1,W,0,0.000000000000,125,1.000000000000,0,0.000000000000,0,0.000000000000
340,W125,125,1,W,0,0.000000000000,125,1.000000000000,0,0.000000000000,0,0.000000000000
341,W125,125,1,W,0,0.000000000000,125,1.000000000000,0,0.000000000000,0,0.000000000000
342,W125,125,1,W,0,0.000000000000,125,1.000000000000,0,0.000000000000,0,0.000000000000
343,W125,125,1,W,0,0.000000000000,125,1.000000000000,0,0.000000000000,0,0.000000000000
344,W125,125,1,W,0,0.000000000000,125,1.000000000000,0,0.000000000000,0,0.000000000000
345,W125,125,1,W,0,0.000000000000,125,1.000000000000,0,0.000000000000,0,0.000000000000
346,W125,125,1,W,0,0.000000000000,125,1.000000000000,0,0.000000000000,0,0.000000000000
347,W125,125,1,W,0,0.000000000000,125,1.000000000000,0,0.000000000000,0,0.000000000000
348,W125,125,1,W,0,0.000000000000,125,1.000000000000,0,0.000000000000,0,0.000000000000
349,W125,125,1,W,0,0.000000000000,125,1.000000000000,0,0.000000000000,0,0.000000000000
350,W125,125,1,W,0,0.000000000000,125,1.000000000000,0,0.000000000000,0,0.000000000000
351,W125,125,1,W,0,0.000000000000,125,1.000000000000,0,0.000000000000,0,0.000000000000
352,W125,125,1,W,0,0.000000000000,125,1.000000000000,0,0.000000000000,0,0.000000000000
353,W125,125,1,W,0,0.000000000000,125,1.000000000000,0,0.000000000000,0,0.000000000000
354,W125,125,1,W,0,0.000000000000,125,1.000000000000,0,0.000000000000,0,0.000000000000
355,W125,125,1,W,0,0.000000000000,125,1.000000000000,0,0.000000000000,0,0.000000000000
356,W125,125,1,W,0,0.000000000000,125,1.000000000000,0,0.000000000000,0,0.000000000000
357,W125,125,1,W,0,0.000000000000,125,1.000000000000,0,0.000000000000,0,0.000000000000
358,W125,125,1,W,0,0.000000000000,125,1.000000000000,0,0.000000000000,0,0.000000000000
359,W125,125,1,W,0,0.000000000000,125,1.000000000000,0,0.000000000000,0,0.000000000000
360,W125,125,1,W,0,0.000000000000,125,1.000000000000,0,0.000000000000,0,0.000000000000
361,W125,125,1,W,0,0.000000000000,125,1.000000000000,0,0.000000000000,0,0.000000000000
362,W125,125,1,W,0,0.000000000000,125,1.000000000000,0,0.000000000000,0,0.000000000000
363,W125,125,1,W,0,0.000000000000,125,1.000000000000,0,0.000000000000,0,0.000000000000
364,W125,125,1,W,0,0.000000000000,125,1.000000000000,0,0.000000000000,0,0.000000000000
365,W125,125,1,W,0,0.000000000000,125,1.000000000000,0,0.000000000000,0,0.000000000000
366,W125,125,1,W,0,0.000000000000,125,1.000000000000,0,0.000000000000,0,0.000000000000
367,W125,125,1,W,0,0.000000000000,125,1.000000000000,0,0.000000000000,0,0.000000000000
368,W125,125,1,W,0,0.000000000000,125,1.000000000000,0,0.000000000000,0,0.000000000000
369,W125,125,1,W,0,0.000000000000,125,1.000000000000,0,0.000000000000,0,0.000000000000
370,W125,125,1,W,0,0.000000000000,125,1.000000000000,0,0.000000000000,0,0.000000000000
371,W125,125,1,W,0,0.000000000000,125,1.000000000000,0,0.000000000000,0,0.000000000000
372,W125,125,1,W,0,0.000000000000,125,1.000000000000,0,0.000000000000,0,0.000000000000
373,W125,125,1,W,0,0.000000000000,125,1.000000000000,0,0.000000000000,0,0.000000000000
374,W125,125,1,W,0,0.000000000000,125,1.000000000000,0,0.000000000000,0,0.000000000000
375,W125,125,1,W,0,0.000000000000,125,1.000000000000,0,0.000000000000,0,0.000000000000
376,W125,125,1,W,0,0.000000000000,125,1.000000000000,0,0.000000000000,0,0.000000000000
377,W125,125,1,W,0,0.000000000000,125,1.000000000000,0,0.000000000000,0,0.000000000000
378,W125,125,1,W,0,0.000000000000,125,1.000000000000,0,0.000000000000,0,0.000000000000
379,W125,125,1,W,0,0.000000000000,125,1.000000000000,0,0.000000000000,0,0.000000000000
380,W125,125,1,W,0,0.000000000000,125,1.000000000000,0,0.000000000000,0,0.000000000000
381,W125,125,1,W,0,0.000000000000,125,1.000000000000,0,0.000000000000,0,0.000000000000
382,W125,125,1,W,0,0.000000000000,125,1.000000000000,0,0.000000000000,0,0.000000000000
383,W125,125,1,W,0,0.000000000000,125,1.000000000000,0,0.000000000000,0,0.000000000000
384,W134,134,1,W,0,0.000000000000,134,1.000000000000,0,0.000000000000,0,0.000000000000
385,W125,125,1,W,0,0.000000000000,125,1.000000000000,0,0.000000000000,0,0.000000000000
386,W125,125,1,W,0,0.000000000000,125,1.000000000000,0,0.000000000000,0,0.000000000000
387,W125,125,1,W,0,0.000000000000,125,1.000000000000,0,0.000000000000,0,0.000000000000
388,W125,125,1,W,0,0.000000000000,125,1.000000000000,0,0.000000000000,0,0.000000000000
389,W125,125,1,W,0,0.000000000000,125,1.000000000000,0,0.000000000000,0,0.000000000000
390,W125,125,1,W,0,0.000000000000,125,1.000000000000,0,0.000000000000,0,0.000000000000
391,W125,125,1,W,0,0.000000000000,125,1.000000000000,0,0.000000000000,0,0.000000000000
392,W125,125,1,W,0,0.000000000000,125,1.000000000000,0,0.000000000000,0,0.000000000000
393,W125,125,1,W,0,0.000000000000,125,1.000000000000,0,0.000000000000,0,0.000000000000
394,W125,125,1,W,0,0.000000000000,125,1.000000000000,0,0.000000000000,0,0.000000000000
395,W125,125,1,W,0,0.000000000000,125,1.000000000000,0,0.000000000000,0,0.000000000000
396,W125,125,1,W,0,0.000000000000,125,1.000000000000,0,0.000000000000,0,0.000000000000
397,W125,125,1,W,0,0.000000000000,125,1.000000000000,0,0.000000000000,0,0.000000000000
398,W125,125,1,W,0,0.000000000000,125,1.000000000000,0,0.000000000000,0,0.000000000000
399,W125,125,1,W,0,0.000000000000,125,1.000000000000,0,0.000000000000,0,0.000000000000
400,W125,125,1,W,0,0.000000000000,125,1.000000000000,0,0.000000000000,0,0.000000000000
401,W125,125,1,W,0,0.000000000000,125,1.000000000000,0,0.000000000000,0,0.000000000000
402,W125,125,1,W,0,0.000000000000,125,1.000000000000,0,0.000000000000,0,0.000000000000
403,W125,125,1,W,0,0.000000000000,125,1.000000000000,0,0.000000000000,0,0.000000000000
404,W125,125,1,W,0,0.000000000000,125,1.000000000000,0,0.000000000000,0,0.000000000000
405,W125,125,1,W,0,0.000000000000,125,1.000000000000,0,0.000000000000,0,0.000000000000
406,W125,125,1,W,0,0.000000000000,125,1.000000000000,0,0.000000000000,0,0.000000000000
407,W125,125,1,W,0,0.000000000000,125,1.000000000000,0,0.000000000000,0,0.000000000000
408,W125,125,1,W,0,0.000000000000,125,1.000000000000,0,0.000000000000,0,0.000000000000
409,W125,125,1,W,0,0.000000000000,125,1.000000000000,0,0.000000000000,0,0.000000000000
410,W125,125,1,W,0,0.000000000000,125,1.000000000000,0,0.000000000000,0,0.000000000000
411,W125,125,1,W,0,0.000000000000,125,1.000000000000,0,0.000000000000,0,0.000000000000
412,W125,125,1,W,0,0.000000000000,125,1.000000000000,0,0.000000000000,0,0.000000000000
413,W125,125,1,W,0,0.000000000000,125,1.000000000000,0,0.000000000000,0,0.000000000000
414,W125,125,1,W,0,0.000000000000,125,1.000000000000,0,0.000000000000,0,0.000000000000
415,W125,125,1,W,0,0.000000000000,125,1.000000000000,0,0.000000000000,0,0.000000000000
416,W125,125,1,W,0,0.000000000000,125,1.000000000000,0,0.000000000000,0,0.000000000000
417,W125,125,1,W,0,0.000000000000,125,1.000000000000,0,0.000000000000,0,0.000000000000
418,W125,125,1,W,0,0.000000000000,125,1.000000000000,0,0.000000000000,0,0.000000000000
419,W125,125,1,W,0,0.000000000000,125,1.000000000000,0,0.000000000000,0,0.000000000000
420,W125,125,1,W,0,0.000000000000,125,1.000000000000,0,0.000000000000,0,0.000000000000
421,W125,125,1,W,0,0.000000000000,125,1.000000000000,0,0.000000000000,0,0.000000000000
422,W125,125,1,W,0,0.000000000000,125,1.000000000000,0,0.000000000000,0,0.000000000000
423,W125,125,1,W,0,0.000000000000,125,1.000000000000,0,0.000000000000,0,0.000000000000
424,W125,125,1,W,0,0.000000000000,125,1.000000000000,0,0.000000000000,0,0.000000000000
425,W125,125,1,W,0,0.000000000000,125,1.000000000000,0,0.000000000000,0,0.000000000000
426,W125,125,1,W,0,0.000000000000,125,1.000000000000,0,0.000000000000,0,0.000000000000
427,W125,125,1,W,0,0.000000000000,125,1.000000000000,0,0.000000000000,0,0.000000000000
428,W125,125,1,W,0,0.000000000000,125,1.000000000000,0,0.000000000000,0,0.000000000000
429,W125,125,1,W,0,0.000000000000,125,1.000000000000,0,0.000000000000,0,0.000000000000
430,W125,125,1,W,0,0.000000000000,125,1.000000000000,0,0.000000000000,0,0.000000000000
431,W125,125,1,W,0,0.000000000000,125,1.000000000000,0,0.000000000000,0,0.000000000000
432,W125,125,1,W,0,0.000000000000,125,1.000000000000,0,0.000000000000,0,0.000000000000
433,W125,125,1,W,0,0.000000000000,125,1.000000000000,0,0.000000000000,0,0.000000000000
434,W125,125,1,W,0,0.000000000000,125,1.000000000000,0,0.000000000000,0,0.000000000000
435,W125,125,1,W,0,0.000000000000,125,1.000000000000,0,0.000000000000,0,0.000000000000
436,W125,125,1,W,0,0.000000000000,125,1.000000000000,0,0.000000000000,0,0.000000000000
437,W125,125,1,W,0,0.000000000000,125,1.000000000000,0,0.000000000000,0,0.000000000000
438,W125,125,1,W,0,0.000000000000,125,1.000000000000,0,0.000000000000,0,0.000000000000
439,W135,135,1,W,0,0.000000000000,135,1.000000000000,0,0.000000000000,0,0.000000000000
440,W128,128,1,W,0,0.000000000000,128,1.000000000000,0,0.000000000000,0,0.000000000000
441,W128,128,1,W,0,0.000000000000,128,1.000000000000,0,0.000000000000,0,0.000000000000
442,W128,128,1,W,0,0.000000000000,128,1.000000000000,0,0.000000000000,0,0.000000000000
443,W128,128,1,W,0,0.000000000000,128,1.000000000000,0,0.000000000000,0,0.000000000000
444,W128,128,1,W,0,0.000000000000,128,1.000000000000,0,0.000000000000,0,0.000000000000
445,W128,128,1,W,0,0.000000000000,128,1.000000000000,0,0.000000000000,0,0.000000000000
446,W128,128,1,W,0,0.000000000000,128,1.000000000000,0,0.000000000000,0,0.000000000000
447,W128,128,1,W,0,0.000000000000,128,1.000000000000,0,0.000000000000,0,0.000000000000
448,W128,128,1,W,0,0.000000000000,128,1.000000000000,0,0.000000000000,0,0.000000000000
449,W128,128,1,W,0,0.000000000000,128,1.000000000000,0,0.000000000000,0,0.000000000000
450,W128,128,1,W,0,0.000000000000,128,1.000000000000,0,0.000000000000,0,0.000000000000
451,W128,128,1,W,0,0.000000000000,128,1.000000000000,0,0.000000000000,0,0.000000000000
452,W128,128,1,W,0,0.000000000000,128,1.000000000000,0,0.000000000000,0,0.000000000000
453,W128,128,1,W,0,0.000000000000,128,1.000000000000,0,0.000000000000,0,0.000000000000
454,W128,128,1,W,0,0.000000000000,128,1.000000000000,0,0.000000000000,0,0.000000000000
455,W128,128,1,W,0,0.000000000000,128,1.000000000000,0,0.000000000000,0,0.000000000000
456,W128,128,1,W,0,0.000000000000,128,1.000000000000,0,0.000000000000,0,0.000000000000
457,W128,128,1,W,0,0.000000000000,128,1.000000000000,0,0.000000000000,0,0.000000000000
458,W128,128,1,W,0,0.000000000000,128,1.000000000000,0,0.000000000000,0,0.000000000000
459,W128,128,1,W,0,0.000000000000,128,1.000000000000,0,0.000000000000,0,0.000000000000
460,W128,128,1,W,0,0.000000000000,128,1.000000000000,0,0.000000000000,0,0.000000000000
461,W128,128,1,W,0,0.000000000000,128,1.000000000000,0,0.000000000000,0,0.000000000000
462,W128,128,1,W,0,0.000000000000,128,1.000000000000,0,0.000000000000,0,0.000000000000
463,W128,128,1,W,0,0.000000000000,128,1.000000000000,0,0.000000000000,0,0.000000000000
464,W128,128,1,W,0,0.000000000000,128,1.000000000000,0,0.000000000000,0,0.000000000000
465,W128,128,1,W,0,0.000000000000,128,1.000000000000,0,0.000000000000,0,0.000000000000
466,W128,128,1,W,0,0.000000000000,128,1.000000000000,0,0.000000000000,0,0.000000000000
467,W128,128,1,W,0,0.000000000000,128,1.000000000000,0,0.000000000000,0,0.000000000000
468,W128,128,1,W,0,0.000000000000,128,1.000000000000,0,0.000000000000,0,0.000000000000
469,W128,128,1,W,0,0.000000000000,128,1.000000000000,0,0.000000000000,0,0.000000000000
470,W128,128,1,W,0,0.000000000000,128,1.000000000000,0,0.000000000000,0,0.000000000000
471,W128,128,1,W,0,0.000000000000,128,1.000000000000,0,0.000000000000,0,0.000000000000
472,W128,128,1,W,0,0.000000000000,128,1.000000000000,0,0.000000000000,0,0.000000000000
473,W128,128,1,W,0,0.000000000000,128,1.000000000000,0,0.000000000000,0,0.000000000000
474,W128,128,1,W,0,0.000000000000,128,1.000000000000,0,0.000000000000,0,0.000000000000
475,W128,128,1,W,0,0.000000000000,128,1.000000000000,0,0.000000000000,0,0.000000000000
476,W128,128,1,W,0,0.000000000000,128,1.000000000000,0,0.000000000000,0,0.000000000000
477,W128,128,1,W,0,0.000000000000,128,1.000000000000,0,0.000000000000,0,0.000000000000
478,W128,128,1,W,0,0.000000000000,128,1.000000000000,0,0.000000000000,0,0.000000000000
479,W128,128,1,W,0,0.000000000000,128,1.000000000000,0,0.000000000000,0,0.000000000000
480,W128,128,1,W,0,0.000000000000,128,1.000000000000,0,0.000000000000,0,0.000000000000
481,W128,128,1,W,0,0.000000000000,128,1.000000000000,0,0.000000000000,0,0.000000000000
482,W128,128,1,W,0,0.000000000000,128,1.000000000000,0,0.000000000000,0,0.000000000000
483,W128,128,1,W,0,0.000000000000,128,1.000000000000,0,0.000000000000,0,0.000000000000
484,W128,128,1,W,0,0.000000000000,128,1.000000000000,0,0.000000000000,0,0.000000000000
485,W128,128,1,W,0,0.000000000000,128,1.000000000000,0,0.000000000000,0,0.000000000000
486,W128,128,1,W,0,0.000000000000,128,1.000000000000,0,0.000000000000,0,0.000000000000
487,W128,128,1,W,0,0.000000000000,128,1.000000000000,0,0.000000000000,0,0.000000000000
488,W128,128,1,W,0,0.000000000000,128,1.000000000000,0,0.000000000000,0,0.000000000000
489,W128,128,1,W,0,0.000000000000,128,1.000000000000,0,0.000000000000,0,0.000000000000
490,W128,128,1,W,0,0.000000000000,128,1.000000000000,0,0.000000000000,0,0.000000000000
491,W128,128,1,W,0,0.000000000000,128,1.000000000000,0,0.000000000000,0,0.000000000000
492,W128,128,1,W,0,0.000000000000,128,1.000000000000,0,0.000000000000,0,0.000000000000
493,W128,128,1,W,0,0.000000000000,128,1.000000000000,0,0.000000000000,0,0.000000000000
494,W137,137,1,W,0,0.000000000000,137,1.000000000000,0,0.000000000000,0,0.000000000000
495,Cr54W54,108,2,"Cr,W",54,0.500000000000,54,0.500000000000,0,0.000000000000,0,0.000000000000
496,Cr56W55,111,2,"Cr,W",56,0.504504504505,55,0.495495495495,0,0.000000000000,0,0.000000000000
497,Cr55W54,109,2,"Cr,W",55,0.504587155963,54,0.495412844037,0,0.000000000000,0,0.000000000000
498,Cr54W54,108,2,"Cr,W",54,0.500000000000,54,0.500000000000,0,0.000000000000,0,0.000000000000
499,Cr54W54,108,2,"Cr,W",54,0.500000000000,54,0.500000000000,0,0.000000000000,0,0.000000000000
500,Cr54W54,108,2,"Cr,W",54,0.500000000000,54,0.500000000000,0,0.000000000000,0,0.000000000000
501,Cr54W54,108,2,"Cr,W",54,0.500000000000,54,0.500000000000,0,0.000000000000,0,0.000000000000
502,Cr54W54,108,2,"Cr,W",54,0.500000000000,54,0.500000000000,0,0.000000000000,0,0.000000000000
503,Cr54W54,108,2,"Cr,W",54,0.500000000000,54,0.500000000000,0,0.000000000000,0,0.000000000000
504,Cr54W54,108,2,"Cr,W",54,0.500000000000,54,0.500000000000,0,0.000000000000,0,0.000000000000
505,Cr51W47,98,2,"Cr,W",51,0.520408163265,47,0.479591836735,0,0.000000000000,0,0.000000000000
506,Cr54W50,104,2,"Cr,W",54,0.519230769231,50,0.480769230769,0,0.000000000000,0,0.000000000000
507,Cr54W57,111,2,"Cr,W",54,0.486486486486,57,0.513513513514,0,0.000000000000,0,0.000000000000
508,Cr58W56,114,2,"Cr,W",58,0.508771929825,56,0.491228070175,0,0.000000000000,0,0.000000000000
509,Cr56W58,114,2,"Cr,W",56,0.491228070175,58,0.508771929825,0,0.000000000000,0,0.000000000000
510,Cr56W56,112,2,"Cr,W",56,0.500000000000,56,0.500000000000,0,0.000000000000,0,0.000000000000
511,Cr58W58,116,2,"Cr,W",58,0.500000000000,58,0.500000000000,0,0.000000000000,0,0.000000000000
512,Cr55W55,110,2,"Cr,W",55,0.500000000000,55,0.500000000000,0,0.000000000000,0,0.000000000000
513,Cr54W55,109,2,"Cr,W",54,0.495412844037,55,0.504587155963,0,0.000000000000,0,0.000000000000
514,Cr125,125,1,Cr,125,1.000000000000,0,0.000000000000,0,0.000000000000,0,0.000000000000
515,Cr125,125,1,Cr,125,1.000000000000,0,0.000000000000,0,0.000000000000,0,0.000000000000
516,Cr125,125,1,Cr,125,1.000000000000,0,0.000000000000,0,0.000000000000,0,0.000000000000
517,Cr125,125,1,Cr,125,1.000000000000,0,0.000000000000,0,0.000000000000,0,0.000000000000
518,Cr125,125,1,Cr,125,1.000000000000,0,0.000000000000,0,0.000000000000,0,0.000000000000
519,Cr125,125,1,Cr,125,1.000000000000,0,0.000000000000,0,0.000000000000,0,0.000000000000
520,Cr125,125,1,Cr,125,1.000000000000,0,0.000000000000,0,0.000000000000,0,0.000000000000
521,Cr125,125,1,Cr,125,1.000000000000,0,0.000000000000,0,0.000000000000,0,0.000000000000
522,Cr125,125,1,Cr,125,1.000000000000,0,0.000000000000,0,0.000000000000,0,0.000000000000
523,Cr125,125,1,Cr,125,1.000000000000,0,0.000000000000,0,0.000000000000,0,0.000000000000
524,Cr125,125,1,Cr,125,1.000000000000,0,0.000000000000,0,0.000000000000,0,0.000000000000
525,Cr125,125,1,Cr,125,1.000000000000,0,0.000000000000,0,0.000000000000,0,0.000000000000
526,Cr125,125,1,Cr,125,1.000000000000,0,0.000000000000,0,0.000000000000,0,0.000000000000
527,Cr125,125,1,Cr,125,1.000000000000,0,0.000000000000,0,0.000000000000,0,0.000000000000
528,Cr125,125,1,Cr,125,1.000000000000,0,0.000000000000,0,0.000000000000,0,0.000000000000
529,Cr125,125,1,Cr,125,1.000000000000,0,0.000000000000,0,0.000000000000,0,0.000000000000
530,Cr125,125,1,Cr,125,1.000000000000,0,0.000000000000,0,0.000000000000,0,0.000000000000
531,Cr125,125,1,Cr,125,1.000000000000,0,0.000000000000,0,0.000000000000,0,0.000000000000
532,Cr125,125,1,Cr,125,1.000000000000,0,0.000000000000,0,0.000000000000,0,0.000000000000
533,Cr125,125,1,Cr,125,1.000000000000,0,0.000000000000,0,0.000000000000,0,0.000000000000
534,Cr125,125,1,Cr,125,1.000000000000,0,0.000000000000,0,0.000000000000,0,0.000000000000
535,Cr125,125,1,Cr,125,1.000000000000,0,0.000000000000,0,0.000000000000,0,0.000000000000
536,Cr125,125,1,Cr,125,1.000000000000,0,0.000000000000,0,0.000000000000,0,0.000000000000
537,Cr125,125,1,Cr,125,1.000000000000,0,0.000000000000,0,0.000000000000,0,0.000000000000
538,Cr125,125,1,Cr,125,1.000000000000,0,0.000000000000,0,0.000000000000,0,0.000000000000
539,Cr125,125,1,Cr,125,1.000000000000,0,0.000000000000,0,0.000000000000,0,0.000000000000
540,Cr125,125,1,Cr,125,1.000000000000,0,0.000000000000,0,0.000000000000,0,0.000000000000
541,Cr125,125,1,Cr,125,1.000000000000,0,0.000000000000,0,0.000000000000,0,0.000000000000
542,Cr125,125,1,Cr,125,1.000000000000,0,0.000000000000,0,0.000000000000,0,0.000000000000
543,Cr125,125,1,Cr,125,1.000000000000,0,0.000000000000,0,0.000000000000,0,0.000000000000
544,Cr125,125,1,Cr,125,1.000000000000,0,0.000000000000,0,0.000000000000,0,0.000000000000
545,Cr125,125,1,Cr,125,1.000000000000,0,0.000000000000,0,0.000000000000,0,0.000000000000
546,Cr125,125,1,Cr,125,1.000000000000,0,0.000000000000,0,0.000000000000,0,0.000000000000
547,Cr125,125,1,Cr,125,1.000000000000,0,0.000000000000,0,0.000000000000,0,0.000000000000
548,Cr125,125,1,Cr,125,1.000000000000,0,0.000000000000,0,0.000000000000,0,0.000000000000
549,Cr125,125,1,Cr,125,1.000000000000,0,0.000000000000,0,0.000000000000,0,0.000000000000
550,Cr125,125,1,Cr,125,1.000000000000,0,0.000000000000,0,0.000000000000,0,0.000000000000
551,Cr125,125,1,Cr,125,1.000000000000,0,0.000000000000,0,0.000000000000,0,0.000000000000
552,Cr125,125,1,Cr,125,1.000000000000,0,0.000000000000,0,0.000000000000,0,0.000000000000
553,Cr125,125,1,Cr,125,1.000000000000,0,0.000000000000,0,0.000000000000,0,0.000000000000
554,Cr125,125,1,Cr,125,1.000000000000,0,0.000000000000,0,0.000000000000,0,0.000000000000
555,Cr125,125,1,Cr,125,1.000000000000,0,0.000000000000,0,0.000000000000,0,0.000000000000
556,Cr125,125,1,Cr,125,1.000000000000,0,0.000000000000,0,0.000000000000,0,0.000000000000
557,Cr125,125,1,Cr,125,1.000000000000,0,0.000000000000,0,0.000000000000,0,0.000000000000
558,Cr125,125,1,Cr,125,1.000000000000,0,0.000000000000,0,0.000000000000,0,0.000000000000
559,Cr125,125,1,Cr,125,1.000000000000,0,0.000000000000,0,0.000000000000,0,0.000000000000
560,Cr125,125,1,Cr,125,1.000000000000,0,0.000000000000,0,0.000000000000,0,0.000000000000
561,Cr125,125,1,Cr,125,1.000000000000,0,0.000000000000,0,0.000000000000,0,0.000000000000
562,Cr125,125,1,Cr,125,1.000000000000,0,0.000000000000,0,0.000000000000,0,0.000000000000
563,Cr125,125,1,Cr,125,1.000000000000,0,0.000000000000,0,0.000000000000,0,0.000000000000
564,Cr125,125,1,Cr,125,1.000000000000,0,0.000000000000,0,0.000000000000,0,0.000000000000
565,Cr125,125,1,Cr,125,1.000000000000,0,0.000000000000,0,0.000000000000,0,0.000000000000
566,Cr125,125,1,Cr,125,1.000000000000,0,0.000000000000,0,0.000000000000,0,0.000000000000
567,Cr125,125,1,Cr,125,1.000000000000,0,0.000000000000,0,0.000000000000,0,0.000000000000
568,Cr130,130,1,Cr,130,1.000000000000,0,0.000000000000,0,0.000000000000,0,0.000000000000
569,Cr94W31,125,2,"Cr,W",94,0.752000000000,31,0.248000000000,0,0.000000000000,0,0.000000000000
570,Cr47W78,125,2,"Cr,W",47,0.376000000000,78,0.624000000000,0,0.000000000000,0,0.000000000000
571,Cr47W78,125,2,"Cr,W",47,0.376000000000,78,0.624000000000,0,0.000000000000,0,0.000000000000
572,Cr17W109,126,2,"Cr,W",17,0.134920634921,109,0.865079365079,0,0.000000000000,0,0.000000000000
573,Cr73W40,113,2,"Cr,W",73,0.646017699115,40,0.353982300885,0,0.000000000000,0,0.000000000000
574,Cr74W45,119,2,"Cr,W",74,0.621848739496,45,0.378151260504,0,0.000000000000,0,0.000000000000
575,Cr79W47,126,2,"Cr,W",79,0.626984126984,47,0.373015873016,0,0.000000000000,0,0.000000000000
576,Cr31W95,126,2,"Cr,W",31,0.246031746032,95,0.753968253968,0,0.000000000000,0,0.000000000000
577,Cr48W78,126,2,"Cr,W",48,0.380952380952,78,0.619047619048,0,0.000000000000,0,0.000000000000
578,Cr63W62Zr,126,3,"Cr,W,Zr",63,0.500000000000,62,0.492063492063,0,0.000000000000,1,0.007936507937
579,Cr63W62,125,2,"Cr,W",63,0.504000000000,62,0.496000000000,0,0.000000000000,0,0.000000000000
580,Cr109W16,125,2,"Cr,W",109,0.872000000000,16,0.128000000000,0,0.000000000000,0,0.000000000000
581,Cr94W31,125,2,"Cr,W",94,0.752000000000,31,0.248000000000,0,0.000000000000,0,0.000000000000
582,Cr16W109,125,2,"Cr,W",16,0.128000000000,109,0.872000000000,0,0.000000000000,0,0.000000000000
583,Cr32W94,126,2,"Cr,W",32,0.253968253968,94,0.746031746032,0,0.000000000000,0,0.000000000000
584,Cr47W78,125,2,"Cr,W",47,0.376000000000,78,0.624000000000,0,0.000000000000,0,0.000000000000
585,Cr94W31,125,2,"Cr,W",94,0.752000000000,31,0.248000000000,0,0.000000000000,0,0.000000000000
586,Cr109W16,125,2,"Cr,W",109,0.872000000000,16,0.128000000000,0,0.000000000000,0,0.000000000000
587,Cr94W31,125,2,"Cr,W",94,0.752000000000,31,0.248000000000,0,0.000000000000,0,0.000000000000
588,Cr78W47,125,2,"Cr,W",78,0.624000000000,47,0.376000000000,0,0.000000000000,0,0.000000000000
589,Cr78W47,125,2,"Cr,W",78,0.624000000000,47,0.376000000000,0,0.000000000000,0,0.000000000000
590,Cr76W42,118,2,"Cr,W",76,0.644067796610,42,0.355932203390,0,0.000000000000,0,0.000000000000
591,Cr80W47,127,2,"Cr,W",80,0.629921259843,47,0.370078740157,0,0.000000000000,0,0.000000000000
592,Cr62W63,125,2,"Cr,W",62,0.496000000000,63,0.504000000000,0,0.000000000000,0,0.000000000000
593,Cr109W16Zr,126,3,"Cr,W,Zr",109,0.865079365079,16,0.126984126984,0,0.000000000000,1,0.007936507937
594,Cr16W109,125,2,"Cr,W",16,0.128000000000,109,0.872000000000,0,0.000000000000,0,0.000000000000
595,Cr109W17Y,127,3,"Cr,W,Y",109,0.858267716535,17,0.133858267717,1,0.007874015748,0,0.000000000000
596,Cr128,128,1,Cr,128,1.000000000000,0,0.000000000000,0,0.000000000000,0,0.000000000000
597,Cr128,128,1,Cr,128,1.000000000000,0,0.000000000000,0,0.000000000000,0,0.000000000000
598,Cr128,128,1,Cr,128,1.000000000000,0,0.000000000000,0,0.000000000000,0,0.000000000000
599,Cr128,128,1,Cr,128,1.000000000000,0,0.000000000000,0,0.000000000000,0,0.000000000000
600,Cr128,128,1,Cr,128,1.000000000000,0,0.000000000000,0,0.000000000000,0,0.000000000000
601,Cr128,128,1,Cr,128,1.000000000000,0,0.000000000000,0,0.000000000000,0,0.000000000000
602,Cr128,128,1,Cr,128,1.000000000000,0,0.000000000000,0,0.000000000000,0,0.000000000000
603,Cr128,128,1,Cr,128,1.000000000000,0,0.000000000000,0,0.000000000000,0,0.000000000000
604,Cr128,128,1,Cr,128,1.000000000000,0,0.000000000000,0,0.000000000000,0,0.000000000000
605,Cr128,128,1,Cr,128,1.000000000000,0,0.000000000000,0,0.000000000000,0,0.000000000000
606,Cr128,128,1,Cr,128,1.000000000000,0,0.000000000000,0,0.000000000000,0,0.000000000000
607,Cr128,128,1,Cr,128,1.000000000000,0,0.000000000000,0,0.000000000000,0,0.000000000000
608,Cr128,128,1,Cr,128,1.000000000000,0,0.000000000000,0,0.000000000000,0,0.000000000000
609,Cr128,128,1,Cr,128,1.000000000000,0,0.000000000000,0,0.000000000000,0,0.000000000000
610,Cr128,128,1,Cr,128,1.000000000000,0,0.000000000000,0,0.000000000000,0,0.000000000000
611,Cr128,128,1,Cr,128,1.000000000000,0,0.000000000000,0,0.000000000000,0,0.000000000000
612,Cr128,128,1,Cr,128,1.000000000000,0,0.000000000000,0,0.000000000000,0,0.000000000000
613,Cr128,128,1,Cr,128,1.000000000000,0,0.000000000000,0,0.000000000000,0,0.000000000000
614,Cr128,128,1,Cr,128,1.000000000000,0,0.000000000000,0,0.000000000000,0,0.000000000000
615,Cr128,128,1,Cr,128,1.000000000000,0,0.000000000000,0,0.000000000000,0,0.000000000000
616,Cr128,128,1,Cr,128,1.000000000000,0,0.000000000000,0,0.000000000000,0,0.000000000000
617,Cr128,128,1,Cr,128,1.000000000000,0,0.000000000000,0,0.000000000000,0,0.000000000000
618,Cr128,128,1,Cr,128,1.000000000000,0,0.000000000000,0,0.000000000000,0,0.000000000000
619,Cr128,128,1,Cr,128,1.000000000000,0,0.000000000000,0,0.000000000000,0,0.000000000000
620,Cr128,128,1,Cr,128,1.000000000000,0,0.000000000000,0,0.000000000000,0,0.000000000000
621,Cr128,128,1,Cr,128,1.000000000000,0,0.000000000000,0,0.000000000000,0,0.000000000000
622,Cr128,128,1,Cr,128,1.000000000000,0,0.000000000000,0,0.000000000000,0,0.000000000000
623,Cr128,128,1,Cr,128,1.000000000000,0,0.000000000000,0,0.000000000000,0,0.000000000000
624,Cr128,128,1,Cr,128,1.000000000000,0,0.000000000000,0,0.000000000000,0,0.000000000000
625,Cr128,128,1,Cr,128,1.000000000000,0,0.000000000000,0,0.000000000000,0,0.000000000000
626,Cr128,128,1,Cr,128,1.000000000000,0,0.000000000000,0,0.000000000000,0,0.000000000000
627,Cr128,128,1,Cr,128,1.000000000000,0,0.000000000000,0,0.000000000000,0,0.000000000000
628,Cr128,128,1,Cr,128,1.000000000000,0,0.000000000000,0,0.000000000000,0,0.000000000000
629,Cr128,128,1,Cr,128,1.000000000000,0,0.000000000000,0,0.000000000000,0,0.000000000000
630,Cr128,128,1,Cr,128,1.000000000000,0,0.000000000000,0,0.000000000000,0,0.000000000000
631,Cr128,128,1,Cr,128,1.000000000000,0,0.000000000000,0,0.000000000000,0,0.000000000000
632,Cr128,128,1,Cr,128,1.000000000000,0,0.000000000000,0,0.000000000000,0,0.000000000000
633,Cr128,128,1,Cr,128,1.000000000000,0,0.000000000000,0,0.000000000000,0,0.000000000000
634,Cr128,128,1,Cr,128,1.000000000000,0,0.000000000000,0,0.000000000000,0,0.000000000000
635,Cr128,128,1,Cr,128,1.000000000000,0,0.000000000000,0,0.000000000000,0,0.000000000000
636,Cr128,128,1,Cr,128,1.000000000000,0,0.000000000000,0,0.000000000000,0,0.000000000000
637,Cr128,128,1,Cr,128,1.000000000000,0,0.000000000000,0,0.000000000000,0,0.000000000000
638,Cr128,128,1,Cr,128,1.000000000000,0,0.000000000000,0,0.000000000000,0,0.000000000000
639,Cr128,128,1,Cr,128,1.000000000000,0,0.000000000000,0,0.000000000000,0,0.000000000000
640,Cr128,128,1,Cr,128,1.000000000000,0,0.000000000000,0,0.000000000000,0,0.000000000000
641,Cr128,128,1,Cr,128,1.000000000000,0,0.000000000000,0,0.000000000000,0,0.000000000000
642,Cr128,128,1,Cr,128,1.000000000000,0,0.000000000000,0,0.000000000000,0,0.000000000000
643,Cr128,128,1,Cr,128,1.000000000000,0,0.000000000000,0,0.000000000000,0,0.000000000000
644,Cr128,128,1,Cr,128,1.000000000000,0,0.000000000000,0,0.000000000000,0,0.000000000000
645,Cr128,128,1,Cr,128,1.000000000000,0,0.000000000000,0,0.000000000000,0,0.000000000000
646,Cr128,128,1,Cr,128,1.000000000000,0,0.000000000000,0,0.000000000000,0,0.000000000000
647,Cr128,128,1,Cr,128,1.000000000000,0,0.000000000000,0,0.000000000000,0,0.000000000000
648,Cr128,128,1,Cr,128,1.000000000000,0,0.000000000000,0,0.000000000000,0,0.000000000000
649,Cr128,128,1,Cr,128,1.000000000000,0,0.000000000000,0,0.000000000000,0,0.000000000000
650,Cr132,132,1,Cr,132,1.000000000000,0,0.000000000000,0,0.000000000000,0,0.000000000000
651,Cr78W47,125,2,"Cr,W",78,0.624000000000,47,0.376000000000,0,0.000000000000,0,0.000000000000
652,Cr78W47,125,2,"Cr,W",78,0.624000000000,47,0.376000000000,0,0.000000000000,0,0.000000000000
653,Cr78W47,125,2,"Cr,W",78,0.624000000000,47,0.376000000000,0,0.000000000000,0,0.000000000000
654,Cr78W47,125,2,"Cr,W",78,0.624000000000,47,0.376000000000,0,0.000000000000,0,0.000000000000
655,Cr68W46,114,2,"Cr,W",68,0.596491228070,46,0.403508771930,0,0.000000000000,0,0.000000000000
656,Cr78W47,125,2,"Cr,W",78,0.624000000000,47,0.376000000000,0,0.000000000000,0,0.000000000000
657,Cr109W16,125,2,"Cr,W",109,0.872000000000,16,0.128000000000,0,0.000000000000,0,0.000000000000
658,Cr78W47,125,2,"Cr,W",78,0.624000000000,47,0.376000000000,0,0.000000000000,0,0.000000000000
659,Cr78W47,125,2,"Cr,W",78,0.624000000000,47,0.376000000000,0,0.000000000000,0,0.000000000000
660,Cr78W47,125,2,"Cr,W",78,0.624000000000,47,0.376000000000,0,0.000000000000,0,0.000000000000
661,Cr78W47,125,2,"Cr,W",78,0.624000000000,47,0.376000000000,0,0.000000000000,0,0.000000000000
662,Cr78W47,125,2,"Cr,W",78,0.624000000000,47,0.376000000000,0,0.000000000000,0,0.000000000000
663,Cr78W47,125,2,"Cr,W",78,0.624000000000,47,0.376000000000,0,0.000000000000,0,0.000000000000
664,Cr78W47,125,2,"Cr,W",78,0.624000000000,47,0.376000000000,0,0.000000000000,0,0.000000000000
665,Cr78W47,125,2,"Cr,W",78,0.624000000000,47,0.376000000000,0,0.000000000000,0,0.000000000000
666,Cr73W47,120,2,"Cr,W",73,0.608333333333,47,0.391666666667,0,0.000000000000,0,0.000000000000
667,Cr78W47,125,2,"Cr,W",78,0.624000000000,47,0.376000000000,0,0.000000000000,0,0.000000000000
668,Cr47W78,125,2,"Cr,W",47,0.376000000000,78,0.624000000000,0,0.000000000000,0,0.000000000000
669,Cr78W47,125,2,"Cr,W",78,0.624000000000,47,0.376000000000,0,0.000000000000,0,0.000000000000
670,Cr78W47,125,2,"Cr,W",78,0.624000000000,47,0.376000000000,0,0.000000000000,0,0.000000000000
671,Cr78W47Y,126,3,"Cr,W,Y",78,0.619047619048,47,0.373015873016,1,0.007936507937,0,0.000000000000
672,Cr94W31Y,126,3,"Cr,W,Y",94,0.746031746032,31,0.246031746032,1,0.007936507937,0,0.000000000000
673,Cr62W63,125,2,"Cr,W",62,0.496000000000,63,0.504000000000,0,0.000000000000,0,0.000000000000
674,Cr109W17,126,2,"Cr,W",109,0.865079365079,17,0.134920634921,0,0.000000000000,0,0.000000000000
675,Cr32W94,126,2,"Cr,W",32,0.253968253968,94,0.746031746032,0,0.000000000000,0,0.000000000000
676,Cr63W62Y,126,3,"Cr,W,Y",63,0.500000000000,62,0.492063492063,1,0.007936507937,0,0.000000000000
677,Cr31W94,125,2,"Cr,W",31,0.248000000000,94,0.752000000000,0,0.000000000000,0,0.000000000000
678,Cr31W94,125,2,"Cr,W",31,0.248000000000,94,0.752000000000,0,0.000000000000,0,0.000000000000
679,Cr31W94Y,126,3,"Cr,W,Y",31,0.246031746032,94,0.746031746032,1,0.007936507937,0,0.000000000000
680,Cr31W94,125,2,"Cr,W",31,0.248000000000,94,0.752000000000,0,0.000000000000,0,0.000000000000
681,Cr78W47,125,2,"Cr,W",78,0.624000000000,47,0.376000000000,0,0.000000000000,0,0.000000000000
682,Cr78W47,125,2,"Cr,W",78,0.624000000000,47,0.376000000000,0,0.000000000000,0,0.000000000000
683,Cr78W47,125,2,"Cr,W",78,0.624000000000,47,0.376000000000,0,0.000000000000,0,0.000000000000
684,Cr78W49,127,2,"Cr,W",78,0.614173228346,49,0.385826771654,0,0.000000000000,0,0.000000000000
685,Cr94W31,125,2,"Cr,W",94,0.752000000000,31,0.248000000000,0,0.000000000000,0,0.000000000000
686,Cr63W62,125,2,"Cr,W",63,0.504000000000,62,0.496000000000,0,0.000000000000,0,0.000000000000
687,Cr125,125,1,Cr,125,1.000000000000,0,0.000000000000,0,0.000000000000,0,0.000000000000
688,Cr125,125,1,Cr,125,1.000000000000,0,0.000000000000,0,0.000000000000,0,0.000000000000
689,Cr125,125,1,Cr,125,1.000000000000,0,0.000000000000,0,0.000000000000,0,0.000000000000
690,Cr125,125,1,Cr,125,1.000000000000,0,0.000000000000,0,0.000000000000,0,0.000000000000
691,Cr125,125,1,Cr,125,1.000000000000,0,0.000000000000,0,0.000000000000,0,0.000000000000
692,Cr125,125,1,Cr,125,1.000000000000,0,0.000000000000,0,0.000000000000,0,0.000000000000
693,Cr125,125,1,Cr,125,1.000000000000,0,0.000000000000,0,0.000000000000,0,0.000000000000
694,Cr125,125,1,Cr,125,1.000000000000,0,0.000000000000,0,0.000000000000,0,0.000000000000
695,Cr125,125,1,Cr,125,1.000000000000,0,0.000000000000,0,0.000000000000,0,0.000000000000
696,Cr125,125,1,Cr,125,1.000000000000,0,0.000000000000,0,0.000000000000,0,0.000000000000
697,Cr125,125,1,Cr,125,1.000000000000,0,0.000000000000,0,0.000000000000,0,0.000000000000
698,Cr125,125,1,Cr,125,1.000000000000,0,0.000000000000,0,0.000000000000,0,0.000000000000
699,Cr125,125,1,Cr,125,1.000000000000,0,0.000000000000,0,0.000000000000,0,0.000000000000
700,Cr125,125,1,Cr,125,1.000000000000,0,0.000000000000,0,0.000000000000,0,0.000000000000
701,Cr125,125,1,Cr,125,1.000000000000,0,0.000000000000,0,0.000000000000,0,0.000000000000
702,Cr125,125,1,Cr,125,1.000000000000,0,0.000000000000,0,0.000000000000,0,0.000000000000
703,Cr125,125,1,Cr,125,1.000000000000,0,0.000000000000,0,0.000000000000,0,0.000000000000
704,Cr125,125,1,Cr,125,1.000000000000,0,0.000000000000,0,0.000000000000,0,0.000000000000
705,Cr125,125,1,Cr,125,1.000000000000,0,0.000000000000,0,0.000000000000,0,0.000000000000
706,Cr125,125,1,Cr,125,1.000000000000,0,0.000000000000,0,0.000000000000,0,0.000000000000
707,Cr125,125,1,Cr,125,1.000000000000,0,0.000000000000,0,0.000000000000,0,0.000000000000
708,Cr125,125,1,Cr,125,1.000000000000,0,0.000000000000,0,0.000000000000,0,0.000000000000
709,Cr125,125,1,Cr,125,1.000000000000,0,0.000000000000,0,0.000000000000,0,0.000000000000
710,Cr125,125,1,Cr,125,1.000000000000,0,0.000000000000,0,0.000000000000,0,0.000000000000
711,Cr125,125,1,Cr,125,1.000000000000,0,0.000000000000,0,0.000000000000,0,0.000000000000
712,Cr125,125,1,Cr,125,1.000000000000,0,0.000000000000,0,0.000000000000,0,0.000000000000
713,Cr125,125,1,Cr,125,1.000000000000,0,0.000000000000,0,0.000000000000,0,0.000000000000
714,Cr125,125,1,Cr,125,1.000000000000,0,0.000000000000,0,0.000000000000,0,0.000000000000
715,Cr125,125,1,Cr,125,1.000000000000,0,0.000000000000,0,0.000000000000,0,0.000000000000
716,Cr125,125,1,Cr,125,1.000000000000,0,0.000000000000,0,0.000000000000,0,0.000000000000
717,Cr125,125,1,Cr,125,1.000000000000,0,0.000000000000,0,0.000000000000,0,0.000000000000
718,Cr125,125,1,Cr,125,1.000000000000,0,0.000000000000,0,0.000000000000,0,0.000000000000
719,Cr125,125,1,Cr,125,1.000000000000,0,0.000000000000,0,0.000000000000,0,0.000000000000
720,Cr125,125,1,Cr,125,1.000000000000,0,0.000000000000,0,0.000000000000,0,0.000000000000
721,Cr125,125,1,Cr,125,1.000000000000,0,0.000000000000,0,0.000000000000,0,0.000000000000
722,Cr125,125,1,Cr,125,1.000000000000,0,0.000000000000,0,0.000000000000,0,0.000000000000
723,Cr125,125,1,Cr,125,1.000000000000,0,0.000000000000,0,0.000000000000,0,0.000000000000
724,Cr125,125,1,Cr,125,1.000000000000,0,0.000000000000,0,0.000000000000,0,0.000000000000
725,Cr125,125,1,Cr,125,1.000000000000,0,0.000000000000,0,0.000000000000,0,0.000000000000
726,Cr125,125,1,Cr,125,1.000000000000,0,0.000000000000,0,0.000000000000,0,0.000000000000
727,Cr125,125,1,Cr,125,1.000000000000,0,0.000000000000,0,0.000000000000,0,0.000000000000
728,Cr125,125,1,Cr,125,1.000000000000,0,0.000000000000,0,0.000000000000,0,0.000000000000
729,Cr125,125,1,Cr,125,1.000000000000,0,0.000000000000,0,0.000000000000,0,0.000000000000
730,Cr125,125,1,Cr,125,1.000000000000,0,0.000000000000,0,0.000000000000,0,0.000000000000
731,Cr125,125,1,Cr,125,1.000000000000,0,0.000000000000,0,0.000000000000,0,0.000000000000
732,Cr125,125,1,Cr,125,1.000000000000,0,0.000000000000,0,0.000000000000,0,0.000000000000
733,Cr125,125,1,Cr,125,1.000000000000,0,0.000000000000,0,0.000000000000,0,0.000000000000
734,Cr125,125,1,Cr,125,1.000000000000,0,0.000000000000,0,0.000000000000,0,0.000000000000
735,Cr125,125,1,Cr,125,1.000000000000,0,0.000000000000,0,0.000000000000,0,0.000000000000
736,Cr125,125,1,Cr,125,1.000000000000,0,0.000000000000,0,0.000000000000,0,0.000000000000
737,Cr125,125,1,Cr,125,1.000000000000,0,0.000000000000,0,0.000000000000,0,0.000000000000
738,Cr125,125,1,Cr,125,1.000000000000,0,0.000000000000,0,0.000000000000,0,0.000000000000
739,Cr125,125,1,Cr,125,1.000000000000,0,0.000000000000,0,0.000000000000,0,0.000000000000
740,Cr125,125,1,Cr,125,1.000000000000,0,0.000000000000,0,0.000000000000,0,0.000000000000
741,Cr125,125,1,Cr,125,1.000000000000,0,0.000000000000,0,0.000000000000,0,0.000000000000
742,Cr79W48Zr,128,3,"Cr,W,Zr",79,0.617187500000,48,0.375000000000,0,0.000000000000,1,0.007812500000
743,Cr47W78Y,126,3,"Cr,W,Y",47,0.373015873016,78,0.619047619048,1,0.007936507937,0,0.000000000000
744,Cr109W16,125,2,"Cr,W",109,0.872000000000,16,0.128000000000,0,0.000000000000,0,0.000000000000
745,Cr63W63Zr,127,3,"Cr,W,Zr",63,0.496062992126,63,0.496062992126,0,0.000000000000,1,0.007874015748
746,Cr47W78,125,2,"Cr,W",47,0.376000000000,78,0.624000000000,0,0.000000000000,0,0.000000000000
747,Cr95W31YZr,128,4,"Cr,W,Y,Zr",95,0.742187500000,31,0.242187500000,1,0.007812500000,1,0.007812500000
748,Cr16W109,125,2,"Cr,W",16,0.128000000000,109,0.872000000000,0,0.000000000000,0,0.000000000000
749,Cr16W109,125,2,"Cr,W",16,0.128000000000,109,0.872000000000,0,0.000000000000,0,0.000000000000
750,Cr109Y16,125,2,"Cr,Y",109,0.872000000000,0,0.000000000000,16,0.128000000000,0,0.000000000000
751,Cr16W109,125,2,"Cr,W",16,0.128000000000,109,0.872000000000,0,0.000000000000,0,0.000000000000
752,Cr16W110,126,2,"Cr,W",16,0.126984126984,110,0.873015873016,0,0.000000000000,0,0.000000000000
753,Cr109WY18,128,3,"Cr,W,Y",109,0.851562500000,1,0.007812500000,18,0.140625000000,0,0.000000000000
754,Cr8Zr34,42,2,"Cr,Zr",8,0.190476190476,0,0.000000000000,0,0.000000000000,34,0.809523809524
755,Cr10Zr32,42,2,"Cr,Zr",10,0.238095238095,0,0.000000000000,0,0.000000000000,32,0.761904761905
756,Cr70Zr34,104,2,"Cr,Zr",70,0.673076923077,0,0.000000000000,0,0.000000000000,34,0.326923076923
757,Cr109Y16,125,2,"Cr,Y",109,0.872000000000,0,0.000000000000,16,0.128000000000,0,0.000000000000
758,Cr66Zr35,101,2,"Cr,Zr",66,0.653465346535,0,0.000000000000,0,0.000000000000,35,0.346534653465
759,Cr109Y16,125,2,"Cr,Y",109,0.872000000000,0,0.000000000000,16,0.128000000000,0,0.000000000000
760,Cr110WY16,127,3,"Cr,W,Y",110,0.866141732283,1,0.007874015748,16,0.125984251969,0,0.000000000000
761,Cr109Y17,126,2,"Cr,Y",109,0.865079365079,0,0.000000000000,17,0.134920634921,0,0.000000000000
762,Cr110Y16,126,2,"Cr,Y",110,0.873015873016,0,0.000000000000,16,0.126984126984,0,0.000000000000
763,Cr94Y31Zr,126,3,"Cr,Y,Zr",94,0.746031746032,0,0.000000000000,31,0.246031746032,1,0.007936507937
764,Cr94Y32Zr,127,3,"Cr,Y,Zr",94,0.740157480315,0,0.000000000000,32,0.251968503937,1,0.007874015748
765,Cr94Y31,125,2,"Cr,Y",94,0.752000000000,0,0.000000000000,31,0.248000000000,0,0.000000000000
766,Cr95Y31,126,2,"Cr,Y",95,0.753968253968,0,0.000000000000,31,0.246031746032,0,0.000000000000
767,Cr94Y31,125,2,"Cr,Y",94,0.752000000000,0,0.000000000000,31,0.248000000000,0,0.000000000000
768,Cr94Y31,125,2,"Cr,Y",94,0.752000000000,0,0.000000000000,31,0.248000000000,0,0.000000000000
769,Cr78Y47,125,2,"Cr,Y",78,0.624000000000,0,0.000000000000,47,0.376000000000,0,0.000000000000
770,Cr78Y47,125,2,"Cr,Y",78,0.624000000000,0,0.000000000000,47,0.376000000000,0,0.000000000000
771,Cr78Y47,125,2,"Cr,Y",78,0.624000000000,0,0.000000000000,47,0.376000000000,0,0.000000000000
772,Cr78Y47,125,2,"Cr,Y",78,0.624000000000,0,0.000000000000,47,0.376000000000,0,0.000000000000
773,Cr78Y47,125,2,"Cr,Y",78,0.624000000000,0,0.000000000000,47,0.376000000000,0,0.000000000000
774,Cr78Y47,125,2,"Cr,Y",78,0.624000000000,0,0.000000000000,47,0.376000000000,0,0.000000000000
775,Cr78Y47,125,2,"Cr,Y",78,0.624000000000,0,0.000000000000,47,0.376000000000,0,0.000000000000
776,Cr78Y47Zr,126,3,"Cr,Y,Zr",78,0.619047619048,0,0.000000000000,47,0.373015873016,1,0.007936507937
777,Cr31Y94,125,2,"Cr,Y",31,0.248000000000,0,0.000000000000,94,0.752000000000,0,0.000000000000
778,Cr78Y47,125,2,"Cr,Y",78,0.624000000000,0,0.000000000000,47,0.376000000000,0,0.000000000000
779,Cr71Y46,117,2,"Cr,Y",71,0.606837606838,0,0.000000000000,46,0.393162393162,0,0.000000000000
780,Cr79W2Y47,128,3,"Cr,W,Y",79,0.617187500000,2,0.015625000000,47,0.367187500000,0,0.000000000000
781,Cr79Y47,126,2,"Cr,Y",79,0.626984126984,0,0.000000000000,47,0.373015873016,0,0.000000000000
782,Cr47WY78,126,3,"Cr,W,Y",47,0.373015873016,1,0.007936507937,78,0.619047619048,0,0.000000000000
783,Cr62Y63,125,2,"Cr,Y",62,0.496000000000,0,0.000000000000,63,0.504000000000,0,0.000000000000
784,Cr78Y47,125,2,"Cr,Y",78,0.624000000000,0,0.000000000000,47,0.376000000000,0,0.000000000000
785,Cr78Y47,125,2,"Cr,Y",78,0.624000000000,0,0.000000000000,47,0.376000000000,0,0.000000000000
786,Cr78Y47,125,2,"Cr,Y",78,0.624000000000,0,0.000000000000,47,0.376000000000,0,0.000000000000
787,Cr78Y47,125,2,"Cr,Y",78,0.624000000000,0,0.000000000000,47,0.376000000000,0,0.000000000000
788,Cr78Y47,125,2,"Cr,Y",78,0.624000000000,0,0.000000000000,47,0.376000000000,0,0.000000000000
789,Cr78Y47,125,2,"Cr,Y",78,0.624000000000,0,0.000000000000,47,0.376000000000,0,0.000000000000
790,Cr70Y44,114,2,"Cr,Y",70,0.614035087719,0,0.000000000000,44,0.385964912281,0,0.000000000000
791,Cr74Y47,121,2,"Cr,Y",74,0.611570247934,0,0.000000000000,47,0.388429752066,0,0.000000000000
792,Cr75Y43,118,2,"Cr,Y",75,0.635593220339,0,0.000000000000,43,0.364406779661,0,0.000000000000
793,Cr78WY48,127,3,"Cr,W,Y",78,0.614173228346,1,0.007874015748,48,0.377952755906,0,0.000000000000
794,Cr63Y62,125,2,"Cr,Y",63,0.504000000000,0,0.000000000000,62,0.496000000000,0,0.000000000000
795,Cr31Y94,125,2,"Cr,Y",31,0.248000000000,0,0.000000000000,94,0.752000000000,0,0.000000000000
796,Cr47Y78,125,2,"Cr,Y",47,0.376000000000,0,0.000000000000,78,0.624000000000,0,0.000000000000
797,Cr31Y95,126,2,"Cr,Y",31,0.246031746032,0,0.000000000000,95,0.753968253968,0,0.000000000000
798,Cr94Y31Zr,126,3,"Cr,Y,Zr",94,0.746031746032,0,0.000000000000,31,0.246031746032,1,0.007936507937
799,Cr63WY62,126,3,"Cr,W,Y",63,0.500000000000,1,0.007936507937,62,0.492063492063,0,0.000000000000
800,Cr63Y62Zr,126,3,"Cr,Y,Zr",63,0.500000000000,0,0.000000000000,62,0.492063492063,1,0.007936507937
801,Cr62Y63,125,2,"Cr,Y",62,0.496000000000,0,0.000000000000,63,0.504000000000,0,0.000000000000
802,Cr47Y78Zr,126,3,"Cr,Y,Zr",47,0.373015873016,0,0.000000000000,78,0.619047619048,1,0.007936507937
803,Cr78Y47,125,2,"Cr,Y",78,0.624000000000,0,0.000000000000,47,0.376000000000,0,0.000000000000
804,Cr78Y47,125,2,"Cr,Y",78,0.624000000000,0,0.000000000000,47,0.376000000000,0,0.000000000000
805,Cr78Y47,125,2,"Cr,Y",78,0.624000000000,0,0.000000000000,47,0.376000000000,0,0.000000000000
806,Cr78Y47,125,2,"Cr,Y",78,0.624000000000,0,0.000000000000,47,0.376000000000,0,0.000000000000
807,Cr78Y47,125,2,"Cr,Y",78,0.624000000000,0,0.000000000000,47,0.376000000000,0,0.000000000000
808,Cr78Y47,125,2,"Cr,Y",78,0.624000000000,0,0.000000000000,47,0.376000000000,0,0.000000000000
809,Cr78W2Y47,127,3,"Cr,W,Y",78,0.614173228346,2,0.015748031496,47,0.370078740157,0,0.000000000000
810,Cr78Y47,125,2,"Cr,Y",78,0.624000000000,0,0.000000000000,47,0.376000000000,0,0.000000000000
811,Cr62Y63,125,2,"Cr,Y",62,0.496000000000,0,0.000000000000,63,0.504000000000,0,0.000000000000
812,Cr48WY79,128,3,"Cr,W,Y",48,0.375000000000,1,0.007812500000,79,0.617187500000,0,0.000000000000
813,Cr17Y109,126,2,"Cr,Y",17,0.134920634921,0,0.000000000000,109,0.865079365079,0,0.000000000000
814,Cr8Zr32,40,2,"Cr,Zr",8,0.200000000000,0,0.000000000000,0,0.000000000000,32,0.800000000000
815,Cr8Zr32,40,2,"Cr,Zr",8,0.200000000000,0,0.000000000000,0,0.000000000000,32,0.800000000000
816,Cr8Zr32,40,2,"Cr,Zr",8,0.200000000000,0,0.000000000000,0,0.000000000000,32,0.800000000000
817,Cr8Zr32,40,2,"Cr,Zr",8,0.200000000000,0,0.000000000000,0,0.000000000000,32,0.800000000000
818,Cr8Zr32,40,2,"Cr,Zr",8,0.200000000000,0,0.000000000000,0,0.000000000000,32,0.800000000000
819,Cr8Zr29,37,2,"Cr,Zr",8,0.216216216216,0,0.000000000000,0,0.000000000000,29,0.783783783784
820,Cr8Zr34,42,2,"Cr,Zr",8,0.190476190476,0,0.000000000000,0,0.000000000000,34,0.809523809524
821,Cr78Y47,125,2,"Cr,Y",78,0.624000000000,0,0.000000000000,47,0.376000000000,0,0.000000000000
822,Cr78Y47,125,2,"Cr,Y",78,0.624000000000,0,0.000000000000,47,0.376000000000,0,0.000000000000
823,Cr47Y78,125,2,"Cr,Y",47,0.376000000000,0,0.000000000000,78,0.624000000000,0,0.000000000000
824,Cr31Y94,125,2,"Cr,Y",31,0.248000000000,0,0.000000000000,94,0.752000000000,0,0.000000000000
825,Cr78Y47,125,2,"Cr,Y",78,0.624000000000,0,0.000000000000,47,0.376000000000,0,0.000000000000
826,Cr78Y47,125,2,"Cr,Y",78,0.624000000000,0,0.000000000000,47,0.376000000000,0,0.000000000000
827,Cr78Y47,125,2,"Cr,Y",78,0.624000000000,0,0.000000000000,47,0.376000000000,0,0.000000000000
828,Cr78Y47,125,2,"Cr,Y",78,0.624000000000,0,0.000000000000,47,0.376000000000,0,0.000000000000
829,Cr78Y47,125,2,"Cr,Y",78,0.624000000000,0,0.000000000000,47,0.376000000000,0,0.000000000000
830,Cr78Y47,125,2,"Cr,Y",78,0.624000000000,0,0.000000000000,47,0.376000000000,0,0.000000000000
831,Cr72Y46,118,2,"Cr,Y",72,0.610169491525,0,0.000000000000,46,0.389830508475,0,0.000000000000
832,Cr74Y43,117,2,"Cr,Y",74,0.632478632479,0,0.000000000000,43,0.367521367521,0,0.000000000000
833,Cr78Y47,125,2,"Cr,Y",78,0.624000000000,0,0.000000000000,47,0.376000000000,0,0.000000000000
834,Cr31WY94,126,3,"Cr,W,Y",31,0.246031746032,1,0.007936507937,94,0.746031746032,0,0.000000000000
835,Cr63Y62,125,2,"Cr,Y",63,0.504000000000,0,0.000000000000,62,0.496000000000,0,0.000000000000
836,Cr31WY94,126,3,"Cr,W,Y",31,0.246031746032,1,0.007936507937,94,0.746031746032,0,0.000000000000
837,Cr109WYZr16,127,4,"Cr,W,Y,Zr",109,0.858267716535,1,0.007874015748,1,0.007874015748,16,0.125984251969
838,Cr69Y44,113,2,"Cr,Y",69,0.610619469027,0,0.000000000000,44,0.389380530973,0,0.000000000000
839,Cr75Y41,116,2,"Cr,Y",75,0.646551724138,0,0.000000000000,41,0.353448275862,0,0.000000000000
840,Cr78Y47,125,2,"Cr,Y",78,0.624000000000,0,0.000000000000,47,0.376000000000,0,0.000000000000
841,Cr16Y109Zr2,127,3,"Cr,Y,Zr",16,0.125984251969,0,0.000000000000,109,0.858267716535,2,0.015748031496
842,Cr109Zr16,125,2,"Cr,Zr",109,0.872000000000,0,0.000000000000,0,0.000000000000,16,0.128000000000
843,Cr16Y109Zr,126,3,"Cr,Y,Zr",16,0.126984126984,0,0.000000000000,109,0.865079365079,1,0.007936507937
844,Cr16Y109Zr,126,3,"Cr,Y,Zr",16,0.126984126984,0,0.000000000000,109,0.865079365079,1,0.007936507937
845,Cr109Zr16,125,2,"Cr,Zr",109,0.872000000000,0,0.000000000000,0,0.000000000000,16,0.128000000000
846,Cr16Y109,125,2,"Cr,Y",16,0.128000000000,0,0.000000000000,109,0.872000000000,0,0.000000000000
847,Cr47Y78,125,2,"Cr,Y",47,0.376000000000,0,0.000000000000,78,0.624000000000,0,0.000000000000
848,Cr16Y111,127,2,"Cr,Y",16,0.125984251969,0,0.000000000000,111,0.874015748031,0,0.000000000000
849,Cr17Y109,126,2,"Cr,Y",17,0.134920634921,0,0.000000000000,109,0.865079365079,0,0.000000000000
850,Cr47Y78,125,2,"Cr,Y",47,0.376000000000,0,0.000000000000,78,0.624000000000,0,0.000000000000
851,Cr109Zr16,125,2,"Cr,Zr",109,0.872000000000,0,0.000000000000,0,0.000000000000,16,0.128000000000
852,Cr31Y94,125,2,"Cr,Y",31,0.248000000000,0,0.000000000000,94,0.752000000000,0,0.000000000000
853,Cr109Zr16,125,2,"Cr,Zr",109,0.872000000000,0,0.000000000000,0,0.000000000000,16,0.128000000000
854,Cr109Zr16,125,2,"Cr,Zr",109,0.872000000000,0,0.000000000000,0,0.000000000000,16,0.128000000000
855,Cr109Zr16,125,2,"Cr,Zr",109,0.872000000000,0,0.000000000000,0,0.000000000000,16,0.128000000000
856,Cr135Zr67,202,2,"Cr,Zr",135,0.668316831683,0,0.000000000000,0,0.000000000000,67,0.331683168317
857,Cr136Zr73,209,2,"Cr,Zr",136,0.650717703349,0,0.000000000000,0,0.000000000000,73,0.349282296651
858,Cr9Zr33,42,2,"Cr,Zr",9,0.214285714286,0,0.000000000000,0,0.000000000000,33,0.785714285714
859,Cr95YZr31,127,3,"Cr,Y,Zr",95,0.748031496063,0,0.000000000000,1,0.007874015748,31,0.244094488189
860,Cr8Zr35,43,2,"Cr,Zr",8,0.186046511628,0,0.000000000000,0,0.000000000000,35,0.813953488372
861,Cr94Zr31,125,2,"Cr,Zr",94,0.752000000000,0,0.000000000000,0,0.000000000000,31,0.248000000000
862,Cr8Zr35,43,2,"Cr,Zr",8,0.186046511628,0,0.000000000000,0,0.000000000000,35,0.813953488372
863,Cr10Zr32,42,2,"Cr,Zr",10,0.238095238095,0,0.000000000000,0,0.000000000000,32,0.761904761905
864,Cr94Zr31,125,2,"Cr,Zr",94,0.752000000000,0,0.000000000000,0,0.000000000000,31,0.248000000000
865,Cr139Zr70,209,2,"Cr,Zr",139,0.665071770335,0,0.000000000000,0,0.000000000000,70,0.334928229665
866,Cr136Zr73,209,2,"Cr,Zr",136,0.650717703349,0,0.000000000000,0,0.000000000000,73,0.349282296651
867,Cr64Zr32,96,2,"Cr,Zr",64,0.666666666667,0,0.000000000000,0,0.000000000000,32,0.333333333333
868,Cr64Zr32,96,2,"Cr,Zr",64,0.666666666667,0,0.000000000000,0,0.000000000000,32,0.333333333333
869,Cr64Zr32,96,2,"Cr,Zr",64,0.666666666667,0,0.000000000000,0,0.000000000000,32,0.333333333333
870,Cr64Zr32,96,2,"Cr,Zr",64,0.666666666667,0,0.000000000000,0,0.000000000000,32,0.333333333333
871,Cr64Zr40,104,2,"Cr,Zr",64,0.615384615385,0,0.000000000000,0,0.000000000000,40,0.384615384615
872,Cr69Zr32,101,2,"Cr,Zr",69,0.683168316832,0,0.000000000000,0,0.000000000000,32,0.316831683168
873,Cr67Zr36,103,2,"Cr,Zr",67,0.650485436893,0,0.000000000000,0,0.000000000000,36,0.349514563107
874,Cr94YZr31,126,3,"Cr,Y,Zr",94,0.746031746032,0,0.000000000000,1,0.007936507937,31,0.246031746032
875,Cr67Zr36,103,2,"Cr,Zr",67,0.650485436893,0,0.000000000000,0,0.000000000000,36,0.349514563107
876,Cr65Zr37,102,2,"Cr,Zr",65,0.637254901961,0,0.000000000000,0,0.000000000000,37,0.362745098039
877,Cr67Zr38,105,2,"Cr,Zr",67,0.638095238095,0,0.000000000000,0,0.000000000000,38,0.361904761905
878,Cr69Zr35,104,2,"Cr,Zr",69,0.663461538462,0,0.000000000000,0,0.000000000000,35,0.336538461538
879,Cr94Zr31,125,2,"Cr,Zr",94,0.752000000000,0,0.000000000000,0,0.000000000000,31,0.248000000000
880,Cr94YZr31,126,3,"Cr,Y,Zr",94,0.746031746032,0,0.000000000000,1,0.007936507937,31,0.246031746032
881,Cr94Zr32,126,2,"Cr,Zr",94,0.746031746032,0,0.000000000000,0,0.000000000000,32,0.253968253968
882,Cr78Zr47,125,2,"Cr,Zr",78,0.624000000000,0,0.000000000000,0,0.000000000000,47,0.376000000000
883,Cr78Zr47,125,2,"Cr,Zr",78,0.624000000000,0,0.000000000000,0,0.000000000000,47,0.376000000000
884,Cr70Zr44,114,2,"Cr,Zr",70,0.614035087719,0,0.000000000000,0,0.000000000000,44,0.385964912281
885,Cr78Zr47,125,2,"Cr,Zr",78,0.624000000000,0,0.000000000000,0,0.000000000000,47,0.376000000000
886,Cr79Zr47,126,2,"Cr,Zr",79,0.626984126984,0,0.000000000000,0,0.000000000000,47,0.373015873016
887,Cr78Zr47,125,2,"Cr,Zr",78,0.624000000000,0,0.000000000000,0,0.000000000000,47,0.376000000000
888,Cr78Zr47,125,2,"Cr,Zr",78,0.624000000000,0,0.000000000000,0,0.000000000000,47,0.376000000000
889,Cr78Zr47,125,2,"Cr,Zr",78,0.624000000000,0,0.000000000000,0,0.000000000000,47,0.376000000000
890,Cr78Zr47,125,2,"Cr,Zr",78,0.624000000000,0,0.000000000000,0,0.000000000000,47,0.376000000000
891,Cr73Zr42,115,2,"Cr,Zr",73,0.634782608696,0,0.000000000000,0,0.000000000000,42,0.365217391304
892,Cr78Zr48,126,2,"Cr,Zr",78,0.619047619048,0,0.000000000000,0,0.000000000000,48,0.380952380952
893,Cr78Zr47,125,2,"Cr,Zr",78,0.624000000000,0,0.000000000000,0,0.000000000000,47,0.376000000000
894,Cr78WZr47,126,3,"Cr,W,Zr",78,0.619047619048,1,0.007936507937,0,0.000000000000,47,0.373015873016
895,Cr78Zr47,125,2,"Cr,Zr",78,0.624000000000,0,0.000000000000,0,0.000000000000,47,0.376000000000
896,Cr78Zr48,126,2,"Cr,Zr",78,0.619047619048,0,0.000000000000,0,0.000000000000,48,0.380952380952
897,Cr128Zr64,192,2,"Cr,Zr",128,0.666666666667,0,0.000000000000,0,0.000000000000,64,0.333333333333
898,Cr128Zr64,192,2,"Cr,Zr",128,0.666666666667,0,0.000000000000,0,0.000000000000,64,0.333333333333
899,Cr128Zr64,192,2,"Cr,Zr",128,0.666666666667,0,0.000000000000,0,0.000000000000,64,0.333333333333
900,Cr128Zr64,192,2,"Cr,Zr",128,0.666666666667,0,0.000000000000,0,0.000000000000,64,0.333333333333
901,Cr128Zr64,192,2,"Cr,Zr",128,0.666666666667,0,0.000000000000,0,0.000000000000,64,0.333333333333
902,Cr134Zr69,203,2,"Cr,Zr",134,0.660098522167,0,0.000000000000,0,0.000000000000,69,0.339901477833
903,Cr117Zr59,176,2,"Cr,Zr",117,0.664772727273,0,0.000000000000,0,0.000000000000,59,0.335227272727
904,Cr133Zr70,203,2,"Cr,Zr",133,0.655172413793,0,0.000000000000,0,0.000000000000,70,0.344827586207
905,Cr78Zr47,125,2,"Cr,Zr",78,0.624000000000,0,0.000000000000,0,0.000000000000,47,0.376000000000
906,Cr78Zr47,125,2,"Cr,Zr",78,0.624000000000,0,0.000000000000,0,0.000000000000,47,0.376000000000
907,Cr78Zr47,125,2,"Cr,Zr",78,0.624000000000,0,0.000000000000,0,0.000000000000,47,0.376000000000
908,Cr78Zr47,125,2,"Cr,Zr",78,0.624000000000,0,0.000000000000,0,0.000000000000,47,0.376000000000
909,Cr78Zr47,125,2,"Cr,Zr",78,0.624000000000,0,0.000000000000,0,0.000000000000,47,0.376000000000
910,Cr78Zr47,125,2,"Cr,Zr",78,0.624000000000,0,0.000000000000,0,0.000000000000,47,0.376000000000
911,Cr78WYZr47,127,4,"Cr,W,Y,Zr",78,0.614173228346,1,0.007874015748,1,0.007874015748,47,0.370078740157
912,Cr64Zr62,126,2,"Cr,Zr",64,0.507936507937,0,0.000000000000,0,0.000000000000,62,0.492063492063
913,Cr63Zr62,125,2,"Cr,Zr",63,0.504000000000,0,0.000000000000,0,0.000000000000,62,0.496000000000
914,Cr62Zr64,126,2,"Cr,Zr",62,0.492063492063,0,0.000000000000,0,0.000000000000,64,0.507936507937
915,Cr47Zr78,125,2,"Cr,Zr",47,0.376000000000,0,0.000000000000,0,0.000000000000,78,0.624000000000
916,Cr48W2Zr78,128,3,"Cr,W,Zr",48,0.375000000000,2,0.015625000000,0,0.000000000000,78,0.609375000000
917,Cr63Zr62,125,2,"Cr,Zr",63,0.504000000000,0,0.000000000000,0,0.000000000000,62,0.496000000000
918,Cr62Zr63,125,2,"Cr,Zr",62,0.496000000000,0,0.000000000000,0,0.000000000000,63,0.504000000000
919,Cr47WZr78,126,3,"Cr,W,Zr",47,0.373015873016,1,0.007936507937,0,0.000000000000,78,0.619047619048
920,Cr47Zr78,125,2,"Cr,Zr",47,0.376000000000,0,0.000000000000,0,0.000000000000,78,0.624000000000
921,Cr31YZr95,127,3,"Cr,Y,Zr",31,0.244094488189,0,0.000000000000,1,0.007874015748,95,0.748031496063
922,Cr48Zr78,126,2,"Cr,Zr",48,0.380952380952,0,0.000000000000,0,0.000000000000,78,0.619047619048
923,Cr63Zr62,125,2,"Cr,Zr",63,0.504000000000,0,0.000000000000,0,0.000000000000,62,0.496000000000
924,Cr16Zr109,125,2,"Cr,Zr",16,0.128000000000,0,0.000000000000,0,0.000000000000,109,0.872000000000
925,Cr31Zr94,125,2,"Cr,Zr",31,0.248000000000,0,0.000000000000,0,0.000000000000,94,0.752000000000
926,Cr62Zr63,125,2,"Cr,Zr",62,0.496000000000,0,0.000000000000,0,0.000000000000,63,0.504000000000
927,Cr47WZr78,126,3,"Cr,W,Zr",47,0.373015873016,1,0.007936507937,0,0.000000000000,78,0.619047619048
928,Cr31Zr94,125,2,"Cr,Zr",31,0.248000000000,0,0.000000000000,0,0.000000000000,94,0.752000000000
929,Cr47Zr78,125,2,"Cr,Zr",47,0.376000000000,0,0.000000000000,0,0.000000000000,78,0.624000000000
930,Cr16Zr109,125,2,"Cr,Zr",16,0.128000000000,0,0.000000000000,0,0.000000000000,109,0.872000000000
931,Cr31Zr94,125,2,"Cr,Zr",31,0.248000000000,0,0.000000000000,0,0.000000000000,94,0.752000000000
932,Cr16WZr109,126,3,"Cr,W,Zr",16,0.126984126984,1,0.007936507937,0,0.000000000000,109,0.865079365079
933,Cr16Zr109,125,2,"Cr,Zr",16,0.128000000000,0,0.000000000000,0,0.000000000000,109,0.872000000000
934,Cr31WZr94,126,3,"Cr,W,Zr",31,0.246031746032,1,0.007936507937,0,0.000000000000,94,0.746031746032
935,Cr16Zr109,125,2,"Cr,Zr",16,0.128000000000,0,0.000000000000,0,0.000000000000,109,0.872000000000
936,Cr32Zr94,126,2,"Cr,Zr",32,0.253968253968,0,0.000000000000,0,0.000000000000,94,0.746031746032
937,Cr16Zr109,125,2,"Cr,Zr",16,0.128000000000,0,0.000000000000,0,0.000000000000,109,0.872000000000
938,Cr31Zr94,125,2,"Cr,Zr",31,0.248000000000,0,0.000000000000,0,0.000000000000,94,0.752000000000
939,Cr139Zr70,209,2,"Cr,Zr",139,0.665071770335,0,0.000000000000,0,0.000000000000,70,0.334928229665
940,Cr138Zr69,207,2,"Cr,Zr",138,0.666666666667,0,0.000000000000,0,0.000000000000,69,0.333333333333
941,Cr137Zr72,209,2,"Cr,Zr",137,0.655502392344,0,0.000000000000,0,0.000000000000,72,0.344497607656
942,Cr133Zr70,203,2,"Cr,Zr",133,0.655172413793,0,0.000000000000,0,0.000000000000,70,0.344827586207
943,Cr136Zr69,205,2,"Cr,Zr",136,0.663414634146,0,0.000000000000,0,0.000000000000,69,0.336585365854
944,Cr133Zr69,202,2,"Cr,Zr",133,0.658415841584,0,0.000000000000,0,0.000000000000,69,0.341584158416
945,Cr134Zr70,204,2,"Cr,Zr",134,0.656862745098,0,0.000000000000,0,0.000000000000,70,0.343137254902
946,W109Y16,125,2,"W,Y",0,0.000000000000,109,0.872000000000,16,0.128000000000,0,0.000000000000
947,Cr140Zr70,210,2,"Cr,Zr",140,0.666666666667,0,0.000000000000,0,0.000000000000,70,0.333333333333
948,Cr16Zr109,125,2,"Cr,Zr",16,0.128000000000,0,0.000000000000,0,0.000000000000,109,0.872000000000
949,W109Y17,126,2,"W,Y",0,0.000000000000,109,0.865079365079,17,0.134920634921,0,0.000000000000
950,W109Y16Zr,126,3,"W,Y,Zr",0,0.000000000000,109,0.865079365079,16,0.126984126984,1,0.007936507937
951,W109Y16,125,2,"W,Y",0,0.000000000000,109,0.872000000000,16,0.128000000000,0,0.000000000000
952,W110Y16,126,2,"W,Y",0,0.000000000000,110,0.873015873016,16,0.126984126984,0,0.000000000000
953,CrW109Y16,126,3,"Cr,W,Y",1,0.007936507937,109,0.865079365079,16,0.126984126984,0,0.000000000000
954,CrW109Y17,127,3,"Cr,W,Y",1,0.007874015748,109,0.858267716535,17,0.133858267717,0,0.000000000000
955,W94Y31,125,2,"W,Y",0,0.000000000000,94,0.752000000000,31,0.248000000000,0,0.000000000000
956,W9Zr33,42,2,"W,Zr",0,0.000000000000,9,0.214285714286,0,0.000000000000,33,0.785714285714
957,W94Y31,125,2,"W,Y",0,0.000000000000,94,0.752000000000,31,0.248000000000,0,0.000000000000
958,W94Y32,126,2,"W,Y",0,0.000000000000,94,0.746031746032,32,0.253968253968,0,0.000000000000
959,CrW94Y31,126,3,"Cr,W,Y",1,0.007936507937,94,0.746031746032,31,0.246031746032,0,0.000000000000
960,CrW95Y31,127,3,"Cr,W,Y",1,0.007874015748,95,0.748031496063,31,0.244094488189,0,0.000000000000
961,W10Zr33,43,2,"W,Zr",0,0.000000000000,10,0.232558139535,0,0.000000000000,33,0.767441860465
962,W8Zr32,40,2,"W,Zr",0,0.000000000000,8,0.200000000000,0,0.000000000000,32,0.800000000000
963,W8Zr32,40,2,"W,Zr",0,0.000000000000,8,0.200000000000,0,0.000000000000,32,0.800000000000
964,W8Zr32,40,2,"W,Zr",0,0.000000000000,8,0.200000000000,0,0.000000000000,32,0.800000000000
965,W8Zr32,40,2,"W,Zr",0,0.000000000000,8,0.200000000000,0,0.000000000000,32,0.800000000000
966,W9Zr34,43,2,"W,Zr",0,0.000000000000,9,0.209302325581,0,0.000000000000,34,0.790697674419
967,W8Zr35,43,2,"W,Zr",0,0.000000000000,8,0.186046511628,0,0.000000000000,35,0.813953488372
968,W9Zr33,42,2,"W,Zr",0,0.000000000000,9,0.214285714286,0,0.000000000000,33,0.785714285714
969,W94Y32,126,2,"W,Y",0,0.000000000000,94,0.746031746032,32,0.253968253968,0,0.000000000000
970,W94Y31,125,2,"W,Y",0,0.000000000000,94,0.752000000000,31,0.248000000000,0,0.000000000000
971,W78Y47,125,2,"W,Y",0,0.000000000000,78,0.624000000000,47,0.376000000000,0,0.000000000000
972,W78Y47,125,2,"W,Y",0,0.000000000000,78,0.624000000000,47,0.376000000000,0,0.000000000000
973,W78Y48Zr,127,3,"W,Y,Zr",0,0.000000000000,78,0.614173228346,48,0.377952755906,1,0.007874015748
974,W79Y47,126,2,"W,Y",0,0.000000000000,79,0.626984126984,47,0.373015873016,0,0.000000000000
975,W78Y47,125,2,"W,Y",0,0.000000000000,78,0.624000000000,47,0.376000000000,0,0.000000000000
976,W78Y47,125,2,"W,Y",0,0.000000000000,78,0.624000000000,47,0.376000000000,0,0.000000000000
977,W78Y47,125,2,"W,Y",0,0.000000000000,78,0.624000000000,47,0.376000000000,0,0.000000000000
978,W75Y44,119,2,"W,Y",0,0.000000000000,75,0.630252100840,44,0.369747899160,0,0.000000000000
979,W79Y47,126,2,"W,Y",0,0.000000000000,79,0.626984126984,47,0.373015873016,0,0.000000000000
980,W70Zr34,104,2,"W,Zr",0,0.000000000000,70,0.673076923077,0,0.000000000000,34,0.326923076923
981,W78Y47,125,2,"W,Y",0,0.000000000000,78,0.624000000000,47,0.376000000000,0,0.000000000000
982,W78Y47,125,2,"W,Y",0,0.000000000000,78,0.624000000000,47,0.376000000000,0,0.000000000000
983,W78Y47,125,2,"W,Y",0,0.000000000000,78,0.624000000000,47,0.376000000000,0,0.000000000000
984,W78Y47,125,2,"W,Y",0,0.000000000000,78,0.624000000000,47,0.376000000000,0,0.000000000000
985,W74Y42,116,2,"W,Y",0,0.000000000000,74,0.637931034483,42,0.362068965517,0,0.000000000000
986,W73Y45,118,2,"W,Y",0,0.000000000000,73,0.618644067797,45,0.381355932203,0,0.000000000000
987,W79Y47,126,2,"W,Y",0,0.000000000000,79,0.626984126984,47,0.373015873016,0,0.000000000000
988,W78Y47,125,2,"W,Y",0,0.000000000000,78,0.624000000000,47,0.376000000000,0,0.000000000000
989,W78Y47,125,2,"W,Y",0,0.000000000000,78,0.624000000000,47,0.376000000000,0,0.000000000000
990,W78Y47,125,2,"W,Y",0,0.000000000000,78,0.624000000000,47,0.376000000000,0,0.000000000000
991,W78Y47,125,2,"W,Y",0,0.000000000000,78,0.624000000000,47,0.376000000000,0,0.000000000000
992,W68Y45,113,2,"W,Y",0,0.000000000000,68,0.601769911504,45,0.398230088496,0,0.000000000000
993,W71Y44,115,2,"W,Y",0,0.000000000000,71,0.617391304348,44,0.382608695652,0,0.000000000000
994,W71Y43,114,2,"W,Y",0,0.000000000000,71,0.622807017544,43,0.377192982456,0,0.000000000000
995,W73Y41,114,2,"W,Y",0,0.000000000000,73,0.640350877193,41,0.359649122807,0,0.000000000000
996,W78Y47,125,2,"W,Y",0,0.000000000000,78,0.624000000000,47,0.376000000000,0,0.000000000000
997,W69Zr36,105,2,"W,Zr",0,0.000000000000,69,0.657142857143,0,0.000000000000,36,0.342857142857
998,W78Y47,125,2,"W,Y",0,0.000000000000,78,0.624000000000,47,0.376000000000,0,0.000000000000
999,W78Y47,125,2,"W,Y",0,0.000000000000,78,0.624000000000,47,0.376000000000,0,0.000000000000
1000,W73Y43,116,2,"W,Y",0,0.000000000000,73,0.629310344828,43,0.370689655172,0,0.000000000000
1001,W79Y47,126,2,"W,Y",0,0.000000000000,79,0.626984126984,47,0.373015873016,0,0.000000000000
1002,W78Y47,125,2,"W,Y",0,0.000000000000,78,0.624000000000,47,0.376000000000,0,0.000000000000
1003,W71Y42,113,2,"W,Y",0,0.000000000000,71,0.628318584071,42,0.371681415929,0,0.000000000000
1004,CrW79Y47Zr,128,4,"Cr,W,Y,Zr",1,0.007812500000,79,0.617187500000,47,0.367187500000,1,0.007812500000
1005,W78Y47,125,2,"W,Y",0,0.000000000000,78,0.624000000000,47,0.376000000000,0,0.000000000000
1006,W63Y62,125,2,"W,Y",0,0.000000000000,63,0.504000000000,62,0.496000000000,0,0.000000000000
1007,W78Y47,125,2,"W,Y",0,0.000000000000,78,0.624000000000,47,0.376000000000,0,0.000000000000
1008,W78Y47,125,2,"W,Y",0,0.000000000000,78,0.624000000000,47,0.376000000000,0,0.000000000000
1009,W78Y47,125,2,"W,Y",0,0.000000000000,78,0.624000000000,47,0.376000000000,0,0.000000000000
1010,W78Y47,125,2,"W,Y",0,0.000000000000,78,0.624000000000,47,0.376000000000,0,0.000000000000
1011,W78Y47,125,2,"W,Y",0,0.000000000000,78,0.624000000000,47,0.376000000000,0,0.000000000000
1012,W78Y47,125,2,"W,Y",0,0.000000000000,78,0.624000000000,47,0.376000000000,0,0.000000000000
1013,W78Y47,125,2,"W,Y",0,0.000000000000,78,0.624000000000,47,0.376000000000,0,0.000000000000
1014,W78Y47,125,2,"W,Y",0,0.000000000000,78,0.624000000000,47,0.376000000000,0,0.000000000000
1015,W73Y46,119,2,"W,Y",0,0.000000000000,73,0.613445378151,46,0.386554621849,0,0.000000000000
1016,W74Y44,118,2,"W,Y",0,0.000000000000,74,0.627118644068,44,0.372881355932,0,0.000000000000
1017,W78Y47,125,2,"W,Y",0,0.000000000000,78,0.624000000000,47,0.376000000000,0,0.000000000000
1018,W63Y62,125,2,"W,Y",0,0.000000000000,63,0.504000000000,62,0.496000000000,0,0.000000000000
1019,W64Zr32,96,2,"W,Zr",0,0.000000000000,64,0.666666666667,0,0.000000000000,32,0.333333333333
1020,W64Zr32,96,2,"W,Zr",0,0.000000000000,64,0.666666666667,0,0.000000000000,32,0.333333333333
1021,W64Zr32,96,2,"W,Zr",0,0.000000000000,64,0.666666666667,0,0.000000000000,32,0.333333333333
1022,W60Zr29,89,2,"W,Zr",0,0.000000000000,60,0.674157303371,0,0.000000000000,29,0.325842696629
1023,W67Zr34,101,2,"W,Zr",0,0.000000000000,67,0.663366336634,0,0.000000000000,34,0.336633663366
1024,W69Zr32,101,2,"W,Zr",0,0.000000000000,69,0.683168316832,0,0.000000000000,32,0.316831683168
1025,W66Zr37,103,2,"W,Zr",0,0.000000000000,66,0.640776699029,0,0.000000000000,37,0.359223300971
1026,W63Y63,126,2,"W,Y",0,0.000000000000,63,0.500000000000,63,0.500000000000,0,0.000000000000
1027,CrW63Y62,126,3,"Cr,W,Y",1,0.007936507937,63,0.500000000000,62,0.492063492063,0,0.000000000000
1028,W136Zr70,206,2,"W,Zr",0,0.000000000000,136,0.660194174757,0,0.000000000000,70,0.339805825243
1029,W62Y63,125,2,"W,Y",0,0.000000000000,62,0.496000000000,63,0.504000000000,0,0.000000000000
1030,W62Y63,125,2,"W,Y",0,0.000000000000,62,0.496000000000,63,0.504000000000,0,0.000000000000
1031,W11Zr32,43,2,"W,Zr",0,0.000000000000,11,0.255813953488,0,0.000000000000,32,0.744186046512
1032,W62Y63,125,2,"W,Y",0,0.000000000000,62,0.496000000000,63,0.504000000000,0,0.000000000000
1033,W47Y78,125,2,"W,Y",0,0.000000000000,47,0.376000000000,78,0.624000000000,0,0.000000000000
1034,W48Y78,126,2,"W,Y",0,0.000000000000,48,0.380952380952,78,0.619047619048,0,0.000000000000
1035,W47Y78,125,2,"W,Y",0,0.000000000000,47,0.376000000000,78,0.624000000000,0,0.000000000000
1036,CrW48Y78,127,3,"Cr,W,Y",1,0.007874015748,48,0.377952755906,78,0.614173228346,0,0.000000000000
1037,W47Y78,125,2,"W,Y",0,0.000000000000,47,0.376000000000,78,0.624000000000,0,0.000000000000
1038,W47Y78,125,2,"W,Y",0,0.000000000000,47,0.376000000000,78,0.624000000000,0,0.000000000000
1039,W32Y94,126,2,"W,Y",0,0.000000000000,32,0.253968253968,94,0.746031746032,0,0.000000000000
1040,W131Zr71,202,2,"W,Zr",0,0.000000000000,131,0.648514851485,0,0.000000000000,71,0.351485148515
1041,W32Y94Zr,127,3,"W,Y,Zr",0,0.000000000000,32,0.251968503937,94,0.740157480315,1,0.007874015748
1042,W16Y109,125,2,"W,Y",0,0.000000000000,16,0.128000000000,109,0.872000000000,0,0.000000000000
1043,W16Y111,127,2,"W,Y",0,0.000000000000,16,0.125984251969,111,0.874015748031,0,0.000000000000
1044,CrW32Y94,127,3,"Cr,W,Y",1,0.007874015748,32,0.251968503937,94,0.740157480315,0,0.000000000000
1045,W31Y94Zr,126,3,"W,Y,Zr",0,0.000000000000,31,0.246031746032,94,0.746031746032,1,0.007936507937
1046,W47Y78,125,2,"W,Y",0,0.000000000000,47,0.376000000000,78,0.624000000000,0,0.000000000000
1047,CrW16Y109,126,3,"Cr,W,Y",1,0.007936507937,16,0.126984126984,109,0.865079365079,0,0.000000000000
1048,W17Y110,127,2,"W,Y",0,0.000000000000,17,0.133858267717,110,0.866141732283,0,0.000000000000
1049,W31Y94,125,2,"W,Y",0,0.000000000000,31,0.248000000000,94,0.752000000000,0,0.000000000000
1050,W31Y95,126,2,"W,Y",0,0.000000000000,31,0.246031746032,95,0.753968253968,0,0.000000000000
1051,W16Y109,125,2,"W,Y",0,0.000000000000,16,0.128000000000,109,0.872000000000,0,0.000000000000
1052,W16Y109,125,2,"W,Y",0,0.000000000000,16,0.128000000000,109,0.872000000000,0,0.000000000000
1053,W31Y94,125,2,"W,Y",0,0.000000000000,31,0.248000000000,94,0.752000000000,0,0.000000000000
1054,W17Y109Zr,127,3,"W,Y,Zr",0,0.000000000000,17,0.133858267717,109,0.858267716535,1,0.007874015748
1055,Cr2W109Zr16,127,3,"Cr,W,Zr",2,0.015748031496,109,0.858267716535,0,0.000000000000,16,0.125984251969
1056,W109Zr16,125,2,"W,Zr",0,0.000000000000,109,0.872000000000,0,0.000000000000,16,0.128000000000
1057,W128Zr64,192,2,"W,Zr",0,0.000000000000,128,0.666666666667,0,0.000000000000,64,0.333333333333
1058,W128Zr64,192,2,"W,Zr",0,0.000000000000,128,0.666666666667,0,0.000000000000,64,0.333333333333
1059,W128Zr64,192,2,"W,Zr",0,0.000000000000,128,0.666666666667,0,0.000000000000,64,0.333333333333
1060,W128Zr64,192,2,"W,Zr",0,0.000000000000,128,0.666666666667,0,0.000000000000,64,0.333333333333
1061,W128Zr64,192,2,"W,Zr",0,0.000000000000,128,0.666666666667,0,0.000000000000,64,0.333333333333
1062,W128Zr64,192,2,"W,Zr",0,0.000000000000,128,0.666666666667,0,0.000000000000,64,0.333333333333
1063,W116Zr57,173,2,"W,Zr",0,0.000000000000,116,0.670520231214,0,0.000000000000,57,0.329479768786
1064,W133Zr73,206,2,"W,Zr",0,0.000000000000,133,0.645631067961,0,0.000000000000,73,0.354368932039
1065,CrW109Zr16,126,3,"Cr,W,Zr",1,0.007936507937,109,0.865079365079,0,0.000000000000,16,0.126984126984
1066,CrW109Zr16,126,3,"Cr,W,Zr",1,0.007936507937,109,0.865079365079,0,0.000000000000,16,0.126984126984
1067,W8Zr34,42,2,"W,Zr",0,0.000000000000,8,0.190476190476,0,0.000000000000,34,0.809523809524
1068,W109Y2Zr16,127,3,"W,Y,Zr",0,0.000000000000,109,0.858267716535,2,0.015748031496,16,0.125984251969
1069,W109Y2Zr16,127,3,"W,Y,Zr",0,0.000000000000,109,0.858267716535,2,0.015748031496,16,0.125984251969
1070,W109Zr16,125,2,"W,Zr",0,0.000000000000,109,0.872000000000,0,0.000000000000,16,0.128000000000
1071,W65Zr38,103,2,"W,Zr",0,0.000000000000,65,0.631067961165,0,0.000000000000,38,0.368932038835
1072,W94Zr31,125,2,"W,Zr",0,0.000000000000,94,0.752000000000,0,0.000000000000,31,0.248000000000
1073,W9Zr33,42,2,"W,Zr",0,0.000000000000,9,0.214285714286,0,0.000000000000,33,0.785714285714
1074,W94YZr31,126,3,"W,Y,Zr",0,0.000000000000,94,0.746031746032,1,0.007936507937,31,0.246031746032
1075,W94Zr31,125,2,"W,Zr",0,0.000000000000,94,0.752000000000,0,0.000000000000,31,0.248000000000
1076,CrW94Zr31,126,3,"Cr,W,Zr",1,0.007936507937,94,0.746031746032,0,0.000000000000,31,0.246031746032
1077,W8Zr34,42,2,"W,Zr",0,0.000000000000,8,0.190476190476,0,0.000000000000,34,0.809523809524
1078,W94Zr31,125,2,"W,Zr",0,0.000000000000,94,0.752000000000,0,0.000000000000,31,0.248000000000
1079,W94Zr31,125,2,"W,Zr",0,0.000000000000,94,0.752000000000,0,0.000000000000,31,0.248000000000
1080,W94Zr31,125,2,"W,Zr",0,0.000000000000,94,0.752000000000,0,0.000000000000,31,0.248000000000
1081,Y69Zr71,140,2,"Y,Zr",0,0.000000000000,0,0.000000000000,69,0.492857142857,71,0.507142857143
1082,W78Zr47,125,2,"W,Zr",0,0.000000000000,78,0.624000000000,0,0.000000000000,47,0.376000000000
1083,W78Zr47,125,2,"W,Zr",0,0.000000000000,78,0.624000000000,0,0.000000000000,47,0.376000000000
1084,W78Zr47,125,2,"W,Zr",0,0.000000000000,78,0.624000000000,0,0.000000000000,47,0.376000000000
1085,W78Zr47,125,2,"W,Zr",0,0.000000000000,78,0.624000000000,0,0.000000000000,47,0.376000000000
1086,W78Zr47,125,2,"W,Zr",0,0.000000000000,78,0.624000000000,0,0.000000000000,47,0.376000000000
1087,Y67Zr69,136,2,"Y,Zr",0,0.000000000000,0,0.000000000000,67,0.492647058824,69,0.507352941176
1088,W68Zr37,105,2,"W,Zr",0,0.000000000000,68,0.647619047619,0,0.000000000000,37,0.352380952381
1089,W133Zr74,207,2,"W,Zr",0,0.000000000000,133,0.642512077295,0,0.000000000000,74,0.357487922705
1090,W173Zr106,279,2,"W,Zr",0,0.000000000000,173,0.620071684588,0,0.000000000000,106,0.379928315412
1091,W70Zr45,115,2,"W,Zr",0,0.000000000000,70,0.608695652174,0,0.000000000000,45,0.391304347826
1092,W78Zr47,125,2,"W,Zr",0,0.000000000000,78,0.624000000000,0,0.000000000000,47,0.376000000000
1093,W68Zr34,102,2,"W,Zr",0,0.000000000000,68,0.666666666667,0,0.000000000000,34,0.333333333333
1094,Y64Zr64,128,2,"Y,Zr",0,0.000000000000,0,0.000000000000,64,0.500000000000,64,0.500000000000
1095,Y64Zr64,128,2,"Y,Zr",0,0.000000000000,0,0.000000000000,64,0.500000000000,64,0.500000000000
1096,Y64Zr64,128,2,"Y,Zr",0,0.000000000000,0,0.000000000000,64,0.500000000000,64,0.500000000000
1097,Y64Zr64,128,2,"Y,Zr",0,0.000000000000,0,0.000000000000,64,0.500000000000,64,0.500000000000
1098,Y64Zr64,128,2,"Y,Zr",0,0.000000000000,0,0.000000000000,64,0.500000000000,64,0.500000000000
1099,Y69Zr71,140,2,"Y,Zr",0,0.000000000000,0,0.000000000000,69,0.492857142857,71,0.507142857143
1100,W78Zr47,125,2,"W,Zr",0,0.000000000000,78,0.624000000000,0,0.000000000000,47,0.376000000000
1101,W70Zr43,113,2,"W,Zr",0,0.000000000000,70,0.619469026549,0,0.000000000000,43,0.380530973451
1102,W77Zr42,119,2,"W,Zr",0,0.000000000000,77,0.647058823529,0,0.000000000000,42,0.352941176471
1103,W78Zr48,126,2,"W,Zr",0,0.000000000000,78,0.619047619048,0,0.000000000000,48,0.380952380952
1104,W78Zr47,125,2,"W,Zr",0,0.000000000000,78,0.624000000000,0,0.000000000000,47,0.376000000000
1105,W73Zr40,113,2,"W,Zr",0,0.000000000000,73,0.646017699115,0,0.000000000000,40,0.353982300885
1106,W78Y2Zr47,127,3,"W,Y,Zr",0,0.000000000000,78,0.614173228346,2,0.015748031496,47,0.370078740157
1107,W67Zr36,103,2,"W,Zr",0,0.000000000000,67,0.650485436893,0,0.000000000000,36,0.349514563107
1108,W78Zr47,125,2,"W,Zr",0,0.000000000000,78,0.624000000000,0,0.000000000000,47,0.376000000000
1109,W78Zr47,125,2,"W,Zr",0,0.000000000000,78,0.624000000000,0,0.000000000000,47,0.376000000000
1110,W78YZr47,126,3,"W,Y,Zr",0,0.000000000000,78,0.619047619048,1,0.007936507937,47,0.373015873016
1111,W171Zr103,274,2,"W,Zr",0,0.000000000000,171,0.624087591241,0,0.000000000000,103,0.375912408759
1112,W138Zr71,209,2,"W,Zr",0,0.000000000000,138,0.660287081340,0,0.000000000000,71,0.339712918660
1113,Y68Zr68,136,2,"Y,Zr",0,0.000000000000,0,0.000000000000,68,0.500000000000,68,0.500000000000
1114,W63Zr63,126,2,"W,Zr",0,0.000000000000,63,0.500000000000,0,0.000000000000,63,0.500000000000
1115,W160Zr96,256,2,"W,Zr",0,0.000000000000,160,0.625000000000,0,0.000000000000,96,0.375000000000
1116,W160Zr96,256,2,"W,Zr",0,0.000000000000,160,0.625000000000,0,0.000000000000,96,0.375000000000
1117,W160Zr96,256,2,"W,Zr",0,0.000000000000,160,0.625000000000,0,0.000000000000,96,0.375000000000
1118,W141Zr90,231,2,"W,Zr",0,0.000000000000,141,0.610389610390,0,0.000000000000,90,0.389610389610
1119,W169Zr102,271,2,"W,Zr",0,0.000000000000,169,0.623616236162,0,0.000000000000,102,0.376383763838
1120,W133Zr71,204,2,"W,Zr",0,0.000000000000,133,0.651960784314,0,0.000000000000,71,0.348039215686
1121,W63Zr63,126,2,"W,Zr",0,0.000000000000,63,0.500000000000,0,0.000000000000,63,0.500000000000
1122,W63Zr62,125,2,"W,Zr",0,0.000000000000,63,0.504000000000,0,0.000000000000,62,0.496000000000
1123,CrW64Zr62,127,3,"Cr,W,Zr",1,0.007874015748,64,0.503937007874,0,0.000000000000,62,0.488188976378
1124,W62Zr63,125,2,"W,Zr",0,0.000000000000,62,0.496000000000,0,0.000000000000,63,0.504000000000
1125,W135Zr74,209,2,"W,Zr",0,0.000000000000,135,0.645933014354,0,0.000000000000,74,0.354066985646
1126,CrW62Zr63,126,3,"Cr,W,Zr",1,0.007936507937,62,0.492063492063,0,0.000000000000,63,0.500000000000
1127,W63Zr63,126,2,"W,Zr",0,0.000000000000,63,0.500000000000,0,0.000000000000,63,0.500000000000
1128,Y67Zr68,135,2,"Y,Zr",0,0.000000000000,0,0.000000000000,67,0.496296296296,68,0.503703703704
1129,W47Zr78,125,2,"W,Zr",0,0.000000000000,47,0.376000000000,0,0.000000000000,78,0.624000000000
1130,W47Zr78,125,2,"W,Zr",0,0.000000000000,47,0.376000000000,0,0.000000000000,78,0.624000000000
1131,W47Zr78,125,2,"W,Zr",0,0.000000000000,47,0.376000000000,0,0.000000000000,78,0.624000000000
1132,W47Zr78,125,2,"W,Zr",0,0.000000000000,47,0.376000000000,0,0.000000000000,78,0.624000000000
1133,W47Zr79,126,2,"W,Zr",0,0.000000000000,47,0.373015873016,0,0.000000000000,79,0.626984126984
1134,CrW47Zr78,126,3,"Cr,W,Zr",1,0.007936507937,47,0.373015873016,0,0.000000000000,78,0.619047619048
1135,W31Zr94,125,2,"W,Zr",0,0.000000000000,31,0.248000000000,0,0.000000000000,94,0.752000000000
1136,W31Zr94,125,2,"W,Zr",0,0.000000000000,31,0.248000000000,0,0.000000000000,94,0.752000000000
1137,W31Zr95,126,2,"W,Zr",0,0.000000000000,31,0.246031746032,0,0.000000000000,95,0.753968253968
1138,W47YZr79,127,3,"W,Y,Zr",0,0.000000000000,47,0.370078740157,1,0.007874015748,79,0.622047244094
1139,W31YZr94,126,3,"W,Y,Zr",0,0.000000000000,31,0.246031746032,1,0.007936507937,94,0.746031746032
1140,W31Zr96,127,2,"W,Zr",0,0.000000000000,31,0.244094488189,0,0.000000000000,96,0.755905511811
1141,W31Zr94,125,2,"W,Zr",0,0.000000000000,31,0.248000000000,0,0.000000000000,94,0.752000000000
1142,W16Zr109,125,2,"W,Zr",0,0.000000000000,16,0.128000000000,0,0.000000000000,109,0.872000000000
1143,Y68Zr72,140,2,"Y,Zr",0,0.000000000000,0,0.000000000000,68,0.485714285714,72,0.514285714286
1144,W16YZr110,127,3,"W,Y,Zr",0,0.000000000000,16,0.125984251969,1,0.007874015748,110,0.866141732283
1145,W16YZr110,127,3,"W,Y,Zr",0,0.000000000000,16,0.125984251969,1,0.007874015748,110,0.866141732283
1146,W171Zr103,274,2,"W,Zr",0,0.000000000000,171,0.624087591241,0,0.000000000000,103,0.375912408759
1147,W16Zr109,125,2,"W,Zr",0,0.000000000000,16,0.128000000000,0,0.000000000000,109,0.872000000000
1148,W31Zr94,125,2,"W,Zr",0,0.000000000000,31,0.248000000000,0,0.000000000000,94,0.752000000000
1149,W16Zr109,125,2,"W,Zr",0,0.000000000000,16,0.128000000000,0,0.000000000000,109,0.872000000000
1150,W17Zr110,127,2,"W,Zr",0,0.000000000000,17,0.133858267717,0,0.000000000000,110,0.866141732283
1151,Y66Zr69,135,2,"Y,Zr",0,0.000000000000,0,0.000000000000,66,0.488888888889,69,0.511111111111
1152,W16Zr110,126,2,"W,Zr",0,0.000000000000,16,0.126984126984,0,0.000000000000,110,0.873015873016
1153,Y109Zr16,125,2,"Y,Zr",0,0.000000000000,0,0.000000000000,109,0.872000000000,16,0.128000000000
1154,Y109Zr16,125,2,"Y,Zr",0,0.000000000000,0,0.000000000000,109,0.872000000000,16,0.128000000000
1155,Y109Zr16,125,2,"Y,Zr",0,0.000000000000,0,0.000000000000,109,0.872000000000,16,0.128000000000
1156,Y109Zr16,125,2,"Y,Zr",0,0.000000000000,0,0.000000000000,109,0.872000000000,16,0.128000000000
1157,Y109Zr16,125,2,"Y,Zr",0,0.000000000000,0,0.000000000000,109,0.872000000000,16,0.128000000000
1158,Y109Zr16,125,2,"Y,Zr",0,0.000000000000,0,0.000000000000,109,0.872000000000,16,0.128000000000
1159,Y94Zr31,125,2,"Y,Zr",0,0.000000000000,0,0.000000000000,94,0.752000000000,31,0.248000000000
1160,CrY94Zr31,126,3,"Cr,Y,Zr",1,0.007936507937,0,0.000000000000,94,0.746031746032,31,0.246031746032
1161,CrY109Zr16,126,3,"Cr,Y,Zr",1,0.007936507937,0,0.000000000000,109,0.865079365079,16,0.126984126984
1162,Y94Zr31,125,2,"Y,Zr",0,0.000000000000,0,0.000000000000,94,0.752000000000,31,0.248000000000
1163,Y94Zr31,125,2,"Y,Zr",0,0.000000000000,0,0.000000000000,94,0.752000000000,31,0.248000000000
1164,Y95Zr31,126,2,"Y,Zr",0,0.000000000000,0,0.000000000000,95,0.753968253968,31,0.246031746032
1165,W170Zr101,271,2,"W,Zr",0,0.000000000000,170,0.627306273063,0,0.000000000000,101,0.372693726937
1166,Y94Zr31,125,2,"Y,Zr",0,0.000000000000,0,0.000000000000,94,0.752000000000,31,0.248000000000
1167,Y94Zr31,125,2,"Y,Zr",0,0.000000000000,0,0.000000000000,94,0.752000000000,31,0.248000000000
1168,Y78Zr47,125,2,"Y,Zr",0,0.000000000000,0,0.000000000000,78,0.624000000000,47,0.376000000000
1169,Y75Zr47,122,2,"Y,Zr",0,0.000000000000,0,0.000000000000,75,0.614754098361,47,0.385245901639
1170,Y78Zr47,125,2,"Y,Zr",0,0.000000000000,0,0.000000000000,78,0.624000000000,47,0.376000000000
1171,Y78Zr47,125,2,"Y,Zr",0,0.000000000000,0,0.000000000000,78,0.624000000000,47,0.376000000000
1172,Y78Zr47,125,2,"Y,Zr",0,0.000000000000,0,0.000000000000,78,0.624000000000,47,0.376000000000
1173,Y78Zr47,125,2,"Y,Zr",0,0.000000000000,0,0.000000000000,78,0.624000000000,47,0.376000000000
1174,Y71Zr44,115,2,"Y,Zr",0,0.000000000000,0,0.000000000000,71,0.617391304348,44,0.382608695652
1175,Y73Zr40,113,2,"Y,Zr",0,0.000000000000,0,0.000000000000,73,0.646017699115,40,0.353982300885
1176,Y78Zr47,125,2,"Y,Zr",0,0.000000000000,0,0.000000000000,78,0.624000000000,47,0.376000000000
1177,Y78Zr47,125,2,"Y,Zr",0,0.000000000000,0,0.000000000000,78,0.624000000000,47,0.376000000000
1178,Y78Zr47,125,2,"Y,Zr",0,0.000000000000,0,0.000000000000,78,0.624000000000,47,0.376000000000
1179,Y77Zr42,119,2,"Y,Zr",0,0.000000000000,0,0.000000000000,77,0.647058823529,42,0.352941176471
1180,Y78Zr49,127,2,"Y,Zr",0,0.000000000000,0,0.000000000000,78,0.614173228346,49,0.385826771654
1181,WY78Zr47,126,3,"W,Y,Zr",0,0.000000000000,1,0.007936507937,78,0.619047619048,47,0.373015873016
1182,W172Zr102,274,2,"W,Zr",0,0.000000000000,172,0.627737226277,0,0.000000000000,102,0.372262773723
1183,Y78Zr47,125,2,"Y,Zr",0,0.000000000000,0,0.000000000000,78,0.624000000000,47,0.376000000000
1184,Y78Zr47,125,2,"Y,Zr",0,0.000000000000,0,0.000000000000,78,0.624000000000,47,0.376000000000
1185,Y78Zr47,125,2,"Y,Zr",0,0.000000000000,0,0.000000000000,78,0.624000000000,47,0.376000000000
1186,Y78Zr47,125,2,"Y,Zr",0,0.000000000000,0,0.000000000000,78,0.624000000000,47,0.376000000000
1187,Y74Zr44,118,2,"Y,Zr",0,0.000000000000,0,0.000000000000,74,0.627118644068,44,0.372881355932
1188,Y79Zr49,128,2,"Y,Zr",0,0.000000000000,0,0.000000000000,79,0.617187500000,49,0.382812500000
1189,Y79Zr47,126,2,"Y,Zr",0,0.000000000000,0,0.000000000000,79,0.626984126984,47,0.373015873016
1190,W169Zr106,275,2,"W,Zr",0,0.000000000000,169,0.614545454545,0,0.000000000000,106,0.385454545455
1191,Y78Zr47,125,2,"Y,Zr",0,0.000000000000,0,0.000000000000,78,0.624000000000,47,0.376000000000
1192,Y78Zr47,125,2,"Y,Zr",0,0.000000000000,0,0.000000000000,78,0.624000000000,47,0.376000000000
1193,Y71Zr44,115,2,"Y,Zr",0,0.000000000000,0,0.000000000000,71,0.617391304348,44,0.382608695652
1194,Y78Zr48,126,2,"Y,Zr",0,0.000000000000,0,0.000000000000,78,0.619047619048,48,0.380952380952
1195,WY78Zr47,126,3,"W,Y,Zr",0,0.000000000000,1,0.007936507937,78,0.619047619048,47,0.373015873016
1196,Y78Zr47,125,2,"Y,Zr",0,0.000000000000,0,0.000000000000,78,0.624000000000,47,0.376000000000
1197,Y78Zr47,125,2,"Y,Zr",0,0.000000000000,0,0.000000000000,78,0.624000000000,47,0.376000000000
1198,Y78Zr47,125,2,"Y,Zr",0,0.000000000000,0,0.000000000000,78,0.624000000000,47,0.376000000000
1199,Y78Zr47,125,2,"Y,Zr",0,0.000000000000,0,0.000000000000,78,0.624000000000,47,0.376000000000
1200,Y78Zr47,125,2,"Y,Zr",0,0.000000000000,0,0.000000000000,78,0.624000000000,47,0.376000000000
1201,Y78Zr47,125,2,"Y,Zr",0,0.000000000000,0,0.000000000000,78,0.624000000000,47,0.376000000000
1202,Y78Zr47,125,2,"Y,Zr",0,0.000000000000,0,0.000000000000,78,0.624000000000,47,0.376000000000
1203,Y78Zr47,125,2,"Y,Zr",0,0.000000000000,0,0.000000000000,78,0.624000000000,47,0.376000000000
1204,Y68Zr46,114,2,"Y,Zr",0,0.000000000000,0,0.000000000000,68,0.596491228070,46,0.403508771930
1205,Y75Zr47,122,2,"Y,Zr",0,0.000000000000,0,0.000000000000,75,0.614754098361,47,0.385245901639
1206,Y75Zr44,119,2,"Y,Zr",0,0.000000000000,0,0.000000000000,75,0.630252100840,44,0.369747899160
1207,Y78Zr47,125,2,"Y,Zr",0,0.000000000000,0,0.000000000000,78,0.624000000000,47,0.376000000000
1208,Y63Zr62,125,2,"Y,Zr",0,0.000000000000,0,0.000000000000,63,0.504000000000,62,0.496000000000
1209,Y63Zr62,125,2,"Y,Zr",0,0.000000000000,0,0.000000000000,63,0.504000000000,62,0.496000000000
1210,Y63Zr62,125,2,"Y,Zr",0,0.000000000000,0,0.000000000000,63,0.504000000000,62,0.496000000000
1211,Y63Zr62,125,2,"Y,Zr",0,0.000000000000,0,0.000000000000,63,0.504000000000,62,0.496000000000
1212,Y62Zr63,125,2,"Y,Zr",0,0.000000000000,0,0.000000000000,62,0.496000000000,63,0.504000000000
1213,Y62Zr63,125,2,"Y,Zr",0,0.000000000000,0,0.000000000000,62,0.496000000000,63,0.504000000000
1214,Y62Zr64,126,2,"Y,Zr",0,0.000000000000,0,0.000000000000,62,0.492063492063,64,0.507936507937
1215,CrY47Zr78,126,3,"Cr,Y,Zr",1,0.007936507937,0,0.000000000000,47,0.373015873016,78,0.619047619048
1216,Y48Zr78,126,2,"Y,Zr",0,0.000000000000,0,0.000000000000,48,0.380952380952,78,0.619047619048
1217,Y47Zr78,125,2,"Y,Zr",0,0.000000000000,0,0.000000000000,47,0.376000000000,78,0.624000000000
1218,Y47Zr78,125,2,"Y,Zr",0,0.000000000000,0,0.000000000000,47,0.376000000000,78,0.624000000000
1219,Y47Zr78,125,2,"Y,Zr",0,0.000000000000,0,0.000000000000,47,0.376000000000,78,0.624000000000
1220,WY47Zr79,127,3,"W,Y,Zr",0,0.000000000000,1,0.007874015748,47,0.370078740157,79,0.622047244094
1221,CrY47Zr78,126,3,"Cr,Y,Zr",1,0.007936507937,0,0.000000000000,47,0.373015873016,78,0.619047619048
1222,Y32Zr94,126,2,"Y,Zr",0,0.000000000000,0,0.000000000000,32,0.253968253968,94,0.746031746032
1223,Y16Zr109,125,2,"Y,Zr",0,0.000000000000,0,0.000000000000,16,0.128000000000,109,0.872000000000
1224,CrY31Zr94,126,3,"Cr,Y,Zr",1,0.007936507937,0,0.000000000000,31,0.246031746032,94,0.746031746032
1225,Y31Zr94,125,2,"Y,Zr",0,0.000000000000,0,0.000000000000,31,0.248000000000,94,0.752000000000
1226,Y31Zr94,125,2,"Y,Zr",0,0.000000000000,0,0.000000000000,31,0.248000000000,94,0.752000000000
1227,Y31Zr94,125,2,"Y,Zr",0,0.000000000000,0,0.000000000000,31,0.248000000000,94,0.752000000000
1228,CrY32Zr95,128,3,"Cr,Y,Zr",1,0.007812500000,0,0.000000000000,32,0.250000000000,95,0.742187500000
1229,CrY31Zr94,126,3,"Cr,Y,Zr",1,0.007936507937,0,0.000000000000,31,0.246031746032,94,0.746031746032
1230,Y16Zr109,125,2,"Y,Zr",0,0.000000000000,0,0.000000000000,16,0.128000000000,109,0.872000000000
1231,Y17Zr109,126,2,"Y,Zr",0,0.000000000000,0,0.000000000000,17,0.134920634921,109,0.865079365079
1232,Cr94W16Y15,125,3,"Cr,W,Y",94,0.752000000000,16,0.128000000000,15,0.120000000000,0,0.000000000000
1233,Cr94W16Y15,125,3,"Cr,W,Y",94,0.752000000000,16,0.128000000000,15,0.120000000000,0,0.000000000000
1234,Cr82W16Y15,113,3,"Cr,W,Y",82,0.725663716814,16,0.141592920354,15,0.132743362832,0,0.000000000000
1235,Cr94W16Y15Zr,126,4,"Cr,W,Y,Zr",94,0.746031746032,16,0.126984126984,15,0.119047619048,1,0.007936507937
1236,Y16Zr109,125,2,"Y,Zr",0,0.000000000000,0,0.000000000000,16,0.128000000000,109,0.872000000000
1237,W2Y16Zr109,127,3,"W,Y,Zr",0,0.000000000000,2,0.015748031496,16,0.125984251969,109,0.858267716535
1238,Y16Zr109,125,2,"Y,Zr",0,0.000000000000,0,0.000000000000,16,0.128000000000,109,0.872000000000
1239,Y16Zr109,125,2,"Y,Zr",0,0.000000000000,0,0.000000000000,16,0.128000000000,109,0.872000000000
1240,Cr94W16Y15,125,3,"Cr,W,Y",94,0.752000000000,16,0.128000000000,15,0.120000000000,0,0.000000000000
1241,Cr94W16Y15,125,3,"Cr,W,Y",94,0.752000000000,16,0.128000000000,15,0.120000000000,0,0.000000000000
1242,Cr94W16Y15,125,3,"Cr,W,Y",94,0.752000000000,16,0.128000000000,15,0.120000000000,0,0.000000000000
1243,Cr94W16Y15,125,3,"Cr,W,Y",94,0.752000000000,16,0.128000000000,15,0.120000000000,0,0.000000000000
1244,Cr94W16Y15,125,3,"Cr,W,Y",94,0.752000000000,16,0.128000000000,15,0.120000000000,0,0.000000000000
1245,Cr94W16Y15,125,3,"Cr,W,Y",94,0.752000000000,16,0.128000000000,15,0.120000000000,0,0.000000000000
1246,Cr94W17Y15Zr2,128,4,"Cr,W,Y,Zr",94,0.734375000000,17,0.132812500000,15,0.117187500000,2,0.015625000000
1247,Cr94W16Y15,125,3,"Cr,W,Y",94,0.752000000000,16,0.128000000000,15,0.120000000000,0,0.000000000000
1248,Cr94W16Y15,125,3,"Cr,W,Y",94,0.752000000000,16,0.128000000000,15,0.120000000000,0,0.000000000000
1249,Cr94W16Y15Zr,126,4,"Cr,W,Y,Zr",94,0.746031746032,16,0.126984126984,15,0.119047619048,1,0.007936507937
1250,Cr94W16Y15,125,3,"Cr,W,Y",94,0.752000000000,16,0.128000000000,15,0.120000000000,0,0.000000000000
1251,Cr94W16Y15,125,3,"Cr,W,Y",94,0.752000000000,16,0.128000000000,15,0.120000000000,0,0.000000000000
1252,Cr94W16Y15,125,3,"Cr,W,Y",94,0.752000000000,16,0.128000000000,15,0.120000000000,0,0.000000000000
1253,Cr88W16Y11,115,3,"Cr,W,Y",88,0.765217391304,16,0.139130434783,11,0.095652173913,0,0.000000000000
1254,Cr94W16Y15,125,3,"Cr,W,Y",94,0.752000000000,16,0.128000000000,15,0.120000000000,0,0.000000000000
1255,Cr94W16Y15,125,3,"Cr,W,Y",94,0.752000000000,16,0.128000000000,15,0.120000000000,0,0.000000000000
1256,Cr94W16Y15,125,3,"Cr,W,Y",94,0.752000000000,16,0.128000000000,15,0.120000000000,0,0.000000000000
1257,Cr94W16Y15,125,3,"Cr,W,Y",94,0.752000000000,16,0.128000000000,15,0.120000000000,0,0.000000000000
1258,Cr78W16Y31,125,3,"Cr,W,Y",78,0.624000000000,16,0.128000000000,31,0.248000000000,0,0.000000000000
1259,Cr78W16Y31,125,3,"Cr,W,Y",78,0.624000000000,16,0.128000000000,31,0.248000000000,0,0.000000000000
1260,Cr78W16Y31,125,3,"Cr,W,Y",78,0.624000000000,16,0.128000000000,31,0.248000000000,0,0.000000000000
1261,Cr67W15Y31,113,3,"Cr,W,Y",67,0.592920353982,15,0.132743362832,31,0.274336283186,0,0.000000000000
1262,Cr78W16Y31,125,3,"Cr,W,Y",78,0.624000000000,16,0.128000000000,31,0.248000000000,0,0.000000000000
1263,Cr78W16Y31,125,3,"Cr,W,Y",78,0.624000000000,16,0.128000000000,31,0.248000000000,0,0.000000000000
1264,Cr78W16Y31,125,3,"Cr,W,Y",78,0.624000000000,16,0.128000000000,31,0.248000000000,0,0.000000000000
1265,Cr78W16Y31,125,3,"Cr,W,Y",78,0.624000000000,16,0.128000000000,31,0.248000000000,0,0.000000000000
1266,Cr78W16Y31,125,3,"Cr,W,Y",78,0.624000000000,16,0.128000000000,31,0.248000000000,0,0.000000000000
1267,Cr78W16Y31,125,3,"Cr,W,Y",78,0.624000000000,16,0.128000000000,31,0.248000000000,0,0.000000000000
1268,Cr78W16Y31,125,3,"Cr,W,Y",78,0.624000000000,16,0.128000000000,31,0.248000000000,0,0.000000000000
1269,Cr78W16Y31,125,3,"Cr,W,Y",78,0.624000000000,16,0.128000000000,31,0.248000000000,0,0.000000000000
1270,Cr78W16Y31,125,3,"Cr,W,Y",78,0.624000000000,16,0.128000000000,31,0.248000000000,0,0.000000000000
1271,Cr73W11Y29,113,3,"Cr,W,Y",73,0.646017699115,11,0.097345132743,29,0.256637168142,0,0.000000000000
1272,Cr78W16Y31,125,3,"Cr,W,Y",78,0.624000000000,16,0.128000000000,31,0.248000000000,0,0.000000000000
1273,Cr78W16Y31,125,3,"Cr,W,Y",78,0.624000000000,16,0.128000000000,31,0.248000000000,0,0.000000000000
1274,Cr68W16Y30,114,3,"Cr,W,Y",68,0.596491228070,16,0.140350877193,30,0.263157894737,0,0.000000000000
1275,Cr78W16Y31,125,3,"Cr,W,Y",78,0.624000000000,16,0.128000000000,31,0.248000000000,0,0.000000000000
1276,Cr53W15Y45,113,3,"Cr,W,Y",53,0.469026548673,15,0.132743362832,45,0.398230088496,0,0.000000000000
1277,Cr62W16Y47,125,3,"Cr,W,Y",62,0.496000000000,16,0.128000000000,47,0.376000000000,0,0.000000000000
1278,Cr62W16Y47,125,3,"Cr,W,Y",62,0.496000000000,16,0.128000000000,47,0.376000000000,0,0.000000000000
1279,Cr62W16Y47,125,3,"Cr,W,Y",62,0.496000000000,16,0.128000000000,47,0.376000000000,0,0.000000000000
1280,Cr62W16Y47,125,3,"Cr,W,Y",62,0.496000000000,16,0.128000000000,47,0.376000000000,0,0.000000000000
1281,Cr78W16Y31,125,3,"Cr,W,Y",78,0.624000000000,16,0.128000000000,31,0.248000000000,0,0.000000000000
1282,Cr78W16Y31,125,3,"Cr,W,Y",78,0.624000000000,16,0.128000000000,31,0.248000000000,0,0.000000000000
1283,Cr75W16Y27,118,3,"Cr,W,Y",75,0.635593220339,16,0.135593220339,27,0.228813559322,0,0.000000000000
1284,Cr78W16Y31,125,3,"Cr,W,Y",78,0.624000000000,16,0.128000000000,31,0.248000000000,0,0.000000000000
1285,Cr62W16Y47,125,3,"Cr,W,Y",62,0.496000000000,16,0.128000000000,47,0.376000000000,0,0.000000000000
1286,Cr62W17Y47,126,3,"Cr,W,Y",62,0.492063492063,17,0.134920634921,47,0.373015873016,0,0.000000000000
1287,Cr62W16Y47,125,3,"Cr,W,Y",62,0.496000000000,16,0.128000000000,47,0.376000000000,0,0.000000000000
1288,Cr62W16Y47,125,3,"Cr,W,Y",62,0.496000000000,16,0.128000000000,47,0.376000000000,0,0.000000000000
1289,Cr62W16Y47,125,3,"Cr,W,Y",62,0.496000000000,16,0.128000000000,47,0.376000000000,0,0.000000000000
1290,Cr62W16Y47,125,3,"Cr,W,Y",62,0.496000000000,16,0.128000000000,47,0.376000000000,0,0.000000000000
1291,Cr57W12Y44,113,3,"Cr,W,Y",57,0.504424778761,12,0.106194690265,44,0.389380530973,0,0.000000000000
1292,Cr62W16Y47,125,3,"Cr,W,Y",62,0.496000000000,16,0.128000000000,47,0.376000000000,0,0.000000000000
1293,Cr47W16Y62,125,3,"Cr,W,Y",47,0.376000000000,16,0.128000000000,62,0.496000000000,0,0.000000000000
1294,Cr42W15Y60,117,3,"Cr,W,Y",42,0.358974358974,15,0.128205128205,60,0.512820512821,0,0.000000000000
1295,Cr47W16Y62,125,3,"Cr,W,Y",47,0.376000000000,16,0.128000000000,62,0.496000000000,0,0.000000000000
1296,Cr60W16Y40,116,3,"Cr,W,Y",60,0.517241379310,16,0.137931034483,40,0.344827586207,0,0.000000000000
1297,Cr62W16Y47,125,3,"Cr,W,Y",62,0.496000000000,16,0.128000000000,47,0.376000000000,0,0.000000000000
1298,Cr47W17Y62,126,3,"Cr,W,Y",47,0.373015873016,17,0.134920634921,62,0.492063492063,0,0.000000000000
1299,Cr62W16Y47,125,3,"Cr,W,Y",62,0.496000000000,16,0.128000000000,47,0.376000000000,0,0.000000000000
1300,Cr62W16Y47,125,3,"Cr,W,Y",62,0.496000000000,16,0.128000000000,47,0.376000000000,0,0.000000000000
1301,Cr62W16Y47,125,3,"Cr,W,Y",62,0.496000000000,16,0.128000000000,47,0.376000000000,0,0.000000000000
1302,Cr53W16Y45,114,3,"Cr,W,Y",53,0.464912280702,16,0.140350877193,45,0.394736842105,0,0.000000000000
1303,Cr62W17Y48,127,3,"Cr,W,Y",62,0.488188976378,17,0.133858267717,48,0.377952755906,0,0.000000000000
1304,Cr62W16Y47,125,3,"Cr,W,Y",62,0.496000000000,16,0.128000000000,47,0.376000000000,0,0.000000000000
1305,Cr62W16Y47,125,3,"Cr,W,Y",62,0.496000000000,16,0.128000000000,47,0.376000000000,0,0.000000000000
1306,Cr62W16Y47,125,3,"Cr,W,Y",62,0.496000000000,16,0.128000000000,47,0.376000000000,0,0.000000000000
1307,Cr62W16Y47,125,3,"Cr,W,Y",62,0.496000000000,16,0.128000000000,47,0.376000000000,0,0.000000000000
1308,Cr47W16Y62,125,3,"Cr,W,Y",47,0.376000000000,16,0.128000000000,62,0.496000000000,0,0.000000000000
1309,Cr47W16Y62,125,3,"Cr,W,Y",47,0.376000000000,16,0.128000000000,62,0.496000000000,0,0.000000000000
1310,Cr44W15Y55,114,3,"Cr,W,Y",44,0.385964912281,15,0.131578947368,55,0.482456140351,0,0.000000000000
1311,Cr47W16Y63,126,3,"Cr,W,Y",47,0.373015873016,16,0.126984126984,63,0.500000000000,0,0.000000000000
1312,Cr47W16Y62,125,3,"Cr,W,Y",47,0.376000000000,16,0.128000000000,62,0.496000000000,0,0.000000000000
1313,Cr47W16Y62,125,3,"Cr,W,Y",47,0.376000000000,16,0.128000000000,62,0.496000000000,0,0.000000000000
1314,Cr47W16Y62,125,3,"Cr,W,Y",47,0.376000000000,16,0.128000000000,62,0.496000000000,0,0.000000000000
1315,Cr47W16Y62,125,3,"Cr,W,Y",47,0.376000000000,16,0.128000000000,62,0.496000000000,0,0.000000000000
1316,Cr41W14Y60,115,3,"Cr,W,Y",41,0.356521739130,14,0.121739130435,60,0.521739130435,0,0.000000000000
1317,Cr47W16Y62,125,3,"Cr,W,Y",47,0.376000000000,16,0.128000000000,62,0.496000000000,0,0.000000000000
1318,Cr47W16Y62,125,3,"Cr,W,Y",47,0.376000000000,16,0.128000000000,62,0.496000000000,0,0.000000000000
1319,Cr47W16Y62,125,3,"Cr,W,Y",47,0.376000000000,16,0.128000000000,62,0.496000000000,0,0.000000000000
1320,Cr47W16Y62,125,3,"Cr,W,Y",47,0.376000000000,16,0.128000000000,62,0.496000000000,0,0.000000000000
1321,Cr47W16Y62,125,3,"Cr,W,Y",47,0.376000000000,16,0.128000000000,62,0.496000000000,0,0.000000000000
1322,Cr47W18Y62,127,3,"Cr,W,Y",47,0.370078740157,18,0.141732283465,62,0.488188976378,0,0.000000000000
1323,Cr31W16Y78,125,3,"Cr,W,Y",31,0.248000000000,16,0.128000000000,78,0.624000000000,0,0.000000000000
1324,Cr31W16Y78,125,3,"Cr,W,Y",31,0.248000000000,16,0.128000000000,78,0.624000000000,0,0.000000000000
1325,Cr31W16Y78,125,3,"Cr,W,Y",31,0.248000000000,16,0.128000000000,78,0.624000000000,0,0.000000000000
1326,Cr31W16Y78,125,3,"Cr,W,Y",31,0.248000000000,16,0.128000000000,78,0.624000000000,0,0.000000000000
1327,Cr44W16Y55,115,3,"Cr,W,Y",44,0.382608695652,16,0.139130434783,55,0.478260869565,0,0.000000000000
1328,Cr47W16Y64,127,3,"Cr,W,Y",47,0.370078740157,16,0.125984251969,64,0.503937007874,0,0.000000000000
1329,Cr31W16Y78,125,3,"Cr,W,Y",31,0.248000000000,16,0.128000000000,78,0.624000000000,0,0.000000000000
1330,Cr30W16Y68,114,3,"Cr,W,Y",30,0.263157894737,16,0.140350877193,68,0.596491228070,0,0.000000000000
1331,Cr31W16Y78Zr,126,4,"Cr,W,Y,Zr",31,0.246031746032,16,0.126984126984,78,0.619047619048,1,0.007936507937
1332,Cr31W16Y78,125,3,"Cr,W,Y",31,0.248000000000,16,0.128000000000,78,0.624000000000,0,0.000000000000
1333,Cr30W15Y73,118,3,"Cr,W,Y",30,0.254237288136,15,0.127118644068,73,0.618644067797,0,0.000000000000
1334,Cr31W16Y79,126,3,"Cr,W,Y",31,0.246031746032,16,0.126984126984,79,0.626984126984,0,0.000000000000
1335,Cr31W16Y78Zr,126,4,"Cr,W,Y,Zr",31,0.246031746032,16,0.126984126984,78,0.619047619048,1,0.007936507937
1336,Cr31W16Y78,125,3,"Cr,W,Y",31,0.248000000000,16,0.128000000000,78,0.624000000000,0,0.000000000000
1337,Cr31W16Y73,120,3,"Cr,W,Y",31,0.258333333333,16,0.133333333333,73,0.608333333333,0,0.000000000000
1338,Cr28W16Y70,114,3,"Cr,W,Y",28,0.245614035088,16,0.140350877193,70,0.614035087719,0,0.000000000000
1339,Cr31W16Y79,126,3,"Cr,W,Y",31,0.246031746032,16,0.126984126984,79,0.626984126984,0,0.000000000000
1340,Cr31W16Y78,125,3,"Cr,W,Y",31,0.248000000000,16,0.128000000000,78,0.624000000000,0,0.000000000000
1341,Cr31W16Y78,125,3,"Cr,W,Y",31,0.248000000000,16,0.128000000000,78,0.624000000000,0,0.000000000000
1342,Cr31W16Y78,125,3,"Cr,W,Y",31,0.248000000000,16,0.128000000000,78,0.624000000000,0,0.000000000000
1343,Cr31W16Y78,125,3,"Cr,W,Y",31,0.248000000000,16,0.128000000000,78,0.624000000000,0,0.000000000000
1344,Cr31W16Y78,125,3,"Cr,W,Y",31,0.248000000000,16,0.128000000000,78,0.624000000000,0,0.000000000000
1345,Cr31W16Y78,125,3,"Cr,W,Y",31,0.248000000000,16,0.128000000000,78,0.624000000000,0,0.000000000000
1346,Cr31W17Y78,126,3,"Cr,W,Y",31,0.246031746032,17,0.134920634921,78,0.619047619048,0,0.000000000000
1347,Cr16W15Y94,125,3,"Cr,W,Y",16,0.128000000000,15,0.120000000000,94,0.752000000000,0,0.000000000000
1348,Cr16W15Y94,125,3,"Cr,W,Y",16,0.128000000000,15,0.120000000000,94,0.752000000000,0,0.000000000000
1349,Cr15W15Y90,120,3,"Cr,W,Y",15,0.125000000000,15,0.125000000000,90,0.750000000000,0,0.000000000000
1350,Cr16W15Y94,125,3,"Cr,W,Y",16,0.128000000000,15,0.120000000000,94,0.752000000000,0,0.000000000000
1351,Cr16W15Y94,125,3,"Cr,W,Y",16,0.128000000000,15,0.120000000000,94,0.752000000000,0,0.000000000000
1352,Cr16W15Y94,125,3,"Cr,W,Y",16,0.128000000000,15,0.120000000000,94,0.752000000000,0,0.000000000000
1353,Cr16W15Y94,125,3,"Cr,W,Y",16,0.128000000000,15,0.120000000000,94,0.752000000000,0,0.000000000000
1354,Cr16W15Y94,125,3,"Cr,W,Y",16,0.128000000000,15,0.120000000000,94,0.752000000000,0,0.000000000000
1355,Cr16W14Y86,116,3,"Cr,W,Y",16,0.137931034483,14,0.120689655172,86,0.741379310345,0,0.000000000000
1356,Cr16W15Y94,125,3,"Cr,W,Y",16,0.128000000000,15,0.120000000000,94,0.752000000000,0,0.000000000000
1357,Cr16W16Y93,125,3,"Cr,W,Y",16,0.128000000000,16,0.128000000000,93,0.744000000000,0,0.000000000000
1358,Cr16W16Y93,125,3,"Cr,W,Y",16,0.128000000000,16,0.128000000000,93,0.744000000000,0,0.000000000000
1359,Cr16W16Y93,125,3,"Cr,W,Y",16,0.128000000000,16,0.128000000000,93,0.744000000000,0,0.000000000000
1360,Cr15W15Y84,114,3,"Cr,W,Y",15,0.131578947368,15,0.131578947368,84,0.736842105263,0,0.000000000000
1361,Cr16W16Y93Zr,126,4,"Cr,W,Y,Zr",16,0.126984126984,16,0.126984126984,93,0.738095238095,1,0.007936507937
1362,Cr15W16Y89,120,3,"Cr,W,Y",15,0.125000000000,16,0.133333333333,89,0.741666666667,0,0.000000000000
1363,Cr15W13Y85,113,3,"Cr,W,Y",15,0.132743362832,13,0.115044247788,85,0.752212389381,0,0.000000000000
1364,Cr15W16Y82,113,3,"Cr,W,Y",15,0.132743362832,16,0.141592920354,82,0.725663716814,0,0.000000000000
1365,Cr16W16Y93,125,3,"Cr,W,Y",16,0.128000000000,16,0.128000000000,93,0.744000000000,0,0.000000000000
1366,Cr16W16Y93,125,3,"Cr,W,Y",16,0.128000000000,16,0.128000000000,93,0.744000000000,0,0.000000000000
1367,Cr17W16Y95,128,3,"Cr,W,Y",17,0.132812500000,16,0.125000000000,95,0.742187500000,0,0.000000000000
1368,Cr16W16Y93,125,3,"Cr,W,Y",16,0.128000000000,16,0.128000000000,93,0.744000000000,0,0.000000000000
1369,Cr78W31Y16,125,3,"Cr,W,Y",78,0.624000000000,31,0.248000000000,16,0.128000000000,0,0.000000000000
1370,Cr78W31Y16,125,3,"Cr,W,Y",78,0.624000000000,31,0.248000000000,16,0.128000000000,0,0.000000000000
1371,Cr78W31Y16,125,3,"Cr,W,Y",78,0.624000000000,31,0.248000000000,16,0.128000000000,0,0.000000000000
1372,Cr78W31Y16,125,3,"Cr,W,Y",78,0.624000000000,31,0.248000000000,16,0.128000000000,0,0.000000000000
1373,Cr78W31Y16,125,3,"Cr,W,Y",78,0.624000000000,31,0.248000000000,16,0.128000000000,0,0.000000000000
1374,Cr78W32Y16Zr,127,4,"Cr,W,Y,Zr",78,0.614173228346,32,0.251968503937,16,0.125984251969,1,0.007874015748
1375,Cr78W31Y16,125,3,"Cr,W,Y",78,0.624000000000,31,0.248000000000,16,0.128000000000,0,0.000000000000
1376,Cr78W31Y16,125,3,"Cr,W,Y",78,0.624000000000,31,0.248000000000,16,0.128000000000,0,0.000000000000
1377,Cr78W31Y16,125,3,"Cr,W,Y",78,0.624000000000,31,0.248000000000,16,0.128000000000,0,0.000000000000
1378,Cr78W31Y16,125,3,"Cr,W,Y",78,0.624000000000,31,0.248000000000,16,0.128000000000,0,0.000000000000
1379,Cr78W31Y16,125,3,"Cr,W,Y",78,0.624000000000,31,0.248000000000,16,0.128000000000,0,0.000000000000
1380,Cr74W24Y16,114,3,"Cr,W,Y",74,0.649122807018,24,0.210526315789,16,0.140350877193,0,0.000000000000
1381,Cr78W31Y16,125,3,"Cr,W,Y",78,0.624000000000,31,0.248000000000,16,0.128000000000,0,0.000000000000
1382,Cr78W31Y16,125,3,"Cr,W,Y",78,0.624000000000,31,0.248000000000,16,0.128000000000,0,0.000000000000
1383,Cr78W31Y16,125,3,"Cr,W,Y",78,0.624000000000,31,0.248000000000,16,0.128000000000,0,0.000000000000
1384,Cr69W28Y16,113,3,"Cr,W,Y",69,0.610619469027,28,0.247787610619,16,0.141592920354,0,0.000000000000
1385,Cr78W31Y16,125,3,"Cr,W,Y",78,0.624000000000,31,0.248000000000,16,0.128000000000,0,0.000000000000
1386,Cr79W31Y16,126,3,"Cr,W,Y",79,0.626984126984,31,0.246031746032,16,0.126984126984,0,0.000000000000
1387,Cr58W30Y27,115,3,"Cr,W,Y",58,0.504347826087,30,0.260869565217,27,0.234782608696,0,0.000000000000
1388,Cr63W31Y31,125,3,"Cr,W,Y",63,0.504000000000,31,0.248000000000,31,0.248000000000,0,0.000000000000
1389,Cr78W31Y16,125,3,"Cr,W,Y",78,0.624000000000,31,0.248000000000,16,0.128000000000,0,0.000000000000
1390,Cr78W31Y16,125,3,"Cr,W,Y",78,0.624000000000,31,0.248000000000,16,0.128000000000,0,0.000000000000
1391,Cr70W29Y14,113,3,"Cr,W,Y",70,0.619469026549,29,0.256637168142,14,0.123893805310,0,0.000000000000
1392,Cr78W31Y16,125,3,"Cr,W,Y",78,0.624000000000,31,0.248000000000,16,0.128000000000,0,0.000000000000
1393,Cr63W31Y31,125,3,"Cr,W,Y",63,0.504000000000,31,0.248000000000,31,0.248000000000,0,0.000000000000
1394,Cr63W31Y31,125,3,"Cr,W,Y",63,0.504000000000,31,0.248000000000,31,0.248000000000,0,0.000000000000
1395,Cr62W31Y32,125,3,"Cr,W,Y",62,0.496000000000,31,0.248000000000,32,0.256000000000,0,0.000000000000
1396,Cr62W31Y32,125,3,"Cr,W,Y",62,0.496000000000,31,0.248000000000,32,0.256000000000,0,0.000000000000
1397,Cr63W31Y32,126,3,"Cr,W,Y",63,0.500000000000,31,0.246031746032,32,0.253968253968,0,0.000000000000
1398,Cr55W29Y29,113,3,"Cr,W,Y",55,0.486725663717,29,0.256637168142,29,0.256637168142,0,0.000000000000
1399,Cr62W31Y32,125,3,"Cr,W,Y",62,0.496000000000,31,0.248000000000,32,0.256000000000,0,0.000000000000
1400,Cr64W31Y31,126,3,"Cr,W,Y",64,0.507936507937,31,0.246031746032,31,0.246031746032,0,0.000000000000
1401,Cr63W31Y31,125,3,"Cr,W,Y",63,0.504000000000,31,0.248000000000,31,0.248000000000,0,0.000000000000
1402,Cr63W31Y31,125,3,"Cr,W,Y",63,0.504000000000,31,0.248000000000,31,0.248000000000,0,0.000000000000
1403,Cr63W31Y31,125,3,"Cr,W,Y",63,0.504000000000,31,0.248000000000,31,0.248000000000,0,0.000000000000
1404,Cr63W31Y31,125,3,"Cr,W,Y",63,0.504000000000,31,0.248000000000,31,0.248000000000,0,0.000000000000
1405,Cr47W31Y47,125,3,"Cr,W,Y",47,0.376000000000,31,0.248000000000,47,0.376000000000,0,0.000000000000
1406,Cr62W31Y32,125,3,"Cr,W,Y",62,0.496000000000,31,0.248000000000,32,0.256000000000,0,0.000000000000
1407,Cr62W31Y32,125,3,"Cr,W,Y",62,0.496000000000,31,0.248000000000,32,0.256000000000,0,0.000000000000
1408,Cr62W31Y32Zr,126,4,"Cr,W,Y,Zr",62,0.492063492063,31,0.246031746032,32,0.253968253968,1,0.007936507937
1409,Cr43W27Y43,113,3,"Cr,W,Y",43,0.380530973451,27,0.238938053097,43,0.380530973451,0,0.000000000000
1410,Cr48W31Y47,126,3,"Cr,W,Y",48,0.380952380952,31,0.246031746032,47,0.373015873016,0,0.000000000000
1411,Cr47W31Y47,125,3,"Cr,W,Y",47,0.376000000000,31,0.248000000000,47,0.376000000000,0,0.000000000000
1412,Cr47W31Y47,125,3,"Cr,W,Y",47,0.376000000000,31,0.248000000000,47,0.376000000000,0,0.000000000000
1413,Cr47W31Y47,125,3,"Cr,W,Y",47,0.376000000000,31,0.248000000000,47,0.376000000000,0,0.000000000000
1414,Cr47W31Y47Zr,126,4,"Cr,W,Y,Zr",47,0.373015873016,31,0.246031746032,47,0.373015873016,1,0.007936507937
1415,Cr47W31Y47,125,3,"Cr,W,Y",47,0.376000000000,31,0.248000000000,47,0.376000000000,0,0.000000000000
1416,Cr47W31Y47,125,3,"Cr,W,Y",47,0.376000000000,31,0.248000000000,47,0.376000000000,0,0.000000000000
1417,Cr44W26Y44,114,3,"Cr,W,Y",44,0.385964912281,26,0.228070175439,44,0.385964912281,0,0.000000000000
1418,Cr47W31Y47,125,3,"Cr,W,Y",47,0.376000000000,31,0.248000000000,47,0.376000000000,0,0.000000000000
1419,Cr47W31Y47,125,3,"Cr,W,Y",47,0.376000000000,31,0.248000000000,47,0.376000000000,0,0.000000000000
1420,Cr47W31Y47,125,3,"Cr,W,Y",47,0.376000000000,31,0.248000000000,47,0.376000000000,0,0.000000000000
1421,Cr44W31Y39,114,3,"Cr,W,Y",44,0.385964912281,31,0.271929824561,39,0.342105263158,0,0.000000000000
1422,Cr49W31Y47,127,3,"Cr,W,Y",49,0.385826771654,31,0.244094488189,47,0.370078740157,0,0.000000000000
1423,Cr40W30Y44,114,3,"Cr,W,Y",40,0.350877192982,30,0.263157894737,44,0.385964912281,0,0.000000000000
1424,Cr47W33Y47,127,3,"Cr,W,Y",47,0.370078740157,33,0.259842519685,47,0.370078740157,0,0.000000000000
1425,Cr47W31Y47,125,3,"Cr,W,Y",47,0.376000000000,31,0.248000000000,47,0.376000000000,0,0.000000000000
1426,Cr47W31Y47,125,3,"Cr,W,Y",47,0.376000000000,31,0.248000000000,47,0.376000000000,0,0.000000000000
1427,Cr47W31Y47,125,3,"Cr,W,Y",47,0.376000000000,31,0.248000000000,47,0.376000000000,0,0.000000000000
1428,Cr31W31Y63,125,3,"Cr,W,Y",31,0.248000000000,31,0.248000000000,63,0.504000000000,0,0.000000000000
1429,Cr29W27Y57,113,3,"Cr,W,Y",29,0.256637168142,27,0.238938053097,57,0.504424778761,0,0.000000000000
1430,Cr31W31Y63,125,3,"Cr,W,Y",31,0.248000000000,31,0.248000000000,63,0.504000000000,0,0.000000000000
1431,Cr31W31Y63,125,3,"Cr,W,Y",31,0.248000000000,31,0.248000000000,63,0.504000000000,0,0.000000000000
1432,Cr31W31Y63,125,3,"Cr,W,Y",31,0.248000000000,31,0.248000000000,63,0.504000000000,0,0.000000000000
1433,Cr31W31Y63,125,3,"Cr,W,Y",31,0.248000000000,31,0.248000000000,63,0.504000000000,0,0.000000000000
1434,Cr31W31Y63Zr,126,4,"Cr,W,Y,Zr",31,0.246031746032,31,0.246031746032,63,0.500000000000,1,0.007936507937
1435,Cr31W31Y63,125,3,"Cr,W,Y",31,0.248000000000,31,0.248000000000,63,0.504000000000,0,0.000000000000
1436,Cr31W31Y63Zr,126,4,"Cr,W,Y,Zr",31,0.246031746032,31,0.246031746032,63,0.500000000000,1,0.007936507937
1437,Cr16W31Y78,125,3,"Cr,W,Y",16,0.128000000000,31,0.248000000000,78,0.624000000000,0,0.000000000000
1438,Cr16W31Y78,125,3,"Cr,W,Y",16,0.128000000000,31,0.248000000000,78,0.624000000000,0,0.000000000000
1439,Cr26W30Y57,113,3,"Cr,W,Y",26,0.230088495575,30,0.265486725664,57,0.504424778761,0,0.000000000000
1440,Cr31W31Y63,125,3,"Cr,W,Y",31,0.248000000000,31,0.248000000000,63,0.504000000000,0,0.000000000000
1441,Cr16W31Y78,125,3,"Cr,W,Y",16,0.128000000000,31,0.248000000000,78,0.624000000000,0,0.000000000000
1442,Cr16W31Y78,125,3,"Cr,W,Y",16,0.128000000000,31,0.248000000000,78,0.624000000000,0,0.000000000000
1443,Cr14W28Y74,116,3,"Cr,W,Y",14,0.120689655172,28,0.241379310345,74,0.637931034483,0,0.000000000000
1444,Cr16W32Y78,126,3,"Cr,W,Y",16,0.126984126984,32,0.253968253968,78,0.619047619048,0,0.000000000000
1445,Cr31W31Y63,125,3,"Cr,W,Y",31,0.248000000000,31,0.248000000000,63,0.504000000000,0,0.000000000000
1446,Cr31W31Y63,125,3,"Cr,W,Y",31,0.248000000000,31,0.248000000000,63,0.504000000000,0,0.000000000000
1447,Cr31W31Y64,126,3,"Cr,W,Y",31,0.246031746032,31,0.246031746032,64,0.507936507937,0,0.000000000000
1448,Cr31W31Y63,125,3,"Cr,W,Y",31,0.248000000000,31,0.248000000000,63,0.504000000000,0,0.000000000000
1449,Cr26W30Y57,113,3,"Cr,W,Y",26,0.230088495575,30,0.265486725664,57,0.504424778761,0,0.000000000000
1450,Cr31W31Y63,125,3,"Cr,W,Y",31,0.248000000000,31,0.248000000000,63,0.504000000000,0,0.000000000000
1451,Cr16W31Y78,125,3,"Cr,W,Y",16,0.128000000000,31,0.248000000000,78,0.624000000000,0,0.000000000000
1452,Cr13W29Y71,113,3,"Cr,W,Y",13,0.115044247788,29,0.256637168142,71,0.628318584071,0,0.000000000000
1453,Cr16W32Y78,126,3,"Cr,W,Y",16,0.126984126984,32,0.253968253968,78,0.619047619048,0,0.000000000000
1454,Cr16W31Y78,125,3,"Cr,W,Y",16,0.128000000000,31,0.248000000000,78,0.624000000000,0,0.000000000000
1455,Cr16W31Y78,125,3,"Cr,W,Y",16,0.128000000000,31,0.248000000000,78,0.624000000000,0,0.000000000000
1456,Cr15W28Y73,116,3,"Cr,W,Y",15,0.129310344828,28,0.241379310345,73,0.629310344828,0,0.000000000000
1457,Cr16W29Y68,113,3,"Cr,W,Y",16,0.141592920354,29,0.256637168142,68,0.601769911504,0,0.000000000000
1458,Cr16W31Y80,127,3,"Cr,W,Y",16,0.125984251969,31,0.244094488189,80,0.629921259843,0,0.000000000000
1459,Cr16W31Y78,125,3,"Cr,W,Y",16,0.128000000000,31,0.248000000000,78,0.624000000000,0,0.000000000000
1460,Cr16W31Y78,125,3,"Cr,W,Y",16,0.128000000000,31,0.248000000000,78,0.624000000000,0,0.000000000000
1461,Cr14W24Y76,114,3,"Cr,W,Y",14,0.122807017544,24,0.210526315789,76,0.666666666667,0,0.000000000000
1462,Cr16W31Y78,125,3,"Cr,W,Y",16,0.128000000000,31,0.248000000000,78,0.624000000000,0,0.000000000000
1463,Cr63W47Y16,126,3,"Cr,W,Y",63,0.500000000000,47,0.373015873016,16,0.126984126984,0,0.000000000000
1464,Cr55W43Y16,114,3,"Cr,W,Y",55,0.482456140351,43,0.377192982456,16,0.140350877193,0,0.000000000000
1465,Cr63W47Y16,126,3,"Cr,W,Y",63,0.500000000000,47,0.373015873016,16,0.126984126984,0,0.000000000000
1466,Cr16W31Y78,125,3,"Cr,W,Y",16,0.128000000000,31,0.248000000000,78,0.624000000000,0,0.000000000000
1467,Cr16W31Y78,125,3,"Cr,W,Y",16,0.128000000000,31,0.248000000000,78,0.624000000000,0,0.000000000000
1468,Cr16W31Y78,125,3,"Cr,W,Y",16,0.128000000000,31,0.248000000000,78,0.624000000000,0,0.000000000000
1469,Cr62W47Y16,125,3,"Cr,W,Y",62,0.496000000000,47,0.376000000000,16,0.128000000000,0,0.000000000000
1470,Cr62W47Y16,125,3,"Cr,W,Y",62,0.496000000000,47,0.376000000000,16,0.128000000000,0,0.000000000000
1471,Cr62W47Y16,125,3,"Cr,W,Y",62,0.496000000000,47,0.376000000000,16,0.128000000000,0,0.000000000000
1472,Cr62W47Y16,125,3,"Cr,W,Y",62,0.496000000000,47,0.376000000000,16,0.128000000000,0,0.000000000000
1473,Cr62W47Y16,125,3,"Cr,W,Y",62,0.496000000000,47,0.376000000000,16,0.128000000000,0,0.000000000000
1474,Cr61W39Y15,115,3,"Cr,W,Y",61,0.530434782609,39,0.339130434783,15,0.130434782609,0,0.000000000000
1475,Cr62W47Y16,125,3,"Cr,W,Y",62,0.496000000000,47,0.376000000000,16,0.128000000000,0,0.000000000000
1476,Cr58W47Y14,119,3,"Cr,W,Y",58,0.487394957983,47,0.394957983193,14,0.117647058824,0,0.000000000000
1477,Cr63W47Y16,126,3,"Cr,W,Y",63,0.500000000000,47,0.373015873016,16,0.126984126984,0,0.000000000000
1478,Cr62W47Y16,125,3,"Cr,W,Y",62,0.496000000000,47,0.376000000000,16,0.128000000000,0,0.000000000000
1479,Cr62W47Y16,125,3,"Cr,W,Y",62,0.496000000000,47,0.376000000000,16,0.128000000000,0,0.000000000000
1480,Cr62W47Y16,125,3,"Cr,W,Y",62,0.496000000000,47,0.376000000000,16,0.128000000000,0,0.000000000000
1481,Cr62W47Y16,125,3,"Cr,W,Y",62,0.496000000000,47,0.376000000000,16,0.128000000000,0,0.000000000000
1482,Cr62W47Y16,125,3,"Cr,W,Y",62,0.496000000000,47,0.376000000000,16,0.128000000000,0,0.000000000000
1483,Cr55W42Y16,113,3,"Cr,W,Y",55,0.486725663717,42,0.371681415929,16,0.141592920354,0,0.000000000000
1484,Cr62W47Y16,125,3,"Cr,W,Y",62,0.496000000000,47,0.376000000000,16,0.128000000000,0,0.000000000000
1485,Cr62W47Y16,125,3,"Cr,W,Y",62,0.496000000000,47,0.376000000000,16,0.128000000000,0,0.000000000000
1486,Cr62W47Y16,125,3,"Cr,W,Y",62,0.496000000000,47,0.376000000000,16,0.128000000000,0,0.000000000000
1487,Cr47W47Y31,125,3,"Cr,W,Y",47,0.376000000000,47,0.376000000000,31,0.248000000000,0,0.000000000000
1488,Cr42W44Y27,113,3,"Cr,W,Y",42,0.371681415929,44,0.389380530973,27,0.238938053097,0,0.000000000000
1489,Cr48W47Y31,126,3,"Cr,W,Y",48,0.380952380952,47,0.373015873016,31,0.246031746032,0,0.000000000000
1490,Cr47W47Y31,125,3,"Cr,W,Y",47,0.376000000000,47,0.376000000000,31,0.248000000000,0,0.000000000000
1491,Cr47W47Y31,125,3,"Cr,W,Y",47,0.376000000000,47,0.376000000000,31,0.248000000000,0,0.000000000000
1492,Cr47W47Y31,125,3,"Cr,W,Y",47,0.376000000000,47,0.376000000000,31,0.248000000000,0,0.000000000000
1493,Cr41W46Y26,113,3,"Cr,W,Y",41,0.362831858407,46,0.407079646018,26,0.230088495575,0,0.000000000000
1494,Cr50W47Y31,128,3,"Cr,W,Y",50,0.390625000000,47,0.367187500000,31,0.242187500000,0,0.000000000000
1495,Cr47W47Y31,125,3,"Cr,W,Y",47,0.376000000000,47,0.376000000000,31,0.248000000000,0,0.000000000000
1496,Cr47W47Y31,125,3,"Cr,W,Y",47,0.376000000000,47,0.376000000000,31,0.248000000000,0,0.000000000000
1497,Cr48W47Y31,126,3,"Cr,W,Y",48,0.380952380952,47,0.373015873016,31,0.246031746032,0,0.000000000000
1498,Cr47W47Y31Zr,126,4,"Cr,W,Y,Zr",47,0.373015873016,47,0.373015873016,31,0.246031746032,1,0.007936507937
1499,Cr45W42Y26,113,3,"Cr,W,Y",45,0.398230088496,42,0.371681415929,26,0.230088495575,0,0.000000000000
1500,Cr47W47Y31,125,3,"Cr,W,Y",47,0.376000000000,47,0.376000000000,31,0.248000000000,0,0.000000000000
1501,Cr47W47Y31,125,3,"Cr,W,Y",47,0.376000000000,47,0.376000000000,31,0.248000000000,0,0.000000000000
1502,Cr47W47Y31,125,3,"Cr,W,Y",47,0.376000000000,47,0.376000000000,31,0.248000000000,0,0.000000000000
1503,Cr47W47Y31,125,3,"Cr,W,Y",47,0.376000000000,47,0.376000000000,31,0.248000000000,0,0.000000000000
1504,Cr31W47Y47,125,3,"Cr,W,Y",31,0.248000000000,47,0.376000000000,47,0.376000000000,0,0.000000000000
1505,Cr31W48Y47Zr,127,4,"Cr,W,Y,Zr",31,0.244094488189,48,0.377952755906,47,0.370078740157,1,0.007874015748
1506,Cr31W47Y47,125,3,"Cr,W,Y",31,0.248000000000,47,0.376000000000,47,0.376000000000,0,0.000000000000
1507,Cr30W43Y41,114,3,"Cr,W,Y",30,0.263157894737,43,0.377192982456,41,0.359649122807,0,0.000000000000
1508,Cr31W47Y47,125,3,"Cr,W,Y",31,0.248000000000,47,0.376000000000,47,0.376000000000,0,0.000000000000
1509,Cr31W47Y47,125,3,"Cr,W,Y",31,0.248000000000,47,0.376000000000,47,0.376000000000,0,0.000000000000
1510,Cr31W47Y47,125,3,"Cr,W,Y",31,0.248000000000,47,0.376000000000,47,0.376000000000,0,0.000000000000
1511,Cr31W47Y47,125,3,"Cr,W,Y",31,0.248000000000,47,0.376000000000,47,0.376000000000,0,0.000000000000
1512,Cr31W47Y48,126,3,"Cr,W,Y",31,0.246031746032,47,0.373015873016,48,0.380952380952,0,0.000000000000
1513,Cr26W46Y42,114,3,"Cr,W,Y",26,0.228070175439,46,0.403508771930,42,0.368421052632,0,0.000000000000
1514,Cr31W39Y43,113,3,"Cr,W,Y",31,0.274336283186,39,0.345132743363,43,0.380530973451,0,0.000000000000
1515,Cr31W47Y47,125,3,"Cr,W,Y",31,0.248000000000,47,0.376000000000,47,0.376000000000,0,0.000000000000
1516,Cr31W48Y47,126,3,"Cr,W,Y",31,0.246031746032,48,0.380952380952,47,0.373015873016,0,0.000000000000
1517,Cr31W47Y47,125,3,"Cr,W,Y",31,0.248000000000,47,0.376000000000,47,0.376000000000,0,0.000000000000
1518,Cr31W47Y47,125,3,"Cr,W,Y",31,0.248000000000,47,0.376000000000,47,0.376000000000,0,0.000000000000
1519,Cr31W47Y47,125,3,"Cr,W,Y",31,0.248000000000,47,0.376000000000,47,0.376000000000,0,0.000000000000
1520,Cr29W44Y42,115,3,"Cr,W,Y",29,0.252173913043,44,0.382608695652,42,0.365217391304,0,0.000000000000
1521,Cr31W47Y47,125,3,"Cr,W,Y",31,0.248000000000,47,0.376000000000,47,0.376000000000,0,0.000000000000
1522,Cr31W47Y47,125,3,"Cr,W,Y",31,0.248000000000,47,0.376000000000,47,0.376000000000,0,0.000000000000
1523,Cr31W47Y47,125,3,"Cr,W,Y",31,0.248000000000,47,0.376000000000,47,0.376000000000,0,0.000000000000
1524,Cr30W42Y44,116,3,"Cr,W,Y",30,0.258620689655,42,0.362068965517,44,0.379310344828,0,0.000000000000
1525,Cr31W47Y47,125,3,"Cr,W,Y",31,0.248000000000,47,0.376000000000,47,0.376000000000,0,0.000000000000
1526,Cr16W47Y62,125,3,"Cr,W,Y",16,0.128000000000,47,0.376000000000,62,0.496000000000,0,0.000000000000
1527,Cr16W47Y63,126,3,"Cr,W,Y",16,0.126984126984,47,0.373015873016,63,0.500000000000,0,0.000000000000
1528,Cr16W47Y62,125,3,"Cr,W,Y",16,0.128000000000,47,0.376000000000,62,0.496000000000,0,0.000000000000
1529,Cr16W47Y62,125,3,"Cr,W,Y",16,0.128000000000,47,0.376000000000,62,0.496000000000,0,0.000000000000
1530,Cr16W47Y62,125,3,"Cr,W,Y",16,0.128000000000,47,0.376000000000,62,0.496000000000,0,0.000000000000
1531,Cr16W47Y62,125,3,"Cr,W,Y",16,0.128000000000,47,0.376000000000,62,0.496000000000,0,0.000000000000
1532,Cr15W47Y57,119,3,"Cr,W,Y",15,0.126050420168,47,0.394957983193,57,0.478991596639,0,0.000000000000
1533,Cr17W48Y62Zr2,129,4,"Cr,W,Y,Zr",17,0.131782945736,48,0.372093023256,62,0.480620155039,2,0.015503875969
1534,Cr17W47Y62,126,3,"Cr,W,Y",17,0.134920634921,47,0.373015873016,62,0.492063492063,0,0.000000000000
1535,Cr15W41Y58,114,3,"Cr,W,Y",15,0.131578947368,41,0.359649122807,58,0.508771929825,0,0.000000000000
1536,Cr16W47Y62,125,3,"Cr,W,Y",16,0.128000000000,47,0.376000000000,62,0.496000000000,0,0.000000000000
1537,Cr16W47Y62,125,3,"Cr,W,Y",16,0.128000000000,47,0.376000000000,62,0.496000000000,0,0.000000000000
1538,Cr16W47Y62,125,3,"Cr,W,Y",16,0.128000000000,47,0.376000000000,62,0.496000000000,0,0.000000000000
1539,Cr16W47Y62,125,3,"Cr,W,Y",16,0.128000000000,47,0.376000000000,62,0.496000000000,0,0.000000000000
1540,Cr14W46Y55,115,3,"Cr,W,Y",14,0.121739130435,46,0.400000000000,55,0.478260869565,0,0.000000000000
1541,Cr14W41Y59,114,3,"Cr,W,Y",14,0.122807017544,41,0.359649122807,59,0.517543859649,0,0.000000000000
1542,Cr16W47Y62,125,3,"Cr,W,Y",16,0.128000000000,47,0.376000000000,62,0.496000000000,0,0.000000000000
1543,Cr16W47Y62,125,3,"Cr,W,Y",16,0.128000000000,47,0.376000000000,62,0.496000000000,0,0.000000000000
1544,Cr16W47Y62,125,3,"Cr,W,Y",16,0.128000000000,47,0.376000000000,62,0.496000000000,0,0.000000000000
1545,Cr16W47Y62,125,3,"Cr,W,Y",16,0.128000000000,47,0.376000000000,62,0.496000000000,0,0.000000000000
1546,Cr16W49Y62,127,3,"Cr,W,Y",16,0.125984251969,49,0.385826771654,62,0.488188976378,0,0.000000000000
1547,Cr16W47Y62,125,3,"Cr,W,Y",16,0.128000000000,47,0.376000000000,62,0.496000000000,0,0.000000000000
1548,Cr47W62Y16,125,3,"Cr,W,Y",47,0.376000000000,62,0.496000000000,16,0.128000000000,0,0.000000000000
1549,Cr47W62Y16,125,3,"Cr,W,Y",47,0.376000000000,62,0.496000000000,16,0.128000000000,0,0.000000000000
1550,Cr48W62Y16,126,3,"Cr,W,Y",48,0.380952380952,62,0.492063492063,16,0.126984126984,0,0.000000000000
1551,Cr16W47Y62,125,3,"Cr,W,Y",16,0.128000000000,47,0.376000000000,62,0.496000000000,0,0.000000000000
1552,Cr16W47Y63Zr2,128,4,"Cr,W,Y,Zr",16,0.125000000000,47,0.367187500000,63,0.492187500000,2,0.015625000000
1553,Cr48W62Y16,126,3,"Cr,W,Y",48,0.380952380952,62,0.492063492063,16,0.126984126984,0,0.000000000000
1554,Cr36W33Zr34,103,3,"Cr,W,Zr",36,0.349514563107,33,0.320388349515,0,0.000000000000,34,0.330097087379
1555,Cr47W62Y16,125,3,"Cr,W,Y",47,0.376000000000,62,0.496000000000,16,0.128000000000,0,0.000000000000
1556,Cr40W58Y15,113,3,"Cr,W,Y",40,0.353982300885,58,0.513274336283,15,0.132743362832,0,0.000000000000
1557,Cr47W62Y17,126,3,"Cr,W,Y",47,0.373015873016,62,0.492063492063,17,0.134920634921,0,0.000000000000
1558,Cr47W62Y16,125,3,"Cr,W,Y",47,0.376000000000,62,0.496000000000,16,0.128000000000,0,0.000000000000
1559,Cr47W62Y16,125,3,"Cr,W,Y",47,0.376000000000,62,0.496000000000,16,0.128000000000,0,0.000000000000
1560,Cr47W62Y16,125,3,"Cr,W,Y",47,0.376000000000,62,0.496000000000,16,0.128000000000,0,0.000000000000
1561,Cr43W61Y16,120,3,"Cr,W,Y",43,0.358333333333,61,0.508333333333,16,0.133333333333,0,0.000000000000
1562,Cr45W56Y16,117,3,"Cr,W,Y",45,0.384615384615,56,0.478632478632,16,0.136752136752,0,0.000000000000
1563,Cr47W62Y16,125,3,"Cr,W,Y",47,0.376000000000,62,0.496000000000,16,0.128000000000,0,0.000000000000
1564,Cr47W62Y16,125,3,"Cr,W,Y",47,0.376000000000,62,0.496000000000,16,0.128000000000,0,0.000000000000
1565,Cr47W62Y16,125,3,"Cr,W,Y",47,0.376000000000,62,0.496000000000,16,0.128000000000,0,0.000000000000
1566,Cr47W62Y16,125,3,"Cr,W,Y",47,0.376000000000,62,0.496000000000,16,0.128000000000,0,0.000000000000
1567,Cr47W62Y16,125,3,"Cr,W,Y",47,0.376000000000,62,0.496000000000,16,0.128000000000,0,0.000000000000
1568,Cr47W62Y16,125,3,"Cr,W,Y",47,0.376000000000,62,0.496000000000,16,0.128000000000,0,0.000000000000
1569,Cr47W62Y17,126,3,"Cr,W,Y",47,0.373015873016,62,0.492063492063,17,0.134920634921,0,0.000000000000
1570,Cr37W33Zr35,105,3,"Cr,W,Zr",37,0.352380952381,33,0.314285714286,0,0.000000000000,35,0.333333333333
1571,Cr47W62Y16,125,3,"Cr,W,Y",47,0.376000000000,62,0.496000000000,16,0.128000000000,0,0.000000000000
1572,Cr48W62Y16,126,3,"Cr,W,Y",48,0.380952380952,62,0.492063492063,16,0.126984126984,0,0.000000000000
1573,Cr43W55Y16,114,3,"Cr,W,Y",43,0.377192982456,55,0.482456140351,16,0.140350877193,0,0.000000000000
1574,Cr46W57Y12,115,3,"Cr,W,Y",46,0.400000000000,57,0.495652173913,12,0.104347826087,0,0.000000000000
1575,Cr47W62Y16,125,3,"Cr,W,Y",47,0.376000000000,62,0.496000000000,16,0.128000000000,0,0.000000000000
1576,Cr28W58Y27,113,3,"Cr,W,Y",28,0.247787610619,58,0.513274336283,27,0.238938053097,0,0.000000000000
1577,Cr31W65Y32,128,3,"Cr,W,Y",31,0.242187500000,65,0.507812500000,32,0.250000000000,0,0.000000000000
1578,Cr31W63Y31,125,3,"Cr,W,Y",31,0.248000000000,63,0.504000000000,31,0.248000000000,0,0.000000000000
1579,Cr31W63Y31,125,3,"Cr,W,Y",31,0.248000000000,63,0.504000000000,31,0.248000000000,0,0.000000000000
1580,Cr31W63Y32,126,3,"Cr,W,Y",31,0.246031746032,63,0.500000000000,32,0.253968253968,0,0.000000000000
1581,Cr16W62Y47,125,3,"Cr,W,Y",16,0.128000000000,62,0.496000000000,47,0.376000000000,0,0.000000000000
1582,Cr16W53Y46,115,3,"Cr,W,Y",16,0.139130434783,53,0.460869565217,46,0.400000000000,0,0.000000000000
1583,Cr16W62Y47,125,3,"Cr,W,Y",16,0.128000000000,62,0.496000000000,47,0.376000000000,0,0.000000000000
1584,Cr31W63Y31,125,3,"Cr,W,Y",31,0.248000000000,63,0.504000000000,31,0.248000000000,0,0.000000000000
1585,Cr31W63Y31,125,3,"Cr,W,Y",31,0.248000000000,63,0.504000000000,31,0.248000000000,0,0.000000000000
1586,Cr31W63Y31,125,3,"Cr,W,Y",31,0.248000000000,63,0.504000000000,31,0.248000000000,0,0.000000000000
1587,Cr31W62Y32,125,3,"Cr,W,Y",31,0.248000000000,62,0.496000000000,32,0.256000000000,0,0.000000000000
1588,Cr31W62Y32,125,3,"Cr,W,Y",31,0.248000000000,62,0.496000000000,32,0.256000000000,0,0.000000000000
1589,Cr31W62Y32,125,3,"Cr,W,Y",31,0.248000000000,62,0.496000000000,32,0.256000000000,0,0.000000000000
1590,Cr16W62Y47,125,3,"Cr,W,Y",16,0.128000000000,62,0.496000000000,47,0.376000000000,0,0.000000000000
1591,Cr16W62Y47,125,3,"Cr,W,Y",16,0.128000000000,62,0.496000000000,47,0.376000000000,0,0.000000000000
1592,Cr15W56Y42,113,3,"Cr,W,Y",15,0.132743362832,56,0.495575221239,42,0.371681415929,0,0.000000000000
1593,Cr17W62Y47,126,3,"Cr,W,Y",17,0.134920634921,62,0.492063492063,47,0.373015873016,0,0.000000000000
1594,Cr32W63Y31,126,3,"Cr,W,Y",32,0.253968253968,63,0.500000000000,31,0.246031746032,0,0.000000000000
1595,Cr31W62Y32,125,3,"Cr,W,Y",31,0.248000000000,62,0.496000000000,32,0.256000000000,0,0.000000000000
1596,Cr32W63Y33,128,3,"Cr,W,Y",32,0.250000000000,63,0.492187500000,33,0.257812500000,0,0.000000000000
1597,Cr27W56Y30,113,3,"Cr,W,Y",27,0.238938053097,56,0.495575221239,30,0.265486725664,0,0.000000000000
1598,Cr28W61Y29,118,3,"Cr,W,Y",28,0.237288135593,61,0.516949152542,29,0.245762711864,0,0.000000000000
1599,Cr31W62Y32,125,3,"Cr,W,Y",31,0.248000000000,62,0.496000000000,32,0.256000000000,0,0.000000000000
1600,Cr16W62Y47,125,3,"Cr,W,Y",16,0.128000000000,62,0.496000000000,47,0.376000000000,0,0.000000000000
1601,Cr37W32Zr34,103,3,"Cr,W,Zr",37,0.359223300971,32,0.310679611650,0,0.000000000000,34,0.330097087379
1602,Cr16W62Y47,125,3,"Cr,W,Y",16,0.128000000000,62,0.496000000000,47,0.376000000000,0,0.000000000000
1603,Cr16W62Y47,125,3,"Cr,W,Y",16,0.128000000000,62,0.496000000000,47,0.376000000000,0,0.000000000000
1604,Cr14W60Y39,113,3,"Cr,W,Y",14,0.123893805310,60,0.530973451327,39,0.345132743363,0,0.000000000000
1605,Cr16W62Y47,125,3,"Cr,W,Y",16,0.128000000000,62,0.496000000000,47,0.376000000000,0,0.000000000000
1606,Cr31W78Y16,125,3,"Cr,W,Y",31,0.248000000000,78,0.624000000000,16,0.128000000000,0,0.000000000000
1607,Cr31W78Y16,125,3,"Cr,W,Y",31,0.248000000000,78,0.624000000000,16,0.128000000000,0,0.000000000000
1608,Cr31W78Y16,125,3,"Cr,W,Y",31,0.248000000000,78,0.624000000000,16,0.128000000000,0,0.000000000000
1609,Cr28W70Y16,114,3,"Cr,W,Y",28,0.245614035088,70,0.614035087719,16,0.140350877193,0,0.000000000000
1610,Cr31W78Y17,126,3,"Cr,W,Y",31,0.246031746032,78,0.619047619048,17,0.134920634921,0,0.000000000000
1611,Cr31W78Y16,125,3,"Cr,W,Y",31,0.248000000000,78,0.624000000000,16,0.128000000000,0,0.000000000000
1612,Cr31W78Y16,125,3,"Cr,W,Y",31,0.248000000000,78,0.624000000000,16,0.128000000000,0,0.000000000000
1613,Cr31W78Y16,125,3,"Cr,W,Y",31,0.248000000000,78,0.624000000000,16,0.128000000000,0,0.000000000000
1614,Cr28W74Y14,116,3,"Cr,W,Y",28,0.241379310345,74,0.637931034483,14,0.120689655172,0,0.000000000000
1615,Cr31W78Y16,125,3,"Cr,W,Y",31,0.248000000000,78,0.624000000000,16,0.128000000000,0,0.000000000000
1616,Cr31W78Y16,125,3,"Cr,W,Y",31,0.248000000000,78,0.624000000000,16,0.128000000000,0,0.000000000000
1617,Cr31W78Y16,125,3,"Cr,W,Y",31,0.248000000000,78,0.624000000000,16,0.128000000000,0,0.000000000000
1618,Cr32W79Y16,127,3,"Cr,W,Y",32,0.251968503937,79,0.622047244094,16,0.125984251969,0,0.000000000000
1619,Cr31W78Y16Zr,126,4,"Cr,W,Y,Zr",31,0.246031746032,78,0.619047619048,16,0.126984126984,1,0.007936507937
1620,Cr16W62Y47,125,3,"Cr,W,Y",16,0.128000000000,62,0.496000000000,47,0.376000000000,0,0.000000000000
1621,Cr15W58Y43,116,3,"Cr,W,Y",15,0.129310344828,58,0.500000000000,43,0.370689655172,0,0.000000000000
1622,Cr14W60Y40,114,3,"Cr,W,Y",14,0.122807017544,60,0.526315789474,40,0.350877192982,0,0.000000000000
1623,Cr16W63Y47,126,3,"Cr,W,Y",16,0.126984126984,63,0.500000000000,47,0.373015873016,0,0.000000000000
1624,Cr31W78Y16,125,3,"Cr,W,Y",31,0.248000000000,78,0.624000000000,16,0.128000000000,0,0.000000000000
1625,Cr28W73Y15,116,3,"Cr,W,Y",28,0.241379310345,73,0.629310344828,15,0.129310344828,0,0.000000000000
1626,Cr31W78Y16,125,3,"Cr,W,Y",31,0.248000000000,78,0.624000000000,16,0.128000000000,0,0.000000000000
1627,Cr31W78Y16,125,3,"Cr,W,Y",31,0.248000000000,78,0.624000000000,16,0.128000000000,0,0.000000000000
1628,Cr31W78Y16,125,3,"Cr,W,Y",31,0.248000000000,78,0.624000000000,16,0.128000000000,0,0.000000000000
1629,Cr26W75Y14,115,3,"Cr,W,Y",26,0.226086956522,75,0.652173913043,14,0.121739130435,0,0.000000000000
1630,Cr31W78Y16,125,3,"Cr,W,Y",31,0.248000000000,78,0.624000000000,16,0.128000000000,0,0.000000000000
1631,Cr16W62Y47,125,3,"Cr,W,Y",16,0.128000000000,62,0.496000000000,47,0.376000000000,0,0.000000000000
1632,Cr16W62Y47,125,3,"Cr,W,Y",16,0.128000000000,62,0.496000000000,47,0.376000000000,0,0.000000000000
1633,Cr16W62Y47,125,3,"Cr,W,Y",16,0.128000000000,62,0.496000000000,47,0.376000000000,0,0.000000000000
1634,Cr16W53Y44,113,3,"Cr,W,Y",16,0.141592920354,53,0.469026548673,44,0.389380530973,0,0.000000000000
1635,Cr16W63Y47,126,3,"Cr,W,Y",16,0.126984126984,63,0.500000000000,47,0.373015873016,0,0.000000000000
1636,Cr31W78Y16,125,3,"Cr,W,Y",31,0.248000000000,78,0.624000000000,16,0.128000000000,0,0.000000000000
1637,Cr31W78Y16,125,3,"Cr,W,Y",31,0.248000000000,78,0.624000000000,16,0.128000000000,0,0.000000000000
1638,Cr31W78Y16,125,3,"Cr,W,Y",31,0.248000000000,78,0.624000000000,16,0.128000000000,0,0.000000000000
1639,Cr31W71Y15,117,3,"Cr,W,Y",31,0.264957264957,71,0.606837606838,15,0.128205128205,0,0.000000000000
1640,Cr31W78Y16Zr,126,4,"Cr,W,Y,Zr",31,0.246031746032,78,0.619047619048,16,0.126984126984,1,0.007936507937
1641,Cr16W78Y31,125,3,"Cr,W,Y",16,0.128000000000,78,0.624000000000,31,0.248000000000,0,0.000000000000
1642,Cr16W78Y31,125,3,"Cr,W,Y",16,0.128000000000,78,0.624000000000,31,0.248000000000,0,0.000000000000
1643,Cr16W78Y31,125,3,"Cr,W,Y",16,0.128000000000,78,0.624000000000,31,0.248000000000,0,0.000000000000
1644,Cr16W78Y31,125,3,"Cr,W,Y",16,0.128000000000,78,0.624000000000,31,0.248000000000,0,0.000000000000
1645,Cr16W78Y31,125,3,"Cr,W,Y",16,0.128000000000,78,0.624000000000,31,0.248000000000,0,0.000000000000
1646,Cr34W35Zr33,102,3,"Cr,W,Zr",34,0.333333333333,35,0.343137254902,0,0.000000000000,33,0.323529411765
1647,Cr16W78Y31,125,3,"Cr,W,Y",16,0.128000000000,78,0.624000000000,31,0.248000000000,0,0.000000000000
1648,Cr16W69Y29,114,3,"Cr,W,Y",16,0.140350877193,69,0.605263157895,29,0.254385964912,0,0.000000000000
1649,Cr17W78Y31Zr,127,4,"Cr,W,Y,Zr",17,0.133858267717,78,0.614173228346,31,0.244094488189,1,0.007874015748
1650,Cr13W74Y27,114,3,"Cr,W,Y",13,0.114035087719,74,0.649122807018,27,0.236842105263,0,0.000000000000
1651,Cr16W78Y31,125,3,"Cr,W,Y",16,0.128000000000,78,0.624000000000,31,0.248000000000,0,0.000000000000
1652,Cr16W78Y31,125,3,"Cr,W,Y",16,0.128000000000,78,0.624000000000,31,0.248000000000,0,0.000000000000
1653,Cr16W78Y31,125,3,"Cr,W,Y",16,0.128000000000,78,0.624000000000,31,0.248000000000,0,0.000000000000
1654,Cr16W78Y31,125,3,"Cr,W,Y",16,0.128000000000,78,0.624000000000,31,0.248000000000,0,0.000000000000
1655,Cr16W66Y31,113,3,"Cr,W,Y",16,0.141592920354,66,0.584070796460,31,0.274336283186,0,0.000000000000
1656,Cr16W78Y31Zr,126,4,"Cr,W,Y,Zr",16,0.126984126984,78,0.619047619048,31,0.246031746032,1,0.007936507937
1657,Cr16W78Y31,125,3,"Cr,W,Y",16,0.128000000000,78,0.624000000000,31,0.248000000000,0,0.000000000000
1658,Cr16W71Y27,114,3,"Cr,W,Y",16,0.140350877193,71,0.622807017544,27,0.236842105263,0,0.000000000000
1659,Cr16W78Y32,126,3,"Cr,W,Y",16,0.126984126984,78,0.619047619048,32,0.253968253968,0,0.000000000000
1660,Cr16W94Y15,125,3,"Cr,W,Y",16,0.128000000000,94,0.752000000000,15,0.120000000000,0,0.000000000000
1661,Cr16W84Y13,113,3,"Cr,W,Y",16,0.141592920354,84,0.743362831858,13,0.115044247788,0,0.000000000000
1662,Cr16W94Y15,125,3,"Cr,W,Y",16,0.128000000000,94,0.752000000000,15,0.120000000000,0,0.000000000000
1663,Cr16W94Y15,125,3,"Cr,W,Y",16,0.128000000000,94,0.752000000000,15,0.120000000000,0,0.000000000000
1664,Cr16W94Y16,126,3,"Cr,W,Y",16,0.126984126984,94,0.746031746032,16,0.126984126984,0,0.000000000000
1665,Cr16W94Y15,125,3,"Cr,W,Y",16,0.128000000000,94,0.752000000000,15,0.120000000000,0,0.000000000000
1666,Cr16W94Y15,125,3,"Cr,W,Y",16,0.128000000000,94,0.752000000000,15,0.120000000000,0,0.000000000000
1667,Cr16W94Y15,125,3,"Cr,W,Y",16,0.128000000000,94,0.752000000000,15,0.120000000000,0,0.000000000000
1668,Cr16W94Y15,125,3,"Cr,W,Y",16,0.128000000000,94,0.752000000000,15,0.120000000000,0,0.000000000000
1669,Cr16W94Y15,125,3,"Cr,W,Y",16,0.128000000000,94,0.752000000000,15,0.120000000000,0,0.000000000000
1670,Cr13W88Y13,114,3,"Cr,W,Y",13,0.114035087719,88,0.771929824561,13,0.114035087719,0,0.000000000000
1671,Cr16W94Y15Zr2,127,4,"Cr,W,Y,Zr",16,0.125984251969,94,0.740157480315,15,0.118110236220,2,0.015748031496
1672,Cr16W94Y15,125,3,"Cr,W,Y",16,0.128000000000,94,0.752000000000,15,0.120000000000,0,0.000000000000
1673,Cr16W94Y15,125,3,"Cr,W,Y",16,0.128000000000,94,0.752000000000,15,0.120000000000,0,0.000000000000
1674,Cr16W94Y15,125,3,"Cr,W,Y",16,0.128000000000,94,0.752000000000,15,0.120000000000,0,0.000000000000
1675,Cr14W90Y11,115,3,"Cr,W,Y",14,0.121739130435,90,0.782608695652,11,0.095652173913,0,0.000000000000
1676,Cr15W87Y14,116,3,"Cr,W,Y",15,0.129310344828,87,0.750000000000,14,0.120689655172,0,0.000000000000
1677,Cr16W94Y16Zr,127,4,"Cr,W,Y,Zr",16,0.125984251969,94,0.740157480315,16,0.125984251969,1,0.007874015748
1678,Cr16W94Y15,125,3,"Cr,W,Y",16,0.128000000000,94,0.752000000000,15,0.120000000000,0,0.000000000000
1679,Cr17W94Y15,126,3,"Cr,W,Y",17,0.134920634921,94,0.746031746032,15,0.119047619048,0,0.000000000000
1680,Cr16W94Y15,125,3,"Cr,W,Y",16,0.128000000000,94,0.752000000000,15,0.120000000000,0,0.000000000000
1681,Cr16W94Y15,125,3,"Cr,W,Y",16,0.128000000000,94,0.752000000000,15,0.120000000000,0,0.000000000000
1682,Cr33W32Zr35,100,3,"Cr,W,Zr",33,0.330000000000,32,0.320000000000,0,0.000000000000,35,0.350000000000
1683,Cr94W16Zr16,126,3,"Cr,W,Zr",94,0.746031746032,16,0.126984126984,0,0.000000000000,16,0.126984126984
1684,Cr94W16Zr15,125,3,"Cr,W,Zr",94,0.752000000000,16,0.128000000000,0,0.000000000000,15,0.120000000000
1685,Cr94W16Zr15,125,3,"Cr,W,Zr",94,0.752000000000,16,0.128000000000,0,0.000000000000,15,0.120000000000
1686,Cr94W16Zr15,125,3,"Cr,W,Zr",94,0.752000000000,16,0.128000000000,0,0.000000000000,15,0.120000000000
1687,Cr94W16Zr15,125,3,"Cr,W,Zr",94,0.752000000000,16,0.128000000000,0,0.000000000000,15,0.120000000000
1688,Cr94W16Zr15,125,3,"Cr,W,Zr",94,0.752000000000,16,0.128000000000,0,0.000000000000,15,0.120000000000
1689,Cr94W16Zr15,125,3,"Cr,W,Zr",94,0.752000000000,16,0.128000000000,0,0.000000000000,15,0.120000000000
1690,Cr94W16Zr15,125,3,"Cr,W,Zr",94,0.752000000000,16,0.128000000000,0,0.000000000000,15,0.120000000000
1691,Cr94W16Zr15,125,3,"Cr,W,Zr",94,0.752000000000,16,0.128000000000,0,0.000000000000,15,0.120000000000
1692,Cr94W16Zr15,125,3,"Cr,W,Zr",94,0.752000000000,16,0.128000000000,0,0.000000000000,15,0.120000000000
1693,Cr88W14Zr13,115,3,"Cr,W,Zr",88,0.765217391304,14,0.121739130435,0,0.000000000000,13,0.113043478261
1694,Cr95W16Zr15,126,3,"Cr,W,Zr",95,0.753968253968,16,0.126984126984,0,0.000000000000,15,0.119047619048
1695,Cr35W33Zr34,102,3,"Cr,W,Zr",35,0.343137254902,33,0.323529411765,0,0.000000000000,34,0.333333333333
1696,Cr94W16Zr15,125,3,"Cr,W,Zr",94,0.752000000000,16,0.128000000000,0,0.000000000000,15,0.120000000000
1697,Cr94W16Zr15,125,3,"Cr,W,Zr",94,0.752000000000,16,0.128000000000,0,0.000000000000,15,0.120000000000
1698,Cr94W16Zr15,125,3,"Cr,W,Zr",94,0.752000000000,16,0.128000000000,0,0.000000000000,15,0.120000000000
1699,Cr94W16Zr15,125,3,"Cr,W,Zr",94,0.752000000000,16,0.128000000000,0,0.000000000000,15,0.120000000000
1700,Cr84W16Zr14,114,3,"Cr,W,Zr",84,0.736842105263,16,0.140350877193,0,0.000000000000,14,0.122807017544
1701,Cr95W16Zr15,126,3,"Cr,W,Zr",95,0.753968253968,16,0.126984126984,0,0.000000000000,15,0.119047619048
1702,Cr94W16Zr15,125,3,"Cr,W,Zr",94,0.752000000000,16,0.128000000000,0,0.000000000000,15,0.120000000000
1703,Cr94W16Zr15,125,3,"Cr,W,Zr",94,0.752000000000,16,0.128000000000,0,0.000000000000,15,0.120000000000
1704,Cr78W16Zr31,125,3,"Cr,W,Zr",78,0.624000000000,16,0.128000000000,0,0.000000000000,31,0.248000000000
1705,Cr78W16Zr31,125,3,"Cr,W,Zr",78,0.624000000000,16,0.128000000000,0,0.000000000000,31,0.248000000000
1706,Cr78W16Zr31,125,3,"Cr,W,Zr",78,0.624000000000,16,0.128000000000,0,0.000000000000,31,0.248000000000
1707,Cr78W16Zr31,125,3,"Cr,W,Zr",78,0.624000000000,16,0.128000000000,0,0.000000000000,31,0.248000000000
1708,Cr68W16Zr30,114,3,"Cr,W,Zr",68,0.596491228070,16,0.140350877193,0,0.000000000000,30,0.263157894737
1709,Cr78W16Zr31,125,3,"Cr,W,Zr",78,0.624000000000,16,0.128000000000,0,0.000000000000,31,0.248000000000
1710,Cr36W35Zr34,105,3,"Cr,W,Zr",36,0.342857142857,35,0.333333333333,0,0.000000000000,34,0.323809523810
1711,Cr32W34Zr35,101,3,"Cr,W,Zr",32,0.316831683168,34,0.336633663366,0,0.000000000000,35,0.346534653465
1712,Cr69W13Zr31,113,3,"Cr,W,Zr",69,0.610619469027,13,0.115044247788,0,0.000000000000,31,0.274336283186
1713,Cr78W16Zr32,126,3,"Cr,W,Zr",78,0.619047619048,16,0.126984126984,0,0.000000000000,32,0.253968253968
1714,Cr78W16Zr31,125,3,"Cr,W,Zr",78,0.624000000000,16,0.128000000000,0,0.000000000000,31,0.248000000000
1715,Cr78W16Zr31,125,3,"Cr,W,Zr",78,0.624000000000,16,0.128000000000,0,0.000000000000,31,0.248000000000
1716,Cr78W16Zr31,125,3,"Cr,W,Zr",78,0.624000000000,16,0.128000000000,0,0.000000000000,31,0.248000000000
1717,Cr78W16Zr31,125,3,"Cr,W,Zr",78,0.624000000000,16,0.128000000000,0,0.000000000000,31,0.248000000000
1718,Cr78W17Zr31,126,3,"Cr,W,Zr",78,0.619047619048,17,0.134920634921,0,0.000000000000,31,0.246031746032
1719,Cr78W16Zr31,125,3,"Cr,W,Zr",78,0.624000000000,16,0.128000000000,0,0.000000000000,31,0.248000000000
1720,Cr78W16Zr31,125,3,"Cr,W,Zr",78,0.624000000000,16,0.128000000000,0,0.000000000000,31,0.248000000000
1721,Cr78W16Zr31,125,3,"Cr,W,Zr",78,0.624000000000,16,0.128000000000,0,0.000000000000,31,0.248000000000
1722,Cr78W16Zr31,125,3,"Cr,W,Zr",78,0.624000000000,16,0.128000000000,0,0.000000000000,31,0.248000000000
1723,Cr37W33Zr35,105,3,"Cr,W,Zr",37,0.352380952381,33,0.314285714286,0,0.000000000000,35,0.333333333333
1724,Cr78W16Zr31,125,3,"Cr,W,Zr",78,0.624000000000,16,0.128000000000,0,0.000000000000,31,0.248000000000
1725,Cr78W16Zr31,125,3,"Cr,W,Zr",78,0.624000000000,16,0.128000000000,0,0.000000000000,31,0.248000000000
1726,Cr73W14Zr26,113,3,"Cr,W,Zr",73,0.646017699115,14,0.123893805310,0,0.000000000000,26,0.230088495575
1727,Cr78W16Zr31,125,3,"Cr,W,Zr",78,0.624000000000,16,0.128000000000,0,0.000000000000,31,0.248000000000
1728,Cr62W16Zr47,125,3,"Cr,W,Zr",62,0.496000000000,16,0.128000000000,0,0.000000000000,47,0.376000000000
1729,Cr62W16YZr47,126,4,"Cr,W,Y,Zr",62,0.492063492063,16,0.126984126984,1,0.007936507937,47,0.373015873016
1730,Cr62W16Zr47,125,3,"Cr,W,Zr",62,0.496000000000,16,0.128000000000,0,0.000000000000,47,0.376000000000
1731,Cr62W16Zr47,125,3,"Cr,W,Zr",62,0.496000000000,16,0.128000000000,0,0.000000000000,47,0.376000000000
1732,Cr57W15Zr42,114,3,"Cr,W,Zr",57,0.500000000000,15,0.131578947368,0,0.000000000000,42,0.368421052632
1733,Cr62W16Zr47,125,3,"Cr,W,Zr",62,0.496000000000,16,0.128000000000,0,0.000000000000,47,0.376000000000
1734,Cr35W34Zr33,102,3,"Cr,W,Zr",35,0.343137254902,34,0.333333333333,0,0.000000000000,33,0.323529411765
1735,Cr62W17Zr49,128,3,"Cr,W,Zr",62,0.484375000000,17,0.132812500000,0,0.000000000000,49,0.382812500000
1736,Cr62W17Zr47,126,3,"Cr,W,Zr",62,0.492063492063,17,0.134920634921,0,0.000000000000,47,0.373015873016
1737,Cr62W16Zr47,125,3,"Cr,W,Zr",62,0.496000000000,16,0.128000000000,0,0.000000000000,47,0.376000000000
1738,Cr62W16Zr47,125,3,"Cr,W,Zr",62,0.496000000000,16,0.128000000000,0,0.000000000000,47,0.376000000000
1739,Cr62W16Zr47,125,3,"Cr,W,Zr",62,0.496000000000,16,0.128000000000,0,0.000000000000,47,0.376000000000
1740,Cr62W16Zr47,125,3,"Cr,W,Zr",62,0.496000000000,16,0.128000000000,0,0.000000000000,47,0.376000000000
1741,Cr62W16Zr49,127,3,"Cr,W,Zr",62,0.488188976378,16,0.125984251969,0,0.000000000000,49,0.385826771654
1742,Cr62W16Zr47,125,3,"Cr,W,Zr",62,0.496000000000,16,0.128000000000,0,0.000000000000,47,0.376000000000
1743,Cr62W16Zr47,125,3,"Cr,W,Zr",62,0.496000000000,16,0.128000000000,0,0.000000000000,47,0.376000000000
1744,Cr62W16Zr47,125,3,"Cr,W,Zr",62,0.496000000000,16,0.128000000000,0,0.000000000000,47,0.376000000000
1745,Cr53W16Zr44,113,3,"Cr,W,Zr",53,0.469026548673,16,0.141592920354,0,0.000000000000,44,0.389380530973
1746,Cr57W14Zr46,117,3,"Cr,W,Zr",57,0.487179487179,14,0.119658119658,0,0.000000000000,46,0.393162393162
1747,Cr62W18Zr48,128,3,"Cr,W,Zr",62,0.484375000000,18,0.140625000000,0,0.000000000000,48,0.375000000000
1748,Cr62W16Zr47,125,3,"Cr,W,Zr",62,0.496000000000,16,0.128000000000,0,0.000000000000,47,0.376000000000
1749,Cr62W16Zr47,125,3,"Cr,W,Zr",62,0.496000000000,16,0.128000000000,0,0.000000000000,47,0.376000000000
1750,Cr62W16Zr47,125,3,"Cr,W,Zr",62,0.496000000000,16,0.128000000000,0,0.000000000000,47,0.376000000000
1751,Cr62W16Zr47,125,3,"Cr,W,Zr",62,0.496000000000,16,0.128000000000,0,0.000000000000,47,0.376000000000
1752,Cr47W16Zr62,125,3,"Cr,W,Zr",47,0.376000000000,16,0.128000000000,0,0.000000000000,62,0.496000000000
1753,Cr47W16Zr62,125,3,"Cr,W,Zr",47,0.376000000000,16,0.128000000000,0,0.000000000000,62,0.496000000000
1754,Cr45W13Zr55,113,3,"Cr,W,Zr",45,0.398230088496,13,0.115044247788,0,0.000000000000,55,0.486725663717
1755,Cr47W16Zr62,125,3,"Cr,W,Zr",47,0.376000000000,16,0.128000000000,0,0.000000000000,62,0.496000000000
1756,Cr47W16Zr63,126,3,"Cr,W,Zr",47,0.373015873016,16,0.126984126984,0,0.000000000000,63,0.500000000000
1757,Cr35W35Zr34,104,3,"Cr,W,Zr",35,0.336538461538,35,0.336538461538,0,0.000000000000,34,0.326923076923
1758,Cr47W16Zr62,125,3,"Cr,W,Zr",47,0.376000000000,16,0.128000000000,0,0.000000000000,62,0.496000000000
1759,Cr42W16Zr56,114,3,"Cr,W,Zr",42,0.368421052632,16,0.140350877193,0,0.000000000000,56,0.491228070175
1760,Cr47W16YZr62,126,4,"Cr,W,Y,Zr",47,0.373015873016,16,0.126984126984,1,0.007936507937,62,0.492063492063
1761,Cr47W16Zr62,125,3,"Cr,W,Zr",47,0.376000000000,16,0.128000000000,0,0.000000000000,62,0.496000000000
1762,Cr41W14Zr58,113,3,"Cr,W,Zr",41,0.362831858407,14,0.123893805310,0,0.000000000000,58,0.513274336283
1763,Cr48W18Zr62,128,3,"Cr,W,Zr",48,0.375000000000,18,0.140625000000,0,0.000000000000,62,0.484375000000
1764,Cr47W16Zr62,125,3,"Cr,W,Zr",47,0.376000000000,16,0.128000000000,0,0.000000000000,62,0.496000000000
1765,Cr47W16Zr62,125,3,"Cr,W,Zr",47,0.376000000000,16,0.128000000000,0,0.000000000000,62,0.496000000000
1766,Cr47W16Zr62,125,3,"Cr,W,Zr",47,0.376000000000,16,0.128000000000,0,0.000000000000,62,0.496000000000
1767,Cr47W16Zr62,125,3,"Cr,W,Zr",47,0.376000000000,16,0.128000000000,0,0.000000000000,62,0.496000000000
1768,Cr47W17Zr63,127,3,"Cr,W,Zr",47,0.370078740157,17,0.133858267717,0,0.000000000000,63,0.496062992126
1769,Cr47W16Zr62,125,3,"Cr,W,Zr",47,0.376000000000,16,0.128000000000,0,0.000000000000,62,0.496000000000
1770,Cr47W16Zr62,125,3,"Cr,W,Zr",47,0.376000000000,16,0.128000000000,0,0.000000000000,62,0.496000000000
1771,Cr47W16Zr62,125,3,"Cr,W,Zr",47,0.376000000000,16,0.128000000000,0,0.000000000000,62,0.496000000000
1772,Cr47W16Zr62,125,3,"Cr,W,Zr",47,0.376000000000,16,0.128000000000,0,0.000000000000,62,0.496000000000
1773,Cr34W32Zr38,104,3,"Cr,W,Zr",34,0.326923076923,32,0.307692307692,0,0.000000000000,38,0.365384615385
1774,Cr33W35Zr34,102,3,"Cr,W,Zr",33,0.323529411765,35,0.343137254902,0,0.000000000000,34,0.333333333333
1775,Cr31W16Zr78,125,3,"Cr,W,Zr",31,0.248000000000,16,0.128000000000,0,0.000000000000,78,0.624000000000
1776,Cr31W16Zr78,125,3,"Cr,W,Zr",31,0.248000000000,16,0.128000000000,0,0.000000000000,78,0.624000000000
1777,Cr31W16Zr78,125,3,"Cr,W,Zr",31,0.248000000000,16,0.128000000000,0,0.000000000000,78,0.624000000000
1778,Cr25W16Zr73,114,3,"Cr,W,Zr",25,0.219298245614,16,0.140350877193,0,0.000000000000,73,0.640350877193
1779,Cr29W16Zr74,119,3,"Cr,W,Zr",29,0.243697478992,16,0.134453781513,0,0.000000000000,74,0.621848739496
1780,Cr31W16Zr78,125,3,"Cr,W,Zr",31,0.248000000000,16,0.128000000000,0,0.000000000000,78,0.624000000000
1781,Cr31W16Zr78,125,3,"Cr,W,Zr",31,0.248000000000,16,0.128000000000,0,0.000000000000,78,0.624000000000
1782,Cr31W16Zr78,125,3,"Cr,W,Zr",31,0.248000000000,16,0.128000000000,0,0.000000000000,78,0.624000000000
1783,Cr31W16Zr78,125,3,"Cr,W,Zr",31,0.248000000000,16,0.128000000000,0,0.000000000000,78,0.624000000000
1784,Cr31W16Zr79,126,3,"Cr,W,Zr",31,0.246031746032,16,0.126984126984,0,0.000000000000,79,0.626984126984
1785,Cr31W16Zr78,125,3,"Cr,W,Zr",31,0.248000000000,16,0.128000000000,0,0.000000000000,78,0.624000000000
1786,Cr31W16Zr78,125,3,"Cr,W,Zr",31,0.248000000000,16,0.128000000000,0,0.000000000000,78,0.624000000000
1787,Cr31W16Zr78,125,3,"Cr,W,Zr",31,0.248000000000,16,0.128000000000,0,0.000000000000,78,0.624000000000
1788,Cr31W16Zr78,125,3,"Cr,W,Zr",31,0.248000000000,16,0.128000000000,0,0.000000000000,78,0.624000000000
1789,Cr29W16Zr69,114,3,"Cr,W,Zr",29,0.254385964912,16,0.140350877193,0,0.000000000000,69,0.605263157895
1790,Cr31W16Zr78,125,3,"Cr,W,Zr",31,0.248000000000,16,0.128000000000,0,0.000000000000,78,0.624000000000
1791,Cr31W16Zr78,125,3,"Cr,W,Zr",31,0.248000000000,16,0.128000000000,0,0.000000000000,78,0.624000000000
1792,Cr31W16Zr78,125,3,"Cr,W,Zr",31,0.248000000000,16,0.128000000000,0,0.000000000000,78,0.624000000000
1793,Cr31W16Zr78,125,3,"Cr,W,Zr",31,0.248000000000,16,0.128000000000,0,0.000000000000,78,0.624000000000
1794,Cr28W14Zr72,114,3,"Cr,W,Zr",28,0.245614035088,14,0.122807017544,0,0.000000000000,72,0.631578947368
1795,Cr31W16Zr78,125,3,"Cr,W,Zr",31,0.248000000000,16,0.128000000000,0,0.000000000000,78,0.624000000000
1796,Cr16W15Zr94,125,3,"Cr,W,Zr",16,0.128000000000,15,0.120000000000,0,0.000000000000,94,0.752000000000
1797,Cr14W15Zr89,118,3,"Cr,W,Zr",14,0.118644067797,15,0.127118644068,0,0.000000000000,89,0.754237288136
1798,Cr16W15Zr94,125,3,"Cr,W,Zr",16,0.128000000000,15,0.120000000000,0,0.000000000000,94,0.752000000000
1799,Cr16W16Zr93,125,3,"Cr,W,Zr",16,0.128000000000,16,0.128000000000,0,0.000000000000,93,0.744000000000
1800,Cr16W16Zr93,125,3,"Cr,W,Zr",16,0.128000000000,16,0.128000000000,0,0.000000000000,93,0.744000000000
1801,Cr16W15Zr83,114,3,"Cr,W,Zr",16,0.140350877193,15,0.131578947368,0,0.000000000000,83,0.728070175439
1802,Cr16W16Zr93,125,3,"Cr,W,Zr",16,0.128000000000,16,0.128000000000,0,0.000000000000,93,0.744000000000
1803,Cr16W15Zr94,125,3,"Cr,W,Zr",16,0.128000000000,15,0.120000000000,0,0.000000000000,94,0.752000000000
1804,Cr16W15Zr94,125,3,"Cr,W,Zr",16,0.128000000000,15,0.120000000000,0,0.000000000000,94,0.752000000000
1805,Cr16W15Zr94,125,3,"Cr,W,Zr",16,0.128000000000,15,0.120000000000,0,0.000000000000,94,0.752000000000
1806,Cr16W15Zr94,125,3,"Cr,W,Zr",16,0.128000000000,15,0.120000000000,0,0.000000000000,94,0.752000000000
1807,Cr16W15Zr94,125,3,"Cr,W,Zr",16,0.128000000000,15,0.120000000000,0,0.000000000000,94,0.752000000000
1808,Cr16W15Zr94,125,3,"Cr,W,Zr",16,0.128000000000,15,0.120000000000,0,0.000000000000,94,0.752000000000
1809,Cr33W39Zr33,105,3,"Cr,W,Zr",33,0.314285714286,39,0.371428571429,0,0.000000000000,33,0.314285714286
1810,Cr33W36Zr34,103,3,"Cr,W,Zr",33,0.320388349515,36,0.349514563107,0,0.000000000000,34,0.330097087379
1811,Cr17W15Zr94,126,3,"Cr,W,Zr",17,0.134920634921,15,0.119047619048,0,0.000000000000,94,0.746031746032
1812,Cr15W13Zr88,116,3,"Cr,W,Zr",15,0.129310344828,13,0.112068965517,0,0.000000000000,88,0.758620689655
1813,Cr16W16Zr94,126,3,"Cr,W,Zr",16,0.126984126984,16,0.126984126984,0,0.000000000000,94,0.746031746032
1814,Cr16W16Zr93,125,3,"Cr,W,Zr",16,0.128000000000,16,0.128000000000,0,0.000000000000,93,0.744000000000
1815,Cr78W31Zr16,125,3,"Cr,W,Zr",78,0.624000000000,31,0.248000000000,0,0.000000000000,16,0.128000000000
1816,Cr70W31Zr15,116,3,"Cr,W,Zr",70,0.603448275862,31,0.267241379310,0,0.000000000000,15,0.129310344828
1817,Cr78W31Zr16,125,3,"Cr,W,Zr",78,0.624000000000,31,0.248000000000,0,0.000000000000,16,0.128000000000
1818,Cr78W31Zr16,125,3,"Cr,W,Zr",78,0.624000000000,31,0.248000000000,0,0.000000000000,16,0.128000000000
1819,Cr73W28Zr16,117,3,"Cr,W,Zr",73,0.623931623932,28,0.239316239316,0,0.000000000000,16,0.136752136752
1820,Cr78W31Zr16,125,3,"Cr,W,Zr",78,0.624000000000,31,0.248000000000,0,0.000000000000,16,0.128000000000
1821,Cr78W31Zr16,125,3,"Cr,W,Zr",78,0.624000000000,31,0.248000000000,0,0.000000000000,16,0.128000000000
1822,Cr78W31Zr16,125,3,"Cr,W,Zr",78,0.624000000000,31,0.248000000000,0,0.000000000000,16,0.128000000000
1823,Cr78W31Zr16,125,3,"Cr,W,Zr",78,0.624000000000,31,0.248000000000,0,0.000000000000,16,0.128000000000
1824,Cr78W31Zr16,125,3,"Cr,W,Zr",78,0.624000000000,31,0.248000000000,0,0.000000000000,16,0.128000000000
1825,Cr78W31Zr16,125,3,"Cr,W,Zr",78,0.624000000000,31,0.248000000000,0,0.000000000000,16,0.128000000000
1826,Cr16W16Zr93,125,3,"Cr,W,Zr",16,0.128000000000,16,0.128000000000,0,0.000000000000,93,0.744000000000
1827,Cr16W16Zr93,125,3,"Cr,W,Zr",16,0.128000000000,16,0.128000000000,0,0.000000000000,93,0.744000000000
1828,Cr16W16Zr93,125,3,"Cr,W,Zr",16,0.128000000000,16,0.128000000000,0,0.000000000000,93,0.744000000000
1829,Cr78W31Zr16,125,3,"Cr,W,Zr",78,0.624000000000,31,0.248000000000,0,0.000000000000,16,0.128000000000
1830,Cr78W31Zr16,125,3,"Cr,W,Zr",78,0.624000000000,31,0.248000000000,0,0.000000000000,16,0.128000000000
1831,Cr63W31Zr31,125,3,"Cr,W,Zr",63,0.504000000000,31,0.248000000000,0,0.000000000000,31,0.248000000000
1832,Cr63W31Zr31,125,3,"Cr,W,Zr",63,0.504000000000,31,0.248000000000,0,0.000000000000,31,0.248000000000
1833,Cr78W31Zr16,125,3,"Cr,W,Zr",78,0.624000000000,31,0.248000000000,0,0.000000000000,16,0.128000000000
1834,Cr79W33YZr16,129,4,"Cr,W,Y,Zr",79,0.612403100775,33,0.255813953488,1,0.007751937984,16,0.124031007752
1835,Cr78W32Zr17,127,3,"Cr,W,Zr",78,0.614173228346,32,0.251968503937,0,0.000000000000,17,0.133858267717
1836,Cr78W31Zr16,125,3,"Cr,W,Zr",78,0.624000000000,31,0.248000000000,0,0.000000000000,16,0.128000000000
1837,Cr78W31Zr16,125,3,"Cr,W,Zr",78,0.624000000000,31,0.248000000000,0,0.000000000000,16,0.128000000000
1838,Cr78W31Zr17,126,3,"Cr,W,Zr",78,0.619047619048,31,0.246031746032,0,0.000000000000,17,0.134920634921
1839,Cr78W31Zr16,125,3,"Cr,W,Zr",78,0.624000000000,31,0.248000000000,0,0.000000000000,16,0.128000000000
1840,Cr63W31Zr31,125,3,"Cr,W,Zr",63,0.504000000000,31,0.248000000000,0,0.000000000000,31,0.248000000000
1841,Cr63W31Zr31,125,3,"Cr,W,Zr",63,0.504000000000,31,0.248000000000,0,0.000000000000,31,0.248000000000
1842,Cr63W31Zr31,125,3,"Cr,W,Zr",63,0.504000000000,31,0.248000000000,0,0.000000000000,31,0.248000000000
1843,Cr63W31Zr32,126,3,"Cr,W,Zr",63,0.500000000000,31,0.246031746032,0,0.000000000000,32,0.253968253968
1844,Cr63W31Zr31,125,3,"Cr,W,Zr",63,0.504000000000,31,0.248000000000,0,0.000000000000,31,0.248000000000
1845,Cr56W29Zr29,114,3,"Cr,W,Zr",56,0.491228070175,29,0.254385964912,0,0.000000000000,29,0.254385964912
1846,Cr63W31Zr31,125,3,"Cr,W,Zr",63,0.504000000000,31,0.248000000000,0,0.000000000000,31,0.248000000000
1847,Cr62W31Zr32,125,3,"Cr,W,Zr",62,0.496000000000,31,0.248000000000,0,0.000000000000,32,0.256000000000
1848,Cr62W33YZr32,128,4,"Cr,W,Y,Zr",62,0.484375000000,33,0.257812500000,1,0.007812500000,32,0.250000000000
1849,Cr62W31Zr32,125,3,"Cr,W,Zr",62,0.496000000000,31,0.248000000000,0,0.000000000000,32,0.256000000000
1850,Cr62W31Zr32,125,3,"Cr,W,Zr",62,0.496000000000,31,0.248000000000,0,0.000000000000,32,0.256000000000
1851,Cr62W31Zr32,125,3,"Cr,W,Zr",62,0.496000000000,31,0.248000000000,0,0.000000000000,32,0.256000000000
1852,Cr53W28Zr32,113,3,"Cr,W,Zr",53,0.469026548673,28,0.247787610619,0,0.000000000000,32,0.283185840708
1853,Cr62W31YZr32,126,4,"Cr,W,Y,Zr",62,0.492063492063,31,0.246031746032,1,0.007936507937,32,0.253968253968
1854,Cr33W34Zr36,103,3,"Cr,W,Zr",33,0.320388349515,34,0.330097087379,0,0.000000000000,36,0.349514563107
1855,Cr36W34Zr34,104,3,"Cr,W,Zr",36,0.346153846154,34,0.326923076923,0,0.000000000000,34,0.326923076923
1856,Cr47W31Zr47,125,3,"Cr,W,Zr",47,0.376000000000,31,0.248000000000,0,0.000000000000,47,0.376000000000
1857,Cr48W31Y2Zr47,128,4,"Cr,W,Y,Zr",48,0.375000000000,31,0.242187500000,2,0.015625000000,47,0.367187500000
1858,Cr41W30Zr43,114,3,"Cr,W,Zr",41,0.359649122807,30,0.263157894737,0,0.000000000000,43,0.377192982456
1859,Cr44W26Zr46,116,3,"Cr,W,Zr",44,0.379310344828,26,0.224137931034,0,0.000000000000,46,0.396551724138
1860,Cr47W31YZr47,126,4,"Cr,W,Y,Zr",47,0.373015873016,31,0.246031746032,1,0.007936507937,47,0.373015873016
1861,Cr47W31Zr47,125,3,"Cr,W,Zr",47,0.376000000000,31,0.248000000000,0,0.000000000000,47,0.376000000000
1862,Cr47W31Zr47,125,3,"Cr,W,Zr",47,0.376000000000,31,0.248000000000,0,0.000000000000,47,0.376000000000
1863,Cr46W27Zr42,115,3,"Cr,W,Zr",46,0.400000000000,27,0.234782608696,0,0.000000000000,42,0.365217391304
1864,Cr48W32Zr47,127,3,"Cr,W,Zr",48,0.377952755906,32,0.251968503937,0,0.000000000000,47,0.370078740157
1865,Cr32W35Zr33,100,3,"Cr,W,Zr",32,0.320000000000,35,0.350000000000,0,0.000000000000,33,0.330000000000
1866,Cr29W28Zr57,114,3,"Cr,W,Zr",29,0.254385964912,28,0.245614035088,0,0.000000000000,57,0.500000000000
1867,Cr31W31YZr63,126,4,"Cr,W,Y,Zr",31,0.246031746032,31,0.246031746032,1,0.007936507937,63,0.500000000000
1868,Cr42W31Zr43,116,3,"Cr,W,Zr",42,0.362068965517,31,0.267241379310,0,0.000000000000,43,0.370689655172
1869,Cr47W31Zr47,125,3,"Cr,W,Zr",47,0.376000000000,31,0.248000000000,0,0.000000000000,47,0.376000000000
1870,Cr31W31Zr63,125,3,"Cr,W,Zr",31,0.248000000000,31,0.248000000000,0,0.000000000000,63,0.504000000000
1871,Cr47W31Zr47,125,3,"Cr,W,Zr",47,0.376000000000,31,0.248000000000,0,0.000000000000,47,0.376000000000
1872,Cr47W31Zr47,125,3,"Cr,W,Zr",47,0.376000000000,31,0.248000000000,0,0.000000000000,47,0.376000000000
1873,Cr42W28Zr46,116,3,"Cr,W,Zr",42,0.362068965517,28,0.241379310345,0,0.000000000000,46,0.396551724138
1874,Cr47W31YZr47,126,4,"Cr,W,Y,Zr",47,0.373015873016,31,0.246031746032,1,0.007936507937,47,0.373015873016
1875,Cr31W31Zr63,125,3,"Cr,W,Zr",31,0.248000000000,31,0.248000000000,0,0.000000000000,63,0.504000000000
1876,Cr32W31Zr63,126,3,"Cr,W,Zr",32,0.253968253968,31,0.246031746032,0,0.000000000000,63,0.500000000000
1877,Cr31W31Zr63,125,3,"Cr,W,Zr",31,0.248000000000,31,0.248000000000,0,0.000000000000,63,0.504000000000
1878,Cr31W31Zr63,125,3,"Cr,W,Zr",31,0.248000000000,31,0.248000000000,0,0.000000000000,63,0.504000000000
1879,Cr28W31Zr55,114,3,"Cr,W,Zr",28,0.245614035088,31,0.271929824561,0,0.000000000000,55,0.482456140351
1880,Cr31W31Zr64,126,3,"Cr,W,Zr",31,0.246031746032,31,0.246031746032,0,0.000000000000,64,0.507936507937
1881,Cr47W31Zr47,125,3,"Cr,W,Zr",47,0.376000000000,31,0.248000000000,0,0.000000000000,47,0.376000000000
1882,Cr47W31Zr47,125,3,"Cr,W,Zr",47,0.376000000000,31,0.248000000000,0,0.000000000000,47,0.376000000000
1883,Cr47W31Zr47,125,3,"Cr,W,Zr",47,0.376000000000,31,0.248000000000,0,0.000000000000,47,0.376000000000
1884,Cr31W31Zr63,125,3,"Cr,W,Zr",31,0.248000000000,31,0.248000000000,0,0.000000000000,63,0.504000000000
1885,Cr31W31Zr63,125,3,"Cr,W,Zr",31,0.248000000000,31,0.248000000000,0,0.000000000000,63,0.504000000000
1886,Cr31W31Zr63,125,3,"Cr,W,Zr",31,0.248000000000,31,0.248000000000,0,0.000000000000,63,0.504000000000
1887,Cr31W31Zr63,125,3,"Cr,W,Zr",31,0.248000000000,31,0.248000000000,0,0.000000000000,63,0.504000000000
1888,Cr31W30Zr55,116,3,"Cr,W,Zr",31,0.267241379310,30,0.258620689655,0,0.000000000000,55,0.474137931034
1889,Cr31W31Zr63,125,3,"Cr,W,Zr",31,0.248000000000,31,0.248000000000,0,0.000000000000,63,0.504000000000
1890,Cr38W35Zr32,105,3,"Cr,W,Zr",38,0.361904761905,35,0.333333333333,0,0.000000000000,32,0.304761904762
1891,Cr34W35Zr35,104,3,"Cr,W,Zr",34,0.326923076923,35,0.336538461538,0,0.000000000000,35,0.336538461538
1892,Cr16W33Zr78,127,3,"Cr,W,Zr",16,0.125984251969,33,0.259842519685,0,0.000000000000,78,0.614173228346
1893,Cr16W31Zr78,125,3,"Cr,W,Zr",16,0.128000000000,31,0.248000000000,0,0.000000000000,78,0.624000000000
1894,Cr28W26Zr60,114,3,"Cr,W,Zr",28,0.245614035088,26,0.228070175439,0,0.000000000000,60,0.526315789474
1895,Cr31W32Zr63,126,3,"Cr,W,Zr",31,0.246031746032,32,0.253968253968,0,0.000000000000,63,0.500000000000
1896,Cr32W32Zr32,96,3,"Cr,W,Zr",32,0.333333333333,32,0.333333333333,0,0.000000000000,32,0.333333333333
1897,Cr32W32Zr32,96,3,"Cr,W,Zr",32,0.333333333333,32,0.333333333333,0,0.000000000000,32,0.333333333333
1898,Cr31W29Zr27,87,3,"Cr,W,Zr",31,0.356321839080,29,0.333333333333,0,0.000000000000,27,0.310344827586
1899,Cr34W33Zr35,102,3,"Cr,W,Zr",34,0.333333333333,33,0.323529411765,0,0.000000000000,35,0.343137254902
1900,Cr16W31Zr78,125,3,"Cr,W,Zr",16,0.128000000000,31,0.248000000000,0,0.000000000000,78,0.624000000000
1901,Cr15W30Zr68,113,3,"Cr,W,Zr",15,0.132743362832,30,0.265486725664,0,0.000000000000,68,0.601769911504
1902,Cr16W31Zr79,126,3,"Cr,W,Zr",16,0.126984126984,31,0.246031746032,0,0.000000000000,79,0.626984126984
1903,Cr16W31Zr78,125,3,"Cr,W,Zr",16,0.128000000000,31,0.248000000000,0,0.000000000000,78,0.624000000000
1904,Cr16W31Zr78,125,3,"Cr,W,Zr",16,0.128000000000,31,0.248000000000,0,0.000000000000,78,0.624000000000
1905,Cr16W31Zr78,125,3,"Cr,W,Zr",16,0.128000000000,31,0.248000000000,0,0.000000000000,78,0.624000000000
1906,Cr16W31Zr78,125,3,"Cr,W,Zr",16,0.128000000000,31,0.248000000000,0,0.000000000000,78,0.624000000000
1907,Cr16W26Zr72,114,3,"Cr,W,Zr",16,0.140350877193,26,0.228070175439,0,0.000000000000,72,0.631578947368
1908,Cr16W31YZr78,126,4,"Cr,W,Y,Zr",16,0.126984126984,31,0.246031746032,1,0.007936507937,78,0.619047619048
1909,Cr16W31Zr78,125,3,"Cr,W,Zr",16,0.128000000000,31,0.248000000000,0,0.000000000000,78,0.624000000000
1910,Cr33W35Zr34,102,3,"Cr,W,Zr",33,0.323529411765,35,0.343137254902,0,0.000000000000,34,0.333333333333
1911,Cr16W31Zr78,125,3,"Cr,W,Zr",16,0.128000000000,31,0.248000000000,0,0.000000000000,78,0.624000000000
1912,Cr16W31Zr78,125,3,"Cr,W,Zr",16,0.128000000000,31,0.248000000000,0,0.000000000000,78,0.624000000000
1913,Cr16W28Zr69,113,3,"Cr,W,Zr",16,0.141592920354,28,0.247787610619,0,0.000000000000,69,0.610619469027
1914,Cr16W31Zr78,125,3,"Cr,W,Zr",16,0.128000000000,31,0.248000000000,0,0.000000000000,78,0.624000000000
1915,Cr62W47Zr16,125,3,"Cr,W,Zr",62,0.496000000000,47,0.376000000000,0,0.000000000000,16,0.128000000000
1916,Cr16W31Zr78,125,3,"Cr,W,Zr",16,0.128000000000,31,0.248000000000,0,0.000000000000,78,0.624000000000
1917,Cr16W31Zr78,125,3,"Cr,W,Zr",16,0.128000000000,31,0.248000000000,0,0.000000000000,78,0.624000000000
1918,Cr13W31Zr74,118,3,"Cr,W,Zr",13,0.110169491525,31,0.262711864407,0,0.000000000000,74,0.627118644068
1919,Cr16W31Zr78,125,3,"Cr,W,Zr",16,0.128000000000,31,0.248000000000,0,0.000000000000,78,0.624000000000
1920,Cr62W47Zr16,125,3,"Cr,W,Zr",62,0.496000000000,47,0.376000000000,0,0.000000000000,16,0.128000000000
1921,Cr62W47Zr16,125,3,"Cr,W,Zr",62,0.496000000000,47,0.376000000000,0,0.000000000000,16,0.128000000000
1922,Cr57W42Zr16,115,3,"Cr,W,Zr",57,0.495652173913,42,0.365217391304,0,0.000000000000,16,0.139130434783
1923,Cr53W45Zr16,114,3,"Cr,W,Zr",53,0.464912280702,45,0.394736842105,0,0.000000000000,16,0.140350877193
1924,Cr59W46Zr11,116,3,"Cr,W,Zr",59,0.508620689655,46,0.396551724138,0,0.000000000000,11,0.094827586207
1925,Cr63W47Zr16,126,3,"Cr,W,Zr",63,0.500000000000,47,0.373015873016,0,0.000000000000,16,0.126984126984
1926,Cr62W47Zr16,125,3,"Cr,W,Zr",62,0.496000000000,47,0.376000000000,0,0.000000000000,16,0.128000000000
1927,Cr62W47Zr16,125,3,"Cr,W,Zr",62,0.496000000000,47,0.376000000000,0,0.000000000000,16,0.128000000000
1928,Cr62W47Zr16,125,3,"Cr,W,Zr",62,0.496000000000,47,0.376000000000,0,0.000000000000,16,0.128000000000
1929,Cr62W47Zr16,125,3,"Cr,W,Zr",62,0.496000000000,47,0.376000000000,0,0.000000000000,16,0.128000000000
1930,Cr62W48Zr16,126,3,"Cr,W,Zr",62,0.492063492063,48,0.380952380952,0,0.000000000000,16,0.126984126984
1931,Cr62W47Zr16,125,3,"Cr,W,Zr",62,0.496000000000,47,0.376000000000,0,0.000000000000,16,0.128000000000
1932,Cr62W47Zr16,125,3,"Cr,W,Zr",62,0.496000000000,47,0.376000000000,0,0.000000000000,16,0.128000000000
1933,Cr62W47Zr16,125,3,"Cr,W,Zr",62,0.496000000000,47,0.376000000000,0,0.000000000000,16,0.128000000000
1934,Cr38W33Zr32,103,3,"Cr,W,Zr",38,0.368932038835,33,0.320388349515,0,0.000000000000,32,0.310679611650
1935,Cr35W32Zr34,101,3,"Cr,W,Zr",35,0.346534653465,32,0.316831683168,0,0.000000000000,34,0.336633663366
1936,Cr62W47Zr16,125,3,"Cr,W,Zr",62,0.496000000000,47,0.376000000000,0,0.000000000000,16,0.128000000000
1937,Cr57W44Zr16,117,3,"Cr,W,Zr",57,0.487179487179,44,0.376068376068,0,0.000000000000,16,0.136752136752
1938,Cr55W45Zr14,114,3,"Cr,W,Zr",55,0.482456140351,45,0.394736842105,0,0.000000000000,14,0.122807017544
1939,Cr62W47Zr16,125,3,"Cr,W,Zr",62,0.496000000000,47,0.376000000000,0,0.000000000000,16,0.128000000000
1940,Cr32W32Zr32,96,3,"Cr,W,Zr",32,0.333333333333,32,0.333333333333,0,0.000000000000,32,0.333333333333
1941,Cr32W32Zr32,96,3,"Cr,W,Zr",32,0.333333333333,32,0.333333333333,0,0.000000000000,32,0.333333333333
1942,Cr27W31Zr30,88,3,"Cr,W,Zr",27,0.306818181818,31,0.352272727273,0,0.000000000000,30,0.340909090909
1943,Cr32W29Zr32,93,3,"Cr,W,Zr",32,0.344086021505,29,0.311827956989,0,0.000000000000,32,0.344086021505
1944,Cr34W33Zr33,100,3,"Cr,W,Zr",34,0.340000000000,33,0.330000000000,0,0.000000000000,33,0.330000000000
1945,Cr43W40Zr30,113,3,"Cr,W,Zr",43,0.380530973451,40,0.353982300885,0,0.000000000000,30,0.265486725664
1946,Cr47W47Zr31,125,3,"Cr,W,Zr",47,0.376000000000,47,0.376000000000,0,0.000000000000,31,0.248000000000
1947,Cr47W47Zr31,125,3,"Cr,W,Zr",47,0.376000000000,47,0.376000000000,0,0.000000000000,31,0.248000000000
1948,Cr47W47Zr31,125,3,"Cr,W,Zr",47,0.376000000000,47,0.376000000000,0,0.000000000000,31,0.248000000000
1949,Cr48W47Zr31,126,3,"Cr,W,Zr",48,0.380952380952,47,0.373015873016,0,0.000000000000,31,0.246031746032
1950,Cr47W47Zr31,125,3,"Cr,W,Zr",47,0.376000000000,47,0.376000000000,0,0.000000000000,31,0.248000000000
1951,Cr47W47Zr31,125,3,"Cr,W,Zr",47,0.376000000000,47,0.376000000000,0,0.000000000000,31,0.248000000000
1952,Cr45W47Zr27,119,3,"Cr,W,Zr",45,0.378151260504,47,0.394957983193,0,0.000000000000,27,0.226890756303
1953,Cr47W47Zr32,126,3,"Cr,W,Zr",47,0.373015873016,47,0.373015873016,0,0.000000000000,32,0.253968253968
1954,Cr48W47Zr31,126,3,"Cr,W,Zr",48,0.380952380952,47,0.373015873016,0,0.000000000000,31,0.246031746032
1955,Cr47W47Zr31,125,3,"Cr,W,Zr",47,0.376000000000,47,0.376000000000,0,0.000000000000,31,0.248000000000
1956,Cr48W47Zr31,126,3,"Cr,W,Zr",48,0.380952380952,47,0.373015873016,0,0.000000000000,31,0.246031746032
1957,Cr30W41Zr44,115,3,"Cr,W,Zr",30,0.260869565217,41,0.356521739130,0,0.000000000000,44,0.382608695652
1958,Cr32W49Zr47,128,3,"Cr,W,Zr",32,0.250000000000,49,0.382812500000,0,0.000000000000,47,0.367187500000
1959,Cr33W47YZr47,128,4,"Cr,W,Y,Zr",33,0.257812500000,47,0.367187500000,1,0.007812500000,47,0.367187500000
1960,Cr31W47Zr47,125,3,"Cr,W,Zr",31,0.248000000000,47,0.376000000000,0,0.000000000000,47,0.376000000000
1961,Cr34W34Zr34,102,3,"Cr,W,Zr",34,0.333333333333,34,0.333333333333,0,0.000000000000,34,0.333333333333
1962,Cr47W47Zr31,125,3,"Cr,W,Zr",47,0.376000000000,47,0.376000000000,0,0.000000000000,31,0.248000000000
1963,Cr41W47Zr28,116,3,"Cr,W,Zr",41,0.353448275862,47,0.405172413793,0,0.000000000000,28,0.241379310345
1964,Cr47W47Zr31,125,3,"Cr,W,Zr",47,0.376000000000,47,0.376000000000,0,0.000000000000,31,0.248000000000
1965,Cr31W47Zr47,125,3,"Cr,W,Zr",31,0.248000000000,47,0.376000000000,0,0.000000000000,47,0.376000000000
1966,Cr31W48Zr48,127,3,"Cr,W,Zr",31,0.244094488189,48,0.377952755906,0,0.000000000000,48,0.377952755906
1967,Cr31W47Zr47,125,3,"Cr,W,Zr",31,0.248000000000,47,0.376000000000,0,0.000000000000,47,0.376000000000
1968,Cr31W47Zr47,125,3,"Cr,W,Zr",31,0.248000000000,47,0.376000000000,0,0.000000000000,47,0.376000000000
1969,Cr23W44Zr46,113,3,"Cr,W,Zr",23,0.203539823009,44,0.389380530973,0,0.000000000000,46,0.407079646018
1970,Cr31W48Zr49,128,3,"Cr,W,Zr",31,0.242187500000,48,0.375000000000,0,0.000000000000,49,0.382812500000
1971,Cr31W47Zr47,125,3,"Cr,W,Zr",31,0.248000000000,47,0.376000000000,0,0.000000000000,47,0.376000000000
1972,Cr28W47Zr42,117,3,"Cr,W,Zr",28,0.239316239316,47,0.401709401709,0,0.000000000000,42,0.358974358974
1973,Cr31W47YZr47,126,4,"Cr,W,Y,Zr",31,0.246031746032,47,0.373015873016,1,0.007936507937,47,0.373015873016
1974,Cr31W47Zr47,125,3,"Cr,W,Zr",31,0.248000000000,47,0.376000000000,0,0.000000000000,47,0.376000000000
1975,Cr25W45Zr43,113,3,"Cr,W,Zr",25,0.221238938053,45,0.398230088496,0,0.000000000000,43,0.380530973451
1976,Cr31W47Zr49,127,3,"Cr,W,Zr",31,0.244094488189,47,0.370078740157,0,0.000000000000,49,0.385826771654
1977,Cr31W48Zr47,126,3,"Cr,W,Zr",31,0.246031746032,48,0.380952380952,0,0.000000000000,47,0.373015873016
1978,Cr16W47Zr62,125,3,"Cr,W,Zr",16,0.128000000000,47,0.376000000000,0,0.000000000000,62,0.496000000000
1979,Cr13W44Zr56,113,3,"Cr,W,Zr",13,0.115044247788,44,0.389380530973,0,0.000000000000,56,0.495575221239
1980,Cr16W40Zr58,114,3,"Cr,W,Zr",16,0.140350877193,40,0.350877192982,0,0.000000000000,58,0.508771929825
1981,Cr16W47YZr62,126,4,"Cr,W,Y,Zr",16,0.126984126984,47,0.373015873016,1,0.007936507937,62,0.492063492063
1982,Cr31W47Zr47,125,3,"Cr,W,Zr",31,0.248000000000,47,0.376000000000,0,0.000000000000,47,0.376000000000
1983,Cr31W47Zr47,125,3,"Cr,W,Zr",31,0.248000000000,47,0.376000000000,0,0.000000000000,47,0.376000000000
1984,Cr31W48Zr47,126,3,"Cr,W,Zr",31,0.246031746032,48,0.380952380952,0,0.000000000000,47,0.373015873016
1985,Cr16W47Zr53,116,3,"Cr,W,Zr",16,0.137931034483,47,0.405172413793,0,0.000000000000,53,0.456896551724
1986,Cr16W47Zr62,125,3,"Cr,W,Zr",16,0.128000000000,47,0.376000000000,0,0.000000000000,62,0.496000000000
1987,Cr48W62YZr18,129,4,"Cr,W,Y,Zr",48,0.372093023256,62,0.480620155039,1,0.007751937984,18,0.139534883721
1988,Cr16W47Zr62,125,3,"Cr,W,Zr",16,0.128000000000,47,0.376000000000,0,0.000000000000,62,0.496000000000
1989,Cr16W47Zr62,125,3,"Cr,W,Zr",16,0.128000000000,47,0.376000000000,0,0.000000000000,62,0.496000000000
1990,Cr13W45Zr60,118,3,"Cr,W,Zr",13,0.110169491525,45,0.381355932203,0,0.000000000000,60,0.508474576271
1991,Cr16W47Zr62,125,3,"Cr,W,Zr",16,0.128000000000,47,0.376000000000,0,0.000000000000,62,0.496000000000
1992,Cr16W47Zr62,125,3,"Cr,W,Zr",16,0.128000000000,47,0.376000000000,0,0.000000000000,62,0.496000000000
1993,Cr16W43Zr55,114,3,"Cr,W,Zr",16,0.140350877193,43,0.377192982456,0,0.000000000000,55,0.482456140351
1994,Cr18W48Zr62,128,3,"Cr,W,Zr",18,0.140625000000,48,0.375000000000,0,0.000000000000,62,0.484375000000
1995,Cr16W47Zr62,125,3,"Cr,W,Zr",16,0.128000000000,47,0.376000000000,0,0.000000000000,62,0.496000000000
1996,Cr16W47Zr62,125,3,"Cr,W,Zr",16,0.128000000000,47,0.376000000000,0,0.000000000000,62,0.496000000000
1997,Cr16W47Zr62,125,3,"Cr,W,Zr",16,0.128000000000,47,0.376000000000,0,0.000000000000,62,0.496000000000
1998,Cr16W47Zr62,125,3,"Cr,W,Zr",16,0.128000000000,47,0.376000000000,0,0.000000000000,62,0.496000000000
1999,Cr16W47Zr62,125,3,"Cr,W,Zr",16,0.128000000000,47,0.376000000000,0,0.000000000000,62,0.496000000000
2000,Cr16W40Zr59,115,3,"Cr,W,Zr",16,0.139130434783,40,0.347826086957,0,0.000000000000,59,0.513043478261
2001,Cr16W48Zr62,126,3,"Cr,W,Zr",16,0.126984126984,48,0.380952380952,0,0.000000000000,62,0.492063492063
2002,Cr47W62Zr16,125,3,"Cr,W,Zr",47,0.376000000000,62,0.496000000000,0,0.000000000000,16,0.128000000000
2003,Cr47W62Zr16,125,3,"Cr,W,Zr",47,0.376000000000,62,0.496000000000,0,0.000000000000,16,0.128000000000
2004,Cr35W37Zr32,104,3,"Cr,W,Zr",35,0.336538461538,37,0.355769230769,0,0.000000000000,32,0.307692307692
2005,Cr35W34Zr36,105,3,"Cr,W,Zr",35,0.333333333333,34,0.323809523810,0,0.000000000000,36,0.342857142857
2006,Cr43W54Zr16,113,3,"Cr,W,Zr",43,0.380530973451,54,0.477876106195,0,0.000000000000,16,0.141592920354
2007,Cr47W62Zr16,125,3,"Cr,W,Zr",47,0.376000000000,62,0.496000000000,0,0.000000000000,16,0.128000000000
2008,Cr16W47Zr62,125,3,"Cr,W,Zr",16,0.128000000000,47,0.376000000000,0,0.000000000000,62,0.496000000000
2009,Cr18W47Zr62,127,3,"Cr,W,Zr",18,0.141732283465,47,0.370078740157,0,0.000000000000,62,0.488188976378
2010,Cr47W62Zr16,125,3,"Cr,W,Zr",47,0.376000000000,62,0.496000000000,0,0.000000000000,16,0.128000000000
2011,Cr44W59Zr11,114,3,"Cr,W,Zr",44,0.385964912281,59,0.517543859649,0,0.000000000000,11,0.096491228070
2012,Cr41W58Zr16,115,3,"Cr,W,Zr",41,0.356521739130,58,0.504347826087,0,0.000000000000,16,0.139130434783
2013,Cr45W56Zr14,115,3,"Cr,W,Zr",45,0.391304347826,56,0.486956521739,0,0.000000000000,14,0.121739130435
2014,Cr47W63YZr17,128,4,"Cr,W,Y,Zr",47,0.367187500000,63,0.492187500000,1,0.007812500000,17,0.132812500000
2015,Cr47W62Zr16,125,3,"Cr,W,Zr",47,0.376000000000,62,0.496000000000,0,0.000000000000,16,0.128000000000
2016,Cr47W62Zr16,125,3,"Cr,W,Zr",47,0.376000000000,62,0.496000000000,0,0.000000000000,16,0.128000000000
2017,Cr47W62Zr16,125,3,"Cr,W,Zr",47,0.376000000000,62,0.496000000000,0,0.000000000000,16,0.128000000000
2018,Cr43W59Zr15,117,3,"Cr,W,Zr",43,0.367521367521,59,0.504273504274,0,0.000000000000,15,0.128205128205
2019,Cr47W62Zr16,125,3,"Cr,W,Zr",47,0.376000000000,62,0.496000000000,0,0.000000000000,16,0.128000000000
2020,Cr47W62Zr16,125,3,"Cr,W,Zr",47,0.376000000000,62,0.496000000000,0,0.000000000000,16,0.128000000000
2021,Cr47W62Zr16,125,3,"Cr,W,Zr",47,0.376000000000,62,0.496000000000,0,0.000000000000,16,0.128000000000
2022,Cr47W62Zr16,125,3,"Cr,W,Zr",47,0.376000000000,62,0.496000000000,0,0.000000000000,16,0.128000000000
2023,Cr47W62Zr16,125,3,"Cr,W,Zr",47,0.376000000000,62,0.496000000000,0,0.000000000000,16,0.128000000000
2024,Cr44W60Zr16,120,3,"Cr,W,Zr",44,0.366666666667,60,0.500000000000,0,0.000000000000,16,0.133333333333
2025,Cr47W62Zr16,125,3,"Cr,W,Zr",47,0.376000000000,62,0.496000000000,0,0.000000000000,16,0.128000000000
2026,Cr32W63Zr31,126,3,"Cr,W,Zr",32,0.253968253968,63,0.500000000000,0,0.000000000000,31,0.246031746032
2027,Cr31W63Zr32,126,3,"Cr,W,Zr",31,0.246031746032,63,0.500000000000,0,0.000000000000,32,0.253968253968
2028,Cr32W63Zr31,126,3,"Cr,W,Zr",32,0.253968253968,63,0.500000000000,0,0.000000000000,31,0.246031746032
2029,Cr31W63Zr32,126,3,"Cr,W,Zr",31,0.246031746032,63,0.500000000000,0,0.000000000000,32,0.253968253968
2030,Cr31W62Zr32,125,3,"Cr,W,Zr",31,0.248000000000,62,0.496000000000,0,0.000000000000,32,0.256000000000
2031,Cr26W58Zr31,115,3,"Cr,W,Zr",26,0.226086956522,58,0.504347826087,0,0.000000000000,31,0.269565217391
2032,Cr30W53Zr30,113,3,"Cr,W,Zr",30,0.265486725664,53,0.469026548673,0,0.000000000000,30,0.265486725664
2033,Cr31W58Zr24,113,3,"Cr,W,Zr",31,0.274336283186,58,0.513274336283,0,0.000000000000,24,0.212389380531
2034,Cr32W63Zr32,127,3,"Cr,W,Zr",32,0.251968503937,63,0.496062992126,0,0.000000000000,32,0.251968503937
2035,Cr31W63Zr31,125,3,"Cr,W,Zr",31,0.248000000000,63,0.504000000000,0,0.000000000000,31,0.248000000000
2036,Cr31W63Zr31,125,3,"Cr,W,Zr",31,0.248000000000,63,0.504000000000,0,0.000000000000,31,0.248000000000
2037,Cr31W63Zr31,125,3,"Cr,W,Zr",31,0.248000000000,63,0.504000000000,0,0.000000000000,31,0.248000000000
2038,Cr30W55Zr29,114,3,"Cr,W,Zr",30,0.263157894737,55,0.482456140351,0,0.000000000000,29,0.254385964912
2039,Cr32W64Zr31,127,3,"Cr,W,Zr",32,0.251968503937,64,0.503937007874,0,0.000000000000,31,0.244094488189
2040,Cr31W62Zr32,125,3,"Cr,W,Zr",31,0.248000000000,62,0.496000000000,0,0.000000000000,32,0.256000000000
2041,Cr31W62Zr32,125,3,"Cr,W,Zr",31,0.248000000000,62,0.496000000000,0,0.000000000000,32,0.256000000000
2042,Cr15W54Zr45,114,3,"Cr,W,Zr",15,0.131578947368,54,0.473684210526,0,0.000000000000,45,0.394736842105
2043,Cr17W62Zr48,127,3,"Cr,W,Zr",17,0.133858267717,62,0.488188976378,0,0.000000000000,48,0.377952755906
2044,Cr16W62Zr47,125,3,"Cr,W,Zr",16,0.128000000000,62,0.496000000000,0,0.000000000000,47,0.376000000000
2045,Cr16W62Zr47,125,3,"Cr,W,Zr",16,0.128000000000,62,0.496000000000,0,0.000000000000,47,0.376000000000
2046,Cr15W61Zr39,115,3,"Cr,W,Zr",15,0.130434782609,61,0.530434782609,0,0.000000000000,39,0.339130434783
2047,Cr16W62Zr48,126,3,"Cr,W,Zr",16,0.126984126984,62,0.492063492063,0,0.000000000000,48,0.380952380952
2048,Cr16W62Zr47,125,3,"Cr,W,Zr",16,0.128000000000,62,0.496000000000,0,0.000000000000,47,0.376000000000
2049,Cr16W57Zr41,114,3,"Cr,W,Zr",16,0.140350877193,57,0.500000000000,0,0.000000000000,41,0.359649122807
2050,Cr16W62Zr47,125,3,"Cr,W,Zr",16,0.128000000000,62,0.496000000000,0,0.000000000000,47,0.376000000000
2051,Cr16W62Zr47,125,3,"Cr,W,Zr",16,0.128000000000,62,0.496000000000,0,0.000000000000,47,0.376000000000
2052,Cr16W62Zr48,126,3,"Cr,W,Zr",16,0.126984126984,62,0.492063492063,0,0.000000000000,48,0.380952380952
2053,Cr16W62Zr47,125,3,"Cr,W,Zr",16,0.128000000000,62,0.496000000000,0,0.000000000000,47,0.376000000000
2054,Cr16W62Zr47,125,3,"Cr,W,Zr",16,0.128000000000,62,0.496000000000,0,0.000000000000,47,0.376000000000
2055,Cr16W62Zr47,125,3,"Cr,W,Zr",16,0.128000000000,62,0.496000000000,0,0.000000000000,47,0.376000000000
2056,Cr16W62Zr48,126,3,"Cr,W,Zr",16,0.126984126984,62,0.492063492063,0,0.000000000000,48,0.380952380952
2057,Cr16W62Zr47,125,3,"Cr,W,Zr",16,0.128000000000,62,0.496000000000,0,0.000000000000,47,0.376000000000
2058,Cr16W53Zr44,113,3,"Cr,W,Zr",16,0.141592920354,53,0.469026548673,0,0.000000000000,44,0.389380530973
2059,Cr13W59Zr44,116,3,"Cr,W,Zr",13,0.112068965517,59,0.508620689655,0,0.000000000000,44,0.379310344828
2060,Cr16W64Zr47,127,3,"Cr,W,Zr",16,0.125984251969,64,0.503937007874,0,0.000000000000,47,0.370078740157
2061,Cr31W78Zr16,125,3,"Cr,W,Zr",31,0.248000000000,78,0.624000000000,0,0.000000000000,16,0.128000000000
2062,Cr31W78Zr16,125,3,"Cr,W,Zr",31,0.248000000000,78,0.624000000000,0,0.000000000000,16,0.128000000000
2063,Cr31W78Zr16,125,3,"Cr,W,Zr",31,0.248000000000,78,0.624000000000,0,0.000000000000,16,0.128000000000
2064,Cr31W78Zr16,125,3,"Cr,W,Zr",31,0.248000000000,78,0.624000000000,0,0.000000000000,16,0.128000000000
2065,Cr30W70Zr14,114,3,"Cr,W,Zr",30,0.263157894737,70,0.614035087719,0,0.000000000000,14,0.122807017544
2066,Cr31W78YZr16,126,4,"Cr,W,Y,Zr",31,0.246031746032,78,0.619047619048,1,0.007936507937,16,0.126984126984
2067,Cr26W73Zr14,113,3,"Cr,W,Zr",26,0.230088495575,73,0.646017699115,0,0.000000000000,14,0.123893805310
2068,Cr31W79Zr16,126,3,"Cr,W,Zr",31,0.246031746032,79,0.626984126984,0,0.000000000000,16,0.126984126984
2069,Cr31W78Zr16,125,3,"Cr,W,Zr",31,0.248000000000,78,0.624000000000,0,0.000000000000,16,0.128000000000
2070,Cr29W73Zr16,118,3,"Cr,W,Zr",29,0.245762711864,73,0.618644067797,0,0.000000000000,16,0.135593220339
2071,Cr30W72Zr13,115,3,"Cr,W,Zr",30,0.260869565217,72,0.626086956522,0,0.000000000000,13,0.113043478261
2072,Cr31W78Zr16,125,3,"Cr,W,Zr",31,0.248000000000,78,0.624000000000,0,0.000000000000,16,0.128000000000
2073,Cr31W78Zr16,125,3,"Cr,W,Zr",31,0.248000000000,78,0.624000000000,0,0.000000000000,16,0.128000000000
2074,Cr31W78Zr16,125,3,"Cr,W,Zr",31,0.248000000000,78,0.624000000000,0,0.000000000000,16,0.128000000000
2075,Cr31W78Zr16,125,3,"Cr,W,Zr",31,0.248000000000,78,0.624000000000,0,0.000000000000,16,0.128000000000
2076,Cr31W78Zr16,125,3,"Cr,W,Zr",31,0.248000000000,78,0.624000000000,0,0.000000000000,16,0.128000000000
2077,Cr31W78Zr16,125,3,"Cr,W,Zr",31,0.248000000000,78,0.624000000000,0,0.000000000000,16,0.128000000000
2078,Cr31W78Zr16,125,3,"Cr,W,Zr",31,0.248000000000,78,0.624000000000,0,0.000000000000,16,0.128000000000
2079,Cr29W74Zr13,116,3,"Cr,W,Zr",29,0.250000000000,74,0.637931034483,0,0.000000000000,13,0.112068965517
2080,Cr31W79Zr17,127,3,"Cr,W,Zr",31,0.244094488189,79,0.622047244094,0,0.000000000000,17,0.133858267717
2081,Cr16W78Zr31,125,3,"Cr,W,Zr",16,0.128000000000,78,0.624000000000,0,0.000000000000,31,0.248000000000
2082,Cr16W78Zr31,125,3,"Cr,W,Zr",16,0.128000000000,78,0.624000000000,0,0.000000000000,31,0.248000000000
2083,Cr16W78Zr31,125,3,"Cr,W,Zr",16,0.128000000000,78,0.624000000000,0,0.000000000000,31,0.248000000000
2084,Cr16W78Zr31,125,3,"Cr,W,Zr",16,0.128000000000,78,0.624000000000,0,0.000000000000,31,0.248000000000
2085,Cr31W78Zr16,125,3,"Cr,W,Zr",31,0.248000000000,78,0.624000000000,0,0.000000000000,16,0.128000000000
2086,Cr12W73Zr29,114,3,"Cr,W,Zr",12,0.105263157895,73,0.640350877193,0,0.000000000000,29,0.254385964912
2087,Cr16W78Zr31,125,3,"Cr,W,Zr",16,0.128000000000,78,0.624000000000,0,0.000000000000,31,0.248000000000
2088,Cr16W78Zr31,125,3,"Cr,W,Zr",16,0.128000000000,78,0.624000000000,0,0.000000000000,31,0.248000000000
2089,Cr14W68Zr31,113,3,"Cr,W,Zr",14,0.123893805310,68,0.601769911504,0,0.000000000000,31,0.274336283186
2090,Cr16W78YZr32,127,4,"Cr,W,Y,Zr",16,0.125984251969,78,0.614173228346,1,0.007874015748,32,0.251968503937
2091,Cr16W78Zr31,125,3,"Cr,W,Zr",16,0.128000000000,78,0.624000000000,0,0.000000000000,31,0.248000000000
2092,Cr15W71Zr27,113,3,"Cr,W,Zr",15,0.132743362832,71,0.628318584071,0,0.000000000000,27,0.238938053097
2093,Cr17W79Zr31,127,3,"Cr,W,Zr",17,0.133858267717,79,0.622047244094,0,0.000000000000,31,0.244094488189
2094,Cr16W73Zr31,120,3,"Cr,W,Zr",16,0.133333333333,73,0.608333333333,0,0.000000000000,31,0.258333333333
2095,Cr16W78Zr31,125,3,"Cr,W,Zr",16,0.128000000000,78,0.624000000000,0,0.000000000000,31,0.248000000000
2096,Cr16W78Zr31,125,3,"Cr,W,Zr",16,0.128000000000,78,0.624000000000,0,0.000000000000,31,0.248000000000
2097,Cr16W78Zr31,125,3,"Cr,W,Zr",16,0.128000000000,78,0.624000000000,0,0.000000000000,31,0.248000000000
2098,Cr16W78Zr31,125,3,"Cr,W,Zr",16,0.128000000000,78,0.624000000000,0,0.000000000000,31,0.248000000000
2099,Cr16W94Zr15,125,3,"Cr,W,Zr",16,0.128000000000,94,0.752000000000,0,0.000000000000,15,0.120000000000
2100,Cr16W94Zr15,125,3,"Cr,W,Zr",16,0.128000000000,94,0.752000000000,0,0.000000000000,15,0.120000000000
2101,Cr16W94Zr15,125,3,"Cr,W,Zr",16,0.128000000000,94,0.752000000000,0,0.000000000000,15,0.120000000000
2102,Cr16W94Zr15,125,3,"Cr,W,Zr",16,0.128000000000,94,0.752000000000,0,0.000000000000,15,0.120000000000
2103,Cr14W87Zr13,114,3,"Cr,W,Zr",14,0.122807017544,87,0.763157894737,0,0.000000000000,13,0.114035087719
2104,Cr16W94Zr16,126,3,"Cr,W,Zr",16,0.126984126984,94,0.746031746032,0,0.000000000000,16,0.126984126984
2105,Cr16W94Zr15,125,3,"Cr,W,Zr",16,0.128000000000,94,0.752000000000,0,0.000000000000,15,0.120000000000
2106,Cr16W94Zr15,125,3,"Cr,W,Zr",16,0.128000000000,94,0.752000000000,0,0.000000000000,15,0.120000000000
2107,Cr17W94Zr15,126,3,"Cr,W,Zr",17,0.134920634921,94,0.746031746032,0,0.000000000000,15,0.119047619048
2108,Cr16W94Zr15,125,3,"Cr,W,Zr",16,0.128000000000,94,0.752000000000,0,0.000000000000,15,0.120000000000
2109,Cr16W94Zr15,125,3,"Cr,W,Zr",16,0.128000000000,94,0.752000000000,0,0.000000000000,15,0.120000000000
2110,Cr16W94Zr15,125,3,"Cr,W,Zr",16,0.128000000000,94,0.752000000000,0,0.000000000000,15,0.120000000000
2111,Cr16W94Zr15,125,3,"Cr,W,Zr",16,0.128000000000,94,0.752000000000,0,0.000000000000,15,0.120000000000
2112,Cr13W94Zr14,121,3,"Cr,W,Zr",13,0.107438016529,94,0.776859504132,0,0.000000000000,14,0.115702479339
2113,Cr16W84Zr15,115,3,"Cr,W,Zr",16,0.139130434783,84,0.730434782609,0,0.000000000000,15,0.130434782609
2114,Cr16W89Zr15,120,3,"Cr,W,Zr",16,0.133333333333,89,0.741666666667,0,0.000000000000,15,0.125000000000
2115,Cr16W94Zr15,125,3,"Cr,W,Zr",16,0.128000000000,94,0.752000000000,0,0.000000000000,15,0.120000000000
2116,Cr94Y16Zr15,125,3,"Cr,Y,Zr",94,0.752000000000,0,0.000000000000,16,0.128000000000,15,0.120000000000
2117,Cr95Y16Zr15,126,3,"Cr,Y,Zr",95,0.753968253968,0,0.000000000000,16,0.126984126984,15,0.119047619048
2118,Cr94Y16Zr15,125,3,"Cr,Y,Zr",94,0.752000000000,0,0.000000000000,16,0.128000000000,15,0.120000000000
2119,Cr84Y16Zr14,114,3,"Cr,Y,Zr",84,0.736842105263,0,0.000000000000,16,0.140350877193,14,0.122807017544
2120,Cr94Y16Zr15,125,3,"Cr,Y,Zr",94,0.752000000000,0,0.000000000000,16,0.128000000000,15,0.120000000000
2121,Cr94Y16Zr15,125,3,"Cr,Y,Zr",94,0.752000000000,0,0.000000000000,16,0.128000000000,15,0.120000000000
2122,Cr94Y16Zr15,125,3,"Cr,Y,Zr",94,0.752000000000,0,0.000000000000,16,0.128000000000,15,0.120000000000
2123,Cr94Y16Zr15,125,3,"Cr,Y,Zr",94,0.752000000000,0,0.000000000000,16,0.128000000000,15,0.120000000000
2124,Cr94Y16Zr15,125,3,"Cr,Y,Zr",94,0.752000000000,0,0.000000000000,16,0.128000000000,15,0.120000000000
2125,Cr16W94Zr15,125,3,"Cr,W,Zr",16,0.128000000000,94,0.752000000000,0,0.000000000000,15,0.120000000000
2126,Cr16W94YZr15,126,4,"Cr,W,Y,Zr",16,0.126984126984,94,0.746031746032,1,0.007936507937,15,0.119047619048
2127,Cr94Y16Zr15,125,3,"Cr,Y,Zr",94,0.752000000000,0,0.000000000000,16,0.128000000000,15,0.120000000000
2128,Cr94Y16Zr15,125,3,"Cr,Y,Zr",94,0.752000000000,0,0.000000000000,16,0.128000000000,15,0.120000000000
2129,Cr94WY17Zr15,127,4,"Cr,W,Y,Zr",94,0.740157480315,1,0.007874015748,17,0.133858267717,15,0.118110236220
2130,Cr94Y16Zr15,125,3,"Cr,Y,Zr",94,0.752000000000,0,0.000000000000,16,0.128000000000,15,0.120000000000
2131,Cr94Y16Zr15,125,3,"Cr,Y,Zr",94,0.752000000000,0,0.000000000000,16,0.128000000000,15,0.120000000000
2132,Cr94Y17Zr16,127,3,"Cr,Y,Zr",94,0.740157480315,0,0.000000000000,17,0.133858267717,16,0.125984251969
2133,Cr94Y16Zr15,125,3,"Cr,Y,Zr",94,0.752000000000,0,0.000000000000,16,0.128000000000,15,0.120000000000
2134,Cr94Y16Zr15,125,3,"Cr,Y,Zr",94,0.752000000000,0,0.000000000000,16,0.128000000000,15,0.120000000000
2135,Cr94Y16Zr15,125,3,"Cr,Y,Zr",94,0.752000000000,0,0.000000000000,16,0.128000000000,15,0.120000000000
2136,Cr94Y16Zr15,125,3,"Cr,Y,Zr",94,0.752000000000,0,0.000000000000,16,0.128000000000,15,0.120000000000
2137,Cr87Y13Zr14,114,3,"Cr,Y,Zr",87,0.763157894737,0,0.000000000000,13,0.114035087719,14,0.122807017544
2138,Cr95WY16Zr15,127,4,"Cr,W,Y,Zr",95,0.748031496063,1,0.007874015748,16,0.125984251969,15,0.118110236220
2139,Cr78Y16Zr31,125,3,"Cr,Y,Zr",78,0.624000000000,0,0.000000000000,16,0.128000000000,31,0.248000000000
2140,Cr78Y16Zr32,126,3,"Cr,Y,Zr",78,0.619047619048,0,0.000000000000,16,0.126984126984,32,0.253968253968
2141,Cr78Y16Zr31,125,3,"Cr,Y,Zr",78,0.624000000000,0,0.000000000000,16,0.128000000000,31,0.248000000000
2142,Cr78Y16Zr31,125,3,"Cr,Y,Zr",78,0.624000000000,0,0.000000000000,16,0.128000000000,31,0.248000000000
2143,Cr74Y16Zr25,115,3,"Cr,Y,Zr",74,0.643478260870,0,0.000000000000,16,0.139130434783,25,0.217391304348
2144,Cr78Y17Zr31,126,3,"Cr,Y,Zr",78,0.619047619048,0,0.000000000000,17,0.134920634921,31,0.246031746032
2145,Cr94Y16Zr15,125,3,"Cr,Y,Zr",94,0.752000000000,0,0.000000000000,16,0.128000000000,15,0.120000000000
2146,Cr78Y16Zr31,125,3,"Cr,Y,Zr",78,0.624000000000,0,0.000000000000,16,0.128000000000,31,0.248000000000
2147,Cr78Y16Zr31,125,3,"Cr,Y,Zr",78,0.624000000000,0,0.000000000000,16,0.128000000000,31,0.248000000000
2148,Cr78Y16Zr31,125,3,"Cr,Y,Zr",78,0.624000000000,0,0.000000000000,16,0.128000000000,31,0.248000000000
2149,Cr78Y16Zr31,125,3,"Cr,Y,Zr",78,0.624000000000,0,0.000000000000,16,0.128000000000,31,0.248000000000
2150,Cr78WY16Zr32,127,4,"Cr,W,Y,Zr",78,0.614173228346,1,0.007874015748,16,0.125984251969,32,0.251968503937
2151,Cr62Y16Zr47,125,3,"Cr,Y,Zr",62,0.496000000000,0,0.000000000000,16,0.128000000000,47,0.376000000000
2152,Cr62W2Y18Zr47,129,4,"Cr,W,Y,Zr",62,0.480620155039,2,0.015503875969,18,0.139534883721,47,0.364341085271
2153,Cr62Y17Zr47,126,3,"Cr,Y,Zr",62,0.492063492063,0,0.000000000000,17,0.134920634921,47,0.373015873016
2154,Cr69Y14Zr30,113,3,"Cr,Y,Zr",69,0.610619469027,0,0.000000000000,14,0.123893805310,30,0.265486725664
2155,Cr78Y17Zr32,127,3,"Cr,Y,Zr",78,0.614173228346,0,0.000000000000,17,0.133858267717,32,0.251968503937
2156,Cr78Y16Zr31,125,3,"Cr,Y,Zr",78,0.624000000000,0,0.000000000000,16,0.128000000000,31,0.248000000000
2157,Cr62Y16Zr47,125,3,"Cr,Y,Zr",62,0.496000000000,0,0.000000000000,16,0.128000000000,47,0.376000000000
2158,Cr62Y16Zr47,125,3,"Cr,Y,Zr",62,0.496000000000,0,0.000000000000,16,0.128000000000,47,0.376000000000
2159,Cr62Y16Zr47,125,3,"Cr,Y,Zr",62,0.496000000000,0,0.000000000000,16,0.128000000000,47,0.376000000000
2160,Cr78Y16Zr31,125,3,"Cr,Y,Zr",78,0.624000000000,0,0.000000000000,16,0.128000000000,31,0.248000000000
2161,Cr78Y16Zr31,125,3,"Cr,Y,Zr",78,0.624000000000,0,0.000000000000,16,0.128000000000,31,0.248000000000
2162,Cr78Y16Zr31,125,3,"Cr,Y,Zr",78,0.624000000000,0,0.000000000000,16,0.128000000000,31,0.248000000000
2163,Cr78Y16Zr31,125,3,"Cr,Y,Zr",78,0.624000000000,0,0.000000000000,16,0.128000000000,31,0.248000000000
2164,Cr78Y16Zr31,125,3,"Cr,Y,Zr",78,0.624000000000,0,0.000000000000,16,0.128000000000,31,0.248000000000
2165,Cr78Y16Zr31,125,3,"Cr,Y,Zr",78,0.624000000000,0,0.000000000000,16,0.128000000000,31,0.248000000000
2166,Cr79Y17Zr31,127,3,"Cr,Y,Zr",79,0.622047244094,0,0.000000000000,17,0.133858267717,31,0.244094488189
2167,Cr62Y16Zr47,125,3,"Cr,Y,Zr",62,0.496000000000,0,0.000000000000,16,0.128000000000,47,0.376000000000
2168,Cr62Y16Zr47,125,3,"Cr,Y,Zr",62,0.496000000000,0,0.000000000000,16,0.128000000000,47,0.376000000000
2169,Cr62Y16Zr47,125,3,"Cr,Y,Zr",62,0.496000000000,0,0.000000000000,16,0.128000000000,47,0.376000000000
2170,Cr62Y16Zr47,125,3,"Cr,Y,Zr",62,0.496000000000,0,0.000000000000,16,0.128000000000,47,0.376000000000
2171,Cr62Y16Zr47,125,3,"Cr,Y,Zr",62,0.496000000000,0,0.000000000000,16,0.128000000000,47,0.376000000000
2172,Cr55Y15Zr43,113,3,"Cr,Y,Zr",55,0.486725663717,0,0.000000000000,15,0.132743362832,43,0.380530973451
2173,Cr62Y16Zr47,125,3,"Cr,Y,Zr",62,0.496000000000,0,0.000000000000,16,0.128000000000,47,0.376000000000
2174,Cr62Y16Zr47,125,3,"Cr,Y,Zr",62,0.496000000000,0,0.000000000000,16,0.128000000000,47,0.376000000000
2175,Cr62Y16Zr47,125,3,"Cr,Y,Zr",62,0.496000000000,0,0.000000000000,16,0.128000000000,47,0.376000000000
2176,Cr62Y16Zr47,125,3,"Cr,Y,Zr",62,0.496000000000,0,0.000000000000,16,0.128000000000,47,0.376000000000
2177,Cr56Y16Zr45,117,3,"Cr,Y,Zr",56,0.478632478632,0,0.000000000000,16,0.136752136752,45,0.384615384615
2178,Cr62Y16Zr47,125,3,"Cr,Y,Zr",62,0.496000000000,0,0.000000000000,16,0.128000000000,47,0.376000000000
2179,Cr47Y16Zr62,125,3,"Cr,Y,Zr",47,0.376000000000,0,0.000000000000,16,0.128000000000,62,0.496000000000
2180,Cr47Y16Zr62,125,3,"Cr,Y,Zr",47,0.376000000000,0,0.000000000000,16,0.128000000000,62,0.496000000000
2181,Cr62Y16Zr47,125,3,"Cr,Y,Zr",62,0.496000000000,0,0.000000000000,16,0.128000000000,47,0.376000000000
2182,Cr62Y16Zr47,125,3,"Cr,Y,Zr",62,0.496000000000,0,0.000000000000,16,0.128000000000,47,0.376000000000
2183,Cr47Y17Zr63,127,3,"Cr,Y,Zr",47,0.370078740157,0,0.000000000000,17,0.133858267717,63,0.496062992126
2184,Cr47Y16Zr62,125,3,"Cr,Y,Zr",47,0.376000000000,0,0.000000000000,16,0.128000000000,62,0.496000000000
2185,Cr47Y16Zr62,125,3,"Cr,Y,Zr",47,0.376000000000,0,0.000000000000,16,0.128000000000,62,0.496000000000
2186,Cr47Y16Zr62,125,3,"Cr,Y,Zr",47,0.376000000000,0,0.000000000000,16,0.128000000000,62,0.496000000000
2187,Cr47Y16Zr62,125,3,"Cr,Y,Zr",47,0.376000000000,0,0.000000000000,16,0.128000000000,62,0.496000000000
2188,Cr47WY16Zr62,126,4,"Cr,W,Y,Zr",47,0.373015873016,1,0.007936507937,16,0.126984126984,62,0.492063492063
2189,Cr62Y16Zr47,125,3,"Cr,Y,Zr",62,0.496000000000,0,0.000000000000,16,0.128000000000,47,0.376000000000
2190,Cr62Y16Zr47,125,3,"Cr,Y,Zr",62,0.496000000000,0,0.000000000000,16,0.128000000000,47,0.376000000000
2191,Cr62Y16Zr47,125,3,"Cr,Y,Zr",62,0.496000000000,0,0.000000000000,16,0.128000000000,47,0.376000000000
2192,Cr60Y14Zr42,116,3,"Cr,Y,Zr",60,0.517241379310,0,0.000000000000,14,0.120689655172,42,0.362068965517
2193,Cr62Y16Zr47,125,3,"Cr,Y,Zr",62,0.496000000000,0,0.000000000000,16,0.128000000000,47,0.376000000000
2194,Cr47Y16Zr62,125,3,"Cr,Y,Zr",47,0.376000000000,0,0.000000000000,16,0.128000000000,62,0.496000000000
2195,Cr42Y15Zr58,115,3,"Cr,Y,Zr",42,0.365217391304,0,0.000000000000,15,0.130434782609,58,0.504347826087
2196,Cr47Y16Zr62,125,3,"Cr,Y,Zr",47,0.376000000000,0,0.000000000000,16,0.128000000000,62,0.496000000000
2197,Cr47Y16Zr62,125,3,"Cr,Y,Zr",47,0.376000000000,0,0.000000000000,16,0.128000000000,62,0.496000000000
2198,Cr47Y14Zr52,113,3,"Cr,Y,Zr",47,0.415929203540,0,0.000000000000,14,0.123893805310,52,0.460176991150
2199,Cr47Y16Zr62,125,3,"Cr,Y,Zr",47,0.376000000000,0,0.000000000000,16,0.128000000000,62,0.496000000000
2200,Cr31Y18Zr78,127,3,"Cr,Y,Zr",31,0.244094488189,0,0.000000000000,18,0.141732283465,78,0.614173228346
2201,Cr47Y16Zr62,125,3,"Cr,Y,Zr",47,0.376000000000,0,0.000000000000,16,0.128000000000,62,0.496000000000
2202,Cr47Y16Zr62,125,3,"Cr,Y,Zr",47,0.376000000000,0,0.000000000000,16,0.128000000000,62,0.496000000000
2203,Cr47Y16Zr62,125,3,"Cr,Y,Zr",47,0.376000000000,0,0.000000000000,16,0.128000000000,62,0.496000000000
2204,Cr40Y16Zr58,114,3,"Cr,Y,Zr",40,0.350877192982,0,0.000000000000,16,0.140350877193,58,0.508771929825
2205,Cr47Y16Zr62,125,3,"Cr,Y,Zr",47,0.376000000000,0,0.000000000000,16,0.128000000000,62,0.496000000000
2206,Cr45Y13Zr56,114,3,"Cr,Y,Zr",45,0.394736842105,0,0.000000000000,13,0.114035087719,56,0.491228070175
2207,Cr47Y16Zr62,125,3,"Cr,Y,Zr",47,0.376000000000,0,0.000000000000,16,0.128000000000,62,0.496000000000
2208,Cr31Y16Zr78,125,3,"Cr,Y,Zr",31,0.248000000000,0,0.000000000000,16,0.128000000000,78,0.624000000000
2209,Cr31Y16Zr78,125,3,"Cr,Y,Zr",31,0.248000000000,0,0.000000000000,16,0.128000000000,78,0.624000000000
2210,Cr32W2Y16Zr78,128,4,"Cr,W,Y,Zr",32,0.250000000000,2,0.015625000000,16,0.125000000000,78,0.609375000000
2211,Cr31Y16Zr78,125,3,"Cr,Y,Zr",31,0.248000000000,0,0.000000000000,16,0.128000000000,78,0.624000000000
2212,Cr31Y16Zr78,125,3,"Cr,Y,Zr",31,0.248000000000,0,0.000000000000,16,0.128000000000,78,0.624000000000
2213,Cr31Y16Zr78,125,3,"Cr,Y,Zr",31,0.248000000000,0,0.000000000000,16,0.128000000000,78,0.624000000000
2214,Cr31Y16Zr78,125,3,"Cr,Y,Zr",31,0.248000000000,0,0.000000000000,16,0.128000000000,78,0.624000000000
2215,Cr27Y15Zr72,114,3,"Cr,Y,Zr",27,0.236842105263,0,0.000000000000,15,0.131578947368,72,0.631578947368
2216,Cr31Y16Zr78,125,3,"Cr,Y,Zr",31,0.248000000000,0,0.000000000000,16,0.128000000000,78,0.624000000000
2217,Cr32Y16Zr79,127,3,"Cr,Y,Zr",32,0.251968503937,0,0.000000000000,16,0.125984251969,79,0.622047244094
2218,Cr31Y16Zr78,125,3,"Cr,Y,Zr",31,0.248000000000,0,0.000000000000,16,0.128000000000,78,0.624000000000
2219,Cr31Y16Zr78,125,3,"Cr,Y,Zr",31,0.248000000000,0,0.000000000000,16,0.128000000000,78,0.624000000000
2220,Cr31Y16Zr78,125,3,"Cr,Y,Zr",31,0.248000000000,0,0.000000000000,16,0.128000000000,78,0.624000000000
2221,Cr31Y16Zr78,125,3,"Cr,Y,Zr",31,0.248000000000,0,0.000000000000,16,0.128000000000,78,0.624000000000
2222,Cr31Y16Zr78,125,3,"Cr,Y,Zr",31,0.248000000000,0,0.000000000000,16,0.128000000000,78,0.624000000000
2223,Cr31Y16Zr78,125,3,"Cr,Y,Zr",31,0.248000000000,0,0.000000000000,16,0.128000000000,78,0.624000000000
2224,Cr29Y15Zr73,117,3,"Cr,Y,Zr",29,0.247863247863,0,0.000000000000,15,0.128205128205,73,0.623931623932
2225,Cr31WY16Zr78,126,4,"Cr,W,Y,Zr",31,0.246031746032,1,0.007936507937,16,0.126984126984,78,0.619047619048
2226,Cr16Y15Zr94,125,3,"Cr,Y,Zr",16,0.128000000000,0,0.000000000000,15,0.120000000000,94,0.752000000000
2227,Cr31Y16Zr78,125,3,"Cr,Y,Zr",31,0.248000000000,0,0.000000000000,16,0.128000000000,78,0.624000000000
2228,Cr31Y13Zr69,113,3,"Cr,Y,Zr",31,0.274336283186,0,0.000000000000,13,0.115044247788,69,0.610619469027
2229,Cr31Y16Zr78,125,3,"Cr,Y,Zr",31,0.248000000000,0,0.000000000000,16,0.128000000000,78,0.624000000000
2230,Cr78Y31Zr16,125,3,"Cr,Y,Zr",78,0.624000000000,0,0.000000000000,31,0.248000000000,16,0.128000000000
2231,Cr78Y31Zr16,125,3,"Cr,Y,Zr",78,0.624000000000,0,0.000000000000,31,0.248000000000,16,0.128000000000
2232,Cr78Y31Zr16,125,3,"Cr,Y,Zr",78,0.624000000000,0,0.000000000000,31,0.248000000000,16,0.128000000000
2233,Cr16Y15Zr94,125,3,"Cr,Y,Zr",16,0.128000000000,0,0.000000000000,15,0.120000000000,94,0.752000000000
2234,Cr16Y15Zr94,125,3,"Cr,Y,Zr",16,0.128000000000,0,0.000000000000,15,0.120000000000,94,0.752000000000
2235,Cr16WY16Zr95,128,4,"Cr,W,Y,Zr",16,0.125000000000,1,0.007812500000,16,0.125000000000,95,0.742187500000
2236,Cr16Y15Zr94,125,3,"Cr,Y,Zr",16,0.128000000000,0,0.000000000000,15,0.120000000000,94,0.752000000000
2237,Cr16Y15Zr94,125,3,"Cr,Y,Zr",16,0.128000000000,0,0.000000000000,15,0.120000000000,94,0.752000000000
2238,Cr16Y15Zr94,125,3,"Cr,Y,Zr",16,0.128000000000,0,0.000000000000,15,0.120000000000,94,0.752000000000
2239,Cr17Y16Zr94,127,3,"Cr,Y,Zr",17,0.133858267717,0,0.000000000000,16,0.125984251969,94,0.740157480315
2240,Cr16Y15Zr94,125,3,"Cr,Y,Zr",16,0.128000000000,0,0.000000000000,15,0.120000000000,94,0.752000000000
2241,Cr16Y15Zr94,125,3,"Cr,Y,Zr",16,0.128000000000,0,0.000000000000,15,0.120000000000,94,0.752000000000
2242,Cr16Y15Zr88,119,3,"Cr,Y,Zr",16,0.134453781513,0,0.000000000000,15,0.126050420168,88,0.739495798319
2243,Cr16WY15Zr94,126,4,"Cr,W,Y,Zr",16,0.126984126984,1,0.007936507937,15,0.119047619048,94,0.746031746032
2244,Cr16Y16Zr93,125,3,"Cr,Y,Zr",16,0.128000000000,0,0.000000000000,16,0.128000000000,93,0.744000000000
2245,Cr16Y14Zr83,113,3,"Cr,Y,Zr",16,0.141592920354,0,0.000000000000,14,0.123893805310,83,0.734513274336
2246,Cr12Y16Zr86,114,3,"Cr,Y,Zr",12,0.105263157895,0,0.000000000000,16,0.140350877193,86,0.754385964912
2247,Cr16Y18Zr95,129,3,"Cr,Y,Zr",16,0.124031007752,0,0.000000000000,18,0.139534883721,95,0.736434108527
2248,Cr16Y17Zr93,126,3,"Cr,Y,Zr",16,0.126984126984,0,0.000000000000,17,0.134920634921,93,0.738095238095
2249,Cr16Y16Zr93,125,3,"Cr,Y,Zr",16,0.128000000000,0,0.000000000000,16,0.128000000000,93,0.744000000000
2250,Cr16Y16Zr93,125,3,"Cr,Y,Zr",16,0.128000000000,0,0.000000000000,16,0.128000000000,93,0.744000000000
2251,Cr16Y16Zr93,125,3,"Cr,Y,Zr",16,0.128000000000,0,0.000000000000,16,0.128000000000,93,0.744000000000
2252,Cr16Y16Zr93,125,3,"Cr,Y,Zr",16,0.128000000000,0,0.000000000000,16,0.128000000000,93,0.744000000000
2253,Cr16Y16Zr93,125,3,"Cr,Y,Zr",16,0.128000000000,0,0.000000000000,16,0.128000000000,93,0.744000000000
2254,Cr78Y31Zr16,125,3,"Cr,Y,Zr",78,0.624000000000,0,0.000000000000,31,0.248000000000,16,0.128000000000
2255,Cr72Y29Zr16,117,3,"Cr,Y,Zr",72,0.615384615385,0,0.000000000000,29,0.247863247863,16,0.136752136752
2256,Cr78Y31Zr16,125,3,"Cr,Y,Zr",78,0.624000000000,0,0.000000000000,31,0.248000000000,16,0.128000000000
2257,Cr78Y31Zr16,125,3,"Cr,Y,Zr",78,0.624000000000,0,0.000000000000,31,0.248000000000,16,0.128000000000
2258,Cr78Y31Zr16,125,3,"Cr,Y,Zr",78,0.624000000000,0,0.000000000000,31,0.248000000000,16,0.128000000000
2259,Cr78Y31Zr16,125,3,"Cr,Y,Zr",78,0.624000000000,0,0.000000000000,31,0.248000000000,16,0.128000000000
2260,Cr78Y31Zr16,125,3,"Cr,Y,Zr",78,0.624000000000,0,0.000000000000,31,0.248000000000,16,0.128000000000
2261,Cr78Y31Zr16,125,3,"Cr,Y,Zr",78,0.624000000000,0,0.000000000000,31,0.248000000000,16,0.128000000000
2262,Cr69Y29Zr15,113,3,"Cr,Y,Zr",69,0.610619469027,0,0.000000000000,29,0.256637168142,15,0.132743362832
2263,Cr78W2Y31Zr16,127,4,"Cr,W,Y,Zr",78,0.614173228346,2,0.015748031496,31,0.244094488189,16,0.125984251969
2264,Cr78Y31Zr16,125,3,"Cr,Y,Zr",78,0.624000000000,0,0.000000000000,31,0.248000000000,16,0.128000000000
2265,Cr78Y31Zr16,125,3,"Cr,Y,Zr",78,0.624000000000,0,0.000000000000,31,0.248000000000,16,0.128000000000
2266,Cr78Y31Zr16,125,3,"Cr,Y,Zr",78,0.624000000000,0,0.000000000000,31,0.248000000000,16,0.128000000000
2267,Cr78Y31Zr16,125,3,"Cr,Y,Zr",78,0.624000000000,0,0.000000000000,31,0.248000000000,16,0.128000000000
2268,Cr78Y31Zr16,125,3,"Cr,Y,Zr",78,0.624000000000,0,0.000000000000,31,0.248000000000,16,0.128000000000
2269,Cr78Y31Zr16,125,3,"Cr,Y,Zr",78,0.624000000000,0,0.000000000000,31,0.248000000000,16,0.128000000000
2270,Cr78Y31Zr16,125,3,"Cr,Y,Zr",78,0.624000000000,0,0.000000000000,31,0.248000000000,16,0.128000000000
2271,Cr78Y31Zr16,125,3,"Cr,Y,Zr",78,0.624000000000,0,0.000000000000,31,0.248000000000,16,0.128000000000
2272,Cr78Y31Zr16,125,3,"Cr,Y,Zr",78,0.624000000000,0,0.000000000000,31,0.248000000000,16,0.128000000000
2273,Cr63Y31Zr31,125,3,"Cr,Y,Zr",63,0.504000000000,0,0.000000000000,31,0.248000000000,31,0.248000000000
2274,Cr63Y31Zr31,125,3,"Cr,Y,Zr",63,0.504000000000,0,0.000000000000,31,0.248000000000,31,0.248000000000
2275,Cr63Y31Zr31,125,3,"Cr,Y,Zr",63,0.504000000000,0,0.000000000000,31,0.248000000000,31,0.248000000000
2276,Cr63Y31Zr31,125,3,"Cr,Y,Zr",63,0.504000000000,0,0.000000000000,31,0.248000000000,31,0.248000000000
2277,Cr63WY31Zr31,126,4,"Cr,W,Y,Zr",63,0.500000000000,1,0.007936507937,31,0.246031746032,31,0.246031746032
2278,Cr63Y31Zr32,126,3,"Cr,Y,Zr",63,0.500000000000,0,0.000000000000,31,0.246031746032,32,0.253968253968
2279,Cr63Y31Zr31,125,3,"Cr,Y,Zr",63,0.504000000000,0,0.000000000000,31,0.248000000000,31,0.248000000000
2280,Cr59Y28Zr27,114,3,"Cr,Y,Zr",59,0.517543859649,0,0.000000000000,28,0.245614035088,27,0.236842105263
2281,Cr63Y31Zr31,125,3,"Cr,Y,Zr",63,0.504000000000,0,0.000000000000,31,0.248000000000,31,0.248000000000
2282,Cr62Y31Zr32,125,3,"Cr,Y,Zr",62,0.496000000000,0,0.000000000000,31,0.248000000000,32,0.256000000000
2283,Cr62Y31Zr32,125,3,"Cr,Y,Zr",62,0.496000000000,0,0.000000000000,31,0.248000000000,32,0.256000000000
2284,Cr62WY31Zr32,126,4,"Cr,W,Y,Zr",62,0.492063492063,1,0.007936507937,31,0.246031746032,32,0.253968253968
2285,Cr62Y31Zr32,125,3,"Cr,Y,Zr",62,0.496000000000,0,0.000000000000,31,0.248000000000,32,0.256000000000
2286,Cr62Y31Zr32,125,3,"Cr,Y,Zr",62,0.496000000000,0,0.000000000000,31,0.248000000000,32,0.256000000000
2287,Cr56Y27Zr31,114,3,"Cr,Y,Zr",56,0.491228070175,0,0.000000000000,27,0.236842105263,31,0.271929824561
2288,Cr62Y31Zr32,125,3,"Cr,Y,Zr",62,0.496000000000,0,0.000000000000,31,0.248000000000,32,0.256000000000
2289,Cr47Y31Zr49,127,3,"Cr,Y,Zr",47,0.370078740157,0,0.000000000000,31,0.244094488189,49,0.385826771654
2290,Cr47Y31Zr47,125,3,"Cr,Y,Zr",47,0.376000000000,0,0.000000000000,31,0.248000000000,47,0.376000000000
2291,Cr47Y31Zr47,125,3,"Cr,Y,Zr",47,0.376000000000,0,0.000000000000,31,0.248000000000,47,0.376000000000
2292,Cr47Y31Zr47,125,3,"Cr,Y,Zr",47,0.376000000000,0,0.000000000000,31,0.248000000000,47,0.376000000000
2293,Cr47Y31Zr47,125,3,"Cr,Y,Zr",47,0.376000000000,0,0.000000000000,31,0.248000000000,47,0.376000000000
2294,Cr47Y31Zr47,125,3,"Cr,Y,Zr",47,0.376000000000,0,0.000000000000,31,0.248000000000,47,0.376000000000
2295,Cr43Y31Zr40,114,3,"Cr,Y,Zr",43,0.377192982456,0,0.000000000000,31,0.271929824561,40,0.350877192982
2296,Cr47WY31Zr47,126,4,"Cr,W,Y,Zr",47,0.373015873016,1,0.007936507937,31,0.246031746032,47,0.373015873016
2297,Cr47Y31Zr47,125,3,"Cr,Y,Zr",47,0.376000000000,0,0.000000000000,31,0.248000000000,47,0.376000000000
2298,Cr47Y31Zr48,126,3,"Cr,Y,Zr",47,0.373015873016,0,0.000000000000,31,0.246031746032,48,0.380952380952
2299,Cr47Y31Zr47,125,3,"Cr,Y,Zr",47,0.376000000000,0,0.000000000000,31,0.248000000000,47,0.376000000000
2300,Cr47Y31Zr47,125,3,"Cr,Y,Zr",47,0.376000000000,0,0.000000000000,31,0.248000000000,47,0.376000000000
2301,Cr47Y31Zr47,125,3,"Cr,Y,Zr",47,0.376000000000,0,0.000000000000,31,0.248000000000,47,0.376000000000
2302,Cr47Y31Zr47,125,3,"Cr,Y,Zr",47,0.376000000000,0,0.000000000000,31,0.248000000000,47,0.376000000000
2303,Cr31Y31Zr63,125,3,"Cr,Y,Zr",31,0.248000000000,0,0.000000000000,31,0.248000000000,63,0.504000000000
2304,Cr31Y31Zr63,125,3,"Cr,Y,Zr",31,0.248000000000,0,0.000000000000,31,0.248000000000,63,0.504000000000
2305,Cr31Y32Zr63,126,3,"Cr,Y,Zr",31,0.246031746032,0,0.000000000000,32,0.253968253968,63,0.500000000000
2306,Cr47Y31Zr47,125,3,"Cr,Y,Zr",47,0.376000000000,0,0.000000000000,31,0.248000000000,47,0.376000000000
2307,Cr47Y31Zr47,125,3,"Cr,Y,Zr",47,0.376000000000,0,0.000000000000,31,0.248000000000,47,0.376000000000
2308,Cr47Y31Zr47,125,3,"Cr,Y,Zr",47,0.376000000000,0,0.000000000000,31,0.248000000000,47,0.376000000000
2309,Cr42Y27Zr44,113,3,"Cr,Y,Zr",42,0.371681415929,0,0.000000000000,27,0.238938053097,44,0.389380530973
2310,Cr47Y31Zr48,126,3,"Cr,Y,Zr",47,0.373015873016,0,0.000000000000,31,0.246031746032,48,0.380952380952
2311,Cr31Y31Zr63,125,3,"Cr,Y,Zr",31,0.248000000000,0,0.000000000000,31,0.248000000000,63,0.504000000000
2312,Cr31Y31Zr63,125,3,"Cr,Y,Zr",31,0.248000000000,0,0.000000000000,31,0.248000000000,63,0.504000000000
2313,Cr31Y31Zr63,125,3,"Cr,Y,Zr",31,0.248000000000,0,0.000000000000,31,0.248000000000,63,0.504000000000
2314,Cr31Y31Zr63,125,3,"Cr,Y,Zr",31,0.248000000000,0,0.000000000000,31,0.248000000000,63,0.504000000000
2315,Cr27Y29Zr59,115,3,"Cr,Y,Zr",27,0.234782608696,0,0.000000000000,29,0.252173913043,59,0.513043478261
2316,Cr31Y31Zr63,125,3,"Cr,Y,Zr",31,0.248000000000,0,0.000000000000,31,0.248000000000,63,0.504000000000
2317,Cr31Y31Zr63,125,3,"Cr,Y,Zr",31,0.248000000000,0,0.000000000000,31,0.248000000000,63,0.504000000000
2318,Cr31Y31Zr63,125,3,"Cr,Y,Zr",31,0.248000000000,0,0.000000000000,31,0.248000000000,63,0.504000000000
2319,Cr31Y31Zr63,125,3,"Cr,Y,Zr",31,0.248000000000,0,0.000000000000,31,0.248000000000,63,0.504000000000
2320,Cr31Y31Zr63,125,3,"Cr,Y,Zr",31,0.248000000000,0,0.000000000000,31,0.248000000000,63,0.504000000000
2321,Cr31Y31Zr63,125,3,"Cr,Y,Zr",31,0.248000000000,0,0.000000000000,31,0.248000000000,63,0.504000000000
2322,Cr31Y31Zr63,125,3,"Cr,Y,Zr",31,0.248000000000,0,0.000000000000,31,0.248000000000,63,0.504000000000
2323,Cr31Y27Zr56,114,3,"Cr,Y,Zr",31,0.271929824561,0,0.000000000000,27,0.236842105263,56,0.491228070175
2324,Cr31Y31Zr63,125,3,"Cr,Y,Zr",31,0.248000000000,0,0.000000000000,31,0.248000000000,63,0.504000000000
2325,Cr16Y31Zr78,125,3,"Cr,Y,Zr",16,0.128000000000,0,0.000000000000,31,0.248000000000,78,0.624000000000
2326,Cr16Y31Zr78,125,3,"Cr,Y,Zr",16,0.128000000000,0,0.000000000000,31,0.248000000000,78,0.624000000000
2327,Cr16Y31Zr78,125,3,"Cr,Y,Zr",16,0.128000000000,0,0.000000000000,31,0.248000000000,78,0.624000000000
2328,Cr16Y31Zr78,125,3,"Cr,Y,Zr",16,0.128000000000,0,0.000000000000,31,0.248000000000,78,0.624000000000
2329,Cr16Y31Zr78,125,3,"Cr,Y,Zr",16,0.128000000000,0,0.000000000000,31,0.248000000000,78,0.624000000000
2330,Cr16Y31Zr78,125,3,"Cr,Y,Zr",16,0.128000000000,0,0.000000000000,31,0.248000000000,78,0.624000000000
2331,Cr16Y31Zr78,125,3,"Cr,Y,Zr",16,0.128000000000,0,0.000000000000,31,0.248000000000,78,0.624000000000
2332,Cr16Y31Zr78,125,3,"Cr,Y,Zr",16,0.128000000000,0,0.000000000000,31,0.248000000000,78,0.624000000000
2333,Cr16Y31Zr78,125,3,"Cr,Y,Zr",16,0.128000000000,0,0.000000000000,31,0.248000000000,78,0.624000000000
2334,Cr16Y30Zr67,113,3,"Cr,Y,Zr",16,0.141592920354,0,0.000000000000,30,0.265486725664,67,0.592920353982
2335,Cr16WY31Zr80,128,4,"Cr,W,Y,Zr",16,0.125000000000,1,0.007812500000,31,0.242187500000,80,0.625000000000
2336,Cr16Y32Zr78,126,3,"Cr,Y,Zr",16,0.126984126984,0,0.000000000000,32,0.253968253968,78,0.619047619048
2337,Cr16Y31Zr78,125,3,"Cr,Y,Zr",16,0.128000000000,0,0.000000000000,31,0.248000000000,78,0.624000000000
2338,Cr16Y31Zr78,125,3,"Cr,Y,Zr",16,0.128000000000,0,0.000000000000,31,0.248000000000,78,0.624000000000
2339,Cr14Y30Zr71,115,3,"Cr,Y,Zr",14,0.121739130435,0,0.000000000000,30,0.260869565217,71,0.617391304348
2340,Cr16Y32Zr78,126,3,"Cr,Y,Zr",16,0.126984126984,0,0.000000000000,32,0.253968253968,78,0.619047619048
2341,Cr62W3Y47Zr17,129,4,"Cr,W,Y,Zr",62,0.480620155039,3,0.023255813953,47,0.364341085271,17,0.131782945736
2342,Cr62Y47Zr16,125,3,"Cr,Y,Zr",62,0.496000000000,0,0.000000000000,47,0.376000000000,16,0.128000000000
2343,Cr62Y47Zr16,125,3,"Cr,Y,Zr",62,0.496000000000,0,0.000000000000,47,0.376000000000,16,0.128000000000
2344,Cr62Y47Zr16,125,3,"Cr,Y,Zr",62,0.496000000000,0,0.000000000000,47,0.376000000000,16,0.128000000000
2345,Cr62Y47Zr16,125,3,"Cr,Y,Zr",62,0.496000000000,0,0.000000000000,47,0.376000000000,16,0.128000000000
2346,Cr62WY47Zr16,126,4,"Cr,W,Y,Zr",62,0.492063492063,1,0.007936507937,47,0.373015873016,16,0.126984126984
2347,Cr62Y47Zr16,125,3,"Cr,Y,Zr",62,0.496000000000,0,0.000000000000,47,0.376000000000,16,0.128000000000
2348,Cr62Y47Zr16,125,3,"Cr,Y,Zr",62,0.496000000000,0,0.000000000000,47,0.376000000000,16,0.128000000000
2349,Cr62Y47Zr16,125,3,"Cr,Y,Zr",62,0.496000000000,0,0.000000000000,47,0.376000000000,16,0.128000000000
2350,Cr62Y47Zr16,125,3,"Cr,Y,Zr",62,0.496000000000,0,0.000000000000,47,0.376000000000,16,0.128000000000
2351,Cr62Y47Zr16,125,3,"Cr,Y,Zr",62,0.496000000000,0,0.000000000000,47,0.376000000000,16,0.128000000000
2352,Cr56Y45Zr16,117,3,"Cr,Y,Zr",56,0.478632478632,0,0.000000000000,45,0.384615384615,16,0.136752136752
2353,Cr62Y47Zr17,126,3,"Cr,Y,Zr",62,0.492063492063,0,0.000000000000,47,0.373015873016,17,0.134920634921
2354,Cr16Y31Zr78,125,3,"Cr,Y,Zr",16,0.128000000000,0,0.000000000000,31,0.248000000000,78,0.624000000000
2355,Cr16Y31Zr78,125,3,"Cr,Y,Zr",16,0.128000000000,0,0.000000000000,31,0.248000000000,78,0.624000000000
2356,Cr16Y31Zr78,125,3,"Cr,Y,Zr",16,0.128000000000,0,0.000000000000,31,0.248000000000,78,0.624000000000
2357,Cr16Y31Zr78,125,3,"Cr,Y,Zr",16,0.128000000000,0,0.000000000000,31,0.248000000000,78,0.624000000000
2358,Cr16Y26Zr76,118,3,"Cr,Y,Zr",16,0.135593220339,0,0.000000000000,26,0.220338983051,76,0.644067796610
2359,Cr16Y31Zr79,126,3,"Cr,Y,Zr",16,0.126984126984,0,0.000000000000,31,0.246031746032,79,0.626984126984
2360,Cr57Y43Zr13,113,3,"Cr,Y,Zr",57,0.504424778761,0,0.000000000000,43,0.380530973451,13,0.115044247788
2361,Cr62WY47Zr16,126,4,"Cr,W,Y,Zr",62,0.492063492063,1,0.007936507937,47,0.373015873016,16,0.126984126984
2362,Cr47Y47Zr31,125,3,"Cr,Y,Zr",47,0.376000000000,0,0.000000000000,47,0.376000000000,31,0.248000000000
2363,Cr47Y47Zr31,125,3,"Cr,Y,Zr",47,0.376000000000,0,0.000000000000,47,0.376000000000,31,0.248000000000
2364,Cr47Y47Zr31,125,3,"Cr,Y,Zr",47,0.376000000000,0,0.000000000000,47,0.376000000000,31,0.248000000000
2365,Cr42Y41Zr30,113,3,"Cr,Y,Zr",42,0.371681415929,0,0.000000000000,41,0.362831858407,30,0.265486725664
2366,Cr48Y47Zr32,127,3,"Cr,Y,Zr",48,0.377952755906,0,0.000000000000,47,0.370078740157,32,0.251968503937
2367,Cr47Y47Zr31,125,3,"Cr,Y,Zr",47,0.376000000000,0,0.000000000000,47,0.376000000000,31,0.248000000000
2368,Cr47Y47Zr31,125,3,"Cr,Y,Zr",47,0.376000000000,0,0.000000000000,47,0.376000000000,31,0.248000000000
2369,Cr41Y43Zr30,114,3,"Cr,Y,Zr",41,0.359649122807,0,0.000000000000,43,0.377192982456,30,0.263157894737
2370,Cr47Y47Zr31,125,3,"Cr,Y,Zr",47,0.376000000000,0,0.000000000000,47,0.376000000000,31,0.248000000000
2371,Cr62Y47Zr16,125,3,"Cr,Y,Zr",62,0.496000000000,0,0.000000000000,47,0.376000000000,16,0.128000000000
2372,Cr62Y47Zr16,125,3,"Cr,Y,Zr",62,0.496000000000,0,0.000000000000,47,0.376000000000,16,0.128000000000
2373,Cr62Y47Zr16,125,3,"Cr,Y,Zr",62,0.496000000000,0,0.000000000000,47,0.376000000000,16,0.128000000000
2374,Cr63Y47Zr16,126,3,"Cr,Y,Zr",63,0.500000000000,0,0.000000000000,47,0.373015873016,16,0.126984126984
2375,Cr47Y47Zr31,125,3,"Cr,Y,Zr",47,0.376000000000,0,0.000000000000,47,0.376000000000,31,0.248000000000
2376,Cr48Y47Zr31,126,3,"Cr,Y,Zr",48,0.380952380952,0,0.000000000000,47,0.373015873016,31,0.246031746032
2377,Cr62Y47Zr16,125,3,"Cr,Y,Zr",62,0.496000000000,0,0.000000000000,47,0.376000000000,16,0.128000000000
2378,Cr62Y47Zr16,125,3,"Cr,Y,Zr",62,0.496000000000,0,0.000000000000,47,0.376000000000,16,0.128000000000
2379,Cr62Y47Zr16,125,3,"Cr,Y,Zr",62,0.496000000000,0,0.000000000000,47,0.376000000000,16,0.128000000000
2380,Cr47Y47Zr31,125,3,"Cr,Y,Zr",47,0.376000000000,0,0.000000000000,47,0.376000000000,31,0.248000000000
2381,Cr47Y47Zr31,125,3,"Cr,Y,Zr",47,0.376000000000,0,0.000000000000,47,0.376000000000,31,0.248000000000
2382,Cr47Y47Zr32,126,3,"Cr,Y,Zr",47,0.373015873016,0,0.000000000000,47,0.373015873016,32,0.253968253968
2383,Cr47Y47Zr31,125,3,"Cr,Y,Zr",47,0.376000000000,0,0.000000000000,47,0.376000000000,31,0.248000000000
2384,Cr47Y47Zr31,125,3,"Cr,Y,Zr",47,0.376000000000,0,0.000000000000,47,0.376000000000,31,0.248000000000
2385,Cr47Y48Zr31,126,3,"Cr,Y,Zr",47,0.373015873016,0,0.000000000000,48,0.380952380952,31,0.246031746032
2386,Cr31Y47Zr47,125,3,"Cr,Y,Zr",31,0.248000000000,0,0.000000000000,47,0.376000000000,47,0.376000000000
2387,Cr29Y43Zr42,114,3,"Cr,Y,Zr",29,0.254385964912,0,0.000000000000,43,0.377192982456,42,0.368421052632
2388,Cr32Y47Zr47,126,3,"Cr,Y,Zr",32,0.253968253968,0,0.000000000000,47,0.373015873016,47,0.373015873016
2389,Cr31Y47Zr47,125,3,"Cr,Y,Zr",31,0.248000000000,0,0.000000000000,47,0.376000000000,47,0.376000000000
2390,Cr31Y47Zr47,125,3,"Cr,Y,Zr",31,0.248000000000,0,0.000000000000,47,0.376000000000,47,0.376000000000
2391,Cr32Y47Zr49,128,3,"Cr,Y,Zr",32,0.250000000000,0,0.000000000000,47,0.367187500000,49,0.382812500000
2392,Cr31Y47Zr47,125,3,"Cr,Y,Zr",31,0.248000000000,0,0.000000000000,47,0.376000000000,47,0.376000000000
2393,Cr31Y47Zr47,125,3,"Cr,Y,Zr",31,0.248000000000,0,0.000000000000,47,0.376000000000,47,0.376000000000
2394,Cr31Y47Zr47,125,3,"Cr,Y,Zr",31,0.248000000000,0,0.000000000000,47,0.376000000000,47,0.376000000000
2395,Cr31Y47Zr47,125,3,"Cr,Y,Zr",31,0.248000000000,0,0.000000000000,47,0.376000000000,47,0.376000000000
2396,Cr31Y47Zr47,125,3,"Cr,Y,Zr",31,0.248000000000,0,0.000000000000,47,0.376000000000,47,0.376000000000
2397,Cr31Y47Zr47,125,3,"Cr,Y,Zr",31,0.248000000000,0,0.000000000000,47,0.376000000000,47,0.376000000000
2398,Cr31Y48Zr47,126,3,"Cr,Y,Zr",31,0.246031746032,0,0.000000000000,48,0.380952380952,47,0.373015873016
2399,Cr31Y47Zr47,125,3,"Cr,Y,Zr",31,0.248000000000,0,0.000000000000,47,0.376000000000,47,0.376000000000
2400,Cr31Y47Zr47,125,3,"Cr,Y,Zr",31,0.248000000000,0,0.000000000000,47,0.376000000000,47,0.376000000000
2401,Cr31Y47Zr47,125,3,"Cr,Y,Zr",31,0.248000000000,0,0.000000000000,47,0.376000000000,47,0.376000000000
2402,Cr29Y43Zr43,115,3,"Cr,Y,Zr",29,0.252173913043,0,0.000000000000,43,0.373913043478,43,0.373913043478
2403,Cr31Y47Zr47,125,3,"Cr,Y,Zr",31,0.248000000000,0,0.000000000000,47,0.376000000000,47,0.376000000000
2404,Cr31Y47Zr47,125,3,"Cr,Y,Zr",31,0.248000000000,0,0.000000000000,47,0.376000000000,47,0.376000000000
2405,Cr31Y47Zr47,125,3,"Cr,Y,Zr",31,0.248000000000,0,0.000000000000,47,0.376000000000,47,0.376000000000
2406,Cr31WY47Zr48,127,4,"Cr,W,Y,Zr",31,0.244094488189,1,0.007874015748,47,0.370078740157,48,0.377952755906
2407,Cr31Y47Zr47,125,3,"Cr,Y,Zr",31,0.248000000000,0,0.000000000000,47,0.376000000000,47,0.376000000000
2408,Cr16Y47Zr62,125,3,"Cr,Y,Zr",16,0.128000000000,0,0.000000000000,47,0.376000000000,62,0.496000000000
2409,Cr16Y47Zr62,125,3,"Cr,Y,Zr",16,0.128000000000,0,0.000000000000,47,0.376000000000,62,0.496000000000
2410,Cr16Y48Zr62,126,3,"Cr,Y,Zr",16,0.126984126984,0,0.000000000000,48,0.380952380952,62,0.492063492063
2411,Cr16Y47Zr62,125,3,"Cr,Y,Zr",16,0.128000000000,0,0.000000000000,47,0.376000000000,62,0.496000000000
2412,Cr16Y43Zr59,118,3,"Cr,Y,Zr",16,0.135593220339,0,0.000000000000,43,0.364406779661,59,0.500000000000
2413,Cr16Y48Zr62,126,3,"Cr,Y,Zr",16,0.126984126984,0,0.000000000000,48,0.380952380952,62,0.492063492063
2414,Cr16Y47Zr62,125,3,"Cr,Y,Zr",16,0.128000000000,0,0.000000000000,47,0.376000000000,62,0.496000000000
2415,Cr16Y47Zr62,125,3,"Cr,Y,Zr",16,0.128000000000,0,0.000000000000,47,0.376000000000,62,0.496000000000
2416,Cr16Y47Zr62,125,3,"Cr,Y,Zr",16,0.128000000000,0,0.000000000000,47,0.376000000000,62,0.496000000000
2417,Cr16Y47Zr62,125,3,"Cr,Y,Zr",16,0.128000000000,0,0.000000000000,47,0.376000000000,62,0.496000000000
2418,Cr16Y43Zr54,113,3,"Cr,Y,Zr",16,0.141592920354,0,0.000000000000,43,0.380530973451,54,0.477876106195
2419,Cr16Y47Zr62,125,3,"Cr,Y,Zr",16,0.128000000000,0,0.000000000000,47,0.376000000000,62,0.496000000000
2420,Cr17Y47Zr62,126,3,"Cr,Y,Zr",17,0.134920634921,0,0.000000000000,47,0.373015873016,62,0.492063492063
2421,Cr16Y47Zr62,125,3,"Cr,Y,Zr",16,0.128000000000,0,0.000000000000,47,0.376000000000,62,0.496000000000
2422,Cr16Y47Zr62,125,3,"Cr,Y,Zr",16,0.128000000000,0,0.000000000000,47,0.376000000000,62,0.496000000000
2423,Cr16Y47Zr62,125,3,"Cr,Y,Zr",16,0.128000000000,0,0.000000000000,47,0.376000000000,62,0.496000000000
2424,Cr16Y47Zr62,125,3,"Cr,Y,Zr",16,0.128000000000,0,0.000000000000,47,0.376000000000,62,0.496000000000
2425,Cr16Y47Zr62,125,3,"Cr,Y,Zr",16,0.128000000000,0,0.000000000000,47,0.376000000000,62,0.496000000000
2426,Cr16Y47Zr62,125,3,"Cr,Y,Zr",16,0.128000000000,0,0.000000000000,47,0.376000000000,62,0.496000000000
2427,Cr16Y47Zr62,125,3,"Cr,Y,Zr",16,0.128000000000,0,0.000000000000,47,0.376000000000,62,0.496000000000
2428,Cr16Y47Zr62,125,3,"Cr,Y,Zr",16,0.128000000000,0,0.000000000000,47,0.376000000000,62,0.496000000000
2429,Cr16Y44Zr56,116,3,"Cr,Y,Zr",16,0.137931034483,0,0.000000000000,44,0.379310344828,56,0.482758620690
2430,Cr16Y47Zr62,125,3,"Cr,Y,Zr",16,0.128000000000,0,0.000000000000,47,0.376000000000,62,0.496000000000
2431,Cr16Y47Zr62,125,3,"Cr,Y,Zr",16,0.128000000000,0,0.000000000000,47,0.376000000000,62,0.496000000000
2432,Cr47Y62Zr16,125,3,"Cr,Y,Zr",47,0.376000000000,0,0.000000000000,62,0.496000000000,16,0.128000000000
2433,Cr47Y62Zr16,125,3,"Cr,Y,Zr",47,0.376000000000,0,0.000000000000,62,0.496000000000,16,0.128000000000
2434,Cr40Y57Zr16,113,3,"Cr,Y,Zr",40,0.353982300885,0,0.000000000000,57,0.504424778761,16,0.141592920354
2435,Cr44Y59Zr12,115,3,"Cr,Y,Zr",44,0.382608695652,0,0.000000000000,59,0.513043478261,12,0.104347826087
2436,Cr47WY62Zr17,127,4,"Cr,W,Y,Zr",47,0.370078740157,1,0.007874015748,62,0.488188976378,17,0.133858267717
2437,Cr47Y62Zr16,125,3,"Cr,Y,Zr",47,0.376000000000,0,0.000000000000,62,0.496000000000,16,0.128000000000
2438,Cr47Y62Zr16,125,3,"Cr,Y,Zr",47,0.376000000000,0,0.000000000000,62,0.496000000000,16,0.128000000000
2439,Cr47Y62Zr16,125,3,"Cr,Y,Zr",47,0.376000000000,0,0.000000000000,62,0.496000000000,16,0.128000000000
2440,Cr47Y63Zr16,126,3,"Cr,Y,Zr",47,0.373015873016,0,0.000000000000,63,0.500000000000,16,0.126984126984
2441,Cr47WY62Zr16,126,4,"Cr,W,Y,Zr",47,0.373015873016,1,0.007936507937,62,0.492063492063,16,0.126984126984
2442,Cr47Y62Zr16,125,3,"Cr,Y,Zr",47,0.376000000000,0,0.000000000000,62,0.496000000000,16,0.128000000000
2443,Cr47Y62Zr16,125,3,"Cr,Y,Zr",47,0.376000000000,0,0.000000000000,62,0.496000000000,16,0.128000000000
2444,Cr47WY62Zr16,126,4,"Cr,W,Y,Zr",47,0.373015873016,1,0.007936507937,62,0.492063492063,16,0.126984126984
2445,Cr47Y62Zr16,125,3,"Cr,Y,Zr",47,0.376000000000,0,0.000000000000,62,0.496000000000,16,0.128000000000
2446,Cr47Y62Zr16,125,3,"Cr,Y,Zr",47,0.376000000000,0,0.000000000000,62,0.496000000000,16,0.128000000000
2447,Cr47Y62Zr16,125,3,"Cr,Y,Zr",47,0.376000000000,0,0.000000000000,62,0.496000000000,16,0.128000000000
2448,Cr47Y62Zr16,125,3,"Cr,Y,Zr",47,0.376000000000,0,0.000000000000,62,0.496000000000,16,0.128000000000
2449,Cr47Y62Zr16,125,3,"Cr,Y,Zr",47,0.376000000000,0,0.000000000000,62,0.496000000000,16,0.128000000000
2450,Cr47Y62Zr16,125,3,"Cr,Y,Zr",47,0.376000000000,0,0.000000000000,62,0.496000000000,16,0.128000000000
2451,Cr43Y55Zr16,114,3,"Cr,Y,Zr",43,0.377192982456,0,0.000000000000,55,0.482456140351,16,0.140350877193
2452,Cr47Y62Zr17,126,3,"Cr,Y,Zr",47,0.373015873016,0,0.000000000000,62,0.492063492063,17,0.134920634921
2453,Cr47Y62Zr16,125,3,"Cr,Y,Zr",47,0.376000000000,0,0.000000000000,62,0.496000000000,16,0.128000000000
2454,Cr47Y62Zr16,125,3,"Cr,Y,Zr",47,0.376000000000,0,0.000000000000,62,0.496000000000,16,0.128000000000
2455,Cr46Y59Zr14,119,3,"Cr,Y,Zr",46,0.386554621849,0,0.000000000000,59,0.495798319328,14,0.117647058824
2456,Cr47Y62Zr16,125,3,"Cr,Y,Zr",47,0.376000000000,0,0.000000000000,62,0.496000000000,16,0.128000000000
2457,Cr31Y64Zr31,126,3,"Cr,Y,Zr",31,0.246031746032,0,0.000000000000,64,0.507936507937,31,0.246031746032
2458,Cr31Y63Zr31,125,3,"Cr,Y,Zr",31,0.248000000000,0,0.000000000000,63,0.504000000000,31,0.248000000000
2459,Cr31Y63Zr31,125,3,"Cr,Y,Zr",31,0.248000000000,0,0.000000000000,63,0.504000000000,31,0.248000000000
2460,Cr31Y62Zr32,125,3,"Cr,Y,Zr",31,0.248000000000,0,0.000000000000,62,0.496000000000,32,0.256000000000
2461,Cr31Y62Zr32,125,3,"Cr,Y,Zr",31,0.248000000000,0,0.000000000000,62,0.496000000000,32,0.256000000000
2462,Cr31Y62Zr32,125,3,"Cr,Y,Zr",31,0.248000000000,0,0.000000000000,62,0.496000000000,32,0.256000000000
2463,Cr31Y62Zr32,125,3,"Cr,Y,Zr",31,0.248000000000,0,0.000000000000,62,0.496000000000,32,0.256000000000
2464,Cr31Y63Zr31,125,3,"Cr,Y,Zr",31,0.248000000000,0,0.000000000000,63,0.504000000000,31,0.248000000000
2465,Cr31Y63Zr31,125,3,"Cr,Y,Zr",31,0.248000000000,0,0.000000000000,63,0.504000000000,31,0.248000000000
2466,Cr27Y58Zr29,114,3,"Cr,Y,Zr",27,0.236842105263,0,0.000000000000,58,0.508771929825,29,0.254385964912
2467,Cr31Y63Zr31,125,3,"Cr,Y,Zr",31,0.248000000000,0,0.000000000000,63,0.504000000000,31,0.248000000000
2468,Cr31Y63Zr31,125,3,"Cr,Y,Zr",31,0.248000000000,0,0.000000000000,63,0.504000000000,31,0.248000000000
2469,Cr32Y64Zr31,127,3,"Cr,Y,Zr",32,0.251968503937,0,0.000000000000,64,0.503937007874,31,0.244094488189
2470,Cr16Y62Zr47,125,3,"Cr,Y,Zr",16,0.128000000000,0,0.000000000000,62,0.496000000000,47,0.376000000000
2471,Cr16Y62Zr47,125,3,"Cr,Y,Zr",16,0.128000000000,0,0.000000000000,62,0.496000000000,47,0.376000000000
2472,Cr15Y56Zr45,116,3,"Cr,Y,Zr",15,0.129310344828,0,0.000000000000,56,0.482758620690,45,0.387931034483
2473,Cr16Y62Zr47,125,3,"Cr,Y,Zr",16,0.128000000000,0,0.000000000000,62,0.496000000000,47,0.376000000000
2474,Cr16Y62Zr47,125,3,"Cr,Y,Zr",16,0.128000000000,0,0.000000000000,62,0.496000000000,47,0.376000000000
2475,Cr16Y62Zr47,125,3,"Cr,Y,Zr",16,0.128000000000,0,0.000000000000,62,0.496000000000,47,0.376000000000
2476,Cr16Y62Zr47,125,3,"Cr,Y,Zr",16,0.128000000000,0,0.000000000000,62,0.496000000000,47,0.376000000000
2477,Cr31Y62Zr32,125,3,"Cr,Y,Zr",31,0.248000000000,0,0.000000000000,62,0.496000000000,32,0.256000000000
2478,Cr31Y62Zr32,125,3,"Cr,Y,Zr",31,0.248000000000,0,0.000000000000,62,0.496000000000,32,0.256000000000
2479,Cr30Y56Zr27,113,3,"Cr,Y,Zr",30,0.265486725664,0,0.000000000000,56,0.495575221239,27,0.238938053097
2480,Cr31Y62Zr32,125,3,"Cr,Y,Zr",31,0.248000000000,0,0.000000000000,62,0.496000000000,32,0.256000000000
2481,Cr16Y62Zr47,125,3,"Cr,Y,Zr",16,0.128000000000,0,0.000000000000,62,0.496000000000,47,0.376000000000
2482,Cr16Y62Zr47,125,3,"Cr,Y,Zr",16,0.128000000000,0,0.000000000000,62,0.496000000000,47,0.376000000000
2483,Cr16Y62Zr47,125,3,"Cr,Y,Zr",16,0.128000000000,0,0.000000000000,62,0.496000000000,47,0.376000000000
2484,Cr16Y62Zr47,125,3,"Cr,Y,Zr",16,0.128000000000,0,0.000000000000,62,0.496000000000,47,0.376000000000
2485,Cr16Y61Zr42,119,3,"Cr,Y,Zr",16,0.134453781513,0,0.000000000000,61,0.512605042017,42,0.352941176471
2486,Cr16Y62Zr48,126,3,"Cr,Y,Zr",16,0.126984126984,0,0.000000000000,62,0.492063492063,48,0.380952380952
2487,Cr16Y62Zr47,125,3,"Cr,Y,Zr",16,0.128000000000,0,0.000000000000,62,0.496000000000,47,0.376000000000
2488,Cr16Y62Zr47,125,3,"Cr,Y,Zr",16,0.128000000000,0,0.000000000000,62,0.496000000000,47,0.376000000000
2489,Cr16Y62Zr47,125,3,"Cr,Y,Zr",16,0.128000000000,0,0.000000000000,62,0.496000000000,47,0.376000000000
2490,Cr14Y61Zr43,118,3,"Cr,Y,Zr",14,0.118644067797,0,0.000000000000,61,0.516949152542,43,0.364406779661
2491,Cr15Y55Zr44,114,3,"Cr,Y,Zr",15,0.131578947368,0,0.000000000000,55,0.482456140351,44,0.385964912281
2492,Cr16Y62Zr47,125,3,"Cr,Y,Zr",16,0.128000000000,0,0.000000000000,62,0.496000000000,47,0.376000000000
2493,Cr30Y73Zr16,119,3,"Cr,Y,Zr",30,0.252100840336,0,0.000000000000,73,0.613445378151,16,0.134453781513
2494,Cr31Y78Zr16,125,3,"Cr,Y,Zr",31,0.248000000000,0,0.000000000000,78,0.624000000000,16,0.128000000000
2495,Cr31Y78Zr16,125,3,"Cr,Y,Zr",31,0.248000000000,0,0.000000000000,78,0.624000000000,16,0.128000000000
2496,Cr31Y78Zr16,125,3,"Cr,Y,Zr",31,0.248000000000,0,0.000000000000,78,0.624000000000,16,0.128000000000
2497,Cr31Y78Zr16,125,3,"Cr,Y,Zr",31,0.248000000000,0,0.000000000000,78,0.624000000000,16,0.128000000000
2498,Cr16Y62Zr47,125,3,"Cr,Y,Zr",16,0.128000000000,0,0.000000000000,62,0.496000000000,47,0.376000000000
2499,Cr16Y62Zr47,125,3,"Cr,Y,Zr",16,0.128000000000,0,0.000000000000,62,0.496000000000,47,0.376000000000
2500,Cr26Y72Zr15,113,3,"Cr,Y,Zr",26,0.230088495575,0,0.000000000000,72,0.637168141593,15,0.132743362832
2501,Cr32Y78Zr16,126,3,"Cr,Y,Zr",32,0.253968253968,0,0.000000000000,78,0.619047619048,16,0.126984126984
2502,Cr31Y78Zr16,125,3,"Cr,Y,Zr",31,0.248000000000,0,0.000000000000,78,0.624000000000,16,0.128000000000
2503,Cr31Y78Zr16,125,3,"Cr,Y,Zr",31,0.248000000000,0,0.000000000000,78,0.624000000000,16,0.128000000000
2504,Cr31Y78Zr16,125,3,"Cr,Y,Zr",31,0.248000000000,0,0.000000000000,78,0.624000000000,16,0.128000000000
2505,Cr31Y78Zr16,125,3,"Cr,Y,Zr",31,0.248000000000,0,0.000000000000,78,0.624000000000,16,0.128000000000
2506,Cr31Y78Zr17,126,3,"Cr,Y,Zr",31,0.246031746032,0,0.000000000000,78,0.619047619048,17,0.134920634921
2507,Cr31Y78Zr16,125,3,"Cr,Y,Zr",31,0.248000000000,0,0.000000000000,78,0.624000000000,16,0.128000000000
2508,Cr31Y73Zr14,118,3,"Cr,Y,Zr",31,0.262711864407,0,0.000000000000,73,0.618644067797,14,0.118644067797
2509,Cr31WY78Zr16,126,4,"Cr,W,Y,Zr",31,0.246031746032,1,0.007936507937,78,0.619047619048,16,0.126984126984
2510,Cr31Y78Zr16,125,3,"Cr,Y,Zr",31,0.248000000000,0,0.000000000000,78,0.624000000000,16,0.128000000000
2511,Cr31Y78Zr16,125,3,"Cr,Y,Zr",31,0.248000000000,0,0.000000000000,78,0.624000000000,16,0.128000000000
2512,Cr31Y78Zr16,125,3,"Cr,Y,Zr",31,0.248000000000,0,0.000000000000,78,0.624000000000,16,0.128000000000
2513,Cr29Y70Zr16,115,3,"Cr,Y,Zr",29,0.252173913043,0,0.000000000000,70,0.608695652174,16,0.139130434783
2514,Cr32Y78Zr16,126,3,"Cr,Y,Zr",32,0.253968253968,0,0.000000000000,78,0.619047619048,16,0.126984126984
2515,Cr31Y78Zr16,125,3,"Cr,Y,Zr",31,0.248000000000,0,0.000000000000,78,0.624000000000,16,0.128000000000
2516,Cr31Y78Zr16,125,3,"Cr,Y,Zr",31,0.248000000000,0,0.000000000000,78,0.624000000000,16,0.128000000000
2517,Cr25Y74Zr15,114,3,"Cr,Y,Zr",25,0.219298245614,0,0.000000000000,74,0.649122807018,15,0.131578947368
2518,Cr31Y80Zr17,128,3,"Cr,Y,Zr",31,0.242187500000,0,0.000000000000,80,0.625000000000,17,0.132812500000
2519,Cr32Y79Zr16,127,3,"Cr,Y,Zr",32,0.251968503937,0,0.000000000000,79,0.622047244094,16,0.125984251969
2520,Cr16Y78Zr31,125,3,"Cr,Y,Zr",16,0.128000000000,0,0.000000000000,78,0.624000000000,31,0.248000000000
2521,Cr16Y78Zr31,125,3,"Cr,Y,Zr",16,0.128000000000,0,0.000000000000,78,0.624000000000,31,0.248000000000
2522,Cr16Y78Zr31,125,3,"Cr,Y,Zr",16,0.128000000000,0,0.000000000000,78,0.624000000000,31,0.248000000000
2523,Cr16Y78Zr31,125,3,"Cr,Y,Zr",16,0.128000000000,0,0.000000000000,78,0.624000000000,31,0.248000000000
2524,Cr16Y94Zr15,125,3,"Cr,Y,Zr",16,0.128000000000,0,0.000000000000,94,0.752000000000,15,0.120000000000
2525,Cr16Y94Zr15,125,3,"Cr,Y,Zr",16,0.128000000000,0,0.000000000000,94,0.752000000000,15,0.120000000000
2526,Cr16Y94Zr15,125,3,"Cr,Y,Zr",16,0.128000000000,0,0.000000000000,94,0.752000000000,15,0.120000000000
2527,Cr16Y94Zr15,125,3,"Cr,Y,Zr",16,0.128000000000,0,0.000000000000,94,0.752000000000,15,0.120000000000
2528,Cr16Y94Zr15,125,3,"Cr,Y,Zr",16,0.128000000000,0,0.000000000000,94,0.752000000000,15,0.120000000000
2529,Cr16Y78Zr31,125,3,"Cr,Y,Zr",16,0.128000000000,0,0.000000000000,78,0.624000000000,31,0.248000000000
2530,Cr16Y78Zr31,125,3,"Cr,Y,Zr",16,0.128000000000,0,0.000000000000,78,0.624000000000,31,0.248000000000
2531,Cr16Y78Zr31,125,3,"Cr,Y,Zr",16,0.128000000000,0,0.000000000000,78,0.624000000000,31,0.248000000000
2532,Cr16Y78Zr31,125,3,"Cr,Y,Zr",16,0.128000000000,0,0.000000000000,78,0.624000000000,31,0.248000000000
2533,Cr16Y78Zr31,125,3,"Cr,Y,Zr",16,0.128000000000,0,0.000000000000,78,0.624000000000,31,0.248000000000
2534,Cr16Y78Zr31,125,3,"Cr,Y,Zr",16,0.128000000000,0,0.000000000000,78,0.624000000000,31,0.248000000000
2535,Cr16Y78Zr31,125,3,"Cr,Y,Zr",16,0.128000000000,0,0.000000000000,78,0.624000000000,31,0.248000000000
2536,Cr16Y79Zr31,126,3,"Cr,Y,Zr",16,0.126984126984,0,0.000000000000,79,0.626984126984,31,0.246031746032
2537,Cr15Y92Zr12,119,3,"Cr,Y,Zr",15,0.126050420168,0,0.000000000000,92,0.773109243697,12,0.100840336134
2538,Cr17Y94Zr17,128,3,"Cr,Y,Zr",17,0.132812500000,0,0.000000000000,94,0.734375000000,17,0.132812500000
2539,Cr16Y94Zr15,125,3,"Cr,Y,Zr",16,0.128000000000,0,0.000000000000,94,0.752000000000,15,0.120000000000
2540,Cr16Y94Zr15,125,3,"Cr,Y,Zr",16,0.128000000000,0,0.000000000000,94,0.752000000000,15,0.120000000000
2541,Cr16Y94Zr15,125,3,"Cr,Y,Zr",16,0.128000000000,0,0.000000000000,94,0.752000000000,15,0.120000000000
2542,Cr16Y94Zr15,125,3,"Cr,Y,Zr",16,0.128000000000,0,0.000000000000,94,0.752000000000,15,0.120000000000
2543,Cr16Y78Zr31,125,3,"Cr,Y,Zr",16,0.128000000000,0,0.000000000000,78,0.624000000000,31,0.248000000000
2544,Cr16WY78Zr32,127,4,"Cr,W,Y,Zr",16,0.125984251969,1,0.007874015748,78,0.614173228346,32,0.251968503937
2545,Cr16Y94Zr15,125,3,"Cr,Y,Zr",16,0.128000000000,0,0.000000000000,94,0.752000000000,15,0.120000000000
2546,Cr16Y94Zr15,125,3,"Cr,Y,Zr",16,0.128000000000,0,0.000000000000,94,0.752000000000,15,0.120000000000
2547,Cr16Y94Zr15,125,3,"Cr,Y,Zr",16,0.128000000000,0,0.000000000000,94,0.752000000000,15,0.120000000000
2548,Cr16Y88Zr14,118,3,"Cr,Y,Zr",16,0.135593220339,0,0.000000000000,88,0.745762711864,14,0.118644067797
2549,Cr16Y95Zr16,127,3,"Cr,Y,Zr",16,0.125984251969,0,0.000000000000,95,0.748031496063,16,0.125984251969
2550,Cr16Y78Zr31,125,3,"Cr,Y,Zr",16,0.128000000000,0,0.000000000000,78,0.624000000000,31,0.248000000000
2551,Cr16Y94Zr15,125,3,"Cr,Y,Zr",16,0.128000000000,0,0.000000000000,94,0.752000000000,15,0.120000000000
2552,Cr16WY94Zr15,126,4,"Cr,W,Y,Zr",16,0.126984126984,1,0.007936507937,94,0.746031746032,15,0.119047619048
2553,Cr16Y68Zr29,113,3,"Cr,Y,Zr",16,0.141592920354,0,0.000000000000,68,0.601769911504,29,0.256637168142
2554,Cr15Y74Zr28,117,3,"Cr,Y,Zr",15,0.128205128205,0,0.000000000000,74,0.632478632479,28,0.239316239316
2555,Cr16Y78Zr31,125,3,"Cr,Y,Zr",16,0.128000000000,0,0.000000000000,78,0.624000000000,31,0.248000000000
2556,Cr14Y84Zr15,113,3,"Cr,Y,Zr",14,0.123893805310,0,0.000000000000,84,0.743362831858,15,0.132743362832
2557,Cr16WY94Zr15,126,4,"Cr,W,Y,Zr",16,0.126984126984,1,0.007936507937,94,0.746031746032,15,0.119047619048
2558,W85Y16Zr13,114,3,"W,Y,Zr",0,0.000000000000,85,0.745614035088,16,0.140350877193,13,0.114035087719
2559,W96Y16Zr16,128,3,"W,Y,Zr",0,0.000000000000,96,0.750000000000,16,0.125000000000,16,0.125000000000
2560,Cr15Y86Zr14,115,3,"Cr,Y,Zr",15,0.130434782609,0,0.000000000000,86,0.747826086957,14,0.121739130435
2561,Cr16WY94Zr15,126,4,"Cr,W,Y,Zr",16,0.126984126984,1,0.007936507937,94,0.746031746032,15,0.119047619048
2562,W94Y16Zr15,125,3,"W,Y,Zr",0,0.000000000000,94,0.752000000000,16,0.128000000000,15,0.120000000000
2563,W94Y16Zr15,125,3,"W,Y,Zr",0,0.000000000000,94,0.752000000000,16,0.128000000000,15,0.120000000000
2564,W85Y15Zr14,114,3,"W,Y,Zr",0,0.000000000000,85,0.745614035088,15,0.131578947368,14,0.122807017544
2565,W94Y16Zr15,125,3,"W,Y,Zr",0,0.000000000000,94,0.752000000000,16,0.128000000000,15,0.120000000000
2566,W94Y16Zr15,125,3,"W,Y,Zr",0,0.000000000000,94,0.752000000000,16,0.128000000000,15,0.120000000000
2567,W78Y16Zr31,125,3,"W,Y,Zr",0,0.000000000000,78,0.624000000000,16,0.128000000000,31,0.248000000000
2568,W78Y16Zr31,125,3,"W,Y,Zr",0,0.000000000000,78,0.624000000000,16,0.128000000000,31,0.248000000000
2569,CrW80Y16Zr31,128,4,"Cr,W,Y,Zr",1,0.007812500000,80,0.625000000000,16,0.125000000000,31,0.242187500000
2570,W78Y17Zr31,126,3,"W,Y,Zr",0,0.000000000000,78,0.619047619048,17,0.134920634921,31,0.246031746032
2571,W94Y16Zr15,125,3,"W,Y,Zr",0,0.000000000000,94,0.752000000000,16,0.128000000000,15,0.120000000000
2572,W94Y16Zr15,125,3,"W,Y,Zr",0,0.000000000000,94,0.752000000000,16,0.128000000000,15,0.120000000000
2573,W94Y16Zr15,125,3,"W,Y,Zr",0,0.000000000000,94,0.752000000000,16,0.128000000000,15,0.120000000000
2574,W94Y16Zr15,125,3,"W,Y,Zr",0,0.000000000000,94,0.752000000000,16,0.128000000000,15,0.120000000000
2575,W90Y15Zr11,116,3,"W,Y,Zr",0,0.000000000000,90,0.775862068966,15,0.129310344828,11,0.094827586207
2576,W89Y14Zr15,118,3,"W,Y,Zr",0,0.000000000000,89,0.754237288136,14,0.118644067797,15,0.127118644068
2577,W94Y16Zr15,125,3,"W,Y,Zr",0,0.000000000000,94,0.752000000000,16,0.128000000000,15,0.120000000000
2578,W94Y16Zr15,125,3,"W,Y,Zr",0,0.000000000000,94,0.752000000000,16,0.128000000000,15,0.120000000000
2579,W88Y12Zr13,113,3,"W,Y,Zr",0,0.000000000000,88,0.778761061947,12,0.106194690265,13,0.115044247788
2580,W83Y16Zr15,114,3,"W,Y,Zr",0,0.000000000000,83,0.728070175439,16,0.140350877193,15,0.131578947368
2581,W96Y16Zr15,127,3,"W,Y,Zr",0,0.000000000000,96,0.755905511811,16,0.125984251969,15,0.118110236220
2582,W94Y16Zr15,125,3,"W,Y,Zr",0,0.000000000000,94,0.752000000000,16,0.128000000000,15,0.120000000000
2583,CrW94Y16Zr15,126,4,"Cr,W,Y,Zr",1,0.007936507937,94,0.746031746032,16,0.126984126984,15,0.119047619048
2584,W78Y16Zr31,125,3,"W,Y,Zr",0,0.000000000000,78,0.624000000000,16,0.128000000000,31,0.248000000000
2585,W71Y15Zr29,115,3,"W,Y,Zr",0,0.000000000000,71,0.617391304348,15,0.130434782609,29,0.252173913043
2586,W78Y16Zr31,125,3,"W,Y,Zr",0,0.000000000000,78,0.624000000000,16,0.128000000000,31,0.248000000000
2587,W94Y16Zr15,125,3,"W,Y,Zr",0,0.000000000000,94,0.752000000000,16,0.128000000000,15,0.120000000000
2588,W94Y16Zr15,125,3,"W,Y,Zr",0,0.000000000000,94,0.752000000000,16,0.128000000000,15,0.120000000000
2589,W78Y16Zr32,126,3,"W,Y,Zr",0,0.000000000000,78,0.619047619048,16,0.126984126984,32,0.253968253968
2590,W78Y16Zr31,125,3,"W,Y,Zr",0,0.000000000000,78,0.624000000000,16,0.128000000000,31,0.248000000000
2591,W73Y16Zr27,116,3,"W,Y,Zr",0,0.000000000000,73,0.629310344828,16,0.137931034483,27,0.232758620690
2592,W69Y15Zr30,114,3,"W,Y,Zr",0,0.000000000000,69,0.605263157895,15,0.131578947368,30,0.263157894737
2593,W79Y17Zr33,129,3,"W,Y,Zr",0,0.000000000000,79,0.612403100775,17,0.131782945736,33,0.255813953488
2594,W78Y16Zr31,125,3,"W,Y,Zr",0,0.000000000000,78,0.624000000000,16,0.128000000000,31,0.248000000000
2595,W78Y16Zr31,125,3,"W,Y,Zr",0,0.000000000000,78,0.624000000000,16,0.128000000000,31,0.248000000000
2596,W78Y16Zr31,125,3,"W,Y,Zr",0,0.000000000000,78,0.624000000000,16,0.128000000000,31,0.248000000000
2597,CrW78Y16Zr31,126,4,"Cr,W,Y,Zr",1,0.007936507937,78,0.619047619048,16,0.126984126984,31,0.246031746032
2598,W78Y16Zr31,125,3,"W,Y,Zr",0,0.000000000000,78,0.624000000000,16,0.128000000000,31,0.248000000000
2599,W78Y16Zr31,125,3,"W,Y,Zr",0,0.000000000000,78,0.624000000000,16,0.128000000000,31,0.248000000000
2600,W78Y16Zr31,125,3,"W,Y,Zr",0,0.000000000000,78,0.624000000000,16,0.128000000000,31,0.248000000000
2601,CrW62Y17Zr47,127,4,"Cr,W,Y,Zr",1,0.007874015748,62,0.488188976378,17,0.133858267717,47,0.370078740157
2602,W78Y16Zr31,125,3,"W,Y,Zr",0,0.000000000000,78,0.624000000000,16,0.128000000000,31,0.248000000000
2603,W78Y16Zr32,126,3,"W,Y,Zr",0,0.000000000000,78,0.619047619048,16,0.126984126984,32,0.253968253968
2604,W62Y16Zr47,125,3,"W,Y,Zr",0,0.000000000000,62,0.496000000000,16,0.128000000000,47,0.376000000000
2605,W62Y16Zr48,126,3,"W,Y,Zr",0,0.000000000000,62,0.492063492063,16,0.126984126984,48,0.380952380952
2606,W62Y16Zr47,125,3,"W,Y,Zr",0,0.000000000000,62,0.496000000000,16,0.128000000000,47,0.376000000000
2607,W54Y15Zr45,114,3,"W,Y,Zr",0,0.000000000000,54,0.473684210526,15,0.131578947368,45,0.394736842105
2608,W62Y16Zr49,127,3,"W,Y,Zr",0,0.000000000000,62,0.488188976378,16,0.125984251969,49,0.385826771654
2609,W62Y16Zr47,125,3,"W,Y,Zr",0,0.000000000000,62,0.496000000000,16,0.128000000000,47,0.376000000000
2610,W62Y16Zr47,125,3,"W,Y,Zr",0,0.000000000000,62,0.496000000000,16,0.128000000000,47,0.376000000000
2611,W62Y16Zr47,125,3,"W,Y,Zr",0,0.000000000000,62,0.496000000000,16,0.128000000000,47,0.376000000000
2612,W61Y14Zr42,117,3,"W,Y,Zr",0,0.000000000000,61,0.521367521368,14,0.119658119658,42,0.358974358974
2613,W62Y16Zr47,125,3,"W,Y,Zr",0,0.000000000000,62,0.496000000000,16,0.128000000000,47,0.376000000000
2614,W62Y16Zr47,125,3,"W,Y,Zr",0,0.000000000000,62,0.496000000000,16,0.128000000000,47,0.376000000000
2615,W62Y16Zr47,125,3,"W,Y,Zr",0,0.000000000000,62,0.496000000000,16,0.128000000000,47,0.376000000000
2616,W62Y15Zr44,121,3,"W,Y,Zr",0,0.000000000000,62,0.512396694215,15,0.123966942149,44,0.363636363636
2617,W62Y16Zr47,125,3,"W,Y,Zr",0,0.000000000000,62,0.496000000000,16,0.128000000000,47,0.376000000000
2618,W58Y15Zr45,118,3,"W,Y,Zr",0,0.000000000000,58,0.491525423729,15,0.127118644068,45,0.381355932203
2619,W63Y16Zr47,126,3,"W,Y,Zr",0,0.000000000000,63,0.500000000000,16,0.126984126984,47,0.373015873016
2620,W62Y16Zr47,125,3,"W,Y,Zr",0,0.000000000000,62,0.496000000000,16,0.128000000000,47,0.376000000000
2621,W47Y16Zr62,125,3,"W,Y,Zr",0,0.000000000000,47,0.376000000000,16,0.128000000000,62,0.496000000000
2622,W48Y16Zr62,126,3,"W,Y,Zr",0,0.000000000000,48,0.380952380952,16,0.126984126984,62,0.492063492063
2623,W62Y16Zr47,125,3,"W,Y,Zr",0,0.000000000000,62,0.496000000000,16,0.128000000000,47,0.376000000000
2624,W62Y16Zr47,125,3,"W,Y,Zr",0,0.000000000000,62,0.496000000000,16,0.128000000000,47,0.376000000000
2625,W59Y14Zr42,115,3,"W,Y,Zr",0,0.000000000000,59,0.513043478261,14,0.121739130435,42,0.365217391304
2626,W55Y14Zr45,114,3,"W,Y,Zr",0,0.000000000000,55,0.482456140351,14,0.122807017544,45,0.394736842105
2627,W62Y16Zr48,126,3,"W,Y,Zr",0,0.000000000000,62,0.492063492063,16,0.126984126984,48,0.380952380952
2628,W62Y16Zr47,125,3,"W,Y,Zr",0,0.000000000000,62,0.496000000000,16,0.128000000000,47,0.376000000000
2629,CrW47Y16Zr62,126,4,"Cr,W,Y,Zr",1,0.007936507937,47,0.373015873016,16,0.126984126984,62,0.492063492063
2630,W45Y15Zr54,114,3,"W,Y,Zr",0,0.000000000000,45,0.394736842105,15,0.131578947368,54,0.473684210526
2631,W48Y16Zr64,128,3,"W,Y,Zr",0,0.000000000000,48,0.375000000000,16,0.125000000000,64,0.500000000000
2632,W47Y17Zr62,126,3,"W,Y,Zr",0,0.000000000000,47,0.373015873016,17,0.134920634921,62,0.492063492063
2633,W47Y16Zr62,125,3,"W,Y,Zr",0,0.000000000000,47,0.376000000000,16,0.128000000000,62,0.496000000000
2634,W47Y16Zr62,125,3,"W,Y,Zr",0,0.000000000000,47,0.376000000000,16,0.128000000000,62,0.496000000000
2635,W47Y16Zr62,125,3,"W,Y,Zr",0,0.000000000000,47,0.376000000000,16,0.128000000000,62,0.496000000000
2636,W47Y16Zr62,125,3,"W,Y,Zr",0,0.000000000000,47,0.376000000000,16,0.128000000000,62,0.496000000000
2637,W41Y16Zr57,114,3,"W,Y,Zr",0,0.000000000000,41,0.359649122807,16,0.140350877193,57,0.500000000000
2638,W47Y16Zr63,126,3,"W,Y,Zr",0,0.000000000000,47,0.373015873016,16,0.126984126984,63,0.500000000000
2639,W31Y16Zr78,125,3,"W,Y,Zr",0,0.000000000000,31,0.248000000000,16,0.128000000000,78,0.624000000000
2640,W31Y16Zr78,125,3,"W,Y,Zr",0,0.000000000000,31,0.248000000000,16,0.128000000000,78,0.624000000000
2641,W31Y16Zr78,125,3,"W,Y,Zr",0,0.000000000000,31,0.248000000000,16,0.128000000000,78,0.624000000000
2642,W47Y16Zr62,125,3,"W,Y,Zr",0,0.000000000000,47,0.376000000000,16,0.128000000000,62,0.496000000000
2643,W47Y16Zr62,125,3,"W,Y,Zr",0,0.000000000000,47,0.376000000000,16,0.128000000000,62,0.496000000000
2644,W47Y16Zr62,125,3,"W,Y,Zr",0,0.000000000000,47,0.376000000000,16,0.128000000000,62,0.496000000000
2645,W43Y14Zr57,114,3,"W,Y,Zr",0,0.000000000000,43,0.377192982456,14,0.122807017544,57,0.500000000000
2646,CrW47Y16Zr62,126,4,"Cr,W,Y,Zr",1,0.007936507937,47,0.373015873016,16,0.126984126984,62,0.492063492063
2647,W47Y16Zr62,125,3,"W,Y,Zr",0,0.000000000000,47,0.376000000000,16,0.128000000000,62,0.496000000000
2648,W46Y13Zr56,115,3,"W,Y,Zr",0,0.000000000000,46,0.400000000000,13,0.113043478261,56,0.486956521739
2649,W39Y15Zr60,114,3,"W,Y,Zr",0,0.000000000000,39,0.342105263158,15,0.131578947368,60,0.526315789474
2650,W47Y16Zr63,126,3,"W,Y,Zr",0,0.000000000000,47,0.373015873016,16,0.126984126984,63,0.500000000000
2651,W31Y16Zr78,125,3,"W,Y,Zr",0,0.000000000000,31,0.248000000000,16,0.128000000000,78,0.624000000000
2652,W31Y16Zr78,125,3,"W,Y,Zr",0,0.000000000000,31,0.248000000000,16,0.128000000000,78,0.624000000000
2653,W28Y15Zr71,114,3,"W,Y,Zr",0,0.000000000000,28,0.245614035088,15,0.131578947368,71,0.622807017544
2654,CrW31Y17Zr78,127,4,"Cr,W,Y,Zr",1,0.007874015748,31,0.244094488189,17,0.133858267717,78,0.614173228346
2655,W31Y16Zr78,125,3,"W,Y,Zr",0,0.000000000000,31,0.248000000000,16,0.128000000000,78,0.624000000000
2656,W31Y16Zr78,125,3,"W,Y,Zr",0,0.000000000000,31,0.248000000000,16,0.128000000000,78,0.624000000000
2657,CrW31Y16Zr78,126,4,"Cr,W,Y,Zr",1,0.007936507937,31,0.246031746032,16,0.126984126984,78,0.619047619048
2658,W31Y16Zr78,125,3,"W,Y,Zr",0,0.000000000000,31,0.248000000000,16,0.128000000000,78,0.624000000000
2659,W31Y16Zr78,125,3,"W,Y,Zr",0,0.000000000000,31,0.248000000000,16,0.128000000000,78,0.624000000000
2660,W31Y16Zr78,125,3,"W,Y,Zr",0,0.000000000000,31,0.248000000000,16,0.128000000000,78,0.624000000000
2661,W26Y14Zr76,116,3,"W,Y,Zr",0,0.000000000000,26,0.224137931034,14,0.120689655172,76,0.655172413793
2662,W31Y15Zr68,114,3,"W,Y,Zr",0,0.000000000000,31,0.271929824561,15,0.131578947368,68,0.596491228070
2663,W30Y13Zr72,115,3,"W,Y,Zr",0,0.000000000000,30,0.260869565217,13,0.113043478261,72,0.626086956522
2664,W31Y16Zr78,125,3,"W,Y,Zr",0,0.000000000000,31,0.248000000000,16,0.128000000000,78,0.624000000000
2665,W31Y16Zr78,125,3,"W,Y,Zr",0,0.000000000000,31,0.248000000000,16,0.128000000000,78,0.624000000000
2666,W25Y16Zr73,114,3,"W,Y,Zr",0,0.000000000000,25,0.219298245614,16,0.140350877193,73,0.640350877193
2667,W31Y16Zr78,125,3,"W,Y,Zr",0,0.000000000000,31,0.248000000000,16,0.128000000000,78,0.624000000000
2668,W31Y16Zr78,125,3,"W,Y,Zr",0,0.000000000000,31,0.248000000000,16,0.128000000000,78,0.624000000000
2669,W31Y17Zr78,126,3,"W,Y,Zr",0,0.000000000000,31,0.246031746032,17,0.134920634921,78,0.619047619048
2670,W16Y15Zr94,125,3,"W,Y,Zr",0,0.000000000000,16,0.128000000000,15,0.120000000000,94,0.752000000000
2671,CrW16Y15Zr94,126,4,"Cr,W,Y,Zr",1,0.007936507937,16,0.126984126984,15,0.119047619048,94,0.746031746032
2672,W16Y15Zr94,125,3,"W,Y,Zr",0,0.000000000000,16,0.128000000000,15,0.120000000000,94,0.752000000000
2673,W16Y15Zr94,125,3,"W,Y,Zr",0,0.000000000000,16,0.128000000000,15,0.120000000000,94,0.752000000000
2674,W16Y15Zr94,125,3,"W,Y,Zr",0,0.000000000000,16,0.128000000000,15,0.120000000000,94,0.752000000000
2675,W16Y15Zr94,125,3,"W,Y,Zr",0,0.000000000000,16,0.128000000000,15,0.120000000000,94,0.752000000000
2676,W16Y15Zr94,125,3,"W,Y,Zr",0,0.000000000000,16,0.128000000000,15,0.120000000000,94,0.752000000000
2677,W17Y16Zr95,128,3,"W,Y,Zr",0,0.000000000000,17,0.132812500000,16,0.125000000000,95,0.742187500000
2678,W15Y16Zr82,113,3,"W,Y,Zr",0,0.000000000000,15,0.132743362832,16,0.141592920354,82,0.725663716814
2679,CrW16Y16Zr94,127,4,"Cr,W,Y,Zr",1,0.007874015748,16,0.125984251969,16,0.125984251969,94,0.740157480315
2680,W16Y16Zr93,125,3,"W,Y,Zr",0,0.000000000000,16,0.128000000000,16,0.128000000000,93,0.744000000000
2681,W16Y16Zr93,125,3,"W,Y,Zr",0,0.000000000000,16,0.128000000000,16,0.128000000000,93,0.744000000000
2682,W16Y16Zr93,125,3,"W,Y,Zr",0,0.000000000000,16,0.128000000000,16,0.128000000000,93,0.744000000000
2683,W16Y16Zr93,125,3,"W,Y,Zr",0,0.000000000000,16,0.128000000000,16,0.128000000000,93,0.744000000000
2684,W16Y16Zr93,125,3,"W,Y,Zr",0,0.000000000000,16,0.128000000000,16,0.128000000000,93,0.744000000000
2685,W16Y16Zr93,125,3,"W,Y,Zr",0,0.000000000000,16,0.128000000000,16,0.128000000000,93,0.744000000000
2686,W16Y16Zr93,125,3,"W,Y,Zr",0,0.000000000000,16,0.128000000000,16,0.128000000000,93,0.744000000000
2687,W13Y16Zr87,116,3,"W,Y,Zr",0,0.000000000000,13,0.112068965517,16,0.137931034483,87,0.750000000000
2688,W18Y16Zr93,127,3,"W,Y,Zr",0,0.000000000000,18,0.141732283465,16,0.125984251969,93,0.732283464567
2689,W16Y15Zr94,125,3,"W,Y,Zr",0,0.000000000000,16,0.128000000000,15,0.120000000000,94,0.752000000000
2690,W16Y13Zr89,118,3,"W,Y,Zr",0,0.000000000000,16,0.135593220339,13,0.110169491525,89,0.754237288136
2691,W16Y15Zr94,125,3,"W,Y,Zr",0,0.000000000000,16,0.128000000000,15,0.120000000000,94,0.752000000000
2692,W78Y31Zr16,125,3,"W,Y,Zr",0,0.000000000000,78,0.624000000000,31,0.248000000000,16,0.128000000000
2693,W79Y31Zr17,127,3,"W,Y,Zr",0,0.000000000000,79,0.622047244094,31,0.244094488189,17,0.133858267717
2694,W78Y31Zr16,125,3,"W,Y,Zr",0,0.000000000000,78,0.624000000000,31,0.248000000000,16,0.128000000000
2695,CrW78Y31Zr16,126,4,"Cr,W,Y,Zr",1,0.007936507937,78,0.619047619048,31,0.246031746032,16,0.126984126984
2696,W78Y31Zr16,125,3,"W,Y,Zr",0,0.000000000000,78,0.624000000000,31,0.248000000000,16,0.128000000000
2697,W78Y31Zr16,125,3,"W,Y,Zr",0,0.000000000000,78,0.624000000000,31,0.248000000000,16,0.128000000000
2698,W78Y31Zr16,125,3,"W,Y,Zr",0,0.000000000000,78,0.624000000000,31,0.248000000000,16,0.128000000000
2699,W78Y31Zr16,125,3,"W,Y,Zr",0,0.000000000000,78,0.624000000000,31,0.248000000000,16,0.128000000000
2700,W78Y31Zr16,125,3,"W,Y,Zr",0,0.000000000000,78,0.624000000000,31,0.248000000000,16,0.128000000000
2701,Cr2W78Y31Zr16,127,4,"Cr,W,Y,Zr",2,0.015748031496,78,0.614173228346,31,0.244094488189,16,0.125984251969
2702,W78Y31Zr16,125,3,"W,Y,Zr",0,0.000000000000,78,0.624000000000,31,0.248000000000,16,0.128000000000
2703,W78Y31Zr16,125,3,"W,Y,Zr",0,0.000000000000,78,0.624000000000,31,0.248000000000,16,0.128000000000
2704,W78Y31Zr16,125,3,"W,Y,Zr",0,0.000000000000,78,0.624000000000,31,0.248000000000,16,0.128000000000
2705,W70Y30Zr16,116,3,"W,Y,Zr",0,0.000000000000,70,0.603448275862,30,0.258620689655,16,0.137931034483
2706,W78Y31Zr16,125,3,"W,Y,Zr",0,0.000000000000,78,0.624000000000,31,0.248000000000,16,0.128000000000
2707,W78Y31Zr16,125,3,"W,Y,Zr",0,0.000000000000,78,0.624000000000,31,0.248000000000,16,0.128000000000
2708,W78Y31Zr16,125,3,"W,Y,Zr",0,0.000000000000,78,0.624000000000,31,0.248000000000,16,0.128000000000
2709,W68Y29Zr16,113,3,"W,Y,Zr",0,0.000000000000,68,0.601769911504,29,0.256637168142,16,0.141592920354
2710,W78Y31Zr16,125,3,"W,Y,Zr",0,0.000000000000,78,0.624000000000,31,0.248000000000,16,0.128000000000
2711,W78Y31Zr16,125,3,"W,Y,Zr",0,0.000000000000,78,0.624000000000,31,0.248000000000,16,0.128000000000
2712,W78Y31Zr16,125,3,"W,Y,Zr",0,0.000000000000,78,0.624000000000,31,0.248000000000,16,0.128000000000
2713,W63Y31Zr31,125,3,"W,Y,Zr",0,0.000000000000,63,0.504000000000,31,0.248000000000,31,0.248000000000
2714,W63Y31Zr31,125,3,"W,Y,Zr",0,0.000000000000,63,0.504000000000,31,0.248000000000,31,0.248000000000
2715,W63Y31Zr31,125,3,"W,Y,Zr",0,0.000000000000,63,0.504000000000,31,0.248000000000,31,0.248000000000
2716,W63Y31Zr31,125,3,"W,Y,Zr",0,0.000000000000,63,0.504000000000,31,0.248000000000,31,0.248000000000
2717,CrW63Y31Zr31,126,4,"Cr,W,Y,Zr",1,0.007936507937,63,0.500000000000,31,0.246031746032,31,0.246031746032
2718,W63Y31Zr31,125,3,"W,Y,Zr",0,0.000000000000,63,0.504000000000,31,0.248000000000,31,0.248000000000
2719,W55Y29Zr30,114,3,"W,Y,Zr",0,0.000000000000,55,0.482456140351,29,0.254385964912,30,0.263157894737
2720,CrW63Y31Zr31,126,4,"Cr,W,Y,Zr",1,0.007936507937,63,0.500000000000,31,0.246031746032,31,0.246031746032
2721,W58Y28Zr28,114,3,"W,Y,Zr",0,0.000000000000,58,0.508771929825,28,0.245614035088,28,0.245614035088
2722,W62Y31Zr33,126,3,"W,Y,Zr",0,0.000000000000,62,0.492063492063,31,0.246031746032,33,0.261904761905
2723,W62Y31Zr32,125,3,"W,Y,Zr",0,0.000000000000,62,0.496000000000,31,0.248000000000,32,0.256000000000
2724,W62Y31Zr32,125,3,"W,Y,Zr",0,0.000000000000,62,0.496000000000,31,0.248000000000,32,0.256000000000
2725,W54Y30Zr32,116,3,"W,Y,Zr",0,0.000000000000,54,0.465517241379,30,0.258620689655,32,0.275862068966
2726,W62Y31Zr32,125,3,"W,Y,Zr",0,0.000000000000,62,0.496000000000,31,0.248000000000,32,0.256000000000
2727,W63Y31Zr31,125,3,"W,Y,Zr",0,0.000000000000,63,0.504000000000,31,0.248000000000,31,0.248000000000
2728,CrW47Y31Zr47,126,4,"Cr,W,Y,Zr",1,0.007936507937,47,0.373015873016,31,0.246031746032,47,0.373015873016
2729,W47Y31Zr47,125,3,"W,Y,Zr",0,0.000000000000,47,0.376000000000,31,0.248000000000,47,0.376000000000
2730,W47Y31Zr47,125,3,"W,Y,Zr",0,0.000000000000,47,0.376000000000,31,0.248000000000,47,0.376000000000
2731,W47Y31Zr47,125,3,"W,Y,Zr",0,0.000000000000,47,0.376000000000,31,0.248000000000,47,0.376000000000
2732,W42Y29Zr43,114,3,"W,Y,Zr",0,0.000000000000,42,0.368421052632,29,0.254385964912,43,0.377192982456
2733,W47Y32Zr47,126,3,"W,Y,Zr",0,0.000000000000,47,0.373015873016,32,0.253968253968,47,0.373015873016
2734,W47Y31Zr47,125,3,"W,Y,Zr",0,0.000000000000,47,0.376000000000,31,0.248000000000,47,0.376000000000
2735,W47Y31Zr47,125,3,"W,Y,Zr",0,0.000000000000,47,0.376000000000,31,0.248000000000,47,0.376000000000
2736,W45Y30Zr40,115,3,"W,Y,Zr",0,0.000000000000,45,0.391304347826,30,0.260869565217,40,0.347826086957
2737,CrW47Y31Zr48,127,4,"Cr,W,Y,Zr",1,0.007874015748,47,0.370078740157,31,0.244094488189,48,0.377952755906
2738,W47Y31Zr47,125,3,"W,Y,Zr",0,0.000000000000,47,0.376000000000,31,0.248000000000,47,0.376000000000
2739,W43Y27Zr45,115,3,"W,Y,Zr",0,0.000000000000,43,0.373913043478,27,0.234782608696,45,0.391304347826
2740,W47Y31Zr47,125,3,"W,Y,Zr",0,0.000000000000,47,0.376000000000,31,0.248000000000,47,0.376000000000
2741,W31Y31Zr63,125,3,"W,Y,Zr",0,0.000000000000,31,0.248000000000,31,0.248000000000,63,0.504000000000
2742,W31Y31Zr63,125,3,"W,Y,Zr",0,0.000000000000,31,0.248000000000,31,0.248000000000,63,0.504000000000
2743,W31Y32Zr63,126,3,"W,Y,Zr",0,0.000000000000,31,0.246031746032,32,0.253968253968,63,0.500000000000
2744,W47Y31Zr47,125,3,"W,Y,Zr",0,0.000000000000,47,0.376000000000,31,0.248000000000,47,0.376000000000
2745,W45Y27Zr42,114,3,"W,Y,Zr",0,0.000000000000,45,0.394736842105,27,0.236842105263,42,0.368421052632
2746,W41Y31Zr41,113,3,"W,Y,Zr",0,0.000000000000,41,0.362831858407,31,0.274336283186,41,0.362831858407
2747,W48Y31Zr48,127,3,"W,Y,Zr",0,0.000000000000,48,0.377952755906,31,0.244094488189,48,0.377952755906
2748,CrW47Y31Zr47,126,4,"Cr,W,Y,Zr",1,0.007936507937,47,0.373015873016,31,0.246031746032,47,0.373015873016
2749,W31Y31Zr63,125,3,"W,Y,Zr",0,0.000000000000,31,0.248000000000,31,0.248000000000,63,0.504000000000
2750,W31Y31Zr63,125,3,"W,Y,Zr",0,0.000000000000,31,0.248000000000,31,0.248000000000,63,0.504000000000
2751,W47Y31Zr47,125,3,"W,Y,Zr",0,0.000000000000,47,0.376000000000,31,0.248000000000,47,0.376000000000
2752,W48Y31Zr47,126,3,"W,Y,Zr",0,0.000000000000,48,0.380952380952,31,0.246031746032,47,0.373015873016
2753,W62Y31Zr32,125,3,"W,Y,Zr",0,0.000000000000,62,0.496000000000,31,0.248000000000,32,0.256000000000
2754,CrW62Y31Zr32,126,4,"Cr,W,Y,Zr",1,0.007936507937,62,0.492063492063,31,0.246031746032,32,0.253968253968
2755,W31Y31Zr63,125,3,"W,Y,Zr",0,0.000000000000,31,0.248000000000,31,0.248000000000,63,0.504000000000
2756,W31Y31Zr63,125,3,"W,Y,Zr",0,0.000000000000,31,0.248000000000,31,0.248000000000,63,0.504000000000
2757,CrW31Y32Zr63,127,4,"Cr,W,Y,Zr",1,0.007874015748,31,0.244094488189,32,0.251968503937,63,0.496062992126
2758,W32Y31Zr64,127,3,"W,Y,Zr",0,0.000000000000,32,0.251968503937,31,0.244094488189,64,0.503937007874
2759,W16Y31Zr78,125,3,"W,Y,Zr",0,0.000000000000,16,0.128000000000,31,0.248000000000,78,0.624000000000
2760,W16Y31Zr78,125,3,"W,Y,Zr",0,0.000000000000,16,0.128000000000,31,0.248000000000,78,0.624000000000
2761,W16Y31Zr78,125,3,"W,Y,Zr",0,0.000000000000,16,0.128000000000,31,0.248000000000,78,0.624000000000
2762,W16Y31Zr78,125,3,"W,Y,Zr",0,0.000000000000,16,0.128000000000,31,0.248000000000,78,0.624000000000
2763,W31Y31Zr63,125,3,"W,Y,Zr",0,0.000000000000,31,0.248000000000,31,0.248000000000,63,0.504000000000
2764,W29Y28Zr56,113,3,"W,Y,Zr",0,0.000000000000,29,0.256637168142,28,0.247787610619,56,0.495575221239
2765,W31Y31Zr63,125,3,"W,Y,Zr",0,0.000000000000,31,0.248000000000,31,0.248000000000,63,0.504000000000
2766,W31Y31Zr63,125,3,"W,Y,Zr",0,0.000000000000,31,0.248000000000,31,0.248000000000,63,0.504000000000
2767,W31Y31Zr63,125,3,"W,Y,Zr",0,0.000000000000,31,0.248000000000,31,0.248000000000,63,0.504000000000
2768,W16Y31Zr78,125,3,"W,Y,Zr",0,0.000000000000,16,0.128000000000,31,0.248000000000,78,0.624000000000
2769,W16Y26Zr71,113,3,"W,Y,Zr",0,0.000000000000,16,0.141592920354,26,0.230088495575,71,0.628318584071
2770,W16Y32Zr78,126,3,"W,Y,Zr",0,0.000000000000,16,0.126984126984,32,0.253968253968,78,0.619047619048
2771,W30Y30Zr54,114,3,"W,Y,Zr",0,0.000000000000,30,0.263157894737,30,0.263157894737,54,0.473684210526
2772,W31Y31Zr65,127,3,"W,Y,Zr",0,0.000000000000,31,0.244094488189,31,0.244094488189,65,0.511811023622
2773,W32Y31Zr63,126,3,"W,Y,Zr",0,0.000000000000,32,0.253968253968,31,0.246031746032,63,0.500000000000
2774,W16Y31Zr78,125,3,"W,Y,Zr",0,0.000000000000,16,0.128000000000,31,0.248000000000,78,0.624000000000
2775,W16Y31Zr78,125,3,"W,Y,Zr",0,0.000000000000,16,0.128000000000,31,0.248000000000,78,0.624000000000
2776,W16Y31Zr78,125,3,"W,Y,Zr",0,0.000000000000,16,0.128000000000,31,0.248000000000,78,0.624000000000
2777,W14Y30Zr73,117,3,"W,Y,Zr",0,0.000000000000,14,0.119658119658,30,0.256410256410,73,0.623931623932
2778,W16Y31Zr78,125,3,"W,Y,Zr",0,0.000000000000,16,0.128000000000,31,0.248000000000,78,0.624000000000
2779,W16Y31Zr78,125,3,"W,Y,Zr",0,0.000000000000,16,0.128000000000,31,0.248000000000,78,0.624000000000
2780,W16Y31Zr78,125,3,"W,Y,Zr",0,0.000000000000,16,0.128000000000,31,0.248000000000,78,0.624000000000
2781,W16Y31Zr78,125,3,"W,Y,Zr",0,0.000000000000,16,0.128000000000,31,0.248000000000,78,0.624000000000
2782,W16Y31Zr78,125,3,"W,Y,Zr",0,0.000000000000,16,0.128000000000,31,0.248000000000,78,0.624000000000
2783,W16Y31Zr78,125,3,"W,Y,Zr",0,0.000000000000,16,0.128000000000,31,0.248000000000,78,0.624000000000
2784,W15Y30Zr71,116,3,"W,Y,Zr",0,0.000000000000,15,0.129310344828,30,0.258620689655,71,0.612068965517
2785,W16Y31Zr80,127,3,"W,Y,Zr",0,0.000000000000,16,0.125984251969,31,0.244094488189,80,0.629921259843
2786,CrW16Y31Zr78,126,4,"Cr,W,Y,Zr",1,0.007936507937,16,0.126984126984,31,0.246031746032,78,0.619047619048
2787,W57Y40Zr16,113,3,"W,Y,Zr",0,0.000000000000,57,0.504424778761,40,0.353982300885,16,0.141592920354
2788,CrW62Y48Zr16,127,4,"Cr,W,Y,Zr",1,0.007874015748,62,0.488188976378,48,0.377952755906,16,0.125984251969
2789,W12Y28Zr74,114,3,"W,Y,Zr",0,0.000000000000,12,0.105263157895,28,0.245614035088,74,0.649122807018
2790,W16Y31Zr78,125,3,"W,Y,Zr",0,0.000000000000,16,0.128000000000,31,0.248000000000,78,0.624000000000
2791,W62Y47Zr16,125,3,"W,Y,Zr",0,0.000000000000,62,0.496000000000,47,0.376000000000,16,0.128000000000
2792,W57Y44Zr12,113,3,"W,Y,Zr",0,0.000000000000,57,0.504424778761,44,0.389380530973,12,0.106194690265
2793,W56Y47Zr16,119,3,"W,Y,Zr",0,0.000000000000,56,0.470588235294,47,0.394957983193,16,0.134453781513
2794,W62Y47Zr16,125,3,"W,Y,Zr",0,0.000000000000,62,0.496000000000,47,0.376000000000,16,0.128000000000
2795,W62Y47Zr16,125,3,"W,Y,Zr",0,0.000000000000,62,0.496000000000,47,0.376000000000,16,0.128000000000
2796,W62Y47Zr16,125,3,"W,Y,Zr",0,0.000000000000,62,0.496000000000,47,0.376000000000,16,0.128000000000
2797,W62Y47Zr16,125,3,"W,Y,Zr",0,0.000000000000,62,0.496000000000,47,0.376000000000,16,0.128000000000
2798,W62Y47Zr16,125,3,"W,Y,Zr",0,0.000000000000,62,0.496000000000,47,0.376000000000,16,0.128000000000
2799,W62Y47Zr16,125,3,"W,Y,Zr",0,0.000000000000,62,0.496000000000,47,0.376000000000,16,0.128000000000
2800,W62Y47Zr16,125,3,"W,Y,Zr",0,0.000000000000,62,0.496000000000,47,0.376000000000,16,0.128000000000
2801,W62Y47Zr16,125,3,"W,Y,Zr",0,0.000000000000,62,0.496000000000,47,0.376000000000,16,0.128000000000
2802,W64Y47Zr17,128,3,"W,Y,Zr",0,0.000000000000,64,0.500000000000,47,0.367187500000,17,0.132812500000
2803,W62Y47Zr17,126,3,"W,Y,Zr",0,0.000000000000,62,0.492063492063,47,0.373015873016,17,0.134920634921
2804,W62Y47Zr16,125,3,"W,Y,Zr",0,0.000000000000,62,0.496000000000,47,0.376000000000,16,0.128000000000
2805,W62Y47Zr16,125,3,"W,Y,Zr",0,0.000000000000,62,0.496000000000,47,0.376000000000,16,0.128000000000
2806,W47Y47Zr31,125,3,"W,Y,Zr",0,0.000000000000,47,0.376000000000,47,0.376000000000,31,0.248000000000
2807,W62Y47Zr16,125,3,"W,Y,Zr",0,0.000000000000,62,0.496000000000,47,0.376000000000,16,0.128000000000
2808,W54Y44Zr16,114,3,"W,Y,Zr",0,0.000000000000,54,0.473684210526,44,0.385964912281,16,0.140350877193
2809,W57Y43Zr14,114,3,"W,Y,Zr",0,0.000000000000,57,0.500000000000,43,0.377192982456,14,0.122807017544
2810,W62Y47Zr16,125,3,"W,Y,Zr",0,0.000000000000,62,0.496000000000,47,0.376000000000,16,0.128000000000
2811,W47Y47Zr31,125,3,"W,Y,Zr",0,0.000000000000,47,0.376000000000,47,0.376000000000,31,0.248000000000
2812,W46Y42Zr28,116,3,"W,Y,Zr",0,0.000000000000,46,0.396551724138,42,0.362068965517,28,0.241379310345
2813,W48Y47Zr31,126,3,"W,Y,Zr",0,0.000000000000,48,0.380952380952,47,0.373015873016,31,0.246031746032
2814,W47Y47Zr31,125,3,"W,Y,Zr",0,0.000000000000,47,0.376000000000,47,0.376000000000,31,0.248000000000
2815,W48Y47Zr31,126,3,"W,Y,Zr",0,0.000000000000,48,0.380952380952,47,0.373015873016,31,0.246031746032
2816,W47Y47Zr31,125,3,"W,Y,Zr",0,0.000000000000,47,0.376000000000,47,0.376000000000,31,0.248000000000
2817,W47Y47Zr31,125,3,"W,Y,Zr",0,0.000000000000,47,0.376000000000,47,0.376000000000,31,0.248000000000
2818,W47Y47Zr31,125,3,"W,Y,Zr",0,0.000000000000,47,0.376000000000,47,0.376000000000,31,0.248000000000
2819,W47Y47Zr31,125,3,"W,Y,Zr",0,0.000000000000,47,0.376000000000,47,0.376000000000,31,0.248000000000
2820,W31Y47Zr47,125,3,"W,Y,Zr",0,0.000000000000,31,0.248000000000,47,0.376000000000,47,0.376000000000
2821,W26Y44Zr46,116,3,"W,Y,Zr",0,0.000000000000,26,0.224137931034,44,0.379310344828,46,0.396551724138
2822,W31Y47Zr47,125,3,"W,Y,Zr",0,0.000000000000,31,0.248000000000,47,0.376000000000,47,0.376000000000
2823,W47Y47Zr31,125,3,"W,Y,Zr",0,0.000000000000,47,0.376000000000,47,0.376000000000,31,0.248000000000
2824,W45Y40Zr29,114,3,"W,Y,Zr",0,0.000000000000,45,0.394736842105,40,0.350877192982,29,0.254385964912
2825,W40Y46Zr29,115,3,"W,Y,Zr",0,0.000000000000,40,0.347826086957,46,0.400000000000,29,0.252173913043
2826,CrW47Y47Zr31,126,4,"Cr,W,Y,Zr",1,0.007936507937,47,0.373015873016,47,0.373015873016,31,0.246031746032
2827,W47Y47Zr31,125,3,"W,Y,Zr",0,0.000000000000,47,0.376000000000,47,0.376000000000,31,0.248000000000
2828,W42Y44Zr27,113,3,"W,Y,Zr",0,0.000000000000,42,0.371681415929,44,0.389380530973,27,0.238938053097
2829,W48Y47Zr31,126,3,"W,Y,Zr",0,0.000000000000,48,0.380952380952,47,0.373015873016,31,0.246031746032
2830,W31Y47Zr47,125,3,"W,Y,Zr",0,0.000000000000,31,0.248000000000,47,0.376000000000,47,0.376000000000
2831,W31Y47Zr47,125,3,"W,Y,Zr",0,0.000000000000,31,0.248000000000,47,0.376000000000,47,0.376000000000
2832,W30Y45Zr40,115,3,"W,Y,Zr",0,0.000000000000,30,0.260869565217,45,0.391304347826,40,0.347826086957
2833,W32Y47Zr48,127,3,"W,Y,Zr",0,0.000000000000,32,0.251968503937,47,0.370078740157,48,0.377952755906
2834,W31Y47Zr47,125,3,"W,Y,Zr",0,0.000000000000,31,0.248000000000,47,0.376000000000,47,0.376000000000
2835,W30Y39Zr46,115,3,"W,Y,Zr",0,0.000000000000,30,0.260869565217,39,0.339130434783,46,0.400000000000
2836,W31Y47Zr47,125,3,"W,Y,Zr",0,0.000000000000,31,0.248000000000,47,0.376000000000,47,0.376000000000
2837,W15Y41Zr57,113,3,"W,Y,Zr",0,0.000000000000,15,0.132743362832,41,0.362831858407,57,0.504424778761
2838,W16Y47Zr63,126,3,"W,Y,Zr",0,0.000000000000,16,0.126984126984,47,0.373015873016,63,0.500000000000
2839,W31Y47Zr47,125,3,"W,Y,Zr",0,0.000000000000,31,0.248000000000,47,0.376000000000,47,0.376000000000
2840,W31Y47Zr47,125,3,"W,Y,Zr",0,0.000000000000,31,0.248000000000,47,0.376000000000,47,0.376000000000
2841,W29Y41Zr43,113,3,"W,Y,Zr",0,0.000000000000,29,0.256637168142,41,0.362831858407,43,0.380530973451
2842,W31Y48Zr47,126,3,"W,Y,Zr",0,0.000000000000,31,0.246031746032,48,0.380952380952,47,0.373015873016
2843,W31Y47Zr47,125,3,"W,Y,Zr",0,0.000000000000,31,0.248000000000,47,0.376000000000,47,0.376000000000
2844,W31Y48Zr47,126,3,"W,Y,Zr",0,0.000000000000,31,0.246031746032,48,0.380952380952,47,0.373015873016
2845,W28Y47Zr41,116,3,"W,Y,Zr",0,0.000000000000,28,0.241379310345,47,0.405172413793,41,0.353448275862
2846,W31Y47Zr47,125,3,"W,Y,Zr",0,0.000000000000,31,0.248000000000,47,0.376000000000,47,0.376000000000
2847,W31Y47Zr47,125,3,"W,Y,Zr",0,0.000000000000,31,0.248000000000,47,0.376000000000,47,0.376000000000
2848,W31Y47Zr47,125,3,"W,Y,Zr",0,0.000000000000,31,0.248000000000,47,0.376000000000,47,0.376000000000
2849,W26Y44Zr44,114,3,"W,Y,Zr",0,0.000000000000,26,0.228070175439,44,0.385964912281,44,0.385964912281
2850,W31Y47Zr47,125,3,"W,Y,Zr",0,0.000000000000,31,0.248000000000,47,0.376000000000,47,0.376000000000
2851,W16Y47Zr62,125,3,"W,Y,Zr",0,0.000000000000,16,0.128000000000,47,0.376000000000,62,0.496000000000
2852,W15Y46Zr57,118,3,"W,Y,Zr",0,0.000000000000,15,0.127118644068,46,0.389830508475,57,0.483050847458
2853,W16Y47Zr62,125,3,"W,Y,Zr",0,0.000000000000,16,0.128000000000,47,0.376000000000,62,0.496000000000
2854,W16Y47Zr62,125,3,"W,Y,Zr",0,0.000000000000,16,0.128000000000,47,0.376000000000,62,0.496000000000
2855,W16Y47Zr62,125,3,"W,Y,Zr",0,0.000000000000,16,0.128000000000,47,0.376000000000,62,0.496000000000
2856,W16Y47Zr62,125,3,"W,Y,Zr",0,0.000000000000,16,0.128000000000,47,0.376000000000,62,0.496000000000
2857,W16Y47Zr62,125,3,"W,Y,Zr",0,0.000000000000,16,0.128000000000,47,0.376000000000,62,0.496000000000
2858,W16Y47Zr62,125,3,"W,Y,Zr",0,0.000000000000,16,0.128000000000,47,0.376000000000,62,0.496000000000
2859,W16Y47Zr62,125,3,"W,Y,Zr",0,0.000000000000,16,0.128000000000,47,0.376000000000,62,0.496000000000
2860,W16Y47Zr62,125,3,"W,Y,Zr",0,0.000000000000,16,0.128000000000,47,0.376000000000,62,0.496000000000
2861,W16Y47Zr62,125,3,"W,Y,Zr",0,0.000000000000,16,0.128000000000,47,0.376000000000,62,0.496000000000
2862,W16Y47Zr62,125,3,"W,Y,Zr",0,0.000000000000,16,0.128000000000,47,0.376000000000,62,0.496000000000
2863,W16Y47Zr62,125,3,"W,Y,Zr",0,0.000000000000,16,0.128000000000,47,0.376000000000,62,0.496000000000
2864,W16Y42Zr56,114,3,"W,Y,Zr",0,0.000000000000,16,0.140350877193,42,0.368421052632,56,0.491228070175
2865,W16Y47Zr63,126,3,"W,Y,Zr",0,0.000000000000,16,0.126984126984,47,0.373015873016,63,0.500000000000
2866,W16Y47Zr62,125,3,"W,Y,Zr",0,0.000000000000,16,0.128000000000,47,0.376000000000,62,0.496000000000
2867,W16Y47Zr62,125,3,"W,Y,Zr",0,0.000000000000,16,0.128000000000,47,0.376000000000,62,0.496000000000
2868,W16Y47Zr62,125,3,"W,Y,Zr",0,0.000000000000,16,0.128000000000,47,0.376000000000,62,0.496000000000
2869,W16Y47Zr62,125,3,"W,Y,Zr",0,0.000000000000,16,0.128000000000,47,0.376000000000,62,0.496000000000
2870,W16Y47Zr62,125,3,"W,Y,Zr",0,0.000000000000,16,0.128000000000,47,0.376000000000,62,0.496000000000
2871,W14Y43Zr59,116,3,"W,Y,Zr",0,0.000000000000,14,0.120689655172,43,0.370689655172,59,0.508620689655
2872,W16Y47Zr62,125,3,"W,Y,Zr",0,0.000000000000,16,0.128000000000,47,0.376000000000,62,0.496000000000
2873,W47Y62Zr16,125,3,"W,Y,Zr",0,0.000000000000,47,0.376000000000,62,0.496000000000,16,0.128000000000
2874,W44Y55Zr16,115,3,"W,Y,Zr",0,0.000000000000,44,0.382608695652,55,0.478260869565,16,0.139130434783
2875,W47Y62Zr16,125,3,"W,Y,Zr",0,0.000000000000,47,0.376000000000,62,0.496000000000,16,0.128000000000
2876,W46Y56Zr11,113,3,"W,Y,Zr",0,0.000000000000,46,0.407079646018,56,0.495575221239,11,0.097345132743
2877,W47Y62Zr16,125,3,"W,Y,Zr",0,0.000000000000,47,0.376000000000,62,0.496000000000,16,0.128000000000
2878,W47Y62Zr16,125,3,"W,Y,Zr",0,0.000000000000,47,0.376000000000,62,0.496000000000,16,0.128000000000
2879,W39Y58Zr16,113,3,"W,Y,Zr",0,0.000000000000,39,0.345132743363,58,0.513274336283,16,0.141592920354
2880,W47Y62Zr16,125,3,"W,Y,Zr",0,0.000000000000,47,0.376000000000,62,0.496000000000,16,0.128000000000
2881,W47Y62Zr16,125,3,"W,Y,Zr",0,0.000000000000,47,0.376000000000,62,0.496000000000,16,0.128000000000
2882,W42Y58Zr13,113,3,"W,Y,Zr",0,0.000000000000,42,0.371681415929,58,0.513274336283,13,0.115044247788
2883,W45Y53Zr15,113,3,"W,Y,Zr",0,0.000000000000,45,0.398230088496,53,0.469026548673,15,0.132743362832
2884,W47Y62Zr17,126,3,"W,Y,Zr",0,0.000000000000,47,0.373015873016,62,0.492063492063,17,0.134920634921
2885,W47Y62Zr16,125,3,"W,Y,Zr",0,0.000000000000,47,0.376000000000,62,0.496000000000,16,0.128000000000
2886,W47Y62Zr16,125,3,"W,Y,Zr",0,0.000000000000,47,0.376000000000,62,0.496000000000,16,0.128000000000
2887,W47Y62Zr16,125,3,"W,Y,Zr",0,0.000000000000,47,0.376000000000,62,0.496000000000,16,0.128000000000
2888,W47Y62Zr17,126,3,"W,Y,Zr",0,0.000000000000,47,0.373015873016,62,0.492063492063,17,0.134920634921
2889,W47Y62Zr16,125,3,"W,Y,Zr",0,0.000000000000,47,0.376000000000,62,0.496000000000,16,0.128000000000
2890,W42Y61Zr15,118,3,"W,Y,Zr",0,0.000000000000,42,0.355932203390,61,0.516949152542,15,0.127118644068
2891,CrW47Y62Zr16,126,4,"Cr,W,Y,Zr",1,0.007936507937,47,0.373015873016,62,0.492063492063,16,0.126984126984
2892,W47Y62Zr16,125,3,"W,Y,Zr",0,0.000000000000,47,0.376000000000,62,0.496000000000,16,0.128000000000
2893,W47Y62Zr16,125,3,"W,Y,Zr",0,0.000000000000,47,0.376000000000,62,0.496000000000,16,0.128000000000
2894,W47Y62Zr16,125,3,"W,Y,Zr",0,0.000000000000,47,0.376000000000,62,0.496000000000,16,0.128000000000
2895,W47Y58Zr16,121,3,"W,Y,Zr",0,0.000000000000,47,0.388429752066,58,0.479338842975,16,0.132231404959
2896,W47Y62Zr16,125,3,"W,Y,Zr",0,0.000000000000,47,0.376000000000,62,0.496000000000,16,0.128000000000
2897,W31Y64Zr32,127,3,"W,Y,Zr",0,0.000000000000,31,0.244094488189,64,0.503937007874,32,0.251968503937
2898,W31Y63Zr31,125,3,"W,Y,Zr",0,0.000000000000,31,0.248000000000,63,0.504000000000,31,0.248000000000
2899,W31Y63Zr31,125,3,"W,Y,Zr",0,0.000000000000,31,0.248000000000,63,0.504000000000,31,0.248000000000
2900,W31Y63Zr31,125,3,"W,Y,Zr",0,0.000000000000,31,0.248000000000,63,0.504000000000,31,0.248000000000
2901,CrW31Y63Zr32,127,4,"Cr,W,Y,Zr",1,0.007874015748,31,0.244094488189,63,0.496062992126,32,0.251968503937
2902,W31Y63Zr31,125,3,"W,Y,Zr",0,0.000000000000,31,0.248000000000,63,0.504000000000,31,0.248000000000
2903,W31Y57Zr27,115,3,"W,Y,Zr",0,0.000000000000,31,0.269565217391,57,0.495652173913,27,0.234782608696
2904,W31Y63Zr31,125,3,"W,Y,Zr",0,0.000000000000,31,0.248000000000,63,0.504000000000,31,0.248000000000
2905,W31Y62Zr32,125,3,"W,Y,Zr",0,0.000000000000,31,0.248000000000,62,0.496000000000,32,0.256000000000
2906,W26Y57Zr32,115,3,"W,Y,Zr",0,0.000000000000,26,0.226086956522,57,0.495652173913,32,0.278260869565
2907,W31Y62Zr32,125,3,"W,Y,Zr",0,0.000000000000,31,0.248000000000,62,0.496000000000,32,0.256000000000
2908,W32Y62Zr32,126,3,"W,Y,Zr",0,0.000000000000,32,0.253968253968,62,0.492063492063,32,0.253968253968
2909,W31Y62Zr32,125,3,"W,Y,Zr",0,0.000000000000,31,0.248000000000,62,0.496000000000,32,0.256000000000
2910,W31Y62Zr32,125,3,"W,Y,Zr",0,0.000000000000,31,0.248000000000,62,0.496000000000,32,0.256000000000
2911,W31Y56Zr27,114,3,"W,Y,Zr",0,0.000000000000,31,0.271929824561,56,0.491228070175,27,0.236842105263
2912,W28Y55Zr31,114,3,"W,Y,Zr",0,0.000000000000,28,0.245614035088,55,0.482456140351,31,0.271929824561
2913,W32Y62Zr32,126,3,"W,Y,Zr",0,0.000000000000,32,0.253968253968,62,0.492063492063,32,0.253968253968
2914,W16Y62Zr47,125,3,"W,Y,Zr",0,0.000000000000,16,0.128000000000,62,0.496000000000,47,0.376000000000
2915,W16Y62Zr47,125,3,"W,Y,Zr",0,0.000000000000,16,0.128000000000,62,0.496000000000,47,0.376000000000
2916,W16Y62Zr49,127,3,"W,Y,Zr",0,0.000000000000,16,0.125984251969,62,0.488188976378,49,0.385826771654
2917,W14Y57Zr45,116,3,"W,Y,Zr",0,0.000000000000,14,0.120689655172,57,0.491379310345,45,0.387931034483
2918,W16Y62Zr47,125,3,"W,Y,Zr",0,0.000000000000,16,0.128000000000,62,0.496000000000,47,0.376000000000
2919,W16Y62Zr47,125,3,"W,Y,Zr",0,0.000000000000,16,0.128000000000,62,0.496000000000,47,0.376000000000
2920,W17Y62Zr47,126,3,"W,Y,Zr",0,0.000000000000,17,0.134920634921,62,0.492063492063,47,0.373015873016
2921,W16Y62Zr47,125,3,"W,Y,Zr",0,0.000000000000,16,0.128000000000,62,0.496000000000,47,0.376000000000
2922,W16Y62Zr47,125,3,"W,Y,Zr",0,0.000000000000,16,0.128000000000,62,0.496000000000,47,0.376000000000
2923,W16Y63Zr47,126,3,"W,Y,Zr",0,0.000000000000,16,0.126984126984,63,0.500000000000,47,0.373015873016
2924,W16Y62Zr47,125,3,"W,Y,Zr",0,0.000000000000,16,0.128000000000,62,0.496000000000,47,0.376000000000
2925,W16Y62Zr47,125,3,"W,Y,Zr",0,0.000000000000,16,0.128000000000,62,0.496000000000,47,0.376000000000
2926,W16Y62Zr47,125,3,"W,Y,Zr",0,0.000000000000,16,0.128000000000,62,0.496000000000,47,0.376000000000
2927,W16Y62Zr47,125,3,"W,Y,Zr",0,0.000000000000,16,0.128000000000,62,0.496000000000,47,0.376000000000
2928,W16Y55Zr42,113,3,"W,Y,Zr",0,0.000000000000,16,0.141592920354,55,0.486725663717,42,0.371681415929
2929,W16Y58Zr44,118,3,"W,Y,Zr",0,0.000000000000,16,0.135593220339,58,0.491525423729,44,0.372881355932
2930,W16Y62Zr47,125,3,"W,Y,Zr",0,0.000000000000,16,0.128000000000,62,0.496000000000,47,0.376000000000
2931,W14Y57Zr42,113,3,"W,Y,Zr",0,0.000000000000,14,0.123893805310,57,0.504424778761,42,0.371681415929
2932,CrW16Y62Zr47,126,4,"Cr,W,Y,Zr",1,0.007936507937,16,0.126984126984,62,0.492063492063,47,0.373015873016
2933,W16Y62Zr47,125,3,"W,Y,Zr",0,0.000000000000,16,0.128000000000,62,0.496000000000,47,0.376000000000
2934,W31Y78Zr16,125,3,"W,Y,Zr",0,0.000000000000,31,0.248000000000,78,0.624000000000,16,0.128000000000
2935,W29Y72Zr16,117,3,"W,Y,Zr",0,0.000000000000,29,0.247863247863,72,0.615384615385,16,0.136752136752
2936,W31Y67Zr15,113,3,"W,Y,Zr",0,0.000000000000,31,0.274336283186,67,0.592920353982,15,0.132743362832
2937,W31Y78Zr16,125,3,"W,Y,Zr",0,0.000000000000,31,0.248000000000,78,0.624000000000,16,0.128000000000
2938,W31Y78Zr16,125,3,"W,Y,Zr",0,0.000000000000,31,0.248000000000,78,0.624000000000,16,0.128000000000
2939,Cr2W31Y78Zr16,127,4,"Cr,W,Y,Zr",2,0.015748031496,31,0.244094488189,78,0.614173228346,16,0.125984251969
2940,W31Y78Zr16,125,3,"W,Y,Zr",0,0.000000000000,31,0.248000000000,78,0.624000000000,16,0.128000000000
2941,W31Y78Zr16,125,3,"W,Y,Zr",0,0.000000000000,31,0.248000000000,78,0.624000000000,16,0.128000000000
2942,W31Y78Zr16,125,3,"W,Y,Zr",0,0.000000000000,31,0.248000000000,78,0.624000000000,16,0.128000000000
2943,W30Y72Zr12,114,3,"W,Y,Zr",0,0.000000000000,30,0.263157894737,72,0.631578947368,12,0.105263157895
2944,W31Y78Zr17,126,3,"W,Y,Zr",0,0.000000000000,31,0.246031746032,78,0.619047619048,17,0.134920634921
2945,W16Y79Zr31,126,3,"W,Y,Zr",0,0.000000000000,16,0.126984126984,79,0.626984126984,31,0.246031746032
2946,W31Y78Zr16,125,3,"W,Y,Zr",0,0.000000000000,31,0.248000000000,78,0.624000000000,16,0.128000000000
2947,W31Y80Zr16,127,3,"W,Y,Zr",0,0.000000000000,31,0.244094488189,80,0.629921259843,16,0.125984251969
2948,W32Y78Zr17,127,3,"W,Y,Zr",0,0.000000000000,32,0.251968503937,78,0.614173228346,17,0.133858267717
2949,W31Y78Zr16,125,3,"W,Y,Zr",0,0.000000000000,31,0.248000000000,78,0.624000000000,16,0.128000000000
2950,W16Y78Zr31,125,3,"W,Y,Zr",0,0.000000000000,16,0.128000000000,78,0.624000000000,31,0.248000000000
2951,W16Y78Zr31,125,3,"W,Y,Zr",0,0.000000000000,16,0.128000000000,78,0.624000000000,31,0.248000000000
2952,W16Y78Zr31,125,3,"W,Y,Zr",0,0.000000000000,16,0.128000000000,78,0.624000000000,31,0.248000000000
2953,W16Y78Zr31,125,3,"W,Y,Zr",0,0.000000000000,16,0.128000000000,78,0.624000000000,31,0.248000000000
2954,W31Y79Zr16,126,3,"W,Y,Zr",0,0.000000000000,31,0.246031746032,79,0.626984126984,16,0.126984126984
2955,W30Y68Zr16,114,3,"W,Y,Zr",0,0.000000000000,30,0.263157894737,68,0.596491228070,16,0.140350877193
2956,W30Y77Zr13,120,3,"W,Y,Zr",0,0.000000000000,30,0.250000000000,77,0.641666666667,13,0.108333333333
2957,W31Y78Zr16,125,3,"W,Y,Zr",0,0.000000000000,31,0.248000000000,78,0.624000000000,16,0.128000000000
2958,W31Y78Zr16,125,3,"W,Y,Zr",0,0.000000000000,31,0.248000000000,78,0.624000000000,16,0.128000000000
2959,W31Y78Zr16,125,3,"W,Y,Zr",0,0.000000000000,31,0.248000000000,78,0.624000000000,16,0.128000000000
2960,W31Y78Zr16,125,3,"W,Y,Zr",0,0.000000000000,31,0.248000000000,78,0.624000000000,16,0.128000000000
2961,W30Y73Zr13,116,3,"W,Y,Zr",0,0.000000000000,30,0.258620689655,73,0.629310344828,13,0.112068965517
2962,W26Y77Zr16,119,3,"W,Y,Zr",0,0.000000000000,26,0.218487394958,77,0.647058823529,16,0.134453781513
2963,W27Y74Zr15,116,3,"W,Y,Zr",0,0.000000000000,27,0.232758620690,74,0.637931034483,15,0.129310344828
2964,W31Y78Zr16,125,3,"W,Y,Zr",0,0.000000000000,31,0.248000000000,78,0.624000000000,16,0.128000000000
2965,W13Y72Zr30,115,3,"W,Y,Zr",0,0.000000000000,13,0.113043478261,72,0.626086956522,30,0.260869565217
2966,W16Y78Zr32,126,3,"W,Y,Zr",0,0.000000000000,16,0.126984126984,78,0.619047619048,32,0.253968253968
2967,W16Y78Zr31,125,3,"W,Y,Zr",0,0.000000000000,16,0.128000000000,78,0.624000000000,31,0.248000000000
2968,W16Y78Zr31,125,3,"W,Y,Zr",0,0.000000000000,16,0.128000000000,78,0.624000000000,31,0.248000000000
2969,W16Y71Zr27,114,3,"W,Y,Zr",0,0.000000000000,16,0.140350877193,71,0.622807017544,27,0.236842105263
2970,W18Y78Zr31,127,3,"W,Y,Zr",0,0.000000000000,18,0.141732283465,78,0.614173228346,31,0.244094488189
2971,W16Y78Zr31,125,3,"W,Y,Zr",0,0.000000000000,16,0.128000000000,78,0.624000000000,31,0.248000000000
2972,W15Y70Zr30,115,3,"W,Y,Zr",0,0.000000000000,15,0.130434782609,70,0.608695652174,30,0.260869565217
2973,W16Y79Zr31,126,3,"W,Y,Zr",0,0.000000000000,16,0.126984126984,79,0.626984126984,31,0.246031746032
2974,W16Y78Zr31,125,3,"W,Y,Zr",0,0.000000000000,16,0.128000000000,78,0.624000000000,31,0.248000000000
2975,W16Y94Zr15,125,3,"W,Y,Zr",0,0.000000000000,16,0.128000000000,94,0.752000000000,15,0.120000000000
2976,W13Y85Zr15,113,3,"W,Y,Zr",0,0.000000000000,13,0.115044247788,85,0.752212389381,15,0.132743362832
2977,W17Y94Zr15,126,3,"W,Y,Zr",0,0.000000000000,17,0.134920634921,94,0.746031746032,15,0.119047619048
2978,W16Y94Zr15,125,3,"W,Y,Zr",0,0.000000000000,16,0.128000000000,94,0.752000000000,15,0.120000000000
2979,W17Y94Zr15,126,3,"W,Y,Zr",0,0.000000000000,17,0.134920634921,94,0.746031746032,15,0.119047619048
2980,W16Y78Zr31,125,3,"W,Y,Zr",0,0.000000000000,16,0.128000000000,78,0.624000000000,31,0.248000000000
2981,W13Y71Zr30,114,3,"W,Y,Zr",0,0.000000000000,13,0.114035087719,71,0.622807017544,30,0.263157894737
2982,CrW16Y78Zr31,126,4,"Cr,W,Y,Zr",1,0.007936507937,16,0.126984126984,78,0.619047619048,31,0.246031746032
2983,W16Y94Zr15,125,3,"W,Y,Zr",0,0.000000000000,16,0.128000000000,94,0.752000000000,15,0.120000000000
2984,W16Y94Zr15,125,3,"W,Y,Zr",0,0.000000000000,16,0.128000000000,94,0.752000000000,15,0.120000000000
2985,W16Y89Zr14,119,3,"W,Y,Zr",0,0.000000000000,16,0.134453781513,89,0.747899159664,14,0.117647058824
2986,W16Y94Zr15,125,3,"W,Y,Zr",0,0.000000000000,16,0.128000000000,94,0.752000000000,15,0.120000000000
2987,W16Y94Zr15,125,3,"W,Y,Zr",0,0.000000000000,16,0.128000000000,94,0.752000000000,15,0.120000000000
2988,W16Y94Zr15,125,3,"W,Y,Zr",0,0.000000000000,16,0.128000000000,94,0.752000000000,15,0.120000000000
2989,W16Y94Zr15,125,3,"W,Y,Zr",0,0.000000000000,16,0.128000000000,94,0.752000000000,15,0.120000000000
2990,W15Y90Zr15,120,3,"W,Y,Zr",0,0.000000000000,15,0.125000000000,90,0.750000000000,15,0.125000000000
2991,W15Y87Zr11,113,3,"W,Y,Zr",0,0.000000000000,15,0.132743362832,87,0.769911504425,11,0.097345132743
2992,W16Y94Zr15,125,3,"W,Y,Zr",0,0.000000000000,16,0.128000000000,94,0.752000000000,15,0.120000000000
2993,W16Y94Zr15,125,3,"W,Y,Zr",0,0.000000000000,16,0.128000000000,94,0.752000000000,15,0.120000000000
2994,W16Y94Zr15,125,3,"W,Y,Zr",0,0.000000000000,16,0.128000000000,94,0.752000000000,15,0.120000000000
2995,W15Y89Zr13,117,3,"W,Y,Zr",0,0.000000000000,15,0.128205128205,89,0.760683760684,13,0.111111111111
2996,W16Y82Zr15,113,3,"W,Y,Zr",0,0.000000000000,16,0.141592920354,82,0.725663716814,15,0.132743362832
2997,W16Y94Zr15,125,3,"W,Y,Zr",0,0.000000000000,16,0.128000000000,94,0.752000000000,15,0.120000000000
2998,W16Y94Zr17,127,3,"W,Y,Zr",0,0.000000000000,16,0.125984251969,94,0.740157480315,17,0.133858267717
2999,W16Y94Zr15,125,3,"W,Y,Zr",0,0.000000000000,16,0.128000000000,94,0.752000000000,15,0.120000000000
