nep4_zbl 4 W Cr Y Zr 
zbl 1 2
cutoff 6 5 104 61
n_max 8 6
basis_size 8 8
l_max 4 2 1
ANN 80 0
 -1.6521460e-01
 -1.8155192e-01
 -1.9905761e-01
 -1.7563899e-01
  2.6196656e-01
  3.0754282e+00
 -6.2828016e+00
  9.5746779e-01
  2.2442648e+00
 -1.1106254e-01
  1.6453403e+00
  3.0965943e+00
  1.2128867e+00
  1.8516588e-01
 -2.1722032e-02
 -5.0220418e-01
 -7.5820774e-01
  8.9530461e-02
  7.6678228e-01
  5.4308391e-01
 -2.6161244e+00
  2.1178305e-01
  3.9774320e-01
 -6.4980012e-01
 -5.3820688e-02
 -2.7536342e-01
 -4.3938386e-01
 -1.4316405e-01
 -1.8583412e+00
 -5.7917750e-01
  1.4535772e+00
 -8.9242637e-01
 -1.3629404e-01
 -3.9664531e-01
 -3.3821759e-01
 -3.1432384e-01
 -3.0681303e-01
 -1.0167146e-01
 -3.5037974e-01
  7.9761773e-01
 -7.2479004e-01
 -7.9790515e-01
  1.5855964e+00
 -3.3864239e-01
 -2.2820388e-01
 -1.2501796e+00
  1.4145913e+00
  7.9543665e-02
 -1.0264345e-01
  5.0306997e+00
 -8.6492844e-02
  4.0094426e-01
 -1.0256167e-01
  9.6484816e-01
  3.9192963e-01
 -7.5952083e-01
 -1.3486309e+00
 -1.6332564e-01
 -1.3306897e+00
  1.4947089e+00
  8.1203336e-01
 -8.4267899e-02
  1.9990839e+00
 -2.9507821e+00
 -2.0807175e-01
  6.0714060e-01
 -8.5282063e-01
  2.6547489e-01
 -1.6608025e-01
  3.3788946e+00
 -2.4011118e+00
 -3.6991063e-01
  1.1709461e+00
 -6.2958717e-01
  2.4886350e-01
  4.1213110e-01
  2.9828770e+00
 -1.3763826e+00
  2.5801715e-01
  6.6851169e-01
  1.1471180e+00
  4.6605678e+00
 -1.5556746e+00
 -8.7382710e-01
 -1.9504248e+00
  6.3475639e-01
  2.3513074e+00
 -7.8145880e-01
  1.0516555e+00
 -4.5404851e-01
  1.3360494e+00
 -9.9122167e-01
 -3.4704772e-01
  6.3104081e-01
 -1.1215808e+00
 -2.3965020e-01
 -1.4184882e-01
  2.0880117e-01
 -6.4242119e-01
  6.1611879e-01
 -2.5631306e-01
  5.6400504e-02
  2.9581501e+00
 -1.9918084e+00
  6.1839718e-01
  2.6084211e+00
 -6.2531793e-01
 -5.2960056e-01
 -2.1640944e+00
 -2.1999102e+00
 -2.6246792e-01
  2.5531667e-01
  3.0509111e-01
  7.2653699e-01
 -1.6063768e-02
 -3.7351730e-01
 -8.5298634e-01
  3.8957136e+00
  1.5164480e-01
  3.9160883e-01
  4.7695154e-01
  7.3680454e-01
 -3.9748639e-01
 -2.8612871e-02
  1.9243905e-01
 -3.4066758e-01
 -2.4644952e-01
 -1.4322443e+00
  9.4450963e-01
 -1.4408295e-01
 -2.0279546e-01
 -1.7815222e-01
 -2.2110106e-01
  5.6261790e-01
 -1.8992435e+00
  5.5439018e-02
  2.8155506e-01
  2.5336051e-01
  3.0421895e-01
  6.5703261e-01
  4.8666146e-01
  6.7127806e-01
  5.4962140e-01
  6.1655456e-01
  4.1814917e-01
  4.3112060e-01
 -5.8203834e-01
 -4.9454582e-01
 -3.7925705e-01
  1.1234228e-01
 -8.5682309e-01
  1.8370110e-01
  3.8875976e-01
  5.2872115e-01
  1.4545224e+00
 -3.6166173e-01
  1.8702573e+00
  9.3170397e-02
 -9.4355062e-02
  1.0479224e+00
 -1.2802520e+00
  8.6052483e-01
 -1.8496510e-01
 -2.5686369e+00
  7.5089693e-01
 -4.7491150e+00
 -5.8225250e-01
  2.2333175e-01
 -3.1244567e-01
  9.2969388e-02
 -3.6301248e-02
 -4.5645599e+00
  5.9444106e-01
  4.1073829e-01
  7.4832457e-01
 -1.8048185e-01
 -7.1650141e-01
  4.0383825e+00
 -1.8639216e+00
  7.0046610e-01
  1.7404524e+00
 -1.0847349e-01
  9.3381800e-02
  7.6605928e-01
  2.0050077e+00
  4.3850285e-01
  8.8251972e-01
  1.4172013e+00
  5.1049274e-01
  1.3737657e+00
  1.7840384e-01
 -9.4204026e-01
  2.4910321e+00
 -5.9251440e-01
  8.4070432e-01
  8.1449968e-01
  2.3766558e+00
 -2.6307955e+00
  4.7859156e-01
  6.2935793e-01
  5.7399483e+00
  9.8136061e-01
 -1.0187848e-01
  1.9740015e-01
 -4.0331224e-01
 -8.9594620e-01
 -7.8502119e-02
 -2.0170912e-01
  2.1248513e-01
  3.1578100e-01
  1.1702220e+00
 -1.2034531e-02
 -2.0946647e-01
 -2.3883832e-01
 -1.0644735e-01
  1.5032885e+00
 -3.4898061e-01
 -2.9828268e-01
  7.5088002e-02
 -7.2909194e-01
  1.2834494e+00
  2.6716099e+00
 -6.4960891e-01
  2.6761416e-01
 -1.2948167e-01
 -2.8008267e-01
  4.7322516e+00
 -1.5329674e-01
 -1.7197374e+00
  7.7421528e-01
  2.0651828e-01
  5.9665356e-02
  1.5872636e+00
 -3.7264219e-01
  5.9166175e-01
  1.9646095e+00
  1.0132394e+00
 -5.7225710e-01
  6.8476684e-02
  7.9348199e-02
 -3.7128145e-01
  8.9155024e-01
  2.2505067e-01
  1.1883922e+00
  2.3893957e-01
 -1.0359185e+00
 -1.8809737e-01
  1.0517077e-01
  4.2047029e+00
 -4.8938241e+00
  2.5734797e+00
 -3.1455293e+00
 -5.2094415e-02
 -8.1270278e-01
 -3.3684033e-01
 -7.2211757e-02
  4.4665346e-01
 -8.3803952e-02
  1.2281072e+00
  6.4179140e-01
  1.7795211e+00
  9.5118068e-02
  1.4488672e+00
  3.1951186e-01
  9.9446285e-01
 -5.1405329e-02
  4.7046173e-01
 -2.6104811e-01
  3.1266134e+00
 -4.5945897e+00
  8.2577068e-01
 -1.1069301e+00
 -9.2543495e-01
  1.4623797e-02
 -5.2139944e-01
 -1.8271868e-01
 -1.2654012e+00
  9.6398354e-01
  8.0045033e-01
 -8.4023130e-01
  7.8739250e-01
  1.2867283e+00
 -2.2727817e-01
  4.5940682e-01
  6.8527713e-02
 -1.5288119e+00
 -6.9403458e-01
 -1.5669430e-02
  9.0270674e-01
  3.8919979e-01
  2.1895847e+00
 -2.9262140e+00
 -7.1713609e-01
  3.2541588e-02
  6.5060270e-01
 -5.7816137e-02
  2.2398642e-01
 -2.5497496e-01
 -3.2730117e-01
  1.0334507e+00
 -1.6748273e+00
 -4.2311080e-02
 -2.1690293e-01
 -9.4748265e-01
 -1.0501348e-01
 -4.7860951e+00
  7.9635239e-01
 -2.1934645e+00
 -1.1412399e+00
  4.6662313e-01
 -1.1404759e+00
 -2.8175104e+00
 -7.3485285e-02
 -1.2965463e-01
  1.3149447e+00
 -3.3589813e-01
 -1.7040933e+00
  2.2354557e-01
 -2.0803080e+00
  5.1458162e-01
  1.1641229e+00
 -9.1578412e-01
 -1.9178189e-02
  7.3341894e-01
  1.0470899e+00
 -1.9954109e+00
  9.9446511e-01
 -5.1174527e-01
 -1.1433904e+00
 -9.2697108e-01
  2.3121562e-02
 -1.5829626e+00
 -3.1075795e+00
  4.0714564e+00
  1.0819795e+00
  1.5443385e+00
  1.0926900e-02
  2.2842079e-01
  4.0327060e-01
 -2.4709046e+00
 -7.0880853e-02
  4.5378103e+00
 -1.7438469e-02
 -1.3091793e+00
  6.6128761e-02
  1.4645418e+00
 -7.3442209e-01
  1.6412233e+00
 -1.3806936e+00
  2.1246243e+00
 -5.1827407e-01
  6.5906968e+00
 -9.3859911e-01
 -1.6794353e+00
 -3.8216631e+00
 -7.3984081e-01
  7.0225865e-02
  3.2538373e+00
 -1.1523172e+00
 -2.8077114e-01
 -2.1119061e+00
 -1.7118077e-01
  9.6983349e-01
  1.6696824e-01
  2.2312701e-01
 -9.4615436e-01
  1.5606024e+00
  3.0026761e-01
  6.4019316e-01
  2.7200213e-01
 -4.7986427e-01
  1.4360912e-01
  6.1984462e-01
 -4.0158596e+00
 -5.4093051e-01
 -6.1611730e-01
 -1.8800383e+00
  1.4047268e-01
 -8.4237671e-01
 -1.7149138e-01
  2.8967255e-01
 -2.0945241e+00
  2.9111949e-01
 -5.8316213e-01
  1.4666719e+00
 -1.6290354e+00
 -1.9303877e+00
  4.6960335e+00
 -1.6714743e+00
 -3.4315625e-01
 -3.7971777e-01
  6.6992539e-01
 -5.1463306e-01
  1.4906897e-01
 -9.9859148e-01
  2.5165996e-01
 -1.8218905e-01
 -9.7398955e-01
  4.4185427e-01
  1.6436000e+00
 -3.9710096e-01
  6.5395959e-02
  7.7115990e-02
  3.8551629e-02
  6.3425547e-01
  3.9803457e-01
  7.8771114e-01
 -8.1347185e-01
  1.5157902e-01
 -1.2371795e+00
  1.2010796e+00
  1.2994981e-01
 -1.6289274e+00
  7.0434803e-01
 -8.6173916e-01
 -2.3878780e-01
  6.3406199e-01
 -6.2658638e-01
  4.5868599e-01
  3.8592370e+00
 -6.3522972e-02
  1.2124943e-01
  2.0077659e-01
 -6.8826407e-01
  1.6823667e+00
  2.7220907e+00
 -2.9185444e-01
 -2.0498099e+00
 -7.9005361e-02
  1.3514185e+00
  4.9951294e-01
  2.5549218e-01
  1.0648891e-01
 -1.9701612e+00
  1.0356373e+00
  5.2219665e-01
 -1.3001202e+00
  2.0901783e+00
 -7.7461652e-02
  2.6984072e-01
  3.0728194e-01
 -2.2779448e-01
  1.3408132e+00
  1.9207811e-01
 -1.0730878e-01
 -6.0027951e-01
  1.6097251e-01
  2.2106583e-01
 -5.7782137e-01
 -7.6095039e-01
  3.9137822e-01
 -5.3788234e-02
 -2.7290824e-01
 -6.4272892e-01
  9.0428822e-02
 -1.3800238e-01
 -5.1476009e-02
 -7.9993200e-01
 -2.0338109e+00
  1.7786130e-01
  3.2246119e-01
  6.9274753e-01
  5.2960372e-01
 -2.2904940e+00
  2.8833349e+00
 -1.7657200e+00
  5.2130520e-01
  1.8366233e+00
  2.6602026e-03
 -4.4579834e-01
  1.1043472e-01
 -1.4365649e-01
 -2.4558671e-02
  8.3104020e-01
 -6.7371625e-01
  2.8363945e+00
 -3.6269435e-01
  7.0539939e-01
  5.5422795e-01
  1.5261097e-01
  1.6731472e+00
 -6.7507792e-01
  1.0492741e-01
  1.8029380e+00
  7.7587634e-02
  1.7907008e+00
 -1.9515918e+00
  2.0624015e-01
 -3.2679927e+00
 -2.9754920e+00
 -1.3234679e+00
 -3.4339064e-01
  1.0657502e+00
  1.7573693e+00
  3.0538076e-01
 -9.2799082e-02
  8.8884115e-02
 -2.6100102e-01
 -6.3866282e-01
 -2.8256135e+00
  1.5552828e-01
  1.4815765e-02
  1.7788588e-01
  4.3530408e-01
 -5.6409192e-01
 -5.3861890e+00
 -6.7492360e-01
 -4.2529625e-01
  7.1144074e-02
  3.0755937e-01
 -8.3043957e-01
 -1.0689431e-01
 -1.4321701e-01
  1.0961528e+00
 -8.2886416e-01
 -6.8595988e-01
 -4.9018607e+00
  2.8040627e-01
 -2.8075019e-01
 -8.9606695e-02
 -2.6139385e-01
  4.5334544e+00
  1.3780507e+00
  1.4562197e-01
  2.8977889e-01
 -9.8645516e-02
 -5.8296388e-01
  1.7548890e+00
 -3.6307120e-01
  8.3537810e-02
  5.1774591e-01
  1.2429659e+00
 -4.3610301e-02
  5.4302434e-03
  5.9705192e-01
 -1.9160698e-01
  4.5490366e-01
  1.1246020e+00
  1.2319157e-01
  2.6781080e+00
  2.1487902e-01
 -2.6137501e-01
 -5.6947464e-01
 -9.6145171e-01
  1.5594943e-03
  6.0279495e-01
 -6.0833555e-01
  6.9093609e-01
 -2.2676184e+00
  2.2923282e-01
 -6.1764777e-01
  1.0179049e+00
 -4.5994647e-02
  2.0975013e-01
 -7.9955071e-01
  1.1280073e-01
  1.4283915e-02
 -1.5272259e+00
  1.0922158e+00
  2.1576884e+00
  6.5087593e-01
  1.3206087e+00
 -1.0012364e+00
  4.4696015e-01
  1.8804729e+00
 -6.5146881e-01
 -2.3552409e-01
  1.0731539e+00
  1.7149204e-01
  2.9072687e-01
  1.4057529e+00
  2.8368771e-01
 -2.7856955e-01
  1.2890679e+00
 -2.6625836e-01
 -1.5531436e-01
 -2.2488730e+00
 -8.9664888e-01
 -2.7894232e+00
  1.6737033e-02
 -1.3006674e+00
 -1.2727542e+00
  6.8293160e-01
 -4.9310830e-01
  1.0663513e+00
 -1.2295113e+00
 -1.1649578e+00
  2.7801320e-02
  6.2233758e-01
  1.1485772e-01
  7.1501356e-01
 -3.8100433e-01
  1.3304917e+00
  1.0645139e+00
  6.8401951e-01
 -9.2578357e-01
 -1.5803218e-01
 -5.8374947e-01
 -2.7398531e+00
 -1.2967625e+00
  1.2458757e-01
 -3.6123013e-01
 -6.3010967e-01
  5.2015865e-01
 -5.6516618e-02
  1.1198096e+00
 -1.8531950e-01
  3.2281573e+00
  1.4770808e+00
 -4.9938684e+00
  6.3515961e-02
  6.0310155e-01
 -3.3770883e-01
  1.2457085e+00
 -1.6197966e+00
 -1.5995096e+00
  3.2844484e-01
 -4.3467423e-01
  3.5975797e+00
  3.7350430e+00
 -6.8023258e-01
 -3.9669684e-01
  5.2553493e-01
  5.9963459e-01
 -6.5424122e-02
 -3.0399865e-01
  2.8975487e-01
  5.5802262e-01
  7.4457002e-01
 -1.5235260e+00
  1.9682510e-02
  1.1816088e+00
  4.5741734e-01
  8.6713964e-01
  1.6634710e-01
 -1.0023191e+00
  3.3539839e+00
 -1.0853629e+00
 -6.2953979e-01
 -3.1697372e-01
  1.1807114e+00
 -6.8170083e-01
 -7.9701282e-02
  8.9632925e-03
  6.7063138e-02
 -2.4521692e+00
 -7.4251086e-01
  1.3191438e-01
 -2.5028648e+00
 -1.0991628e+00
  1.0522662e+00
 -2.0558818e-01
  1.2173696e+00
 -9.4552153e-01
 -1.3976607e-01
 -2.8057247e-01
  3.0860296e-01
 -3.0456799e-01
  1.5674905e+00
  3.6002085e+00
  2.9278725e-01
 -1.2671500e-01
 -1.5782357e+00
  5.1682198e-01
  6.9639552e-01
 -2.0594791e-01
  9.6348621e-02
 -4.6547219e-01
 -3.9914718e+00
  3.2883213e+00
  1.1008041e-01
 -1.9228426e+00
  6.9722480e-01
  1.6115603e+00
 -6.6526717e-01
 -3.8154185e-01
 -3.6889890e-01
  9.8356092e-01
  8.6155713e-01
 -5.3743505e-01
  1.9956438e-01
  4.3110141e-01
  4.0725976e-01
  1.0615988e+00
 -6.9399610e+00
 -4.6556169e-01
  8.8357097e-01
 -1.2886963e+00
  3.9809582e-01
  1.5553643e+00
 -2.0000972e-01
 -1.1965365e+00
  3.9416236e-01
  1.3851516e-01
 -2.9866016e+00
  1.1803476e+00
  3.3839285e+00
 -4.1230005e-01
  3.5214192e-01
  3.1212399e+00
 -5.0596106e-01
 -3.5081872e-01
  1.8191454e+00
  2.6182020e+00
 -1.6633283e-02
  2.1411665e-01
 -4.0292439e-01
 -3.8858066e+00
  3.0350837e-01
 -2.1261929e-01
  4.7750252e-01
 -2.1220895e-02
  5.3738009e-02
 -2.4778216e+00
 -1.3264977e+00
  1.0433565e-01
  1.1855855e+00
 -1.3459078e+00
  1.3134714e+00
 -7.4949704e-02
 -9.4306445e-01
  3.6792281e-01
 -1.9594605e+00
  7.4462366e-01
 -1.3144482e+00
 -8.3863127e-01
 -5.8121967e-01
 -2.3489445e-01
 -1.9594377e+00
  1.4452410e+00
 -8.8308316e-01
 -1.3998243e+00
 -2.3354661e-01
 -8.3513089e-02
 -1.2435975e+00
 -1.2337387e+00
 -1.6193013e-01
  8.4759548e-02
 -2.5783524e-01
 -1.9917108e-02
 -1.9861713e-01
  9.6070641e-01
 -5.7236892e-01
 -9.3290526e-01
 -7.4006110e-01
  1.3488418e+00
  7.8446239e-01
  3.3945835e-01
 -1.4547954e-01
  6.3580388e-01
 -3.5297737e-01
 -1.2321438e+00
  9.8566405e-02
 -6.1224645e-01
 -8.7750590e-01
  1.5369155e-01
  1.4909850e-03
  3.6947479e+00
 -5.4555643e-01
  2.2500192e-01
  5.2427538e-02
  1.1670771e+00
 -4.9461183e-01
 -2.6241033e+00
  1.4454742e-01
  1.0264891e+00
 -6.1252284e-01
  1.2254719e+00
  3.7363250e+00
 -1.4335502e+00
 -1.1142699e-01
  3.7618418e+00
 -5.8183730e-02
 -1.5082046e+00
 -1.0538006e+00
 -9.1859990e-01
 -2.1377558e-01
 -1.2778330e-01
  1.3403423e-02
 -1.0366048e+00
  5.2922839e-01
  6.4613408e-01
 -7.0851564e-01
  3.2740477e-02
  8.5029233e-01
  1.9769338e-01
 -5.1913109e+00
 -3.1477900e+00
  3.3000949e-01
 -5.8606701e+00
  2.0851295e-01
 -1.1011814e+00
 -1.1623939e-01
 -6.3918412e-01
  1.7019947e-01
  3.6776146e-01
 -1.6562189e-01
 -1.9108014e-01
  5.1013350e-01
 -7.4653447e-02
 -9.4150789e-02
 -7.7793086e-01
  2.4151123e-01
 -1.5010169e-01
  4.2321405e-01
  3.1395730e-01
  5.9922598e-03
  1.7821424e-01
 -2.2503598e+00
  3.9496383e-01
 -2.2877133e-01
  1.4886224e+00
  7.7498668e-01
  1.3196199e-01
  6.8564343e-01
  6.1035007e-01
 -1.9727001e+00
  3.7068915e-01
  1.3687813e-01
  6.0241663e-01
  3.0921042e-01
  4.4666222e-01
  3.3085017e+00
 -1.0916512e-01
  1.0360510e+00
  1.8697143e-01
  2.4719238e+00
  4.1921225e-01
  3.9752206e-01
  4.8468127e+00
 -1.8404890e+00
  8.0461627e-01
  1.4308418e-01
  7.5608186e-02
  8.2418835e-01
 -1.8509657e+00
 -3.0559254e-01
  1.6567754e+00
 -1.9106807e-01
 -1.1078200e+00
 -6.7760743e-02
 -2.0508845e+00
  2.5414679e+00
 -7.0954412e-01
 -1.3459529e+00
  1.5609595e-01
 -3.2725030e-01
  1.3673322e+00
 -1.5940790e+00
  2.0321477e-02
  8.7835753e-01
 -4.4000134e-01
 -1.3506645e+00
 -4.0182722e-01
  2.9813343e-01
  3.8128963e-01
 -8.7511368e-02
 -1.7996498e+00
 -9.8533922e-01
 -1.6463355e+00
 -8.5504824e-01
  1.1044205e-01
  3.0188200e-01
 -2.2549207e+00
 -6.4258456e-01
  1.5563381e-01
 -3.1765202e-01
 -1.5918484e+00
  3.2464010e-01
  5.1413739e-01
 -2.6655016e+00
 -1.4088916e+00
  8.1846857e-01
  2.9016337e+00
 -2.1415186e-01
 -7.0748717e-02
  1.5383110e+00
  1.4260609e-02
  7.3876746e-02
 -1.6454566e-01
 -1.5665609e-01
  3.0266586e-01
 -7.5130843e-02
  2.2676536e-01
 -9.3192464e-01
 -8.1850404e-01
 -9.2077382e-02
  2.2863008e-01
 -8.1730479e-01
 -1.5008602e-01
  4.2040724e-01
 -2.0695388e+00
  9.5822424e-01
 -5.6658041e-01
  1.4271662e+00
  3.3794653e-01
 -5.8621890e-03
 -3.9470559e-01
  5.4147846e-01
 -1.0827879e-01
  2.0940120e+00
 -4.6194482e-01
  6.2871885e-01
 -5.7079887e-01
 -2.9905659e-01
 -2.4021411e+00
 -1.5245810e+00
  1.4357913e+00
  8.7624335e-01
  2.6551831e+00
 -1.1568210e-01
 -1.4454553e-02
  9.9900913e-01
 -2.1371182e-02
 -1.0721572e-01
  1.2197535e+00
  1.1176721e+00
 -9.2968053e-01
 -5.5008028e-02
  3.5921299e-01
 -9.0010740e-02
 -3.2929000e-01
 -1.7782821e-01
  1.9055748e+00
 -1.7068224e+00
 -9.1941823e-05
 -2.4920878e+00
  1.4816181e-01
  5.9464848e-01
 -8.4115613e-01
 -2.1396935e+00
  2.8819890e+00
 -4.1843888e-01
  1.1825770e+00
 -2.7493349e-01
 -4.1360086e-01
  5.2334529e-01
 -2.2213387e-01
  1.5805675e+00
  7.0659041e-01
  9.2845768e-01
  6.1421680e-01
  5.6060307e-02
 -1.5154624e-01
  2.1591635e+00
 -2.5175828e-01
  1.2060133e+00
  1.1963336e+00
  6.9208038e-01
 -3.7494913e-01
  6.6725813e-02
  6.6220446e+00
 -2.8501084e+00
 -1.2231420e+00
  5.6605917e-01
  3.5775754e-01
  8.6563778e+00
  1.2882510e+00
 -5.4783762e-01
 -2.8422308e-01
  3.5762034e-02
  2.4497829e-01
  1.7335710e-01
 -7.0936799e-01
  6.7218077e-01
 -8.9305884e-01
 -7.9040550e-02
  2.0564033e-01
 -3.4791470e+00
 -1.2824172e-01
  3.5542566e-01
 -1.1870836e-01
  1.7369932e-01
  8.0876201e-01
  1.4111736e+00
  5.6853926e-01
  9.1878295e-01
  2.7382106e-01
  1.2536241e-01
 -5.0771481e-01
 -4.3548363e-01
  4.9622071e-01
 -3.0662009e-01
  3.0367348e-01
 -1.4502558e+00
 -3.4646797e-01
  4.7437328e-01
  5.7135594e-01
 -2.0723951e-01
 -7.2464234e-01
 -2.2231467e+00
 -1.2395577e+00
 -8.3608550e-01
  7.5146449e-01
 -9.5256013e-01
 -2.4458642e-01
 -4.1094923e-01
  1.9150120e-01
  1.9808241e+00
 -1.3242546e+00
 -2.1353360e-01
  4.4035783e-01
  1.7480627e+00
 -7.0374352e-01
  1.6366116e+00
  3.1048288e+00
  3.5163504e-01
  6.0970169e-01
 -8.2612008e-01
  4.9546566e-02
 -1.0989347e+00
  1.8219510e+00
  1.2855402e+00
 -7.2164726e-01
  3.3574927e-01
  4.1482139e-01
 -1.0781677e-01
  9.6908711e-02
 -3.6319748e-01
  3.9476916e-01
  4.5635816e-01
  9.6064895e-01
  1.4221646e+00
  2.8582063e+00
  5.6289148e-01
  8.8200128e-01
 -5.0509536e-01
 -5.8648944e-01
  1.9360879e-01
 -1.1413844e+00
 -4.7532652e-02
  1.6705343e+00
  5.8778661e-01
 -6.3602049e-03
  5.6515634e-01
 -1.5490183e-01
  4.5323655e-01
  1.2421627e+00
 -1.2684937e+00
 -7.1304433e-02
  6.9968945e-01
  1.0990475e+00
 -6.0881144e-01
  3.1595433e-01
 -1.0496316e+00
  1.6304296e-01
 -2.9777031e+00
  8.7477809e-01
  2.4228819e-01
  3.8064721e-01
 -3.1848219e-01
 -1.1171968e-01
  2.1722563e-01
 -3.0052674e-01
 -6.7528611e-01
  1.0583836e+00
  5.6884913e+00
 -3.7900326e-01
  6.0156751e-01
  7.0269829e-01
 -7.1796709e-01
  1.0749383e-01
 -1.2634912e+00
 -4.3719780e-01
 -5.2278328e-01
  9.4902374e-02
  5.0120853e-02
  8.9044911e-01
 -9.1492307e-01
 -6.6033810e-01
  2.7446711e-02
 -6.8961275e-01
 -1.0333734e+00
 -5.6260586e-01
 -4.7049716e-01
 -9.5171231e-01
 -1.6059732e+00
 -7.5145757e-01
  2.4215825e+00
  8.0843168e-01
 -6.6007189e-02
  2.2587678e-01
  1.2272749e+00
  1.0611095e-01
  3.0590209e-01
  1.2695781e+00
 -5.7702482e-01
 -6.2304765e-01
 -3.6820669e+00
  3.9679232e-01
  3.3229986e-01
  3.0293033e-01
  6.5209860e-01
  3.8916856e-01
  2.0021364e-01
 -1.3887921e-01
 -1.7399423e+00
 -2.6756549e+00
 -5.5923158e-01
 -3.0033153e-01
 -4.4193158e-01
  4.4328618e+00
 -2.0224969e+00
 -1.4061255e+00
  2.0005162e-01
 -4.9577144e-01
  1.0669714e+00
 -1.2372687e+00
  4.5151148e-02
 -9.5746154e-01
 -2.2306492e+00
  2.3407578e-01
 -1.4329519e+00
  6.4183617e-01
  1.0196390e+00
 -6.0489625e-01
  5.9832726e-02
  1.4296857e-01
 -2.9676570e-02
 -5.1197249e-01
 -4.0098238e-03
 -2.7146652e-01
 -9.2359781e-01
 -3.2637095e-01
  7.0096499e-01
  6.7727476e-02
 -2.9011812e+00
 -7.7143663e-01
  2.9165542e+00
 -1.6438051e+00
 -3.2106423e-01
  2.8367928e-01
  1.6045237e-01
 -3.3656138e-01
 -1.2980725e+00
  5.6042963e-01
 -2.7793202e-01
  3.9089689e-01
  1.5076527e-02
 -4.1316089e-01
  7.3459290e-02
 -1.4249825e+00
 -8.9777541e-01
  7.3657084e-01
 -9.4145465e-01
  1.1029611e+00
 -1.2280520e+00
 -1.1294615e+00
  2.7418172e+00
  4.8305896e-01
  6.8740630e-01
  1.2010255e+00
 -1.8099067e+00
  7.8700233e+00
  1.2709993e+00
  4.7219327e-01
 -1.4634197e+00
  1.7741411e+00
  6.4243907e-01
 -8.8474566e-01
 -2.1824397e-01
 -2.6998410e-01
 -3.3567059e-01
 -1.8297635e+00
  2.7722073e+00
  1.6558923e-01
 -5.5365050e-01
 -1.7143564e+00
 -8.2759194e-02
  1.0427099e+00
  2.2949750e+00
 -3.2074815e-01
 -1.0572565e-01
 -1.2947596e+00
 -2.4277925e+00
 -1.5438359e+00
 -1.3916172e+00
 -2.0673797e+00
 -2.2651916e+00
 -3.9422264e+00
 -3.2639713e+00
 -5.9093493e-01
 -2.9564434e-01
 -5.0948475e-02
  1.7887872e-01
  1.4848973e+00
 -8.2908803e-01
  7.5443707e-02
  3.8983090e+00
 -2.5023228e-01
 -2.7227650e+00
  5.8616257e+00
 -2.1786046e-01
 -8.8326478e-01
 -2.6022563e+00
  2.0152421e+00
 -1.0507796e+00
  9.6125764e-01
  1.3246559e-01
  7.8606367e-01
 -5.5514210e-01
 -2.0072918e+00
  7.1309894e-01
  2.4094550e-01
  4.2938251e-02
  7.2673774e-01
  1.1998839e+00
 -1.6114751e+00
  2.9428035e-03
 -1.4698662e+00
 -3.4249297e-01
  6.0469037e-01
 -8.6403668e-02
  1.2158276e+00
  1.8558885e-01
 -6.1104655e-01
  8.9603776e-01
 -2.5206938e-01
 -9.0579093e-01
 -5.1403600e-01
 -1.0631465e+00
 -8.3114731e-01
  3.8362145e-01
  2.2345065e-01
  7.7635372e-01
  6.6487712e-01
 -1.4392254e-01
 -4.4697469e-01
 -8.5963172e-01
  1.7387959e+00
  1.3905959e-01
  2.3953930e-01
  7.2653985e-01
  4.8919040e-01
  2.2202286e-01
  3.1498516e-01
  2.4926136e+00
 -1.9504434e+00
 -1.0192504e+00
 -3.9873272e-01
  6.7780155e-01
  6.1490789e-02
 -3.8910106e-01
 -9.5684610e-02
 -1.5251544e-01
 -7.8468078e-01
  8.1061965e-01
  3.6014962e-01
 -4.2757592e-01
  7.2365588e-01
 -1.7397398e-01
 -2.1128388e-01
  1.4542430e-03
 -4.2524397e-02
 -3.9205736e-01
  7.9318002e-02
  1.1828028e-01
  4.4948637e-01
 -3.6616459e-01
  3.2890684e-04
 -4.0410440e-02
 -3.5371079e+00
 -8.8935518e-01
  2.4608105e-01
 -1.3482167e-01
  1.6052793e+00
  5.9614301e-01
  1.1306280e+00
 -2.3680809e-01
  8.5542274e-01
 -1.0813987e+00
  6.1031616e-01
 -8.0199069e-01
  6.4654708e-01
  1.2820611e+00
  9.8239118e-01
 -6.3971031e-01
 -1.1417296e+00
  7.3359422e-02
  2.2806702e+00
  1.2822987e+00
 -3.4810069e-01
  1.1945454e+00
  6.4910519e-01
  3.3113760e-01
  2.0639517e+00
  3.1325798e-02
  4.0369275e-01
 -4.0766153e-01
  6.3212168e-01
  1.1034162e+00
  1.6653780e+00
 -9.8070323e-01
  8.5286790e-01
  1.2044075e+00
  1.7956342e+00
  4.8476703e-02
 -6.9844991e-01
  2.8099811e-02
  1.3510188e+00
 -5.5042744e-02
  7.4844110e-01
 -2.3799610e+00
  9.5364504e-02
  5.2359915e-01
 -3.7911469e-01
  3.4568014e+00
  1.8520749e-01
  1.3464569e+00
  1.9492568e+00
 -7.5043231e-01
  6.1227715e-01
  6.9344611e+00
  3.3069739e-01
 -4.0527880e-01
 -1.9075851e+00
 -5.9570682e-01
 -4.5375127e-01
 -2.0082854e-02
  1.2568735e+00
 -9.5252556e-01
 -4.5401394e-01
 -1.4500709e+00
 -8.7095805e-02
  3.2337347e-01
 -2.6649067e+00
  5.1010376e-01
  6.4597011e+00
 -1.3837752e-01
  9.1781002e-01
  1.6461977e+00
 -2.4102628e+00
  1.5035754e+00
 -1.1047953e+00
  6.6127175e-01
  1.0831474e-03
  3.2461956e-01
 -2.4010230e-02
 -1.5551401e+00
 -3.7397403e-01
 -9.0509093e-01
 -2.9881966e-01
 -4.9610882e+00
  1.9782689e-01
  4.2663824e-02
  1.3550526e+00
  2.5609963e-02
  1.1356488e+00
  1.5666248e-02
 -3.6344578e+00
  1.9194065e-01
  1.2222850e-01
  8.3378404e-01
  1.4528096e+00
 -5.0015584e-02
 -9.8383981e-01
  3.3536047e-01
  9.6028000e-02
 -1.5829752e-03
 -3.0528644e-01
 -2.7890828e-01
 -2.5842375e-01
 -1.0581274e+00
 -8.4741592e-02
 -6.5306461e-01
  5.9097630e-01
  6.0047603e-01
  2.9665949e+00
  9.5719922e-01
 -1.8928050e-01
  1.1108451e+00
  1.8991909e+00
  1.2537378e-01
  3.7778142e-01
  1.2214426e+00
  7.0831293e-01
 -8.6118376e-01
 -3.6531005e-02
 -6.9856733e-01
 -8.5059091e-02
  3.2807842e-02
  4.1745222e-01
  1.1172205e+00
 -1.4030296e+00
  8.4121838e-02
 -6.0944452e+00
  9.8651588e-01
  9.4885266e-01
  1.9559588e+00
  3.9021090e-01
  7.8209043e-01
 -7.3748618e-02
 -1.9597892e-01
 -2.1343419e-01
  4.6185881e-01
  1.2342502e+00
 -6.9390140e-03
  2.9444218e-01
  4.4755670e-01
 -5.6826687e-01
 -4.5493841e-02
  7.5960107e-02
  4.8999426e-01
 -4.6014157e-01
  7.8151122e-02
 -6.9978154e-01
 -1.3908912e+00
 -2.4596818e-01
  1.5736060e-01
  4.1280589e-01
 -1.1791284e-01
  9.7329926e-01
  1.7509434e+00
  1.0216184e+00
  3.4034485e-01
 -5.6065172e-01
 -6.9492266e-02
  5.0786620e-01
 -4.9482653e-01
  3.7832507e-01
 -4.1173366e-01
  5.0578749e-01
  5.0036836e-01
  3.4998286e-01
 -3.4759777e+00
 -9.7053945e-02
 -6.8856388e-01
  2.4871955e+00
 -2.7517772e-01
 -2.6399066e+00
 -6.4243311e-01
 -2.1004402e-03
 -1.5528271e-01
 -4.8820972e-01
  4.4694271e+00
 -8.2305568e-01
  7.6931316e-01
  1.9180471e+00
 -5.6525767e-02
 -4.9775240e-01
 -1.4109345e-01
  2.0137969e-01
 -1.4664959e+00
 -5.1527148e-01
  1.7047807e+00
  2.4035332e-01
  3.2777649e-01
 -3.1176063e-01
 -1.8951216e+00
 -2.5529021e-01
 -1.2718213e+00
  6.6372865e-01
  1.7944734e+00
  1.2305195e+00
 -1.1569341e+00
 -4.8863034e+00
  2.7203415e-02
 -5.0069821e-01
  8.3807550e-02
 -2.9122323e-01
 -8.0934501e-01
  1.6729841e+00
 -4.4202155e-01
  4.1880887e-03
 -1.3679249e+00
  8.9719784e-01
  3.9617842e-01
 -3.8694969e-01
 -6.4010143e-01
  1.7224040e-02
  9.1521740e-01
 -3.4796467e-01
 -2.5229719e+00
  3.3880034e-01
 -1.2179697e+00
 -2.0080125e+00
 -2.1681871e-01
  4.3873817e-01
  5.6685068e-02
 -1.1748091e+00
  1.2721083e+00
  6.9615519e-01
  1.9274422e+00
 -2.6626353e+00
 -8.9228837e-05
 -2.2203727e-01
 -1.6957963e+00
 -2.5659356e+00
  3.7080586e-01
  1.5278469e+00
  5.5879563e-01
  1.9609664e-02
 -3.4223014e-01
  2.5265753e-01
 -1.6265287e-01
 -2.6964364e+00
 -9.5218495e-02
 -4.9640518e-01
 -4.1790524e-01
 -4.2973226e-01
 -1.8011649e+00
 -1.8569630e+00
  6.2579864e-01
  4.0528294e-01
 -1.8898679e-01
 -9.2388988e-01
 -4.3669928e-02
 -1.2877285e+00
 -4.6807837e+00
  3.7711065e-02
 -1.1256741e+00
 -7.2844487e-01
  2.1570636e-01
  2.2831173e+00
 -1.3897184e+00
 -3.7833049e+00
 -4.1427553e-01
 -1.8075422e+00
  2.0136802e+00
 -1.9495077e+00
  5.9126455e-01
  1.2248883e+00
  8.2256012e-02
  6.1211429e+00
 -2.1956398e+00
 -4.7664955e-01
 -3.3284697e-01
  2.1693414e-01
  1.0516626e+00
 -3.9736366e-01
 -1.0804028e-01
  1.1455296e+00
 -4.2657685e-01
  2.2591991e+00
  4.5425649e+00
 -4.0978196e-01
  6.9304585e+00
 -2.3066831e-01
 -6.9601649e-01
  7.1865149e-02
  5.0297773e-01
 -6.6422856e-01
 -4.5079261e-01
 -1.9428247e-01
  4.6592566e-01
 -1.0960207e-02
 -1.6659468e+00
 -8.6590540e-01
 -4.0973538e-01
  9.8143421e-02
  1.9658662e+00
 -7.4102086e-01
  1.7335522e+00
  7.3632318e-01
  7.3921824e-01
 -1.9709164e+00
 -8.3170307e-01
 -6.8284531e+00
 -3.2850668e-01
 -4.5401570e-01
 -3.8077128e-01
 -4.1273403e+00
 -7.6716051e-02
  1.3142323e-01
  4.4660628e-01
  8.2318678e+00
  6.8190384e-01
  9.9407524e-01
  5.6271717e-02
  1.7192353e-02
 -2.6942614e-01
  9.2042565e-01
  4.4583615e-02
  2.9996586e-01
  1.1699222e-01
 -1.0349318e+00
  8.6653233e-01
  3.9496493e-01
 -4.8548779e-01
  3.1762430e-01
 -4.4691521e-01
 -1.2369807e-01
  3.1966040e+00
 -5.6911284e-01
 -4.7482589e-01
  2.9323857e+00
  2.9286156e+00
  1.0175945e-01
 -1.7831863e+00
  5.8521974e-01
  6.1251003e-01
  5.0492406e-01
  4.7678113e-01
  8.3515066e-01
 -4.3634661e-02
 -3.8814967e+00
 -1.1567714e+00
  2.7172905e-01
  4.1052856e-02
  1.0321711e+00
 -1.1385333e-01
  6.8852425e-01
 -2.0155455e-01
  9.1667593e-02
  3.4364691e-01
  1.7542715e-01
  1.2357570e+00
 -3.6834651e-01
 -8.2400429e-01
 -1.9705404e+00
  9.5812786e-01
 -1.6333798e-01
  8.2584810e-01
  1.9963753e-01
 -6.8894339e-01
 -2.2714116e-01
  8.4260893e-01
 -1.3935207e-01
 -7.0365191e-01
 -1.1764824e+00
  1.6019287e+00
 -4.8310991e-02
  1.6258293e-01
  1.8434538e-01
  5.4235029e-01
  7.1704286e-01
  5.7965579e+00
 -3.3364537e-01
 -8.3462334e-01
  3.2731843e-01
 -2.5252848e+00
 -4.6516447e+00
 -1.1283512e+00
  3.1508970e+00
 -2.0304109e-01
  2.0105891e+00
 -1.0948198e+00
  1.6143230e-01
  1.0775257e+00
 -1.0632970e+00
 -3.0529134e+00
  8.0555439e-01
  1.2477576e+00
 -4.1715865e+00
 -5.6827703e+00
 -4.8603911e+00
 -1.2025365e-02
  7.4755871e-01
  8.9453048e-01
  8.7259811e-01
  3.1613266e-01
 -2.5877182e+00
 -3.3693395e+00
 -1.3447708e+00
 -9.1810650e-01
  1.6409326e-01
  2.7505927e+00
 -6.2661827e-01
 -2.1883671e+00
 -2.2385437e+00
 -3.3483591e-02
 -4.6248488e+00
  6.7348135e-01
  8.8903171e-01
  2.0263292e-01
 -3.2453511e-02
 -2.4061224e-01
 -1.6615762e+00
  4.0482783e+00
 -4.2684250e+00
  4.7524235e-01
 -2.0456018e+00
  9.0140915e-01
  4.5621105e-02
  7.0499891e-01
 -3.1513008e-01
 -5.0552659e-02
 -8.3113331e-01
  3.8269940e-01
  3.2260355e-01
 -7.7670586e-01
 -1.8518469e-01
  3.5825956e-01
  2.9922912e-01
 -3.0383557e-01
 -6.6712338e-01
  3.8958095e-02
  2.6289389e-01
 -7.8824371e-01
 -2.6675203e+00
  4.9185741e-01
 -5.1632023e-01
  1.3169906e-01
 -4.7311670e-01
  3.8652006e-01
  1.9737859e+00
 -9.7365946e-01
  5.9027231e-01
 -1.2253416e+00
 -7.4229777e-01
 -9.2636389e-01
  1.7988855e+00
  1.8373729e+00
  5.3101784e-01
 -2.1806756e-01
  2.4929072e-04
 -4.0901425e-01
  2.4340525e+00
  6.6139460e-01
  3.6939638e+00
  5.4646730e-02
 -5.7076492e+00
  7.1038705e-01
  5.3552610e-01
  4.7812557e-01
 -1.0865991e+00
 -7.7754045e-01
  1.5795018e-01
  7.0252150e-02
  6.8423849e-01
  7.5817555e-02
  5.3427749e+00
 -3.1786165e-01
  1.2507988e+00
 -8.1358331e-01
 -2.8140122e-01
 -1.0434729e-02
  2.5924781e-02
 -3.7195584e-01
  3.1170693e-01
  4.6827924e-01
 -1.4051962e+00
 -3.1183600e-01
 -2.2920178e-02
  1.5585243e+00
  8.0892161e-02
 -2.7486226e-01
 -7.1485502e-01
  5.3365153e-01
  1.3796695e+00
 -3.1230230e+00
 -2.2548491e-01
 -3.8807920e-01
 -3.8551135e+00
 -5.7002461e-01
  2.6402822e-01
  9.4377972e-02
 -1.1649514e+00
  3.0244285e-01
 -5.0910556e-01
  1.0183104e+00
 -1.3323110e-01
  5.5961303e-02
  7.4381763e-01
  4.7815585e-01
  5.9281486e-01
 -3.4547452e-02
  3.8726324e-01
 -7.5669184e-02
 -1.9321463e-01
 -9.6761322e-01
  5.3621209e-01
 -1.1169808e+00
  1.4496695e-01
  1.5254618e-01
 -2.9379115e-02
  4.5788303e-02
 -1.1418426e+00
 -4.8647225e-01
  1.5953382e+00
  4.2617890e-01
 -6.9273871e-01
  7.5077081e-01
  9.7428006e-01
 -8.6476086e-03
 -1.8261367e-01
  2.9570371e-02
 -4.4270766e-01
  5.5524969e-01
 -3.1983495e-01
 -5.0374162e-01
 -2.7939671e-01
 -1.0876197e+00
  1.8096566e+00
  5.8914053e-01
  9.7487789e-01
 -8.8694823e-01
 -8.0207765e-01
 -1.2323626e+00
 -1.4075680e+00
 -3.7271300e-01
 -1.8393379e+00
 -1.4108932e+00
  1.1266875e-01
  1.0398238e+00
  5.9657532e-01
  8.7781221e-01
 -7.9208004e-01
  9.5898819e-01
  9.2917389e-01
  1.0699435e+00
 -3.5652924e-02
 -6.7218654e-02
 -1.2040759e+00
  1.2608324e+00
 -2.8711488e+00
 -1.4394966e-01
  5.4526991e-01
 -2.1170878e+00
 -4.4255114e-01
  9.5823705e-02
  1.9280486e+00
 -1.3608021e+00
  1.6844855e-01
  8.3319730e-01
  6.8932204e-03
 -3.4069303e-01
  7.0121127e-01
  9.2151415e-01
  4.8588094e-01
 -2.3812134e+00
 -2.9090126e+00
 -6.5529108e-01
 -7.2912657e-01
 -1.0142493e+00
 -6.8559337e-01
 -9.2861187e-01
 -2.7937299e-01
  5.3260222e-02
 -5.9463358e-01
  1.0936729e-01
  1.8439780e+00
  1.8705012e-01
  2.2034550e+00
  3.2185367e-01
  3.4109283e-02
  2.9994828e-01
  1.2358305e+00
 -7.3953882e-02
 -5.6398416e-01
  3.0758855e-01
 -1.4376481e+00
 -1.7891965e+00
  9.4983280e-01
 -6.4780658e-01
 -5.4349625e-01
 -3.4223247e-01
  1.3390583e-01
  4.4861677e-01
 -1.9604188e-01
  8.4959221e-01
  9.2867011e-01
 -1.4486384e+00
 -3.1677183e-02
 -6.2394184e-01
 -1.4507155e-01
  6.1218226e-01
  6.6400266e-01
 -1.0796740e-02
 -9.3499504e-02
 -1.2527050e-01
 -5.4617894e-01
  1.1579854e+00
 -4.0306352e-02
  2.1204732e-01
 -8.4238267e-01
  6.0977607e+00
 -6.1081952e-01
 -1.1707247e+00
 -7.3490775e-01
 -5.2342123e-01
 -2.9579582e+00
 -4.6225499e-02
  3.4801754e-01
 -2.5726733e-01
  7.8607237e-01
 -5.4156981e-02
  2.7750710e-01
  2.5327414e-01
 -1.3551021e-01
 -3.1139395e-01
  8.6403251e-01
 -1.4968665e-02
  1.3734657e-01
  4.3605280e-01
 -1.1052456e-01
 -1.9629223e+00
 -4.1498911e-02
 -2.1225354e-01
  9.0298402e-01
  5.1476520e-01
  2.1761894e+00
  1.7753908e-02
  5.3430758e+00
 -1.1391619e-02
 -8.0678701e-01
 -2.5203928e-01
 -8.7812477e-01
 -2.3618655e-01
  1.5721102e-01
 -5.2732792e+00
 -1.5405336e-01
  7.7728504e-01
 -1.4264305e+00
 -9.3351191e-01
 -3.8267612e+00
 -2.5616214e-01
  1.0703992e-01
 -5.5331092e-02
 -1.6211942e-02
 -3.1045613e-01
 -1.2781868e+00
 -2.0701940e+00
 -1.4964050e-01
 -9.0745866e-01
  1.5331776e-01
 -1.3440484e+00
 -2.5206802e+00
 -2.1832253e-01
 -3.7282631e-01
 -9.3985885e-01
 -2.5063735e-01
  2.5994000e-01
 -9.4767688e-03
 -7.1102053e-01
  6.3147232e-02
 -2.4980104e-01
  1.9474665e+00
  3.0148005e-01
 -2.9228956e-01
  1.8833010e-01
 -5.4555058e-01
 -4.7123623e+00
  5.9905624e-01
  5.7685274e-01
 -1.8377435e+00
  9.7918624e-01
  5.3848630e-01
 -2.9230855e+00
  1.0301456e+00
 -1.5808165e+00
 -8.6295271e-01
 -1.0889661e+00
 -4.2256684e+00
 -2.6087544e+00
  1.8390856e+00
 -2.2148857e+00
  3.0577987e-01
 -6.1779630e-01
  7.9500312e-01
 -5.2415115e-01
 -5.7243770e-01
  6.1339086e-01
  1.3078499e+00
  4.6531796e-02
 -1.3861058e+00
  1.5096392e-01
 -1.3777158e+00
 -7.8610241e-01
  1.7963472e-01
  1.4277428e+00
  1.0475625e+00
  4.0234783e-01
  4.0970719e-01
 -2.2213321e+00
 -7.6535380e-01
  1.0786276e-01
 -1.7596006e+00
  2.3433197e-02
  1.0656663e+00
  5.9438521e-01
  5.1131731e-01
 -4.2756352e-01
 -2.5743701e+00
  2.7469759e+00
 -6.4592928e-02
  2.2391982e-02
  2.3755342e-01
  9.6855730e-01
  1.3059956e+00
  4.5220461e-01
 -4.4185281e-01
 -1.0183955e+00
 -3.9823446e-01
  1.4576636e-01
 -6.3643658e-01
 -3.7411496e-01
 -2.8965953e-01
 -1.7439148e-01
  8.8500416e-01
 -3.2289388e+00
  1.7470430e-01
 -3.7253621e-01
 -7.0051563e-01
  4.4180505e-02
 -1.9002100e+00
 -1.4209300e-01
  4.8977361e+00
 -3.7616443e-02
  1.4794744e+00
  1.8386281e-01
  1.9765170e-02
  1.6734987e-01
  2.6658025e-01
 -1.9314445e+00
  2.6164380e-01
  5.2557474e-01
 -9.8278028e-01
  1.2086027e+00
  8.4764826e-01
 -1.8017131e+00
 -9.7661513e-01
 -1.9011800e-01
  6.8957067e-01
 -5.9078455e-01
  1.1145246e+00
  8.7471646e-01
 -8.8614726e-01
 -1.4471810e-01
 -9.0219820e-01
  1.0593042e-01
  4.5662451e-01
  1.3129333e-01
 -6.2810546e-01
 -7.3122792e-02
  1.3868943e+00
 -4.4109887e-01
 -1.1274662e+00
 -4.7637314e-02
 -3.9655473e-02
  8.9227095e-02
 -7.0464231e-02
  4.4047415e-02
 -7.5245780e-01
 -9.5267296e-01
 -5.3796506e-01
  7.2208935e-01
 -3.0608572e-02
 -1.6266658e+00
  2.6751211e-01
  2.9523280e-01
 -2.1068697e-04
 -4.5756823e-01
  1.8888537e+00
 -8.2706004e-01
  8.0075436e+00
  3.2241979e+00
  6.6634452e-01
 -3.7394166e+00
 -1.8416759e+00
  6.4874804e-01
 -1.6726797e+00
  2.0267060e+00
 -1.1109630e+00
  1.2523160e+00
  2.5771242e-01
  5.0904804e-01
  2.9280040e+00
 -2.8212645e+00
  1.0149671e+00
  1.8009402e-01
 -4.3278354e-01
  1.2519833e-01
 -5.4544184e-02
  2.9412603e-01
  2.0664015e+00
  1.4193123e-03
 -3.4195593e-01
  5.3707153e-01
 -9.4349444e-01
 -9.1569923e-02
  3.4465376e-01
  8.9936435e-02
  4.2005663e+00
 -1.5359406e+00
 -1.4007210e+00
 -4.1575903e-01
  6.0728902e-01
 -1.2223716e+00
 -1.5284929e+00
 -4.3235266e-01
  1.1091686e+00
 -5.7537550e-01
 -6.7184442e-01
 -6.4111388e-01
  9.6718073e-01
 -3.6011791e-01
  7.2645885e-01
 -1.9835272e-01
  4.3496351e+00
 -3.4055231e+00
 -6.5796146e+00
 -1.0657150e+00
 -2.7347059e+00
  3.0464718e-01
  9.3277001e-01
  9.8019481e-01
  1.0115312e+00
 -3.0452737e-01
  1.0939914e+00
  2.1990489e-02
 -3.3297512e-01
 -9.1666961e-01
 -1.3847725e+00
  7.4598408e-01
  3.4737825e-01
 -6.9920421e-01
  3.6634362e-01
 -1.7544428e+00
 -5.3468126e-01
  2.4463136e-01
 -2.5734971e+00
 -2.5172946e+00
  1.0306112e+00
  1.3108120e+00
 -5.7935162e+00
  7.6249778e-01
 -2.8161806e-01
  2.4524152e-01
 -1.4598006e-01
 -2.0433608e-01
  7.8822762e-01
  1.7383358e-03
  8.6121529e-01
 -1.8613474e+00
 -1.6623528e+00
  1.7757857e+00
  4.8893598e-01
  2.7347202e+00
 -2.1012576e+00
 -5.4938316e-01
 -4.5676526e-01
 -2.0940776e-01
  2.6465154e-01
  3.3046467e+00
 -5.1607794e-01
  1.7153883e+00
  1.9081686e+00
  7.3658091e-01
 -7.7702159e-01
 -1.5748703e+00
  3.3499569e-02
 -1.3572900e+00
  1.3173841e+00
 -5.7782000e-01
  3.3776495e+00
 -7.4249309e-01
  2.3448493e+00
 -2.4236448e+00
  1.8188390e+00
 -1.2883332e+00
 -1.7827461e+00
  1.7740965e-01
  8.4869164e-01
 -1.4267197e+00
 -3.8403964e+00
 -2.2654781e-01
  1.1856288e-01
 -1.4634575e+00
  1.5685581e+00
  9.4817466e-01
 -2.7973595e+00
 -2.1907225e+00
  3.9613636e+00
 -1.1491424e+00
  1.5668131e-01
  4.4961631e-01
  3.7578428e+00
 -5.5420995e-01
 -2.4718933e+00
  2.6858096e+00
 -8.9978892e-01
 -9.5865577e-01
  5.2597070e-01
 -6.0497503e+00
 -3.7478178e+00
 -2.1750114e+00
  7.7241933e-01
  2.4692459e+00
  4.9490401e-01
  2.3170905e-01
 -5.0143689e-01
 -2.2292693e-01
  2.5522215e+00
 -3.7134269e-01
 -7.3340422e-01
 -8.8739112e-02
 -3.3042425e-01
 -2.2409491e-02
 -6.7673886e-01
 -5.8358442e-02
  3.5213214e-01
 -6.6059208e-01
  5.6239408e-01
 -5.4141879e-01
 -2.0612168e+00
 -1.4361846e+00
  9.0534997e-01
 -1.8863999e+00
  1.3462569e+00
 -2.5547895e-01
  4.3277428e-01
  2.5316498e-01
  7.9359823e-01
 -8.8163823e-01
  5.8898549e+00
 -1.3590833e+00
 -2.1608044e-01
  1.5679387e+00
 -2.8190503e-01
 -7.5502372e-01
  8.7445088e-02
  6.9444323e-01
  9.1517612e-02
  2.8197369e-01
  1.4931938e-01
 -5.1544994e-01
 -3.7094426e-01
 -1.5155696e+00
 -9.6995640e-01
  1.5190110e+00
 -1.2379746e+00
  1.8514616e+00
 -4.0049320e-01
  2.1684207e-01
  1.1028209e+00
  1.1470299e+00
  2.3241978e+00
 -6.4228481e-01
 -5.5181313e-01
  1.9360110e-02
 -1.3210732e+00
  3.0783091e+00
  9.5661336e-01
  2.6277084e+00
  3.7407815e-01
  6.8388730e-02
 -7.4461550e-01
  1.6015620e+00
  2.4287368e-01
  2.0953459e-01
 -2.2803625e-01
 -1.0351702e-01
 -5.1655971e-02
 -7.7366853e-01
 -5.3845155e-01
 -9.6225762e-01
  1.6751539e+00
  1.0640028e-01
  2.7026062e+00
 -2.0214188e+00
  9.3367803e-01
 -5.9994507e-01
 -4.8755841e+00
 -2.3128313e-01
 -9.5289052e-02
 -4.8381010e-01
 -1.2069773e-01
  1.0038244e+00
 -1.9592479e-01
 -4.2128912e-01
 -1.0601158e+00
  4.3058848e-01
  9.3477167e-02
  2.3835444e+00
 -6.6157776e-01
 -9.3306743e-02
  5.1080292e-01
 -1.2008057e+00
 -4.2912081e-02
 -4.9992451e-01
  6.1130112e-01
  1.1551060e-01
  6.4281756e-01
  1.3138983e-01
  8.1783038e-01
  6.4373714e-01
 -4.7614786e-01
  7.5757682e-02
 -5.1768315e-01
 -1.5041950e+00
  8.2081473e-01
  5.1143438e-01
 -3.7404686e-01
 -3.3690743e-02
 -3.2901961e-01
  9.3717152e-01
  1.8980457e-02
  1.8999712e+00
 -2.2752063e-01
  1.9632682e+00
  2.2215834e-01
  6.8910033e-02
  1.6461191e+00
  1.0380911e+00
 -3.9209154e-01
 -2.9316058e+00
  6.7849946e-01
 -1.2792501e-01
  2.1565825e-01
  3.3597317e-02
 -2.8050439e+00
  6.2722578e+00
 -5.8140099e-01
 -1.2149626e+00
 -1.5906309e-01
  1.0799824e-01
 -1.6829046e+00
  4.2685694e-01
  1.5412845e-01
 -8.2841617e-01
  2.6416773e-01
  1.4177277e+00
  3.2439461e-01
 -1.4683158e+00
  1.9473115e+00
  2.6506081e+00
 -7.6492867e-03
 -2.3703510e-01
  1.9997387e+00
 -1.2101470e+00
 -3.9957881e-01
  9.6556711e-01
  8.3585793e-01
  7.4938107e-01
  5.6371140e-01
 -7.9999959e-01
  5.0596797e-01
  1.6778767e-01
  6.2594980e-01
  2.1846793e+00
  9.4471903e+00
 -8.4094149e-01
  8.1143332e+00
 -2.9933512e-01
  8.1964487e-01
  4.8929137e-01
  1.4122628e-01
  1.0800029e+00
  5.1894176e-01
  1.5726995e+00
 -2.7266071e+00
  4.3628138e-01
 -2.3236678e+00
 -2.0759320e-01
  8.4163656e+00
  3.2389102e+00
 -6.4731807e-01
  5.5452162e-01
 -1.0232862e+00
  1.8258390e-01
  3.0472474e+00
 -1.4676455e+00
 -5.5708055e+00
  2.0105910e-01
  4.7121979e-02
  3.8778195e-01
  6.1158527e-02
  8.8797015e-01
 -1.8108432e-01
  1.9375151e-01
 -1.9418383e+00
  1.0822542e+00
 -4.1297641e-01
 -1.7137218e-02
  4.0608492e+00
  1.1084797e+00
 -1.2414138e-01
 -1.4464238e+00
  8.8544178e-01
  1.1066308e+00
  4.7407964e-01
 -3.1958299e+00
 -7.0608157e-01
 -3.9337662e-01
  6.0492462e-01
  7.2855555e-02
 -2.0394042e+00
  1.5547192e+00
  3.4359306e-02
 -2.5709438e-01
  8.1372035e-01
 -5.4533296e+00
 -1.3113074e-01
 -1.6003312e+00
  1.0951533e+00
 -2.3698256e+00
 -4.4617534e-01
 -5.4114664e-01
 -8.7117308e-01
  2.7292171e-01
  7.2073638e-01
  3.1893560e-01
 -1.4636527e-01
  8.2977140e-01
  7.5615776e-01
 -2.7878301e+00
 -4.8139462e+00
  4.7245272e-02
 -2.3558248e-02
  1.8045673e+00
  6.7342967e-03
 -2.8357949e+00
 -4.4375792e-01
 -3.9902693e-01
  3.0089526e+00
  7.8359586e-01
  4.3670735e-01
  3.1439524e+00
  4.3646941e-01
 -6.8538614e-02
  2.8454477e-01
 -4.8505878e-01
  1.1335107e+00
  3.6228785e-01
 -4.6124578e+00
  1.7402087e-01
 -1.3059424e+00
 -4.7807419e-01
  9.9593377e-01
  1.5792015e+00
 -2.5368235e+00
  8.1630707e-01
  2.0026429e-01
  3.8027395e-02
 -2.3465426e-01
 -8.3571756e-01
 -1.6825556e-04
  2.3353512e+00
 -6.6045239e-03
 -2.2148137e+00
  1.9338712e+00
 -4.0458667e-01
 -2.1501017e+00
  3.2694471e-01
 -7.9660630e-01
  5.7972461e-01
  5.9850150e-01
 -6.3464230e-01
  1.8783076e+00
 -3.3104670e-01
  1.4179574e-01
 -8.8817579e-01
 -7.0244735e-01
  4.6419844e-02
 -6.9915503e-01
 -3.6281416e-01
  6.0076270e+00
 -8.6300826e-01
  1.4935993e+00
 -1.8664238e+00
 -3.0165818e-01
 -5.6640606e-02
  1.8359723e+00
  2.5792336e-01
 -8.3670533e-01
  4.3801822e-02
 -9.8314041e-01
  2.8542322e-01
 -2.2707908e-01
  6.4758801e-01
 -3.3420447e-01
 -1.2688113e+00
  1.6589822e-01
  6.4214297e-02
 -8.6040395e-01
  5.5351686e-01
 -6.1183137e-01
  1.5107980e-01
 -3.5414323e-01
 -6.0308905e-04
 -1.3668576e+00
  7.8759414e-01
  1.7763786e-01
  2.2141863e-01
  1.7192324e+00
 -4.1527924e-01
 -3.1913646e-02
  4.9793286e+00
 -7.4974746e-01
  4.2111844e-02
 -1.2062060e+00
  3.0029997e-01
 -4.9437541e-01
 -9.3447715e-02
  7.6687723e-01
 -4.9006457e+00
 -4.2904094e-01
 -1.9454950e-01
  4.1350579e+00
 -1.7250861e+00
  3.1257725e-01
 -2.2550288e-01
 -3.4983691e-02
  7.0182633e-01
 -1.4163826e-01
 -1.7402479e-01
 -2.9580098e-01
  2.9541099e+00
 -6.3080776e-01
 -1.2967209e+00
  3.7662679e-01
 -7.8954136e-01
  1.9355681e+00
 -3.4129701e+00
 -6.1655861e-01
 -1.3380861e+00
  1.0202726e+00
 -5.1760447e-01
  2.7406234e-01
 -8.8568664e-01
  3.0427200e-01
 -7.3226482e-01
  9.3642390e-01
  4.1172400e-01
 -9.9773902e-01
  7.7878672e-01
  6.5272641e-01
 -3.0001372e-01
  5.8121997e-01
  2.3209007e-01
  6.9545078e-01
 -7.0507401e-01
  1.5937237e+00
 -2.9294774e-01
  3.6415532e-01
  4.1007018e-01
  6.2545371e-01
  3.9683601e-01
  1.0564852e+00
 -7.1403903e-01
 -4.4645876e-02
 -7.5831157e-01
 -7.6887542e-01
 -4.2859587e-01
 -9.5378153e-02
 -1.7699829e-01
  1.8699019e+00
  2.2404028e-01
 -2.7670426e-02
 -1.0567192e+00
 -1.2914680e+00
  6.9357473e-01
 -3.2111976e-01
 -2.5367314e-01
 -3.6216155e-02
  2.1031964e+00
 -5.2142832e-02
  3.2065395e-01
  1.0732307e-01
  2.4555795e+00
  1.0694201e+00
 -3.9236715e+00
 -2.2207928e+00
  6.7841686e-02
 -2.9582437e-02
 -1.0385925e+00
  6.3026657e+00
  1.6162970e+00
 -2.1104913e+00
  1.0233629e-02
 -5.8650315e-01
  2.1508192e-01
 -8.7199759e-01
  6.8185401e-01
 -2.4708934e+00
 -3.3877403e-01
  1.8228303e+00
  6.5000969e-01
  4.4711071e-01
  1.3064878e-02
 -1.1628117e-01
 -1.3097167e+00
  4.2413846e-01
  7.2042781e-01
  9.8425299e-02
  3.4195738e+00
 -2.1161892e-01
  3.1373623e-01
  5.6494647e-01
 -5.4940206e-01
  6.3881791e-01
  1.0577526e-01
 -8.1190652e-01
  9.6183240e-01
 -1.4049947e+00
  1.4878957e+00
  1.2976561e+00
 -4.2065359e-03
  1.2264920e+00
  1.5699327e+00
  1.4067322e+00
  5.7795870e-01
  7.2698697e-02
  1.3483097e-01
 -1.7738374e-01
 -7.7907600e-02
  1.1884549e+00
  1.2122716e-01
 -7.8908145e-02
  1.1462425e-02
  7.7700627e-01
  9.1256303e-01
  8.4950358e-02
  1.4974470e+00
 -6.2410349e-01
 -2.0500255e-01
 -1.2473786e+00
  1.0938848e+00
  6.7266515e-03
 -9.0212607e-01
  5.9552621e-02
 -2.3650414e-01
  1.2944300e+00
  1.1144862e+00
  9.5217520e-01
 -8.1065960e-02
  1.1495280e+00
 -5.8650512e-01
  3.3708915e-02
  5.1792055e-01
 -1.1490257e+00
 -1.1546500e+00
  2.6055467e-01
  4.0167632e+00
 -1.1476884e-01
 -1.2438852e+00
 -1.5956075e+00
 -1.2937788e+00
  2.3436010e+00
  2.8413332e-01
  9.2937630e-01
  2.1229902e-01
 -1.1789823e-01
 -2.1440086e+00
 -2.5453377e+00
  1.0774022e+00
 -3.7950385e-01
 -1.5095141e+00
  9.6840411e-01
  6.1176378e-01
 -4.8557630e-01
  6.0639787e-02
 -6.4293273e-02
 -1.6709954e+00
  1.5074551e+00
 -4.1279653e-01
 -4.2337447e-01
  3.8187645e-02
  1.2376865e+00
 -1.4091277e+00
 -5.9232575e-01
 -3.7496379e-01
  5.8488750e-01
 -2.8881834e+00
 -3.4737331e-01
 -3.3613864e-01
 -7.1634543e-01
  7.7381039e-01
  1.3422962e-02
  2.1322554e-01
  2.7059847e-01
 -7.6031095e-01
 -4.0796414e-01
 -4.7518635e-01
 -4.8863560e-01
 -1.4036022e+00
 -2.4025354e-01
 -3.0863097e+00
  5.8229160e-01
 -1.7317736e+00
  5.7500738e-01
 -5.2694196e-01
  5.3723514e-01
  1.1519792e+00
 -2.7035365e-01
  4.0534025e-01
  6.4378005e-01
  5.5036312e-01
 -5.6398827e-01
 -1.6183656e+00
 -5.6964207e-01
  1.0744225e-01
 -6.9859278e-01
 -4.1574797e-01
  1.4493614e+00
 -1.1938622e+00
  1.2471672e-01
 -5.8909672e-01
 -2.8755403e-01
  7.1186125e-01
 -6.1631811e-01
  3.0348582e-02
 -1.1000756e-01
  6.8679941e-01
  1.5285763e-01
  3.9132267e-01
  9.9542981e-01
  2.4229100e-01
  9.1317821e-01
 -4.4628787e-01
 -9.2086375e-01
  3.0809733e-01
 -2.0783246e+00
  1.5792397e+00
  1.0900264e+00
  3.1856277e+00
  6.1132632e-02
 -2.1032848e+00
 -9.9520165e-01
  1.2260432e+00
 -9.3447506e-02
 -7.0805424e-01
  2.6591644e-01
  4.8608825e-02
  9.7388500e-01
 -5.7911074e-01
 -2.5418782e-01
  3.1260948e+00
  1.3585780e+00
 -1.9439114e+00
  9.8765522e-01
  5.6894046e-01
 -2.0895927e-01
 -4.3194887e-01
  9.0422735e-02
  5.5373126e-01
 -1.4131840e-01
 -1.0606152e+00
  7.5533235e-01
 -9.5271683e-01
 -1.4754514e-01
 -7.9456556e-01
 -1.2719938e+00
 -4.6799493e-01
 -1.7784877e-01
  3.4709665e-01
  1.2184823e+00
 -2.2077389e-01
 -2.7768397e+00
  6.4281449e+00
  1.7128235e-02
  1.2432157e-01
  5.4254051e-02
  3.6777976e-01
  3.4618184e-01
  5.5822633e-02
  1.5966205e-01
 -4.3524501e-01
  2.6051381e-01
 -1.4698695e-01
  4.5819259e+00
 -1.0867718e+00
 -2.6689917e-01
  1.0078392e+00
 -1.7857593e-01
  4.7011127e+00
 -5.4998976e-01
 -6.1740440e-01
 -5.1982057e-01
 -3.1686268e+00
 -3.7045333e-01
 -1.5814655e-01
  4.5212576e-01
 -8.5554719e-01
  4.4114721e-01
  1.4529878e-01
  4.3155074e-01
  1.0520860e+00
  1.6111430e+00
 -2.3452659e+00
  4.4552827e-01
  3.3969095e-01
 -1.5357313e-01
  1.0595468e-01
  3.0898187e-01
 -4.6605107e-01
  7.9861015e-01
 -7.5844324e-01
  4.2552152e+00
 -6.3048571e-01
 -1.1451007e-01
 -1.2251581e+00
 -1.5765133e+00
 -1.2349160e+00
 -4.2862737e-01
  1.9071453e+00
  1.7917114e-01
  8.8260150e-01
 -1.8357625e+00
 -4.5243236e-01
  1.2730531e-01
 -9.2747189e-02
  1.2895546e+00
  1.0083732e-01
  6.1308557e-01
 -6.2747693e-01
  2.7278677e-02
  6.8210596e-01
 -1.3392173e-01
 -8.0120659e-01
 -9.5494874e-02
 -9.0106547e-01
 -1.0404438e+00
  1.5134715e-01
  3.1537417e-01
  9.9336284e-01
  3.0432639e-01
  6.9051373e-01
  5.0413214e-02
 -3.3631632e-01
 -1.7522408e-02
 -1.8347940e-01
  2.9232296e-01
  1.2968644e-01
  7.8734708e-01
  1.9486201e-01
  2.6530871e-01
  3.9682177e-01
 -4.6380034e-01
  6.2145305e-01
 -1.1070617e+00
  1.5145670e+00
  4.0740397e-02
 -6.2659496e-01
 -2.3186758e-02
 -6.4637020e-02
 -3.0151141e-01
 -8.9401543e-01
 -3.0242184e-01
 -5.8155119e-01
 -1.1833997e+00
  1.1223701e+00
  5.6985557e-01
 -1.1135300e-01
  3.7650195e-01
 -1.0589564e+00
 -6.1509275e+00
  8.2984376e-01
 -1.4315703e+00
  5.5189483e-02
 -6.2020797e-01
  7.6512468e-01
 -3.0866387e-01
  2.2132878e-01
 -3.1829762e-01
  2.5669152e-01
 -2.3810543e-01
 -4.9047649e-02
  9.0006602e-01
 -1.3798608e+00
 -2.0234635e-01
  1.1129158e+00
 -4.2066517e-01
  3.6601576e-01
 -1.3341537e+00
 -3.2560618e+00
  5.1024514e-01
 -1.7693162e-01
  2.9400492e+00
 -2.9797709e+00
  7.2872508e-01
 -1.5734365e+00
  4.2277284e+00
  3.6162192e-01
 -1.1207013e+00
  6.6712654e-01
 -1.4653292e+00
 -6.2561882e-01
 -1.6351246e+00
 -3.8212195e-01
  2.3224985e-02
  1.4140606e+00
 -6.0178626e-01
  7.0030481e-01
 -6.7175722e-01
  6.0124052e-01
 -1.8812145e+00
  1.1334065e+00
  2.8161412e-02
 -3.2449120e-01
  1.4974303e+00
 -1.8612264e+00
 -6.6759184e-02
 -5.1648158e-01
  2.4465783e-01
 -2.1869586e-01
 -5.2345127e-01
 -3.2437527e-01
  2.2095878e+00
 -2.3822166e-01
 -9.9405400e-02
 -6.1377090e-01
  4.0987730e-01
  2.6616615e-01
  2.1041155e+00
  1.2292925e+00
 -9.1517144e-01
  1.0429707e+00
  1.6320538e-02
  1.0023831e+00
  1.8826518e+00
  2.9682357e+00
 -1.4670126e+00
  3.2602325e-01
 -3.0476901e-01
 -1.3612096e+00
  2.2308707e-01
 -7.9389590e-01
 -1.5505081e-01
 -1.2012634e+00
 -8.3653796e-01
 -6.5119106e-01
 -1.0651896e+00
 -3.0047601e-01
 -2.1622306e-01
  4.0087998e-01
 -2.2241922e-01
  1.4634372e+00
 -3.7336621e-01
  2.5077340e-01
  6.4533854e-01
  1.1114721e+00
 -1.2980905e-01
 -1.0179196e-02
  1.0521224e+00
 -2.1937314e-01
 -4.5229977e-01
  1.7928751e-01
 -3.6874294e-01
 -1.6992986e+00
  9.3621410e-02
  1.3805339e+00
 -1.2692742e+00
  4.2039245e-01
  1.6471456e-01
  1.5913552e-01
  2.2580814e-01
  7.3594533e-02
  4.7168550e-01
  4.6261111e-01
  1.5606452e+00
  2.1167696e-01
 -3.3514240e-01
  2.1586680e+00
  7.4750382e-01
 -6.0619175e-01
 -1.2815665e+00
  3.1904009e-01
 -1.1091863e+00
 -1.9897839e-01
 -6.9964305e-02
  2.3571555e-01
 -3.0179858e-01
 -2.6078556e+00
 -2.9055354e-01
 -1.2746143e+00
 -5.7846224e-01
  2.1560442e+00
 -4.7042900e-01
  1.1986955e+00
 -4.7322879e+00
  8.3849323e-01
  3.3986819e+00
  5.7571876e-01
  1.3915412e+00
 -5.8476537e-01
  1.6214677e+00
  1.0266826e+00
 -4.9485624e-02
  1.2294520e-01
 -2.4093691e-01
 -1.8061492e+00
  1.2751914e-02
  1.6267099e+00
  5.6149596e-01
 -6.7662889e-01
 -5.5662441e-01
  4.1542736e-01
  1.3797534e+00
 -3.1572780e-01
 -3.2081103e-01
 -7.0991740e-02
 -1.0857090e+00
  2.2541453e-01
 -5.3601056e-01
  1.1456054e+00
 -7.6145113e-01
  4.8455568e-03
  9.4876760e-01
  1.8638653e+00
  2.9479101e-01
 -5.8322001e-01
 -5.8245856e-01
 -8.9219415e-01
 -1.0875461e-01
  1.6461476e+00
 -6.9613558e-01
 -3.4437301e+00
  8.8373467e-02
 -1.6393101e+00
 -1.1640779e+00
 -1.3333627e+00
  3.7053931e-01
  1.1760278e+00
  1.0020235e+00
 -4.2161027e-01
 -2.1432260e-02
 -1.2614934e-02
 -2.0395789e-01
  5.3614587e-01
 -7.2005498e-01
 -2.0513408e+00
 -6.0505038e-01
 -7.6251221e-01
 -1.5100825e-01
  1.6974044e+00
  1.6299613e+00
  1.6401803e+00
  1.2302067e+00
 -2.4018638e+00
 -1.3652633e+00
 -4.7256717e-01
  7.0679909e-01
 -5.6714064e-01
 -1.5542938e-01
 -3.4649277e-01
 -1.2890540e+00
 -1.2955153e+00
  1.5738227e+00
 -1.0125040e+00
  4.7841644e-01
 -1.5131247e-01
 -1.0190179e+00
  4.2819917e-01
  8.5289866e-01
 -2.4818447e+00
  1.0730715e+00
 -1.5559795e+00
 -1.4301470e-01
 -1.8236348e-02
 -4.8486507e-01
 -2.4929199e-02
 -1.6212554e-01
 -4.2978269e-01
  3.6544073e-01
 -1.1530986e-01
  7.8256667e-01
  2.0663692e-01
  2.7567554e-02
 -1.1099547e-01
 -1.7971622e-02
  7.0989716e-01
  6.8144763e-01
  2.3849440e-01
 -2.1304991e+00
 -8.0238831e-01
  8.5299939e-01
  4.7267285e-01
 -1.4846052e-01
 -7.0875995e-02
  1.1765195e-01
 -1.7261943e+00
  4.3668795e+00
 -4.5002732e-01
 -1.3454580e-01
  1.0636104e+00
 -9.5365122e-02
  6.1581379e-01
 -8.0285072e-02
 -1.0365940e-01
  1.3495393e+00
 -1.3186576e+00
  3.9806657e+00
 -2.0399928e+00
 -7.4374324e-01
  4.1496898e-03
  2.4326596e+00
 -1.4106439e+00
 -3.3684000e-01
  6.9825834e-01
  1.4379030e-01
 -3.9717969e-01
  6.1656111e-01
  4.5669806e-01
 -6.6563219e-01
  6.7680098e-02
  8.6472553e-01
 -1.3370278e-01
 -2.4384598e-01
  1.0990676e+00
 -6.0481679e-01
  1.1239756e+00
 -1.6029273e+00
  5.6916004e-01
  2.4893688e-01
 -7.1460836e-02
 -1.1768280e+00
  1.8056011e-01
  2.2609079e+00
  5.2210391e-01
  2.5659245e-01
  3.6885169e-01
  3.2965279e-01
 -1.9581478e+00
 -3.1381366e+00
  2.1448883e-01
  1.0076293e+00
  2.1207836e+00
  2.5289259e+00
  4.0071663e-01
 -1.0523652e+00
  4.1560858e-01
  3.9926875e-01
 -1.3102257e-01
 -1.4185402e+00
 -1.4983178e-02
  6.7912304e-01
  2.7360627e-01
 -1.6658559e-01
 -1.5417064e+00
  6.1172265e-01
 -8.7799788e-01
 -1.5993789e+00
 -1.8628454e+00
 -6.2058985e-01
 -1.4439706e+00
 -7.1997628e-02
  1.0928556e-01
 -6.7341685e-01
 -1.2759190e+00
 -1.7654252e-01
  2.3270261e-02
 -1.4514560e-01
  3.3415145e-01
  3.0713946e-01
 -4.5231786e-01
  1.1024388e+00
  7.9193527e-01
 -2.8417677e-01
 -5.2747899e-01
  2.4556917e-01
 -1.9677478e-01
  1.2419147e+00
 -1.7399551e+00
 -4.7709739e-01
  5.1986021e-01
  4.7177842e-01
  2.2896318e-01
  1.0484295e-01
  5.7252181e-01
 -2.1800499e-01
 -2.8146327e-01
 -3.5366434e-01
 -1.9697515e+00
  1.3999988e-01
 -1.0170569e+00
  1.6265954e+00
  2.0297670e-01
 -1.4462537e+00
 -4.1100389e-01
  3.0484098e-01
  7.4489498e-01
  1.1878426e-01
 -2.8385937e+00
 -8.2344806e-01
  2.5201192e-01
 -1.6790918e+00
  1.3345262e+00
  7.7253904e+00
  6.5065250e-02
  4.0650539e+00
 -1.7701946e+00
  5.5806452e-01
  4.8848253e-02
 -5.4481030e-01
 -1.2337371e+00
 -2.4554937e+00
 -6.8619184e-02
 -1.5608333e+00
 -4.1151963e-02
 -7.3891658e-01
  1.2934107e+00
 -6.9696374e-02
 -8.6412746e-01
 -3.3514932e-01
  2.3960440e+00
 -1.1540981e-01
  1.3528594e+00
 -8.9970571e-01
  3.9388341e-01
  2.6377302e-01
  1.1986074e+00
  8.6626416e-01
 -1.9943094e-02
 -1.6408306e-01
  1.8272728e-01
 -2.0357528e+00
 -6.5807670e-01
  4.3361311e+00
 -6.8926796e-02
  7.7252316e-01
  3.3976555e+00
  1.5837081e-01
  2.3478737e-01
 -2.5236091e-01
  5.9303975e-01
  8.7711865e-01
 -1.3534889e-01
 -1.0476643e+00
 -3.1271169e-01
 -5.6475508e-01
  2.1631256e-01
 -1.2737490e+00
 -8.2534546e-01
 -9.2848945e-01
  1.1485015e+00
 -6.2185210e-01
  7.2211105e-01
 -1.1896520e+00
 -1.5593925e+00
  1.2815857e+00
 -8.0080491e-01
  1.2996751e+00
 -2.3618469e+00
 -9.6692723e-01
 -5.5371672e-01
 -5.4284215e-01
  1.4632924e-01
 -1.7490002e+00
  3.3447835e-01
  2.4487693e-02
 -1.2803717e+00
  2.6145208e+00
  1.4428062e+00
  1.5951649e+00
  1.5792473e-01
 -9.3782741e-01
 -1.7449143e+00
 -2.0585234e+00
  3.7516370e+00
  1.8053037e+00
 -8.8826489e-01
 -2.5510427e-01
  1.2450491e+00
 -4.8315492e-01
  1.8937819e-01
 -1.6365848e+00
  1.3599763e+00
  4.4305256e-01
  2.0932100e+00
  1.5375941e+00
  6.8612963e-01
 -1.1974604e-01
  2.0367849e+00
 -1.6638476e-01
  1.2077554e-01
 -2.5132179e-01
 -6.5766740e-01
 -8.6302036e-01
  2.5328967e-01
  4.8578042e-01
 -9.0007973e-01
  5.5899543e-01
 -3.3330122e-01
  6.5892464e-01
 -1.1949804e-01
 -6.3494778e+00
  3.1003432e+00
  3.9564741e-01
 -7.3831373e-01
  6.8098497e-01
 -9.8581278e-01
 -2.7514246e+00
  1.5469888e+00
  8.0003798e-01
  3.8692120e-02
 -1.0120293e+00
  4.4867110e-02
  1.9193934e-01
  1.2595731e+00
 -6.1573262e+00
 -2.1803400e-01
 -1.0307213e+00
 -7.1997827e-01
  2.7461159e-01
  1.0110188e+00
 -7.3288947e-01
  5.0923854e-01
 -1.9144090e-01
 -8.1498933e-01
  8.0410880e-01
 -1.1589278e-01
  5.9112668e-01
 -5.5984306e-01
 -1.1254908e-01
  2.6062468e-01
  5.1321411e-01
 -3.1778550e-01
 -1.1357113e+00
  1.8839961e+00
 -6.5568614e-01
 -2.0548593e-01
 -1.4668454e-01
  9.9978477e-01
 -8.4464830e-01
 -1.6534648e+00
  4.3494529e-01
 -5.4389709e-01
  6.7220092e-02
 -2.7260904e+00
 -1.4311211e-01
 -1.0358163e+00
  2.1987934e-01
 -2.9719359e-01
  4.9435160e-01
  6.4629030e-01
 -6.4518780e-01
  7.4816114e-01
 -9.1379970e-01
  1.7346609e-02
  2.7799156e+00
  2.5202060e-01
 -3.7112784e-02
  9.5444232e-01
 -1.0307841e+00
 -1.3850125e+00
  7.1908057e-02
  3.1824738e-01
 -1.0856433e+00
  2.7809949e+00
 -7.1988076e-01
  1.0189487e-01
 -9.1869497e-01
  9.7758859e-01
 -3.6502427e-01
 -1.2360526e+00
 -2.8053026e+00
 -1.8475323e+00
 -6.3714796e-01
  2.3825571e-03
 -2.1076253e-01
  3.3790416e-01
 -1.4644060e+00
 -2.3222041e-01
 -2.1591520e-02
  3.3812885e+00
  2.2873372e-01
  9.4926965e-01
 -2.2863837e-01
  8.0851918e-01
  6.7400008e-01
 -8.2415837e-01
 -8.7444514e-01
 -1.4022923e-01
  2.6986900e-01
 -1.1502299e-01
 -1.4160064e+00
 -1.4862343e+00
  1.7633532e+00
 -3.8411316e-02
 -6.4174497e-01
  4.0252256e-01
 -7.9819101e-01
  3.8515605e-02
 -1.5943921e+00
  6.3767153e-01
  2.5620656e+00
  5.6958801e-01
 -2.1749947e+00
 -4.4071455e+00
 -4.6788316e+00
 -2.5299599e+00
 -2.6629386e+00
  8.9018327e-01
 -2.5196731e-01
  5.8145362e-01
  5.9746009e-01
  1.9463652e+00
  6.8761301e-01
  2.9665267e-01
  4.5212558e-01
  9.5393133e-01
  9.9008821e-02
 -5.7265639e-01
  1.6412707e-01
 -9.8453784e-01
  6.2948316e-01
  1.1403373e+00
 -4.5868988e+00
  3.6023653e-01
 -5.9658313e-01
 -7.1674871e+00
 -3.1782648e-01
  1.7847085e+00
  3.0078226e-01
 -2.8060666e-01
 -1.1592257e+00
 -7.8361380e-01
 -5.3268595e+00
  1.8177775e+00
  8.5552561e-01
  1.1806449e-02
 -2.5068608e-01
 -5.0718397e-01
 -7.2665697e-01
 -1.0896716e+00
 -3.3809187e+00
 -9.7056252e-01
 -4.9153706e-01
 -7.5881481e-01
  1.5122907e-01
 -5.6621295e-01
 -2.5143602e+00
 -7.0939046e-01
  4.8085222e-01
 -7.7898301e-02
  1.0441653e-01
 -6.9093585e-01
 -5.7248962e-01
  6.3074446e-01
 -3.0934432e-01
 -1.6709452e+00
  1.7650235e+00
  3.0980673e-01
 -1.9271775e-01
  1.7457638e+00
  1.9315158e+00
  8.3007663e-01
 -1.2019327e-01
  1.0668514e+00
 -9.0973157e-01
  3.7685528e-01
 -2.7106145e-01
 -1.1524599e+00
 -4.5651227e-01
  6.9723523e-01
  7.9394722e-01
  9.3202531e-02
 -1.3085108e-01
 -8.3865754e-02
 -8.6070311e-01
  3.2699480e+00
 -1.1740340e+00
 -1.0013198e+00
  2.2858251e-02
  8.2267129e-01
 -4.3939762e-02
 -2.5207329e-01
  1.1137706e+00
  2.8700528e-01
  1.9488096e-01
 -2.5545731e-01
 -1.3215011e-01
 -5.4239708e-01
 -1.3549564e+00
  4.6818441e-01
  2.8658924e-01
  5.8626432e-02
 -4.5889678e+00
  9.4500810e-01
  9.7410351e-02
 -7.9660493e-01
 -5.5359191e-01
 -4.7889131e-01
  1.6555530e+00
  1.8481536e+00
 -4.9998158e-01
  2.1514843e-01
 -1.3404865e+00
  1.3146583e+00
  3.5314120e-02
  2.0488700e-02
  1.6426989e+00
 -7.5163651e-01
  1.9566348e+00
 -7.5633079e-01
  8.6294442e-01
 -1.2143117e+00
  2.4820469e-01
 -8.9994445e-02
  1.1419683e+01
  2.8994250e-01
  1.2815068e+00
 -8.5025972e-01
 -8.4889984e-01
  9.1914251e-02
 -4.5345360e-01
 -2.5629292e+00
 -4.5704436e-01
 -3.3049881e-01
 -1.1588856e+00
 -7.7908081e-01
 -2.6156154e-01
  5.8866960e-01
  5.8605026e-02
  1.3885777e+00
 -3.6068332e+00
 -2.8294900e-01
 -3.4778297e-01
 -1.3717231e+00
 -5.5379499e-02
  8.5556339e-03
  5.3131141e-02
  2.3197854e+00
 -3.2079394e+00
 -6.4921069e-01
 -9.8674566e-01
 -4.7698371e-02
  7.5575423e-01
  8.0752112e-02
  2.2787048e-01
 -7.1199334e-01
 -3.3608258e-01
  2.0849620e-01
  5.2246571e-01
 -9.4534695e-01
  3.9598089e-02
 -3.4842584e-01
 -1.2039908e+00
  1.5354390e+00
  2.9477651e+00
  3.3459229e+00
 -2.4038365e+00
 -7.6608878e-01
  4.0233624e-01
 -3.2757580e+00
 -1.5042284e+00
 -1.4920964e+00
  1.1718066e+00
 -2.3484209e+00
 -4.6521809e-02
  2.0115608e-01
  1.4176463e-02
 -1.3075342e+00
 -9.7717386e-01
  8.8556212e-01
  6.0713387e-01
 -7.8505856e-01
 -1.3170366e-01
  1.7158804e+00
  1.5661381e+00
 -8.5345954e-02
 -2.4112470e+00
  4.5743387e-02
 -3.6265200e-01
  1.1075583e+00
 -1.1272291e+00
  1.7612512e-01
  2.0428413e-01
 -7.1645692e-02
 -1.3363868e+00
 -1.6452278e+00
  3.1786475e-01
  2.2115664e-01
  2.0380239e+00
  1.7459691e+00
  8.3268815e-01
 -3.1577554e+00
 -3.4468868e-01
 -7.8939432e-01
 -2.2420235e-01
  7.4770391e-01
  6.2162602e-01
  8.7863523e-01
  5.4708457e-01
 -1.2498470e-01
 -8.5880011e-01
 -1.1738237e-01
  1.3377496e+00
 -1.1439960e-01
  2.4245387e-02
 -8.1720678e-03
  3.2823412e+00
  3.1723741e-01
  3.4128574e-01
  3.2270629e+00
 -2.0440820e-01
 -5.3559965e-01
 -6.3075972e-01
 -1.5216842e-01
  9.4305080e-01
 -8.3140129e-01
  3.5893640e-01
  9.4205046e-01
 -4.0125686e-01
  7.4856859e-01
  3.2804552e-01
  9.7246242e-01
  3.2728353e-01
 -3.5321486e-01
  1.9079033e-02
 -6.1028725e-01
 -4.5134285e-01
  4.0709013e-01
  1.6503118e+00
 -1.5339979e+00
 -4.4512156e-01
 -8.0908038e-02
 -1.5905720e-01
 -5.8718741e-02
 -4.3951359e+00
  5.0341092e-02
 -1.8763521e-01
 -1.0992606e+00
 -1.1933833e+00
 -6.2214766e+00
  1.6658503e+00
  4.8013964e-01
 -3.6818556e-02
  1.4702544e+00
 -4.3921626e-01
  6.4283228e-01
  6.8668693e-01
 -2.8265456e-02
  1.6453558e+00
  1.2510824e+00
  1.6397324e+00
 -6.4498328e-02
  3.9769408e-01
  2.3132704e-01
 -8.8326657e-01
 -1.7580401e+00
 -1.9275025e+00
 -1.0288944e+00
  5.6403112e-01
  1.4390292e+00
 -2.6121418e+00
  4.1909456e-01
  5.2505952e-01
 -1.4522831e+00
  3.2254490e-01
 -2.9463014e-01
 -1.6204054e-02
  2.6257876e-01
  8.0667400e-01
 -3.5513127e-01
  1.3174592e+00
  1.6653427e+00
 -2.2388011e-02
  9.2219815e-02
 -1.6179826e+00
  1.0424557e+00
 -3.7092236e-01
 -1.3436198e-02
 -1.2577153e+00
 -2.6277246e+00
  2.9328626e-01
 -1.1801754e+00
  9.5204568e-01
  1.7029101e+00
 -5.6404452e+00
  7.8534931e-02
  9.3268043e-01
 -1.4684436e-01
  7.5040250e+00
 -2.5289539e-01
  1.8397729e+00
  3.9980721e-01
  7.6811932e-02
 -8.4199297e-01
  2.6445967e-01
  2.2245318e-01
 -9.2318773e-02
  4.9477646e-01
 -1.4699748e+00
  7.3902607e-01
  4.2378932e-02
  3.3530775e-01
 -1.2488048e+00
 -5.4990113e-01
 -9.6933371e-01
 -1.2403974e-01
 -4.4435698e-01
 -1.5600239e-01
  9.5478183e-01
 -1.5028443e+00
 -6.3424140e-01
  5.8687973e-01
 -3.2038555e-01
 -3.4668839e-01
 -1.8655455e+00
 -2.3556988e+00
 -1.9953489e+00
 -1.1286255e+00
  3.5517418e-01
  6.1898327e-01
 -4.2460105e-01
  1.1666956e+00
  6.8635839e-01
  5.5120610e-02
 -3.0766287e-01
 -1.1820368e-01
 -2.8647302e-02
  5.0552245e-03
 -1.3023989e+00
  1.1011465e+00
  7.9818673e-02
  3.6854962e-01
 -1.0802768e+00
 -1.2062060e+00
 -1.1051888e+00
  4.6320513e-01
 -1.0595424e+00
  4.6496129e-01
  4.3674591e-01
  1.3393606e+00
 -8.1726402e-01
 -1.5487991e-01
  5.4951984e-01
  5.8865573e-02
  1.1225499e+00
  1.5518390e-01
  4.1553801e-01
 -1.7597763e-01
 -1.2459751e-01
  5.0829738e-01
 -2.2000396e+00
  8.0416727e-01
 -9.7585201e-01
  6.9083109e-02
  1.0393320e-01
  1.1838002e+00
 -1.2986361e+00
 -9.7365844e-01
  1.6035819e-01
 -1.0215223e+00
  8.9370059e-03
 -2.1905565e-01
 -6.2013793e+00
  3.4397295e-01
 -4.3403202e-01
  5.9201103e-01
 -2.6898867e-01
  3.1143181e+00
  8.7691092e-01
  1.0058258e-01
 -3.4388772e-01
 -1.0922012e-01
  2.7232519e-01
 -1.7234888e+00
 -1.1850221e-01
 -1.1511050e+00
  3.9928421e-01
 -9.1033471e-01
  3.6923703e-02
  6.0942441e-01
  5.2827489e-01
  6.5452445e-01
  8.8599944e-01
 -3.8484440e+00
 -1.1770473e+00
 -2.2049382e+00
  5.8032268e-01
  1.5942309e+00
 -8.8324964e-01
 -2.4133191e+00
 -4.4081712e-01
  5.3158021e-01
  3.7339095e-02
  7.4249756e-01
 -1.0612642e+00
  5.3511435e-01
  3.6416303e-03
 -4.7574730e+00
  1.2830881e+00
  8.4027779e-01
  4.8353451e-01
 -5.1936108e-01
  2.9348227e-01
  2.4997162e-02
  9.9731691e-02
  1.6951261e-01
 -8.7335300e-01
  1.6361796e+00
  1.1683712e+00
  9.2425317e-01
 -5.2906263e-01
  3.2469999e-02
 -4.5496202e+00
 -1.0250899e+00
 -2.9624648e+00
 -1.0305841e+00
  9.9353719e-01
 -1.2849195e+00
 -5.6391788e-01
 -2.2236934e+00
 -2.8155923e-01
 -5.9967583e-01
  6.2996787e-01
 -1.4475718e+00
 -2.9473752e-01
  1.3865049e+00
 -6.3677198e-01
 -4.3504158e-01
  2.9797976e+00
  3.8578546e-01
 -7.4520552e-01
  4.0238988e-01
 -5.7000273e-01
 -4.2220908e-01
 -4.9121749e-02
  3.4918135e-01
 -2.7069464e+00
 -3.2520920e-02
 -1.4163424e+00
 -9.4772911e-01
 -1.7559048e+00
  3.3100435e-01
  1.6039238e+00
  3.1586063e-01
 -2.3676805e-01
  7.7558684e-01
  1.1594423e+00
  7.4991798e-01
 -6.0876912e-01
 -1.5456858e+00
  1.0511349e-01
 -1.9747059e-01
  5.2206379e-01
  4.4622946e-01
  7.8056350e-02
 -1.2931048e+00
  1.6828217e-01
  3.8773900e-01
 -2.1863108e+00
 -4.1971529e-01
 -2.1680288e-01
 -5.0286884e+00
  9.1761881e-01
 -3.9296374e+00
 -1.1507387e+00
 -5.4580110e-01
  7.4506807e-01
  2.1030400e+00
 -1.6714011e+00
  4.4349310e-01
 -2.2291481e-01
  2.3211481e-01
  4.4819632e-01
 -3.2975395e+00
  4.6017453e-01
  1.1470942e+00
 -8.0797106e-01
 -1.4639881e+00
 -1.8361514e+00
  8.5736990e-01
  3.9016573e+00
 -7.2724670e-01
 -3.6942288e-01
 -6.0543180e+00
  7.0527405e-01
 -3.2397738e-01
  2.2671400e-01
 -2.3133771e+00
  3.5458283e+00
 -2.5672336e+00
  3.3678465e+00
 -4.1531980e-02
 -1.7856865e+00
 -5.9725833e-01
  2.8283556e+00
 -8.5056283e-02
  5.1365245e-02
  2.4231629e+00
 -6.7207086e-01
  8.3951962e-01
  3.1697385e+00
  1.0436862e+00
 -2.7795807e-01
 -7.9546504e-02
  1.1535617e+00
  1.4513283e+00
 -7.2117215e-01
  1.2096002e-01
 -3.6893156e-01
 -3.0563762e+00
 -9.0990037e-02
 -2.4679260e+00
 -1.7531662e+00
  2.3593428e+00
 -1.3850355e-01
  1.4251986e+00
  2.2591121e+00
  2.1274138e-02
  2.6129836e-01
  2.3534141e-01
  1.5871181e+00
 -1.4548706e+00
 -2.5569484e+00
 -1.0713806e+00
 -1.5399806e-01
  2.0100589e+00
  8.4261847e-01
 -7.7997249e-01
 -1.3365438e+00
  6.1946544e-03
  1.0564044e-02
  2.8453544e-01
  1.4991443e-01
  3.1115782e-01
  6.8781978e-01
 -4.5085521e+00
 -5.2378601e-01
 -2.7831656e-01
  9.4956249e-02
  6.1267889e-01
  2.5408425e+00
 -1.2479750e+00
  1.6940449e-01
 -1.8939981e-01
 -9.7036308e-01
 -3.9860955e-01
 -1.7263639e-01
  8.8904977e-01
  1.0505357e+00
 -7.0217691e-02
 -2.4750445e+00
  2.6349452e+00
  4.7060943e-01
 -1.9444723e-01
  6.5421301e-01
 -1.3741347e+00
  3.4150779e+00
 -4.0762118e-01
 -1.1329184e+00
 -1.1345353e+00
  1.0186476e+00
 -4.0799847e+00
  4.3632594e-01
 -1.4696139e+00
 -1.2696561e+00
  8.2770951e-02
  1.9125798e+00
  1.4872131e+00
  9.5771003e-01
 -1.3819162e+00
 -6.3657594e-01
  8.8166511e-01
 -1.7323352e+00
  3.9936368e+00
  1.2928423e-01
 -2.5308712e+00
 -7.2627015e-02
 -1.6711283e-01
 -1.2734020e+00
  8.2845420e-01
  6.2126631e-01
 -2.1862664e+00
  2.7434850e-01
 -1.4593911e+00
 -2.5834904e+00
  7.6102340e-01
 -6.2972665e-01
 -1.1145619e+00
  1.8236836e+00
 -1.0488550e-01
 -1.6776583e+00
 -8.6738151e-01
  1.0435362e+00
  9.9596649e-01
  1.8716578e-01
 -7.1054107e-01
  1.4316300e-01
 -3.1747848e-01
 -4.4276625e-01
 -1.2481673e+00
 -1.1354680e+00
  6.9238287e-01
 -6.5907526e-01
  1.4169351e-02
 -2.8321726e+00
 -2.8117815e-01
 -8.3475894e-01
  2.0812812e+00
 -1.1960680e+00
 -1.5142684e+00
  8.5570797e-02
  2.1387448e+00
  3.8234782e-01
  1.0639235e+00
 -6.9588996e-02
  2.5413585e+00
 -1.9038541e+00
 -1.0543443e+00
 -3.7075418e-01
 -1.0073286e+00
 -7.9489523e-01
  2.9602636e-02
 -3.6334062e-01
  2.5728154e-01
  8.9842367e-01
  1.1329259e+00
 -4.7186595e-01
 -5.4760385e+00
 -7.5704246e-03
  2.8177726e-01
  3.5676701e+00
  7.3421544e-01
 -1.2817544e-01
  2.8229791e-01
  9.9182862e-01
 -1.4733899e+00
  3.7015101e-01
  1.5388736e+00
  1.3788233e+00
  3.0765417e+00
  1.4527564e+00
  1.0014362e+00
 -3.2139938e-02
  6.2301016e-01
  1.3132387e+00
  4.5300889e-01
  1.9804227e+00
 -1.3641019e+00
 -2.6056969e+00
  1.1062970e+00
  1.8105934e+00
 -3.9040577e-01
 -1.8980034e-01
  2.2398284e-01
 -1.7370424e-01
 -4.8434398e-01
  1.0250040e+00
  1.5684726e-02
  6.9686067e-01
 -1.7864131e+00
  2.8097779e-02
 -8.0327380e-01
  9.0800017e-02
  9.5031029e-01
  3.4146450e+00
 -1.5019079e+00
  3.3723554e-01
 -4.3228469e+00
 -1.0809351e+00
 -2.8786221e+00
 -1.0134386e-01
 -7.9082829e-01
 -4.4283506e-01
  1.2219132e+00
 -6.5126884e-01
  1.2737529e-01
 -6.6481894e-01
 -4.4889148e-02
  9.1140175e-01
  1.6860443e-01
  1.1560782e+00
 -1.8977317e+00
 -1.3785323e+00
  1.0765961e+00
  2.7285704e-01
  9.2869973e-01
  1.3826379e+00
 -5.7713497e-01
  4.6482635e-01
 -1.4398706e+00
 -7.1352547e-01
  1.6297857e+00
  4.9236197e+00
 -2.9814446e+00
 -1.9842350e-01
 -5.2268152e+00
  3.1641843e+00
  2.8381767e+00
  3.6781003e+00
  2.4839558e-02
 -4.1006114e-02
  1.0356553e+00
  8.6074412e-01
  3.6252195e-01
 -1.0321538e-01
  1.0678285e+00
  2.6688278e-01
 -1.4650524e-02
 -3.4131005e-01
 -8.0888051e-01
  3.8875315e+00
 -6.6028678e-01
 -1.3296505e+00
 -9.4663762e-02
 -2.3372643e+00
 -2.7920091e+00
  2.0141180e+00
 -6.9462365e-01
  1.6845959e+00
 -4.7293339e+00
 -5.3123236e-01
  8.8821524e-01
 -7.6515865e-01
 -1.6016862e-01
  1.4417084e+00
 -3.3130679e+00
 -9.4769931e-01
 -1.6405033e+00
  1.0701975e+00
  1.9872267e+00
  2.9647350e-01
  4.4567367e-01
 -2.3804758e+00
  1.1149322e-01
 -2.6694295e+00
 -2.6767397e+00
  1.4680275e+00
 -1.6629488e+00
  3.6648133e+00
 -1.1418452e-01
 -2.3654914e+00
 -1.3164289e+00
 -2.9592788e+00
 -5.5795026e-01
  4.2489672e+00
 -1.3424281e+00
  5.4802346e+00
  4.9543244e-01
  2.2865913e+00
 -1.6142313e+00
  1.3730554e-01
  2.4228864e+00
 -1.5725982e+00
  2.1165335e+00
  1.3044356e-01
 -2.1168163e+00
  2.6444906e-01
  2.6639557e-01
  2.3555543e+00
 -4.7283497e+00
  4.2275060e-02
  1.9106396e+00
  7.3502904e-01
  5.7034235e+00
 -1.2485486e+00
  1.6874064e+00
  1.5391365e+00
  2.0994115e-01
  3.4580643e+00
  1.6405294e+00
  3.6310229e-01
  2.1212442e+00
 -2.8516272e-01
 -9.7518559e+00
  2.7113225e+00
  3.2406332e+00
 -1.6344661e+00
  8.4211707e-01
 -3.0794123e-01
  1.4314137e+00
  2.7950546e-01
 -5.9357297e-01
 -2.5079947e+00
  9.0778452e-01
  1.1281620e+00
  5.1601225e-01
  4.7609024e+00
 -3.5389869e+00
  1.7607635e+00
  3.7038150e-01
 -1.5766478e+00
  9.3162096e-01
 -1.0423073e+00
 -1.4392589e-02
 -1.1515551e+00
  1.1936001e+00
 -9.1000432e-01
  8.5051199e-03
  1.6093369e-01
 -8.8554931e-01
  8.0430728e-01
 -1.1859083e-01
  1.7022634e+00
 -5.3319204e-01
 -2.4082782e+00
 -2.8790385e-01
 -6.7222595e-01
  5.5458653e-01
 -2.3782618e+00
 -3.9539960e-01
  3.5116852e-03
  4.5063522e-01
  7.6577306e-01
  2.0582927e-02
 -3.1207973e-01
 -2.2453739e-01
 -1.1377462e-01
  2.8262860e-01
  3.6767268e-01
  2.0506907e-01
  1.2327392e+00
 -1.3028655e+00
 -7.9464567e-01
  1.7873809e+00
 -2.6004875e-01
 -4.7139370e-01
  2.5149333e-01
  1.3938089e-01
  6.9336510e-01
  1.7112590e+00
 -9.4490260e-02
 -3.8900208e-01
  4.7287738e-01
  4.2572725e-01
 -7.7579729e-02
 -1.3468019e+00
  3.9904293e-01
  6.1706954e-01
 -1.2294098e+00
  2.2352095e+00
  5.6870019e-01
 -4.7610012e-01
 -4.9324110e-02
  5.8890581e-01
 -3.9944905e-01
 -5.5609941e-01
 -2.4485710e-01
 -8.6367410e-01
 -1.6324133e+00
 -1.5948069e-01
 -2.3369882e-01
 -2.5242034e-01
 -4.7439110e-01
  1.7198290e+00
 -9.1150790e-01
  6.4938039e-01
 -5.2282733e-01
  2.2283378e-01
 -1.7548616e+00
 -3.2512078e+00
 -1.1844075e-01
  2.6528051e+00
  3.5956353e-01
 -3.9432645e-01
 -2.8176656e+00
 -2.4300566e-01
 -4.2261466e-02
 -3.2246044e-01
 -1.7389627e-01
 -2.1910682e-01
  3.4985894e-01
  2.3142052e-01
 -9.6916085e-01
 -7.9761559e-01
 -2.5294814e-01
 -1.5504342e-01
  3.8846216e-01
  9.7644037e-01
  9.7372466e-01
  8.9780584e-02
 -1.7063432e+00
 -2.5665311e-03
  3.0706280e-01
  4.6919486e-01
  8.1592166e-01
 -1.0030165e-01
 -9.2319989e-01
  7.3966056e-01
  9.8427229e-02
 -3.5418624e-01
 -7.1716565e-01
 -3.4657177e-03
  6.0511876e-02
 -1.1108286e+00
 -1.2261095e-01
 -1.6708828e+00
  3.3292335e-01
 -3.6124858e-01
 -3.2503253e-01
 -1.7059033e+00
 -6.3526487e-01
  3.4859866e-02
  1.3279906e-01
 -4.2189892e-02
  6.2738478e-01
  5.6531247e-02
 -1.1683915e+00
  2.4022464e-01
  1.4061775e+00
  1.8843052e-01
  3.4096122e+00
  3.3517089e-01
 -9.3878931e-01
 -2.3250248e+00
  2.0211624e-01
 -1.1281186e+00
 -9.6507415e-02
  3.8043046e-01
 -6.3306993e-01
 -9.7498275e-02
  4.5892730e-01
  3.9308050e-01
 -4.4195601e-01
 -4.7272691e-01
  6.4666319e-01
 -3.9223609e+00
 -1.6111476e+00
  2.7705162e+00
  2.3619638e-01
  1.2514125e+00
  4.7470507e-01
  5.4632335e+00
  2.7916284e+00
  7.9602823e-02
 -7.8889243e-02
  6.2486373e-02
  6.7641842e-01
 -1.5067444e+00
  6.9283980e-01
  7.3944896e-01
 -2.5764976e+00
 -1.3861253e+00
 -1.1663274e-01
  6.3262463e-01
  3.5873300e-01
 -5.1001900e-01
  6.4523613e-01
 -1.4451696e+00
  8.9263487e-01
 -2.4456543e-01
  5.6536108e-01
  3.2610235e-01
  1.6725203e-01
 -2.5292168e+00
 -1.2758486e-01
 -1.2452220e-01
  6.9286090e-01
  5.8048147e-01
  3.1752765e-01
 -7.8385323e-01
  3.0298096e-01
  2.3258502e+00
  1.0173453e-01
 -3.9946312e-01
  1.1824016e-01
 -1.1681541e+00
 -2.5359104e+00
  1.3261694e-01
  1.6514189e+00
 -4.7738183e-01
 -1.9206009e+00
  6.7202097e-01
  1.2990253e-01
 -7.8357196e-01
 -2.8271127e+00
 -3.8451430e-01
  1.2185246e+00
  5.1870403e+00
  9.5676440e-01
  5.9180486e-01
  5.0495289e-02
 -7.5411397e-01
  9.1469699e-01
  1.5869044e+00
  9.5016301e-01
 -6.3188486e-02
  4.2606983e+00
 -2.9251248e-01
 -1.4045801e+00
 -8.0923200e-01
 -2.9193094e-01
  7.7866340e-01
 -2.8919154e-01
 -1.9006656e-01
 -4.2718530e-02
  9.7067183e-01
 -1.7568087e-02
  9.2038536e-01
 -3.4311497e-01
 -3.9602017e-01
  2.2045879e-01
  2.6288956e-01
 -1.6174258e-01
  2.9856575e-01
 -5.5740237e-01
 -8.8060820e-01
  1.4918011e+00
  3.9161850e-02
  7.2522976e-02
  1.3455743e+00
  2.9150417e-01
 -7.1351004e-01
  7.1272845e-03
 -5.3777057e-01
  2.7119341e-01
  8.1565058e-01
  3.9174726e+00
 -1.1734454e-01
 -2.6264365e-03
  3.0990082e-01
  1.4827751e+00
  3.8725901e-01
 -7.2857463e-01
  2.4643293e-01
 -2.2421084e-01
  2.0066595e-01
 -7.1621078e-01
  1.8875401e+00
 -1.3924022e+00
  4.3857694e-01
 -6.3917029e-01
  4.2249358e-01
 -1.6509381e-01
  1.5282181e-01
  1.1502476e-02
 -7.1772927e-01
  3.2448525e+00
 -8.6431307e-01
 -1.8384868e+00
  1.0124722e+01
  5.1645315e-01
  1.2291846e+00
  1.9959944e-01
 -1.2430171e+00
  2.6045331e-01
 -6.5964860e-01
 -2.4614775e-01
  5.4112635e+00
 -1.3397535e+00
  1.1118866e+00
  8.3775127e-01
 -6.3230562e-01
 -4.8020285e-01
  4.1542232e-01
  1.8264455e-01
 -3.9976567e-01
 -1.9647421e+00
  1.8606510e+00
  9.6262884e-01
  6.6168100e-01
  1.0249578e-02
 -5.6663966e-01
  7.0152193e-01
  2.5062910e-01
  3.0764197e-03
 -1.3266007e+00
 -2.2448456e+00
  1.6792989e-01
  5.8116859e-01
 -2.9439557e-01
 -7.6694024e-01
 -1.9430506e+00
  1.1630669e-01
  3.1764868e-01
  7.4811804e-01
  2.2113504e-01
 -1.4240290e+00
  5.4491472e-01
  3.8232830e-01
  8.9029634e-01
 -5.9393659e+00
  9.4946451e-02
  3.7353587e-01
 -6.5167975e-01
  1.2918668e+00
 -1.1960616e+00
  4.1525621e+00
 -9.2212063e-01
  3.3118532e+00
 -1.2186863e-01
  8.6608469e-02
  9.1162699e-01
 -4.9530813e-01
  8.1322098e-01
 -8.4328526e-01
  3.0195735e+00
  1.7839210e+00
  1.1357980e-01
  5.8843703e+00
 -1.6869154e-02
 -2.1042006e+00
 -4.9222475e-01
 -3.9696509e-01
 -1.3811727e+00
  9.1134983e-01
 -5.9082121e-01
 -6.6489595e-01
  2.8393472e-02
 -3.2769348e-03
 -5.8834320e-01
  2.8254300e-01
 -3.2543120e-01
  1.8876058e-01
  1.6520880e+00
 -5.0316018e-01
  7.3847508e-01
  8.6149144e-01
 -5.2364117e-01
 -3.9971691e-01
 -4.3465561e-01
  4.4431067e+00
  5.8723849e-01
 -3.8193306e-01
 -5.2638733e-01
 -2.3911456e-02
 -9.3924570e-01
 -1.2025089e+00
  3.1231594e-01
  8.1784278e-01
 -4.7718315e+00
  6.7122984e-01
 -1.9634131e-01
 -2.0164391e-01
  2.9693863e-01
  1.9248012e-02
 -9.0245581e-01
 -2.5937861e-01
 -3.9971304e-01
 -1.0128098e+00
 -2.8060000e+00
  4.0356037e-01
 -1.3324505e+00
  6.8990391e-01
  3.8112265e-01
  1.5470780e+00
  1.1782926e-01
  4.1273466e-01
  1.6537303e-01
 -7.5918093e-02
  2.6654458e-01
 -2.7715307e-01
  9.4646633e-01
  5.4931724e-01
 -6.1064196e-01
 -2.6158211e+00
 -1.1843847e-01
 -2.2972920e+00
  8.0017977e+00
  1.1597234e+00
  9.8823261e-01
  7.8353488e-01
  3.9598015e-01
  1.7054503e+00
  4.9890524e-01
 -3.0816704e-01
 -5.0908959e-01
 -2.8977814e+00
  1.1437717e-01
 -9.2573404e-01
  2.2635327e-01
 -9.9428171e-01
 -1.8036506e+00
  7.6834565e-01
 -2.5871941e-01
 -1.1162313e+00
  8.3990616e-01
 -2.6289812e-01
 -4.3572042e-02
 -7.7208740e-01
  7.0993733e-01
  1.7294528e-01
 -8.6658311e-01
  9.9111937e-02
  3.4380939e+00
 -1.6839923e-01
 -1.7686732e+00
  3.8245279e-01
  9.9706328e-01
 -6.0346913e-01
 -7.4615884e-01
  2.4310510e+00
 -1.5525201e-01
 -3.9635751e-02
  7.3035800e-01
 -4.0246579e-01
  3.1716611e-02
 -4.5016953e-01
 -2.2987923e-01
 -1.2084457e+00
  1.4015003e-01
 -3.2414433e-01
 -1.2802296e+00
  8.2123578e-02
  9.5154357e-01
  1.0239266e+00
 -1.1631042e+00
 -1.4746758e-02
  1.1651273e-01
 -1.5070074e+00
  1.4139930e+00
  5.1888205e-02
  2.0974370e-02
  1.3640050e+00
  1.4283351e+00
  3.6821845e+00
 -3.8039872e-01
 -1.9973384e-01
 -2.9814425e-01
  3.5086542e-02
  4.5568767e+00
  2.0264676e-01
 -4.1286510e-01
 -3.7786338e-01
  4.4694027e-01
 -2.3149972e-01
 -1.1338907e+00
 -3.4552008e-01
  2.0469420e+00
  1.5555091e-01
 -5.0475591e-01
  1.4398900e+00
 -3.8811487e-01
 -4.3557277e+00
 -2.2235215e+00
  3.5656223e-01
 -2.1561548e-01
  2.9171672e+00
  4.2977831e-01
  1.8384644e+00
  6.1462134e-01
 -2.0884516e+00
  4.8816895e-01
 -1.0504269e-01
  1.6543803e-01
 -1.1311904e-02
  1.8805526e-01
 -3.9027882e-01
 -9.9262857e-01
 -2.8782034e-01
 -1.2270975e+00
  2.0474063e-01
  1.0793000e+00
 -1.2498010e+00
 -9.4632797e-02
 -8.2590669e-02
 -2.1855410e-02
 -3.6057308e-01
 -6.1181211e-01
 -8.9534499e-02
  3.8866064e-01
 -1.9816945e-01
 -5.8697963e-01
 -4.0925579e+00
 -1.4285131e+00
 -1.1729264e+00
 -9.3809062e-01
 -5.1608217e-01
 -4.2766908e-01
 -2.1606059e+00
 -4.1067892e-01
 -1.5174478e-01
 -2.5389729e+00
 -5.3175747e-01
  1.2476115e+00
 -2.2152932e-01
 -5.6885690e-03
 -4.4014540e-01
 -4.0572584e-02
  3.3232954e-01
  2.1489538e-02
 -8.7036014e-02
 -6.5647972e-01
  1.1178987e+00
  7.9779571e-01
  1.0921949e+00
 -3.1553915e+00
 -7.9131854e-01
 -4.5533794e-01
  2.0218272e+00
  2.9632580e-01
  8.4639579e-02
 -1.6621220e+00
 -6.2928987e-01
 -2.4602014e-01
 -9.8769790e-01
  1.0221732e+00
 -3.8372692e-01
 -4.0996262e-01
 -1.1091316e-01
 -1.3574957e-02
 -1.5035088e+00
  4.5437348e-01
  2.9591024e+00
 -3.4136006e-01
 -1.4705133e+00
  6.7249912e-01
 -2.5494759e+00
 -8.5861325e-01
  2.2313172e-01
 -4.7656468e-01
 -1.4733503e+00
  1.8787102e-01
 -2.3640430e-01
 -2.1106265e+00
 -9.9217403e-01
  6.5597826e-01
  2.7005073e-01
 -2.5792782e+00
  5.7859197e-02
  2.7238109e+00
  4.7391829e+00
 -1.3216848e+00
  4.1164586e-01
  4.6144271e-01
  7.4136388e-01
 -2.8656512e-02
 -1.9037493e+00
 -5.4070371e-01
 -1.1514099e+00
 -5.1091230e-01
  2.7821016e-01
  2.8844623e-02
 -1.0284226e-01
  3.0681878e-01
 -3.2631135e+00
  1.3774662e-01
  5.2364773e-01
 -4.9512297e-01
  4.2087987e-01
 -2.8961593e-01
 -4.1372809e-01
  4.6646896e-01
 -4.6529341e-01
 -6.3184309e-01
 -4.3709090e-01
 -3.0618352e-01
 -4.5803910e-01
  5.2301979e+00
  2.3799324e-01
  7.6890677e-01
  1.6362712e-01
 -4.6720460e-01
  8.5248373e-02
  4.7749132e-01
  2.3691279e-01
  5.4799318e-01
  6.5989715e-01
  4.5526725e-01
 -1.3791153e-02
 -1.1890058e-01
 -3.9274135e-01
  1.2359632e+00
 -1.2144284e+00
 -2.8656411e-01
  2.0771761e+00
  1.4846541e+00
 -9.5458579e-01
  9.7030044e-01
 -2.1303630e+00
  1.5587613e-01
  1.6013662e+00
  1.2566167e+00
  2.1001031e-01
  1.2290866e+00
 -7.7993846e-01
 -7.2145653e-01
 -7.3727769e-01
 -2.0867710e-01
 -1.4597715e+00
  1.1248865e-01
  5.0160438e-01
  4.7672823e-02
  1.0283800e+00
  2.6317441e-01
  3.7736249e-01
 -9.4938290e-01
 -1.3511828e+00
 -1.8261353e+00
 -1.7375865e+00
 -4.9854362e-01
  6.3299865e-01
 -3.3753595e-01
  4.7290924e-01
  2.3970529e-03
 -9.8368084e-01
  1.9533727e-02
  2.2809420e+00
 -1.2628218e+00
  3.4027046e-01
  3.9334244e-01
 -1.8596109e-02
  1.6254753e+00
 -4.9106451e-04
  4.7588402e-01
 -3.6609704e+00
  1.0824499e-01
  1.4149389e+00
  3.6649588e-01
  3.0233037e-01
  7.0254374e-01
  1.1378747e+00
 -2.7044713e-01
 -1.1200444e+00
  1.5318005e-01
  4.9749905e-01
 -6.4949381e-01
 -7.8185856e-01
 -3.3187054e-02
  2.4362005e-01
 -2.6471334e+00
 -1.2312356e+00
  5.1807225e-01
 -1.6301361e+00
  1.4643997e-01
 -2.4738239e-01
 -1.1788812e+00
  1.0472922e+00
 -2.2449623e-01
  4.6155271e-03
 -3.9214864e+00
 -6.5452911e-02
  1.4851035e-02
  8.6243260e-01
  4.9181592e-01
 -3.8042906e-01
 -6.4947021e-01
 -4.4690707e-01
  4.9332660e-01
  1.3430310e-02
 -1.1012456e+00
 -1.3946092e-01
 -4.7822847e+00
 -8.8291425e-01
 -9.7974353e-02
  2.0906665e+00
 -5.7366031e-01
 -2.3171151e+00
  5.5642414e-01
 -2.9395247e+00
 -7.4137646e-01
  2.0748408e-01
  2.2320201e-01
 -1.2817912e+00
 -3.0700168e-01
  1.6526535e-01
  8.0029505e-01
 -3.7855968e-01
 -8.4921397e-02
 -2.2309701e-01
 -2.1299404e-01
  3.0785921e+00
  6.2671065e-01
 -7.0117943e-02
  1.5654534e+00
  4.9685541e-01
 -1.3369916e-01
 -6.8191421e-01
  8.6948603e-01
 -4.4230096e-02
  7.7802801e-01
 -9.8468935e-01
 -5.5298347e-02
 -8.0960756e-03
  3.2980371e-01
 -2.4551199e-01
 -5.1908773e-01
 -2.2476406e-01
  4.6979111e-01
  1.3411789e+00
 -9.4551392e-02
  3.1408992e-01
  4.8461834e-01
 -8.4055007e-01
 -1.6390873e+00
  1.4342542e+00
  2.3988245e+00
  9.9360061e-01
  7.1718532e-01
  7.3737603e-01
  4.4959462e-01
 -1.6368772e+00
 -6.0691491e-02
  1.7003691e+00
 -2.5493717e-01
  6.6807680e-02
  1.7628504e-01
 -1.6849996e-01
 -1.0805118e+00
  4.1859224e-01
  2.8211305e-01
  3.1212717e-01
 -7.9929096e-01
 -5.3041846e-01
  2.4710979e+00
  5.9403920e-01
  4.0728593e-01
 -5.5523319e+00
 -7.2631556e-01
 -1.9854726e+00
  1.5529981e+00
  8.7545151e-01
  1.9421375e-01
  5.7392869e-02
 -1.1274414e-01
 -1.8250579e+00
 -1.9881783e-01
  1.2422285e+00
  5.1885140e-01
 -1.0663475e+00
  1.3401263e+00
 -4.1043085e-01
 -4.2908636e-01
  1.0423366e+00
  1.1110938e+00
 -2.2990723e-01
  1.8323413e+00
  9.2654443e-01
  7.6885909e-01
 -5.0038863e-02
 -6.2528563e-01
 -9.8518026e-01
  6.4763449e-02
  1.5090008e+00
 -6.4198911e-01
 -2.1667421e-01
 -4.8906721e-02
 -4.6602172e-01
 -2.0412433e+00
 -1.9416115e+00
 -3.9641422e-01
 -5.3498834e-01
  1.6462888e+00
  3.8694799e-01
 -3.3820513e-01
 -7.4808818e-01
  6.3789642e-01
 -1.7571071e-01
  2.0344242e-01
 -4.4553170e-01
  1.0084337e+00
 -1.9037595e+00
  2.1286199e+00
 -8.5267156e-01
  1.2002548e-01
 -4.8126724e-01
 -2.0532542e-01
  5.2627897e-01
 -5.9022486e-01
  5.1646899e-03
  7.9236054e-01
 -2.8895977e+00
 -6.5097708e-01
 -8.9967561e-01
  4.0029690e-01
 -3.8595718e-01
  4.1933775e-02
 -3.9248675e-01
  5.7769950e-02
 -2.0811069e-01
 -2.7114195e-01
  7.7464664e-01
  1.0709444e+00
  1.2998545e-01
  3.6428648e-01
 -1.4474492e+00
  2.3778977e+00
  1.0585853e-01
 -6.5629524e-01
 -6.3146406e-01
  7.0133382e-01
 -8.7777036e-01
  1.2186627e+00
  1.7386785e-01
 -1.0673777e-01
  9.8754369e-02
  4.7938025e-01
  8.1308562e-01
 -1.3806236e+00
 -3.4004655e-01
 -9.5123798e-01
  4.1151667e-01
  7.1229026e-02
  1.3860962e+00
  3.9773613e-01
 -3.0776149e-01
  9.3465483e-01
 -9.0443999e-01
 -1.3452722e+00
  5.3811765e-01
 -4.8922691e-01
 -1.7876826e-01
  1.1014624e-02
 -5.5968279e-01
  5.4659015e-01
 -2.3088223e-01
 -7.3302728e-01
  8.4097755e-01
 -7.0825839e-01
  7.5256699e-01
  1.0334965e+00
  9.3138799e-02
 -2.0130166e-01
  1.9675919e+00
 -1.1266036e-01
 -6.4341629e-01
 -1.5802809e+00
 -3.6274037e-01
  3.6987820e-01
  8.0638707e-01
  8.7099624e-01
  7.1013629e-01
 -6.7676055e-01
  6.5394181e-01
  3.3397806e-01
 -2.5807494e-01
 -1.1264471e-01
 -3.0391648e-01
  1.6274877e+00
  7.5870794e-01
 -9.6260196e-01
  7.0165235e-01
  4.5215967e-01
 -2.3445307e-01
 -8.0990988e-01
 -1.6909543e-01
  6.7218721e-01
  7.7007842e-01
 -1.6050464e-01
  4.8695320e-01
  3.6377576e-01
 -1.3213528e+00
  7.9017556e-01
 -5.2446544e-01
  1.5031047e+00
  3.3226368e-01
 -7.9035819e-01
  8.5145938e-01
  1.5193964e+00
 -5.6330808e-02
 -1.2442752e-01
 -8.3207544e-03
 -2.4017155e+00
  3.7844810e-01
 -4.6245822e-01
  3.5214975e+00
 -4.6594375e-01
  1.6193960e-02
 -1.7051630e-01
  6.4090598e-01
 -2.1759081e-01
 -1.7330173e+00
  2.0367914e-01
 -6.1655247e-01
  2.8544393e-01
  3.2904610e-02
  1.5605115e+00
 -8.5784860e-02
 -2.9605271e-02
 -4.9114938e+00
 -9.0606198e-02
 -6.5956481e-02
 -5.7625240e-01
 -4.2138495e+00
  8.0922520e-01
  3.1940993e-02
  9.9539095e-01
  1.1024023e+00
  1.8187311e+00
 -5.1790416e-01
  1.6626707e+00
 -1.1102370e-02
 -6.5082103e-02
  3.3648357e+00
 -2.6340035e-01
 -3.2482460e-01
 -2.1515325e-01
 -1.3601279e+00
 -2.2780727e-01
  1.7601474e-01
  6.8175966e-01
 -1.4042177e+00
 -4.6692756e-01
 -9.1755271e-02
  5.8666223e-01
  1.7950424e+00
  1.7181116e-01
 -1.5163614e+00
 -2.7148979e+00
  1.3266911e-01
 -1.0798015e-01
  4.5010686e-01
 -1.6944343e-01
 -4.6139437e-01
 -5.6694293e-01
 -6.0746819e-01
 -5.8376604e-01
  4.2796016e-01
 -2.7018535e+00
 -3.2676861e-02
  1.5871980e+00
  1.0038112e+00
 -1.1690639e+00
 -2.4557926e-01
  3.0588037e-01
  9.8587406e-01
 -5.3170931e-01
  2.9613283e-01
  7.6237500e-01
 -6.8717301e-01
 -1.0317943e+00
 -3.1224067e+00
  1.0406715e-01
  7.5534791e-01
  2.3830679e-01
  2.3550131e+00
 -4.5020657e+00
 -1.2643200e-01
 -2.2487122e-01
 -2.0687643e-01
  6.5395123e-01
  1.6160257e-01
 -2.8429248e+00
  5.9864348e-01
 -7.5375021e-01
  8.5868341e-01
  8.9447063e-01
 -3.6036715e-01
  2.4132587e-01
 -1.5788651e-01
  6.1566883e-01
  5.1733762e-01
  8.1454031e-02
  5.2712792e-01
  3.5327408e-01
  1.9177473e-01
  1.0805539e+00
 -4.3667433e-01
 -4.2127356e-01
 -1.3114706e+00
 -9.9235213e-01
 -4.9449831e-01
  4.2600946e+00
  1.8456945e-01
  4.5217981e+00
  1.5208727e+00
 -1.6440781e-02
  2.7344265e+00
 -7.7907574e-01
 -4.9602872e-01
 -1.6523527e+00
  7.4297798e-01
 -4.6423057e-01
 -1.9342761e+00
  2.4728377e-01
  4.7139602e+00
 -6.4366661e-02
 -7.9323560e-01
 -1.9731677e+00
 -8.7075377e-01
 -5.3911406e-01
  3.2623196e-01
  8.7945443e-01
  4.2091176e-01
  1.1689517e+00
 -1.5010132e+00
  8.8059014e-01
  1.5721210e+00
 -3.7088984e-01
 -8.3708338e-02
 -1.0611857e-01
  1.9628341e+00
 -5.9852731e-01
  2.6406008e-01
 -7.8825168e-03
 -6.3298279e-01
  3.3410770e-01
 -1.7199876e+00
 -9.9999326e-01
 -1.1656977e+00
  4.3255252e-01
 -3.6932566e+00
 -2.0927796e-01
  4.5685134e+00
  1.9594249e-01
 -1.5055259e-01
 -1.2484366e+00
 -1.1970606e+00
 -3.4392837e-02
  1.2455640e+00
  4.1699558e-01
 -4.8868498e-01
 -3.1799427e-01
 -2.8840366e-01
  5.9534043e-01
 -4.2794310e-02
  2.6218089e-01
 -8.6876917e-01
  1.1236602e+00
  9.8589053e-03
  5.2604143e-02
 -1.9174406e-01
  1.7875773e-01
 -3.1951961e-01
 -1.7754972e-01
 -4.0363884e-01
 -1.0058759e+01
 -3.4280470e-01
 -8.7214214e-01
  3.9375299e-01
  4.5319333e+00
 -4.5566568e-03
  1.7780827e-02
 -2.8826602e+00
 -2.5085065e-01
 -9.4029844e-02
  2.9595020e-01
  2.7638057e-01
  3.8557553e-01
 -2.4023606e-01
  1.9890924e+00
 -4.5263854e-01
 -3.5159057e-01
  3.5871553e-01
  1.1720079e-02
  1.1233548e+00
 -8.9488065e-01
 -3.9064441e+00
  6.2220103e-01
 -2.4295059e-01
  2.1075180e-01
 -2.3419033e-01
 -9.2745394e-01
  2.9263670e+00
  6.0634267e-01
 -3.3275728e+00
 -4.0293074e+00
 -5.0394626e+00
 -3.5520193e-01
  2.0370514e+00
  1.4699583e+00
 -1.4162023e+00
  1.1613029e-01
 -6.7255050e-01
 -4.0827617e-01
  4.2485394e+00
 -7.0518799e-02
 -2.7699258e+00
 -1.7797980e+00
  6.9710582e-01
  1.1129167e+00
 -1.0448873e+00
 -4.0389612e-02
 -1.5806338e-01
 -3.1611209e+00
 -3.0918858e+00
 -7.3810570e-02
  1.5249380e+00
 -4.2248878e+00
  9.7016490e-01
  2.2876613e+00
  1.4558068e-01
 -2.0115955e+00
  7.8404129e-01
 -1.9445376e-01
 -2.3204999e+00
  1.9451368e-01
 -3.0149457e+00
 -2.0055325e+00
 -4.3916936e+00
 -4.0266208e-02
  2.6277101e-01
 -2.3783903e-01
  1.6179547e-01
 -2.1209866e-02
 -8.7578660e-01
 -2.3208194e+00
  4.3236475e+00
  3.8586915e-02
  8.0522686e-01
  9.6286011e-01
  8.0602104e-03
  1.1781955e-01
 -2.4122635e-01
  2.1348388e-01
  1.5741168e-01
  1.2196188e+00
  5.0771114e-04
 -4.8703265e-01
  7.8623509e-01
  3.6209989e-01
  9.2637032e-01
 -1.9560586e+00
 -4.9405500e-01
 -2.3562577e-01
  8.9042693e-02
  4.4379541e-01
 -4.7813902e+00
 -2.0725693e-01
  2.3149045e+00
  1.0201353e+00
 -1.6774365e+00
 -3.0358741e+00
 -1.7594207e-02
  6.0204342e-02
 -6.5532970e-01
  2.0197119e-01
  4.2177010e-02
  3.5080054e-01
 -2.6895782e-01
  6.9281667e-01
 -9.5223659e-01
 -5.0297672e-01
 -4.2388549e+00
 -2.3800991e+00
  2.1864437e-01
 -4.7112015e-01
  4.9265113e-01
  5.7726068e+00
  7.4188209e-01
  1.4021116e-01
 -1.5075460e-01
  5.0565273e-01
 -4.0524349e-01
  1.5678184e+00
 -1.1010501e-01
  1.4023254e-02
  7.3700219e-02
  3.4950733e-01
 -1.2363839e+00
  1.0484315e-01
 -8.8186312e-01
 -2.3965535e-01
  5.3022608e-02
  8.3959676e-02
 -1.2564506e-01
  3.5183287e-01
 -1.6667590e-01
 -1.3685204e+00
  8.3520729e-03
 -2.1927121e+00
 -1.1775987e+00
  7.9232827e-02
 -5.3001052e-01
  1.4291787e+00
  3.4356847e-01
  2.5611818e+00
 -1.5379840e+00
 -1.6337994e+00
 -1.0666143e+00
  3.9255586e-01
 -1.2150798e+00
 -9.7423297e-01
 -1.1090205e+00
  3.7241686e-02
 -6.1112815e-01
 -1.6411254e-01
  3.6704990e-01
 -9.9174362e-01
  9.8189288e-01
  4.8892360e+00
 -7.1511889e-01
  9.4299339e-02
 -9.3620783e-01
  3.7219897e-01
  4.8826465e-01
  1.5613247e-01
  9.1997248e-01
 -3.6356285e-01
  1.6785328e-01
 -2.0999563e+00
  3.9010605e-01
  8.7669158e-01
 -1.1019096e+00
 -6.3106734e-01
 -1.2543128e+00
  6.9677162e-01
  8.8078141e-02
  4.9861133e-01
 -9.6208565e-02
 -1.0712698e+00
  2.8238672e-01
 -5.9915602e-01
 -2.3711734e-01
 -3.1166110e+00
  6.8898171e-01
 -1.5625343e+00
 -1.5888806e-01
  1.3704929e+00
 -9.6268147e-01
 -8.5355908e-01
  4.9359894e-01
  5.6774998e-01
  4.7864388e-03
 -3.6966956e+00
  6.7616552e-01
 -3.4381884e-01
  6.7771155e-01
  5.4228050e-01
  4.3702498e-01
  3.4850296e-01
  1.3911723e+00
  2.8437908e+00
 -1.2072729e+00
  6.0712063e-01
 -7.2811359e-01
 -4.8430678e-02
  1.2209048e+00
 -1.4515355e+00
  6.4102936e-01
 -9.5948505e-01
 -5.9758198e-01
  9.2963777e-02
  6.5290916e-01
  4.1767326e-01
  2.6008764e-01
 -1.3476528e+00
  2.4249741e-01
 -8.2443291e-01
 -4.9835294e-02
 -1.1924340e+00
 -2.2633752e-01
 -2.5306129e+00
 -2.2822759e-01
 -3.3968076e-01
 -3.9899912e-01
  1.1315953e+00
 -7.9036409e-01
  5.2596264e+00
  3.3070752e-01
  7.2794819e-01
 -8.6294508e-01
  3.0234069e-01
  1.5341730e+00
  7.1055746e+00
 -4.8382258e+00
  1.4778476e+00
 -1.6324747e+00
  7.6959640e-01
 -6.8345547e-02
  5.3169781e-01
 -1.4613246e+00
 -2.9991837e+00
 -9.3934856e-02
 -7.5206959e-01
  1.7254171e-01
  4.9787354e-02
 -5.5402023e-01
  9.0741640e-01
  4.6376169e-01
  1.3101332e-01
 -1.0394610e+00
  7.7369314e-01
 -2.9844877e-01
  3.1154910e-01
 -1.8313535e-01
  3.7425011e-02
 -2.3061118e-01
  1.2247472e-01
  1.1482768e-01
 -2.8069419e-01
  2.4310635e-01
 -4.6119606e-01
 -5.1746666e-01
 -9.9746591e-01
  3.6674637e-01
 -8.0350327e-01
  1.4748876e-01
 -2.3038425e+00
  6.6910242e-03
  6.4545965e-01
  4.9728185e-01
 -1.7486630e-01
  6.5976644e-01
 -2.1923232e-01
 -7.8256530e-01
  5.3599304e-01
  4.7286868e-01
  4.3555936e-01
  1.0351498e+00
 -4.6380940e-01
 -1.6202986e-01
 -2.0213734e-01
  9.2508543e-01
 -1.0080457e+00
 -1.7518589e-01
 -5.0966870e-02
  1.1734711e-01
  8.6671785e-02
  5.7089780e-02
  2.0006263e-01
 -4.1264021e-01
  9.0582269e-01
  4.0006304e-01
  3.7438586e-02
  1.0543894e+00
  2.2520895e-01
 -2.4333488e-02
  1.0630298e-01
 -6.3072044e-01
  9.3168832e-02
 -1.2618644e+00
  6.6630699e-02
  9.8692846e-01
 -1.0594661e+00
 -4.6545929e-01
 -8.4153217e-01
 -8.8666826e-03
 -5.5523509e-01
 -2.9459649e-01
  1.5425402e-02
  6.2125772e-01
  6.7946362e-01
 -5.3958231e-01
 -4.8418710e-01
 -5.9873736e-01
 -8.0495983e-02
  4.4896120e-01
  1.2769245e-01
  1.7771637e+00
 -1.9659187e-01
  4.9945930e-01
  3.8829932e-01
 -1.1060783e-01
 -1.3822981e-02
 -3.2774624e-01
 -2.3059077e+00
 -4.0656424e-01
 -1.4146720e-01
  8.6981469e-01
 -3.0008307e-01
  2.8680336e-01
 -2.9967516e-03
 -1.1462861e+00
 -1.2979454e-01
 -1.2220119e+00
  1.3369182e-01
  8.2897258e-01
 -4.8663849e-01
 -2.3575605e-01
 -3.8083202e-01
  3.4795184e+00
  3.5673320e-01
  3.9900917e-01
 -5.3203696e-01
  2.4562976e+00
  1.0079576e+00
 -8.3475780e-01
 -6.5144256e-02
 -7.8608178e-02
 -4.4301555e-01
 -4.8787317e-01
  4.1196370e-01
 -1.7806900e-01
 -2.3278299e-01
  7.3395506e-02
  1.2733697e+00
 -2.7449837e+00
 -1.0587345e-01
  3.4633360e+00
  1.8001738e-01
 -2.7524003e-01
 -6.3832164e+00
 -3.8456438e+00
 -4.4626695e-01
 -2.4414857e-01
 -8.2292831e-01
 -1.9326067e-01
 -8.8329297e-01
 -1.5297937e-01
  2.7891043e-01
  8.2521424e-02
 -4.4181582e-01
 -9.1816753e-01
  2.1378154e-01
  2.6387281e+00
 -6.6000891e-01
  2.3826565e-01
  5.8795714e-01
 -3.0242133e-01
  2.0442550e-01
 -2.9479256e-01
 -4.0649822e-01
 -2.1352544e+00
 -1.7599100e+00
  1.8051320e-01
 -2.2301927e-01
  1.9942117e+00
 -9.7837716e-01
  9.1455698e-02
  3.6270130e-01
  3.5091528e-01
  4.6460590e-01
 -6.2879193e-01
  1.2692680e+00
 -4.2673101e+00
  4.5753527e+00
  3.2499237e+00
 -1.1301429e+00
  1.8136778e+00
  8.8875763e-02
 -9.1100520e-01
  1.7278162e-01
 -4.4782922e-02
 -3.1690292e+00
  2.8584123e-01
  5.1983044e-02
 -9.6180850e-01
  1.0518506e+00
 -7.6243949e-01
  1.3497242e+00
  2.0721051e-01
  3.4111029e-01
  5.0855142e-01
  3.6836186e-01
 -1.0474259e+00
  2.0708745e+00
  3.0584011e+00
  1.1655040e-01
  8.2288796e-01
 -1.5748495e+00
 -2.5894065e+00
 -8.6972129e-01
  2.4501998e+00
  1.2425834e+00
  1.3151270e-01
  3.5345155e-01
  3.9422583e-02
 -5.7405871e-01
  5.6508768e-01
 -1.1075926e+00
 -4.1150770e-01
 -1.3427188e-01
  1.4621785e+00
 -2.3050086e-01
  6.8763584e-01
  1.2239883e+00
  3.9101189e-01
 -8.8432990e-02
 -7.9221475e-01
 -9.4234395e-01
  2.4614174e+00
 -2.5730529e+00
  2.2572982e+00
 -4.2731705e-01
 -3.6350605e+00
  1.3345103e+00
  1.3644080e-01
  2.3499326e-01
 -1.5985703e+00
 -4.7864535e-01
  5.3629470e-01
 -1.5331210e+00
 -8.2426953e-01
  2.9431167e-01
  7.7828035e-02
 -4.9627604e+00
 -3.0683938e-01
 -1.7082396e+00
 -5.4954797e-01
  2.2017434e+00
  2.6857704e-01
  1.1078157e-01
  4.3247488e-01
  4.2499161e-01
  1.1354021e+00
 -6.0039270e-01
 -7.0391841e+00
 -2.6171212e+00
  2.5783370e+00
  4.1355121e-01
  7.7290469e-01
  2.0611094e-01
  9.9993557e-02
 -3.0900350e-01
 -8.9884210e-01
  4.0163646e+00
  1.1194957e+00
  7.9279554e-01
  2.2013243e-02
  8.7657802e-02
  1.1563213e+00
 -1.5235513e+00
  7.1455199e-01
  1.9666116e-01
  2.3246901e-01
  3.2534689e-01
  3.9421365e+00
 -5.0351596e-01
 -5.8950195e+00
  1.2370638e+00
  2.5176877e-01
 -3.4263628e+00
 -1.3621183e-01
  3.4014282e+00
  1.1443830e+00
  7.9539818e-01
 -7.7335304e-01
 -4.6633559e-01
  6.2820768e-01
  6.6323304e-01
  3.4907770e-01
  1.7338560e+00
 -7.6259106e-01
 -1.8722844e-01
  2.8878552e-01
 -1.8271312e-01
 -2.4717262e-01
 -1.2064887e+00
  5.6219023e-01
  8.2549125e-01
 -2.2677046e-01
 -4.6966817e-02
 -1.1777787e+00
 -3.2032675e-01
  2.6896566e-01
  8.1487307e-03
  3.0076730e+00
 -1.1668534e+00
  1.6318015e+00
 -8.4167577e-02
  5.9997183e-01
  2.8867590e-01
 -2.0982596e-01
 -4.1200292e-01
 -1.0029622e+00
  6.5605164e-01
 -3.1500915e-01
 -1.1462793e-01
  2.5530335e-01
  1.9893449e-02
  8.1058568e-01
 -1.7069867e-01
 -3.9507512e-02
 -4.6333399e-01
 -7.7010942e-01
  5.7748264e-01
 -3.3804256e-02
  1.6324708e+00
  2.1074928e-01
  2.9655492e+00
  9.7921801e-01
 -5.5491102e-01
 -2.1928856e-01
 -5.9108579e-01
 -1.4957424e+00
  3.5626397e+00
 -9.0006107e-01
  1.6533024e+00
 -1.3306037e+00
 -1.0990967e+00
 -1.5656157e+00
  5.8667934e-01
  2.1166176e-01
 -2.1203613e-02
  1.7467332e-01
  5.1139379e-01
  1.5805032e+00
  2.0564799e+00
  2.3911767e-01
 -2.3098946e-01
  9.3377548e-01
  5.9147388e-01
  1.4699109e-01
 -4.8386768e-01
  7.1401876e-01
 -1.3255774e+00
  6.4732365e-02
  1.5904100e-01
  1.4895302e+00
  2.6815403e-01
 -3.3544046e-01
 -4.3033563e-02
  6.5513289e-01
  1.2409941e-01
 -3.2598427e-01
  6.9500603e-02
  2.8406763e-01
  1.7624822e+00
  8.0039388e-01
 -1.2592856e+00
 -2.1493264e-01
  3.3896056e-01
 -8.2513255e-01
 -6.0050505e-01
 -2.8656307e-01
 -1.3602008e+00
 -5.0817329e-01
  1.0989423e+00
  1.7539157e+00
  5.6743783e-01
  8.3838366e-02
  2.3990557e-01
  1.0476476e+00
  1.7736146e+00
  1.4459041e+00
 -1.3593749e+00
  7.1123010e-01
 -1.3307989e+00
  1.8201699e+00
  1.3097330e+00
 -1.5692962e+00
  7.3403576e-03
 -2.1753628e+00
 -9.0033032e-02
 -2.4408813e+00
 -1.7078910e+00
 -5.7157773e-01
 -2.4189958e-01
 -2.5142258e-01
  8.2162380e-01
 -1.1000665e+00
 -3.0983133e+00
 -9.2231297e-01
 -1.0542140e-01
  5.4500228e-01
  3.3916171e+00
  2.7294463e-01
 -1.5970396e+00
  1.4572358e+00
 -1.7914637e+00
  3.6243454e-02
  4.4551966e-01
  1.9566825e-01
  1.3136678e+00
  2.5949720e-01
  7.8180629e-01
 -1.1954015e-01
  2.8276792e+00
  4.3714163e-01
  2.1888788e+00
 -1.1406186e+00
 -2.6919043e-01
 -9.5584786e-01
 -5.5046040e-01
  1.2702188e+00
 -9.7204953e-01
 -9.6300161e-01
  4.7097358e-01
 -5.3939891e-01
  3.6015246e-02
  1.4035982e+00
 -9.6973792e-02
 -6.0673571e-01
 -4.5695135e-01
  1.0745661e-01
  2.6818883e-01
 -3.7405530e-01
 -3.1771141e-01
 -7.4841487e-01
  1.9188139e+00
 -1.2080498e+00
 -2.1140201e+00
  2.2748519e-01
 -2.7223270e+00
 -3.1653473e-01
 -4.9485260e-01
  4.7855315e-01
  5.7607180e-01
  1.2085546e-01
  1.9433905e+00
 -1.6149607e-01
 -6.9107139e-01
  7.1824563e-01
 -3.7284112e-01
  2.9165789e-01
 -1.7949902e-01
 -6.6883636e-01
  5.4055071e-01
 -1.4680310e-01
 -3.2172713e-01
  1.2410451e-01
  7.8299701e-01
  9.2557883e-01
 -2.2954404e-02
 -6.9430041e-01
 -3.8905954e-01
  2.6630047e-01
  1.4219137e-01
 -5.1366192e-01
 -2.1311471e+00
  1.2314077e-01
 -2.1335628e+00
 -1.7615020e-01
  7.1410412e-01
 -1.9323106e-01
 -4.3122193e-01
  2.7274281e-01
  3.7255239e-01
 -6.9624853e-01
 -5.3587938e-03
  6.8677253e-01
 -9.2184258e-01
 -3.7431222e-01
  3.7771955e-01
 -7.0635921e-01
  1.7231645e-01
 -1.3962573e-01
  5.8323699e-01
  6.1514372e-01
  2.5910008e-01
  3.5429692e-01
 -1.0289681e+00
 -3.4157333e+00
 -1.7712489e-01
  2.6019351e+00
 -2.4779975e-02
  4.0846092e-01
 -1.5973622e+00
  1.4797721e+00
  6.5127748e-01
  6.8830186e-01
  4.4594601e-01
 -1.0411531e+00
 -5.5522692e-01
  1.6069404e+00
 -6.1632529e-02
  3.2875106e-01
 -3.9457127e-01
  1.0115234e-03
 -1.5031226e-02
  1.0331962e+00
 -7.7967358e-01
 -7.4981356e-01
 -3.8895242e+00
 -3.6415517e-01
  1.0157076e-01
 -4.5054749e-01
  1.3843548e+00
 -3.7938002e-01
  1.5291780e+00
 -3.3829579e-01
 -1.9011848e-01
 -2.9710421e-01
 -3.8681145e+00
  3.2386608e+00
 -2.6309657e-01
 -3.7785357e-01
 -9.1818494e-01
  8.9203560e-01
  2.1846248e-01
  7.5501293e-01
  1.1292408e+00
  1.6681376e-01
 -3.0473191e-01
 -4.9005994e-01
 -3.1201799e+00
  1.6305413e+00
 -3.9382657e-01
 -1.4170175e+00
  3.5255304e-01
  1.6937242e-01
  1.4132220e-01
 -1.3074358e+00
 -5.1881635e-01
  2.2010651e+00
 -5.6328964e-01
 -6.0271060e-01
  1.2994225e-01
 -5.8451205e-01
  9.7132750e-02
 -4.2473969e-01
  5.0959043e-02
 -4.7481399e-02
  2.6191935e-01
  2.4184188e-01
  3.2349060e+00
 -6.2367547e-01
  1.2423086e+00
 -2.7921447e-01
  2.1831286e-01
  6.8847448e-02
  5.9334803e-01
 -1.6117184e-01
 -9.1105920e-01
 -1.6329299e+00
  9.5526749e-01
 -1.0168252e+00
  1.6599095e-01
 -2.6179087e-01
  7.3548549e-01
 -8.3398604e-01
  8.0278790e-01
 -6.0983133e-01
  1.1527536e+00
  8.0127096e-01
 -4.2815197e-01
 -2.8143477e-01
 -1.6271822e+00
 -2.2990031e+00
 -1.5872296e+00
  9.4312048e-01
  3.1366616e-01
 -1.2705198e-01
  5.5697101e-01
 -1.2533365e+00
 -4.6430746e-01
 -1.1463109e+00
 -2.7297071e-01
  8.4556633e-01
  2.9151091e-01
  6.4969816e+00
  2.1318998e+00
 -2.2234697e+00
  1.5412366e+00
  1.4824802e-01
  6.4109308e-01
  4.6118896e-02
  6.9077516e-01
  1.0827966e+00
 -2.4720426e-01
  2.0368707e-01
 -1.8966862e+00
 -1.8257241e+00
 -5.3705972e-01
  9.1111863e-01
  2.6905973e+00
 -9.2595530e-01
  6.3618249e-01
  4.3675184e-01
 -7.4960214e-01
 -1.0271249e+00
  4.5269314e-02
 -1.1568570e+00
 -6.2617135e-01
 -3.9467797e-01
  1.0357401e+00
  1.9880095e-01
 -1.3614249e+00
  8.0994356e-01
  6.1916816e-01
  3.0476582e-01
 -9.0208091e-02
 -2.5480458e-01
 -1.9251447e+00
 -2.0902495e-01
 -2.5053808e-01
 -9.3396053e-02
 -1.7413208e+00
  6.5638861e-03
  8.1892645e-01
 -2.8221557e-01
 -3.1848943e-01
 -8.1915736e-01
 -4.6421394e-01
  3.4349158e-01
 -2.9961870e+00
 -4.0592262e-01
 -9.4200104e-02
  1.0409316e-01
 -1.0158006e+00
  3.1782949e+00
 -3.4851992e+00
 -3.1359032e-01
 -8.9564562e-01
 -4.3968827e-02
  3.4301164e+00
  4.5806327e-01
 -4.1672784e-01
 -7.6742673e-01
  2.7409744e+00
 -1.1873649e+00
 -2.6867041e-01
  2.1192785e-01
  2.6323014e-01
 -8.3254892e-01
  6.7453897e-01
  1.0008997e+00
 -3.1330884e-01
 -5.4236001e-01
  4.5769867e-01
 -3.3648747e-01
 -8.4842837e-01
 -8.0400296e-02
  6.0348421e-01
  1.0638537e+00
  3.5909116e-01
  8.6278474e-01
 -1.3334994e-01
 -7.3381281e-01
 -1.4971015e-01
  3.5018263e+00
  4.5808846e-01
 -6.9033608e-02
  8.6405024e-02
 -4.1250843e-01
 -3.2790509e-01
  8.3232301e-01
 -7.2883135e-01
 -2.9664633e-01
 -1.1360909e+00
  1.1639789e+00
  1.9105707e-01
 -5.1105601e-01
 -5.7384377e+00
  2.1816659e-01
 -5.2438909e-01
 -1.5265595e+00
 -1.8416314e-01
 -8.0122280e-01
  3.6655447e-01
  1.3678268e+00
  5.8767426e-01
  3.7332533e-03
  9.8961753e-01
  1.9287894e+00
 -1.5983521e+00
  4.2831101e+00
 -1.0488535e+00
 -9.6601266e-03
  1.0902533e-02
  8.3397013e-01
 -4.7482675e-01
  2.9582345e+00
 -1.4959604e-02
 -2.2242819e-01
  8.7060177e-01
  3.5152465e-01
  9.6682543e-01
  5.5316895e-01
 -2.1355529e+00
 -2.0643367e-01
 -9.4838463e-02
  2.8816932e-01
 -5.5363432e-02
 -7.7250487e-01
  1.9455851e+00
 -3.9913273e-01
  7.4451995e-01
  2.6385214e+00
 -8.3406168e-01
 -1.0500445e+00
  1.0946953e-01
 -6.5320992e-01
 -1.6128224e-01
 -2.8797865e-01
 -7.9077011e-01
  3.5524228e-01
 -1.2076291e+00
 -4.9889706e-02
  1.0843753e+00
 -2.8081018e-01
 -2.3085692e+00
 -1.0699864e-01
  5.7437956e-01
  2.2308633e-02
 -2.8586357e+00
  4.7973385e-01
 -1.1209591e-01
  3.0710286e-01
 -8.7671816e-01
 -5.2099955e-01
  5.0366229e-01
  2.4840150e+00
  5.6064546e-01
  4.3375126e-01
  1.9778402e-01
 -2.1974058e-01
 -1.7747688e-01
  7.7916795e-01
  1.2425746e+00
 -1.6101344e-01
 -5.3281897e-01
 -7.2202811e+00
 -2.8528908e-02
  9.4726855e-01
 -2.7443984e-01
  5.3254133e-01
  5.8562791e-01
  4.2563349e-01
  1.6743690e+00
 -6.8933362e-01
 -1.0455025e+00
  2.6888144e-01
  1.8278414e-01
  1.3162504e-01
  7.1003711e-01
  1.3662896e+00
 -1.0910465e+00
  9.1863120e-01
  9.0228476e-02
  5.0085962e-01
  2.6065850e+00
  3.0396068e-01
  1.5704740e+00
  2.5571230e-01
 -1.1235151e-01
 -9.9397552e-01
  1.1555721e+00
  2.0245346e-01
  4.4117248e-01
  2.9863134e-02
 -4.1088593e-01
  2.0649154e+00
  3.5382530e-01
 -6.6808051e-01
  5.5509567e-01
  4.8443399e-02
  1.4550697e+00
  5.9632021e-01
 -3.0034233e-02
  2.9821113e-01
 -1.3652172e+00
 -3.1414043e-02
  9.5849738e-02
 -1.6693501e+00
  2.6198843e-01
  1.5166519e+00
 -3.8204229e-01
  2.7272542e+00
  8.3978522e-01
 -5.2405137e-01
  2.7780430e+00
 -1.9887388e+00
  1.7853504e+00
 -1.1287271e+00
  6.7209011e-01
 -1.7554905e+00
  9.5347488e-01
  1.0770885e+00
 -3.7354669e-01
  2.4105661e-01
  2.3605362e-01
 -1.5383863e+00
 -2.0322227e-01
 -4.6893790e-01
  1.1606685e-02
  5.3911705e-02
 -8.6534041e-01
 -1.0761236e+00
 -1.6230117e+00
  5.6440127e-01
 -1.3438886e+00
 -5.1511484e-01
 -4.8737912e+00
 -7.8590505e-02
 -3.0199778e-01
  7.8955406e-01
  1.2432311e-01
  8.5209338e-03
 -1.1925780e-01
  3.3478681e-02
  3.6576626e-01
  1.1795815e+00
  4.5334104e-01
  9.2787403e-01
 -8.3922017e-01
  1.9483784e-01
  4.7516608e-01
  5.7516044e-01
  3.1127137e-01
 -7.1754301e-01
 -1.2485461e+00
 -8.1017870e-01
  1.1937661e+00
  8.0498981e-01
 -7.1433492e-02
  8.7726481e-02
 -5.5052906e-01
  6.0315615e-01
  1.0858423e+00
  5.0665182e-01
 -2.5394672e-01
  1.7796527e-01
  1.7457166e-01
  1.5144348e+00
 -4.2159921e-01
  3.9690512e-01
  7.0915359e-01
 -2.7244249e-01
  3.4775189e-01
 -1.9233543e-01
 -1.2552948e-01
  1.7817168e-01
  1.9031733e+00
 -1.1312019e+00
 -1.9460027e-01
 -9.8514533e-01
 -2.1119399e-01
  3.3221908e-02
  1.0100949e-01
 -4.6014729e+00
  8.0212623e-01
 -2.2678301e-01
 -3.3105874e-01
  5.1666540e-01
 -4.5926800e-01
  7.0736837e-01
 -7.2285676e-01
 -4.3531087e-01
  2.6059210e-01
 -3.0335858e-01
 -4.6764341e-01
 -1.6867299e-02
  1.7600493e-01
  9.3731934e-01
 -2.9844272e-01
 -9.7495478e-01
  1.6559795e-01
  1.9446196e-01
 -1.6896084e-01
 -1.3939200e-01
  5.1007688e-01
 -1.4589964e+00
  1.7230421e-01
  2.6933786e-01
 -2.7837677e+00
 -9.2889559e-01
  2.4735761e-01
  4.8253757e-01
 -7.7043086e-01
 -2.8082010e-01
 -4.7698765e+00
  1.2002952e+00
  7.7352919e-02
  3.7348926e-01
  5.0708503e-01
  2.8737860e+00
  1.6210194e-01
  5.9450889e-01
 -3.1977737e-01
  5.8645315e+00
 -2.0897791e+00
  9.9645436e-02
  3.4986806e-01
  1.9729304e+00
 -4.1742349e-01
  2.0941589e+00
  5.6395636e+00
 -1.0962193e-01
  3.0083473e+00
 -8.0178559e-01
  1.4333522e+00
 -7.0870692e-01
 -2.0969124e+00
 -1.0739266e-01
 -4.1410667e-01
 -1.9932269e-01
 -9.8051399e-01
  2.6908298e+00
  1.6054237e+00
 -1.4977680e-01
  1.7141674e+00
 -2.5489040e-02
  4.2654428e-01
  1.6042577e+00
 -3.7100323e-02
 -2.3958877e-01
 -2.5656593e-01
 -3.2542649e-01
  7.7833205e-02
  6.9087607e-01
 -1.0118596e-01
 -1.3422377e+00
  2.2509785e+00
  1.1559250e-05
 -8.4268011e-02
 -9.7628635e-01
  3.3002102e-01
  1.5283172e-02
  1.0376192e+00
 -9.5956874e-01
 -3.2531279e-01
  1.6472973e+00
 -2.5530517e-01
  3.6381180e+00
 -2.6493781e+00
  7.7397615e-01
 -1.3739857e-01
  2.9788879e-01
 -3.7591892e-01
 -3.7286389e-01
  7.4525797e-01
 -2.5254869e-01
 -6.4701760e-01
 -7.5653207e-01
  1.6189332e+00
 -1.1602393e+00
  9.6342343e-01
  1.0650769e+00
 -1.3363932e+00
 -9.7236093e-03
 -3.4653399e-02
  1.8333636e-01
  1.5999594e+00
 -2.1185513e-01
 -6.7286479e-01
 -1.0637556e+00
  4.3131691e-01
 -6.4843923e-01
 -1.7147424e+00
  4.0189171e+00
 -5.1997513e-01
 -5.3795900e-02
 -2.3538548e-01
 -1.4720697e+00
  1.4338875e-01
  8.8261783e-01
 -6.8575686e-01
  5.1168507e-01
  2.3831998e-01
  1.6791320e+00
 -1.0336019e+00
  5.9020489e-01
 -3.9235377e-01
  5.9201568e-01
 -1.5241665e+00
 -2.1151340e+00
  1.4512540e+00
  1.5241199e+00
  8.3462381e-01
  5.7426925e+00
 -4.4573764e-03
  4.4006544e-01
 -1.1345574e+00
  3.1568496e+00
 -1.9184815e+00
 -2.5443473e-01
  2.8464958e-01
 -4.2934500e-02
  2.2308700e+00
 -6.9557741e-02
  2.3452122e+00
 -3.5292593e-01
  4.4724229e-01
  2.5013742e+00
 -1.7127206e+00
  3.5362456e+00
 -9.9975276e-01
  4.4089058e-01
  3.7427932e-01
 -3.4526756e+00
 -5.7299548e-01
 -9.1500759e+00
 -2.8887379e-01
 -7.1170264e-01
  1.5748811e-01
  3.5559180e+00
  1.8131099e+00
  4.5280270e-02
  8.7866849e-01
 -2.6406014e-01
 -3.5961607e-01
 -1.2769949e-01
 -1.4180619e-01
 -6.4349145e-02
 -2.7763900e-01
  2.3459809e-02
  2.6491863e-01
 -1.0710442e+00
 -4.5956141e-01
  1.2010919e-01
 -6.7929733e-01
 -2.0801134e-02
  7.8275108e-01
 -1.3392626e-01
  6.8572417e-02
  1.0409750e+00
  8.8261968e-01
 -1.8292347e+00
  8.6701167e-01
 -1.2520820e+00
  4.1450288e-02
 -2.2881606e+00
  3.2077610e+00
 -3.1835750e-02
 -3.6248627e-01
  2.2553589e+00
 -8.6418062e-01
  9.1730577e-01
  1.0982136e+00
 -2.0055458e-01
  8.8164993e-02
  5.7216763e-01
  6.8425202e-01
  5.7946312e-01
  1.0486739e+00
 -8.1232816e-02
  1.2205444e-01
  1.1804710e-01
 -9.3157673e-01
  2.0533547e+00
  2.1741269e+00
  1.1026298e+00
  2.2424325e-01
  7.3360950e-01
  6.1442316e-01
 -1.5104060e-01
 -2.1421864e+00
 -1.1455010e+00
  1.0116003e+00
 -5.4369420e-01
 -2.0469146e+00
 -1.6063042e+00
 -3.2446727e-01
  1.6126439e-01
  1.2324712e-01
 -4.4269782e-01
  9.3005441e-02
  1.0434124e-01
  3.4737790e-01
  2.0736718e+00
 -5.7595789e-01
  2.9686099e-01
  1.4611163e+00
  6.6889745e-01
 -3.9458628e+00
  6.7803994e-02
  8.9038104e-01
  6.6089615e-02
 -6.0818791e-01
 -7.6575202e-01
 -1.1077863e+00
  7.1984276e-02
 -1.4263998e+00
  5.2275503e-01
  1.9601915e-02
  1.0868784e-01
  4.1106889e-01
  4.6597493e-01
  6.0137641e-01
  1.7351300e+00
 -3.9752838e-01
 -1.4296044e+00
 -2.6094174e+00
  2.6803836e-01
 -9.2654073e-01
  1.0568061e+00
  5.5990630e-01
 -1.2449680e-01
  5.8718109e-01
  3.5344446e-01
  5.8296669e-01
  5.7344198e-01
 -3.1944540e-01
  3.1198521e+00
 -2.1827041e-01
 -1.9593456e+00
  1.3443772e+00
  4.9058086e-01
  1.9447168e-02
  5.5124927e-01
  1.1001393e+00
  1.0448503e-01
  2.4178627e+00
  1.1074036e+00
 -5.3196931e-01
 -3.5614878e-01
 -3.0250382e-01
 -6.5212017e-01
  2.8172181e+00
 -1.8660982e-01
  9.8725587e-01
  3.0927026e+00
 -1.8537125e-01
 -1.6259260e-01
  2.3983172e-01
 -2.1839419e-01
  4.6921319e-01
 -1.4034773e-02
 -1.6474642e+00
 -1.6549977e+00
  1.2459955e-01
  2.8107190e-01
 -1.0274374e+00
  2.3152838e+00
  2.0725853e+00
  1.2447124e+00
 -1.6752803e+00
 -1.4396912e+00
  2.6835337e-01
  1.8829280e-01
 -3.4563544e-01
  3.3140182e-01
  2.1591049e-01
  6.3907170e-01
 -3.6223187e+00
  2.7960497e-01
 -3.1504554e-01
 -4.5500827e+00
  2.0734262e+00
 -1.3877958e+00
  7.5528973e-01
 -4.4132394e-01
  5.0328428e-01
 -1.1711764e-01
 -1.5159734e+00
  1.9248005e+00
  2.8658094e+00
 -3.7839372e-02
 -1.0504408e-01
 -1.9171296e+00
 -8.2232721e-02
  1.6766663e+00
  1.7168939e+00
 -1.2971072e-01
 -3.5446456e-01
 -2.1673296e-02
 -1.0831118e+00
 -3.1547049e-01
  1.3960220e+00
 -1.7018352e+00
  3.0301565e-02
  2.7285719e-01
  1.0515954e-01
  5.9596353e+00
 -4.4229960e+00
  4.8045125e+00
  1.2247883e-01
  1.1092609e+00
 -1.0938104e+00
 -3.7659711e-01
  4.9812105e-01
  7.0044845e-02
  4.3918058e-01
  6.5400857e-01
  4.5250171e-01
  1.8060638e+00
  7.9756098e+00
 -1.2446353e+00
  1.4879590e-01
  2.3166457e-01
 -3.5445516e+00
 -1.8908478e+00
  2.4210878e-01
  2.6416624e-01
  2.8427547e-01
 -2.1850727e-01
 -8.3679992e-01
  9.1067195e-02
  1.5308774e-01
  9.7511619e-01
 -1.3753060e-01
 -3.3104315e+00
 -1.0458902e-02
  2.9882836e-01
 -4.6536083e+00
 -2.4421096e+00
  9.9460018e-01
 -4.7785398e-01
  4.2064056e-01
 -5.6386518e-01
 -2.5353569e-01
 -1.7706163e-01
  3.0917752e+00
  4.8245424e-01
 -5.3850704e-01
 -5.8189714e-01
 -4.9530602e-01
  5.1316977e-01
 -1.3242421e+00
 -2.1112909e+00
 -2.6604319e-01
  1.1133641e+00
 -5.9039193e-01
 -2.3177578e+00
 -1.3437687e-01
  6.2565917e-01
 -9.4546281e-02
  6.8519801e-01
 -1.3594121e+00
  4.8126671e-01
 -2.0175876e-01
  1.7465819e+00
 -4.1497290e-01
 -4.4934464e-01
 -1.1200782e+00
 -7.7106607e-01
 -5.8139611e-02
  2.3853098e-01
  1.0482054e+00
  1.9670556e-01
  1.3761622e+00
 -2.4001861e-01
  9.8306581e-02
  1.0549316e+00
  6.1315519e-01
  8.0775225e-01
 -2.4875350e+00
 -2.6314035e-01
 -2.7528906e-01
 -1.1204055e-01
  1.0073242e-01
  2.0902967e-01
 -1.6484009e+00
 -2.2604290e-01
  4.3535438e-01
  1.0047008e-01
 -3.9411416e+00
 -3.3972445e-01
 -4.4945353e-01
 -8.8606834e-02
 -3.4364343e-01
  9.7452497e-01
  2.3631039e-01
  1.4226556e-01
  8.5998249e-01
 -1.1084916e-01
 -7.9263461e-01
  1.0726207e+00
  4.0418673e+00
 -1.2733537e+00
 -8.1602655e-02
  9.1586787e-01
 -3.7715230e+00
 -2.2458483e-01
 -2.1811442e+00
 -1.6244522e-01
  3.4183615e-01
  8.5989285e-01
  7.3619628e-01
 -3.0180674e+00
  4.2350335e+00
  3.0650938e+00
 -2.1147902e+00
 -5.0495791e+00
 -1.1209215e+00
  1.8919992e+00
  1.3608178e+00
  1.3224517e-01
  6.7990679e-01
 -3.7125180e+00
  3.4218627e-01
 -7.7806553e-04
 -7.9388255e-01
  1.5997338e-01
  3.9068240e-01
  1.9201720e-01
 -3.7638621e+00
  6.5418780e-01
  2.6620042e-01
  3.7002637e+00
  8.7585545e-01
  6.6804230e-01
 -1.2856852e+00
 -1.0286078e+00
 -6.4864539e-02
  5.6264269e-01
  5.4431909e-01
  1.0922469e+00
 -8.0405819e-01
  4.6071818e-01
 -8.0119693e-01
 -7.6278880e-02
  2.4463658e+00
 -4.2751864e-01
 -3.1789905e-01
  8.1580740e-01
  6.7768699e-01
  1.6335158e-01
 -1.1449851e+00
 -1.0124916e-01
 -1.2971997e+00
 -2.7910862e+00
  3.9602911e-01
  2.4168195e-01
  4.5119739e-01
 -1.7369899e+00
 -6.5463024e-01
  1.8070908e-01
  3.3901563e+00
  4.5680901e-01
 -3.8471723e-01
 -5.1204526e-01
  1.0903537e+00
  1.4366826e+00
 -4.2475998e-01
  2.5264380e+00
  1.3761435e+00
 -1.2170086e-01
 -5.5212861e-01
 -1.4187339e-02
  8.8429278e-01
 -1.1879783e+00
  1.0538654e+00
 -1.5235904e-01
  1.4124686e+00
 -2.4285656e-01
 -3.7929419e-01
  1.9750054e+00
 -9.6991014e-01
 -7.9835641e-01
 -5.1520103e-01
  6.7177600e-01
  1.1904782e+00
  1.2919395e+00
 -6.5902483e-01
 -1.8487058e+00
 -5.1906204e-01
  1.6368056e-02
 -4.9174923e-01
  8.5214722e-01
  5.6945956e-01
 -4.6341053e-01
  7.1768169e-03
 -5.2330148e-01
 -4.3866518e-01
  6.6463315e-01
  1.7275140e+00
  1.2141596e+00
  1.2646525e+00
 -2.8910691e-01
 -1.1105220e+00
  8.5365009e-01
 -8.1761009e-01
 -4.1991761e-01
  6.7199755e-01
  2.0092100e-01
  1.5085800e-01
  2.4578437e-01
  4.4152409e-01
  8.9153759e-02
 -1.2621849e+00
  7.1679026e-02
  6.7770135e-01
 -3.0994964e-01
  6.2224829e-01
  2.0864941e-01
 -4.2834571e-01
  1.4322819e+00
 -9.2415798e-01
 -1.0724157e-01
 -8.2261777e-01
 -1.1646920e+00
  3.0102751e-01
  4.3747395e-01
 -2.5462654e-01
  1.8913655e+00
 -2.1785630e-01
 -1.9099146e-01
 -1.1001435e-01
  7.1911305e-01
  1.5524366e+00
  1.2831785e-02
 -4.1134405e-01
 -5.0396299e-01
  5.2282536e-01
 -1.1090106e+00
  2.3999577e+00
  3.0272186e-01
 -1.4719400e+00
 -1.3657227e-01
  9.7013903e-01
  1.1482351e-01
 -8.8774043e-01
  5.3533244e-01
  2.0506232e+00
  1.0132606e-01
  3.5544655e-01
 -2.5101995e-01
  2.6773491e+00
  2.6741156e-01
 -9.1978824e-01
  3.5076392e-01
  1.4934604e-01
 -1.0489490e+00
  2.9367878e+00
 -1.1150956e+00
 -8.5226335e-02
  1.8112288e+00
  5.4940712e-01
 -6.6456914e-01
 -9.9459428e-01
  1.2317558e-01
 -2.5387815e-01
 -3.1123355e-01
  2.4246604e+00
  4.4263512e-01
 -2.4028604e-01
 -2.7302048e-01
  1.2568582e+00
 -1.0470860e+00
 -1.2951283e+00
  8.3476549e-01
  6.2623525e-01
  5.2733498e+00
 -2.4414797e+00
  9.5632482e-01
 -2.3071406e-02
  3.6135373e-01
  7.8520769e-01
 -1.1793211e+00
 -2.7059120e-01
  1.2102581e-01
 -1.0404515e+00
 -1.2475502e+00
 -2.5513205e-01
 -2.1121290e+00
  5.9047395e-01
  2.1714962e+00
  1.7506051e-01
  2.9212167e-02
 -6.7122126e-01
 -2.6744828e-01
 -2.4232210e-01
 -1.2819486e+00
  5.6611311e-01
  5.9692616e+00
 -2.3524980e-01
  7.1468610e-01
 -9.3744534e-01
 -4.9282193e-01
 -2.0736653e-01
  5.4017359e-01
  7.0876557e-01
  7.0232046e-01
 -4.2114758e-01
 -3.7559569e-01
 -1.0675788e-01
 -5.9760824e-02
  1.8934211e-02
 -6.3128406e-01
 -6.3264424e-01
  1.9369289e-02
 -1.1802724e-01
  1.1875977e-01
  3.8262811e-01
 -8.6895072e-01
 -1.8937939e-01
  6.8191387e-02
  2.4292606e-01
  1.1035014e+00
 -5.2327037e-01
 -1.5958972e+00
 -2.3258607e-01
 -1.1161664e+00
 -3.0585197e-01
 -1.2058511e+00
 -3.7079838e-01
  9.6863079e-01
 -4.2890459e-02
 -3.7432772e-01
 -2.6974607e+00
 -4.2921859e-01
  8.6806506e-01
  1.1371471e+00
  1.0289465e+00
 -4.5711243e-01
  1.0267882e+00
 -8.5088097e-02
 -2.2056843e-01
 -1.3659530e+00
 -6.0128617e-01
  7.1972609e-01
  1.2524712e+00
  1.3175232e+00
  5.3620398e-01
  6.9478577e-01
  1.8182272e-01
  8.7079203e-01
  4.0544653e+00
  2.1307575e-02
  2.7519861e-01
  4.0026790e-01
 -4.0096354e+00
 -6.6391420e-01
 -1.6897212e+00
 -2.0704392e-01
  2.2884692e-01
  5.4679543e-01
  3.5727854e+00
  4.5571995e-01
 -7.2079277e-01
  5.0140806e-02
  4.2542002e-01
 -5.4891062e-01
  9.2286944e-01
  1.6190045e+00
  1.2702479e+00
 -2.1903503e-01
 -3.2626274e-01
 -8.1225419e-01
  1.5887110e-01
  8.9164980e-02
  4.9700570e+00
 -3.6792871e-01
  4.5985419e-01
 -3.1390256e-01
 -2.6808959e-01
 -1.5470470e-01
  4.1104203e-01
  7.2991145e-01
 -5.4385656e-01
 -1.3913808e+00
  1.0973339e+00
  6.6192299e-01
  6.2817103e-01
  1.4836977e-01
 -5.6120193e-01
  7.2836362e-02
  1.4549640e+00
  1.4244051e+00
  3.2093102e-01
  1.0448415e+00
  3.2201505e-01
  7.6847333e-01
 -1.5865488e-02
 -1.1185349e+00
  1.0935740e+00
  4.5027417e-01
 -2.9469529e-01
 -9.3674564e-01
 -1.0018861e+00
  1.0005524e+00
  2.7191193e+00
  1.1859548e+00
 -2.7385726e+00
  8.6935446e-02
 -2.8085065e+00
  2.1533066e-01
 -1.4159904e+00
  1.4685526e+00
 -3.9511308e-01
  1.3462389e+00
 -3.1847780e+00
  6.3658053e-01
 -2.4602002e-01
  3.2187262e-01
 -6.2130332e-01
  5.9109986e-01
  1.3221946e+00
 -3.1014211e+00
 -6.5050215e-01
 -1.6535349e+00
  2.1503277e+00
  1.5758419e+00
  7.7853191e-01
  8.6856705e-01
 -3.7209454e-01
 -2.7622697e-01
  1.1449389e+00
 -1.1527563e+00
 -9.7055072e-01
 -3.2028937e-01
  4.4304761e-01
 -1.8203484e+00
  1.5465133e-01
  7.6729435e-01
 -6.2174436e-02
 -2.0782866e+00
  2.2447422e+00
  1.1073354e+00
  4.0391949e-01
  1.1158646e+00
  9.8175222e-01
  2.3032658e-01
 -4.7085661e-02
 -1.1599729e+00
  2.3995993e-01
 -6.9030321e-01
  8.0908155e-01
 -4.7388875e-01
  5.1300830e-01
 -2.6273222e+00
  1.2127200e-02
 -3.5356292e-01
  9.9932468e-01
 -1.8099312e-01
  5.3624195e-01
 -6.1249334e-01
  8.1351131e-02
  1.8857652e+00
  2.2427331e-01
 -2.8116968e+00
  1.1427395e+00
 -3.1431404e-01
  8.6725074e-01
  1.8672793e+00
  9.3529958e-01
 -6.6693060e-02
  4.9589017e-01
 -3.8024015e+00
 -1.4730206e+00
  3.5089946e-01
 -5.6947708e-01
 -1.0225222e+00
 -5.7276644e-02
 -4.5308322e-04
  5.1111048e-01
  1.4157642e-01
 -2.9327296e-02
 -1.4696857e+00
 -4.6397305e-01
  4.7322544e-01
  9.9015868e-01
 -1.7710476e-01
 -6.9151753e-01
 -2.6374924e-01
 -8.9615926e-02
  2.4545169e-01
  1.2361085e-01
  9.3111682e-01
 -1.9161494e-01
 -6.9755830e-02
 -6.1690277e-01
 -1.7298163e+00
  2.9371822e+00
 -5.2469745e-02
 -6.7068130e-02
  2.2968680e-01
  6.8169510e-01
 -1.3122365e-01
  4.7517502e-01
  2.9938132e-01
  1.4009172e+00
  1.0434040e+00
 -2.4830265e+00
 -1.1492257e+00
 -1.1946160e+00
  5.3409582e-01
  5.3037155e-01
  1.0030340e+00
  1.4531182e+00
 -1.4518702e-01
 -4.7466609e-01
  4.7826719e-02
 -5.4255074e-01
 -1.4514223e-01
  5.0053531e-01
 -9.0347630e-01
  2.3415211e-01
  4.5794308e-01
  1.2503074e+00
  3.5057622e-01
  2.4040167e-01
  2.6185188e-01
 -6.3644391e-01
  3.9298296e-01
 -6.2173694e-01
  4.1848302e-01
 -8.7284499e-01
 -4.6144000e-01
 -5.3236410e-02
 -2.7843742e+00
 -2.3346395e+00
 -2.0133567e+00
 -9.8332934e-02
  1.3393401e+00
 -2.1731691e-01
  1.6385345e-01
 -5.0602768e-02
 -8.3075470e-01
 -1.0211607e+00
 -8.7180412e-01
 -1.1756113e+00
  5.8359379e-01
  1.1482733e+00
  2.3188257e-01
  8.8728833e-01
 -4.6902788e-01
  1.2181163e-01
  5.8722287e-01
 -6.0144998e-02
  1.0422597e+00
 -1.6217387e-01
  4.9245274e-01
  7.7312291e-01
  3.9276084e-01
 -1.3780117e+00
  4.4371811e-01
  7.4798471e-01
 -1.9053297e+00
  1.9085491e+00
  2.3804285e-01
  3.2527745e-01
  1.7027743e-01
 -3.7857351e-01
  2.3830950e-01
  2.0997703e-02
 -2.3648897e-01
  1.4140272e+00
  4.3939553e-02
  2.5182228e+00
  6.3761717e-01
 -3.7438768e-01
  2.0016277e-02
  1.0109478e+00
  6.7575353e-01
 -1.5240806e+00
 -2.1310465e+00
 -7.9513156e-01
 -7.5439401e-02
  3.0772191e-01
  9.8912549e-01
 -1.1861986e-01
 -1.8928777e-01
  1.7777680e+00
 -1.0194259e+00
  2.6165333e-01
  1.9167762e+00
 -9.8453200e-01
 -4.6843889e-01
  4.8770317e-01
  2.2978063e-01
 -2.3475172e-02
 -8.3415097e-01
 -5.5950034e-01
  1.6186057e-01
 -4.0502439e+00
  1.4185354e+00
 -8.6510324e-01
 -1.6466969e-01
 -3.1817672e-01
 -3.9189842e-02
  9.6641695e-03
  6.2922204e-01
  1.7755917e+00
  1.9333716e-01
  1.8958704e-01
  4.5824987e-01
  1.9333859e-01
  2.7040246e-01
 -1.4709628e-01
 -1.0692552e+00
 -2.4618948e+00
 -5.9897178e-03
 -3.6924872e-01
 -2.6290641e+00
 -1.1248900e-01
  8.2819015e-01
 -5.4010934e-01
 -1.3862964e+00
 -4.1260999e-02
  9.1842723e-01
  1.8945111e+00
  9.5732361e-01
  2.3096573e-01
 -1.7339269e+00
 -1.9514905e-01
  1.4519562e+00
 -9.1523513e-02
  3.9196575e-01
  3.6407557e-01
 -3.5378930e-01
 -6.5049762e-01
  5.3571290e-01
  1.6197407e-01
  6.2052426e-03
 -4.1332769e-01
  4.3199528e-02
  1.7680223e-01
 -3.5260180e-01
  2.1455321e+00
 -1.7608088e+00
  3.9427483e-01
 -3.1257212e-01
  1.3945000e-01
  3.9826456e-01
  1.1985715e-02
  6.9785261e-01
  4.5169644e+00
  1.2477113e-01
 -8.4009063e-01
 -1.1119567e+00
 -1.0202590e-01
  9.8552728e-01
  4.0002242e-01
  6.8888851e-02
 -7.6572728e-01
 -6.9183683e-01
  4.5786160e-01
 -8.8592535e-01
 -9.6262807e-01
  1.1258794e+00
 -4.0541687e+00
 -1.0466496e+00
 -4.9120334e-01
 -2.2967368e-01
 -1.6219833e+00
  1.5863800e+00
  6.7634076e-01
  1.0456266e+00
 -4.0911841e-01
  1.9467335e+00
 -2.0488963e+00
  3.4391947e+00
  6.9864106e-01
 -7.9471850e+00
  1.4384018e-01
  3.4134012e-01
  5.3972848e-02
 -4.8878896e-01
 -5.9481645e-03
  4.5261741e-01
  4.0885261e-01
  3.8329646e-01
  1.4310298e+00
 -7.6423275e-01
 -1.4121995e-02
  3.7717260e-02
  6.7854106e-02
 -1.1454276e+00
  1.2098758e+00
 -4.2626655e-01
 -2.3870823e+00
  1.3685032e+00
 -1.0155481e-02
 -3.4495631e-01
 -3.0514833e-01
  2.0364743e-01
  2.2324817e+00
 -1.9971141e-01
 -6.6909321e-02
 -6.4098977e-02
  7.8330511e-01
  7.3322850e-01
  1.2115068e+00
 -2.8324148e-01
 -2.0060667e-01
 -6.1746359e-01
 -2.3420237e-01
 -6.4527327e-01
 -1.4754695e+00
  3.2712930e-01
  2.9193622e-01
  1.9915025e-01
  5.9008297e-02
  2.2781534e+00
 -3.3343497e-01
  8.2449639e-01
 -1.9035444e+00
 -1.1647491e-01
 -1.6767943e-02
 -3.5027647e-01
 -4.5568438e+00
  1.3192400e+00
 -3.7074327e-01
  1.1316130e-01
 -2.8114304e-01
  1.1481285e+00
 -2.1043572e-01
  2.9975423e-01
 -7.5316834e-01
  1.1367671e+00
  2.7435958e-01
  6.5203661e-01
  1.3769047e+00
 -6.4374661e-01
  2.0099609e+00
  2.0018117e-01
 -6.3192958e-01
  2.7471131e-01
 -8.8969862e-01
  4.6046504e-01
  3.1810823e-01
 -8.6446732e-01
  1.9700950e+00
  7.3653191e-02
 -2.7308834e-01
  2.1253169e-01
  4.2188171e-01
  1.5386250e+00
 -1.7646981e+00
  4.5485219e-01
 -7.9677671e-02
 -1.8236227e-01
  2.3750503e+00
 -2.0266673e-02
  5.3684719e-02
  2.5708413e-01
 -6.4362693e-01
  6.3917473e-02
  2.9864544e-01
 -5.7275003e-01
 -2.2083687e-02
  1.6907536e+00
 -3.3386889e-01
  2.3290482e+00
  2.0900667e+00
  8.9096434e-02
  2.9573457e+00
  1.5417080e-01
  7.7907455e-01
  1.1143543e-01
  1.1072668e+00
  1.7192600e+00
  2.4066532e-01
  1.2308838e-01
 -7.4550190e+00
  3.1306717e-01
 -1.0724535e-01
 -6.4893663e-01
  7.8254862e+00
  4.8472995e-01
 -1.4039589e+00
 -6.2692210e-02
 -2.0702784e-01
 -1.1491652e-01
  4.5667860e-01
 -6.5303099e-01
  4.2342706e+00
  1.4462004e+00
 -6.3644326e-01
 -2.9803750e-01
 -6.5430206e-01
  2.0716773e-01
 -1.0742124e-01
  1.1730883e-01
  1.1843715e+00
  6.1107540e-01
 -1.6103983e-02
  1.1661307e+00
 -5.1079559e-01
  2.2173741e+00
  2.0850155e+00
 -8.3166015e-01
 -7.3558897e-01
  1.6206758e-01
 -6.8908995e-01
  5.6840456e-01
  2.1301581e-01
  1.3292651e+00
  1.3755161e-01
  3.4492955e-01
 -4.9399501e-01
 -5.0178277e-01
  2.3057950e+00
  1.0391086e+00
 -1.6088936e-01
  3.0881041e-01
 -1.0690509e+00
  1.5523821e-01
 -1.0891415e+00
  1.0807133e+00
 -6.8538897e-02
  3.3899179e-01
 -6.3539833e-02
 -1.5900986e-01
  3.8328465e-02
  1.4238119e+00
 -1.2134877e+00
 -5.3716734e-02
  1.2578906e+00
 -9.4454157e-01
 -7.1375236e-02
  1.6001335e+00
 -4.8655754e-01
  5.5568677e-01
  5.1422179e-01
 -2.7807480e-01
 -8.7369299e-01
  5.7523894e-01
 -4.2655101e-01
 -1.8252805e-01
  9.7818397e-02
  1.4562285e-01
  2.0680694e-01
 -5.7967579e-01
  2.0108381e-02
  7.1707022e-01
 -4.7628138e-02
 -1.2892865e-01
  1.4423662e-02
 -2.8141949e-01
  5.9115756e-01
  8.9375788e-01
 -1.2115340e+00
  3.6601561e-01
 -4.9524182e-01
  3.7497145e-01
 -1.5553799e+00
  7.6644433e-01
 -1.6790425e+00
  2.9209179e-01
 -8.9727640e-01
 -3.9648116e-01
 -4.9853399e-01
  4.2236781e-01
 -1.2693292e-01
 -6.8330926e-01
  8.4820265e-01
 -1.4641690e+00
 -1.3487871e+00
  6.7266786e-01
  2.4451707e-01
  1.1310868e-01
 -2.1091948e-01
 -1.3481903e-01
  1.5581286e-01
  1.5690426e+00
  6.7366707e-01
 -3.0919172e-02
 -8.6376119e-01
 -2.2143243e-01
  4.7787743e+00
 -4.0024880e-01
 -1.0406774e+00
  3.2149148e-01
  4.0476024e-01
 -3.7724939e-01
  3.1362298e-01
 -9.8231632e-01
  3.0760396e-01
 -3.4418327e-01
  1.3145216e+00
 -4.2443871e-01
  2.8413410e+00
 -4.2172980e-01
 -7.4284446e-01
 -8.3829504e-01
  3.6432891e+00
 -4.2713910e-01
 -6.1254644e-01
  5.0393995e-02
 -6.0744667e-01
  2.8871107e-01
  5.0383458e+00
 -2.9173550e-01
 -1.9017646e+00
  1.3367224e-01
 -2.4820372e-01
  1.4665544e+00
 -5.7468381e+00
 -4.3542874e-01
 -4.8400885e-01
 -1.3058810e-01
  2.5376692e+00
  1.8729798e+00
  9.9774861e-01
  4.8262167e-01
  2.2275500e+00
  1.9925597e+00
 -7.2342120e-02
  1.2958921e+00
  2.0823477e-02
  5.1218045e-01
 -2.0759121e-01
  1.0229553e+00
  6.8541303e-02
  6.4926535e-01
  1.6420665e+00
  1.9335577e+00
 -4.1223979e-01
 -1.2817668e+00
 -8.9448728e-03
  9.8295271e-02
  9.2535183e-02
 -1.0279869e+00
  3.3455247e-01
 -1.2217940e-01
 -2.3742865e-01
  4.0117639e-01
  3.5221404e-01
  4.2104006e-01
  8.4869146e-01
 -3.7641981e-01
  2.3793381e-01
  2.7811548e-01
  2.0239096e+00
  3.0977276e-01
  2.0430729e-01
 -1.3499820e+00
  5.6067568e-01
  3.3645797e-01
 -2.3425601e+00
 -4.8015437e-01
 -2.0737658e+00
 -1.2487214e+00
 -1.6033607e+00
 -8.5152996e-01
  9.1472037e-02
  4.5501402e-01
 -2.2599743e-01
 -3.6467057e-01
 -2.9419553e+00
  5.0436270e-01
  2.6447836e-01
  2.0395660e-01
  5.2234071e-01
 -4.5782307e-01
  3.5309952e-01
  6.6055280e-01
  2.0460291e+00
 -1.4626746e-01
 -1.9508816e+00
 -1.1250100e+00
  4.7970548e-01
 -2.9906573e-02
  4.8217431e-01
 -9.4189912e-01
  4.0997738e-01
 -1.4793934e-01
 -1.8078656e-01
 -3.7399751e-01
 -1.7474947e+00
  2.5291759e-01
  2.8251014e+00
 -5.5800786e+00
  3.6610422e-01
  2.8448191e-01
 -9.6850049e-01
 -3.1713362e+00
  2.4254189e-01
  1.6919863e-01
  1.1758912e-01
 -8.2650590e-01
  6.8045937e-02
  4.8005283e-01
  3.0377188e+00
  5.3644400e+00
 -2.5962117e-01
  7.1585156e-02
 -6.4495164e-01
 -1.6378716e+00
  2.0749083e-01
 -4.4049466e-01
  6.6143644e-01
 -3.0055904e-01
  8.1762314e-02
 -1.0637357e+00
 -1.3902366e+00
  2.4470924e-01
  2.6736501e-01
 -7.9378957e-01
  6.3989937e-01
  8.3410543e-01
 -3.6403763e-01
  2.9083681e-01
  1.2065043e+00
 -5.5280421e-02
  6.9620627e-01
 -2.3272745e-02
  1.7615378e+00
 -5.0562374e-02
  9.6135533e-01
  1.2168295e+00
 -6.1448449e-01
  4.4195327e-01
 -4.3492392e-01
  8.8337660e-01
  1.3003687e+00
  6.0641050e-02
  1.7316104e+00
  1.9794036e+00
  2.0211005e-01
  4.1036955e-01
 -2.4513862e-01
  3.7341923e-01
 -2.3205681e-01
  1.1176490e+00
 -7.9737401e-01
  9.2707630e-03
 -1.0738124e+00
 -2.7674881e-01
  4.0689168e+00
 -1.8228574e-01
 -4.9837276e-01
 -1.3904335e-01
 -1.3664013e+00
  6.6759163e-01
 -1.1566232e+00
 -4.1005510e-01
 -1.7339107e-01
  1.0234949e-01
 -3.2982174e-01
  6.5900570e-01
  7.1890342e-01
 -1.7342360e+00
  3.4570880e+00
 -2.0443320e+00
  1.0604981e-01
  2.8929439e-01
 -1.3561670e+00
  2.1810688e-01
 -2.3580872e-01
  2.5359485e-01
  7.9058498e-01
 -4.3582985e-01
 -3.6391464e-01
  1.8504927e-01
 -1.7853577e+00
 -4.1064313e-01
 -1.5309861e+00
  5.3930414e-01
 -4.3758102e-02
  1.8604234e-01
  4.4547790e-01
  2.1930513e-01
 -9.3133020e-01
  1.6380824e+00
  6.8962313e-02
 -8.9942336e-02
  1.8691971e+00
  3.2131869e-02
  5.3530824e-01
  3.5669693e-01
 -4.6847415e-01
 -1.1176086e-01
  1.3800901e+00
 -5.4380345e-01
 -1.2046328e+00
 -1.0187514e+00
  1.5315236e+00
 -1.7123787e-01
  1.1941266e+00
  1.6255279e-01
  5.6293488e-01
  6.4927989e-01
  7.0221430e-01
 -6.2269855e-01
 -1.4794201e-01
 -4.0150377e-01
  5.0774688e-01
 -5.0294346e-01
  3.6028749e-01
 -1.2411847e+00
 -4.1910312e-01
  1.7212452e-01
  1.1988202e-01
  2.4316865e-01
 -4.8131528e+00
 -2.8165871e-01
  7.4407049e-02
  2.5114232e-01
 -9.0193647e-01
  5.7386053e-01
  8.3144808e-01
  1.6966683e+00
 -4.3517888e-01
 -4.3162453e-01
 -4.6767390e-01
  8.9182965e-02
 -4.8617014e-01
  2.3702219e-02
 -6.9261080e-01
 -4.0277898e-02
  7.3687249e-01
  6.6525355e-02
  2.0629273e-01
  9.1205060e-01
  4.6154737e-01
  4.3000835e-01
 -1.8659762e-01
 -9.4249600e-01
  1.4017378e-01
  1.1955206e+00
 -3.9540672e-01
  7.0420638e-02
 -5.1745790e-01
  6.5845281e-02
  1.0112921e+00
 -4.8094869e+00
 -2.2867197e-01
  1.3083634e-01
 -4.1929919e-01
 -5.6387621e-01
 -4.3661794e-01
  1.5858314e+00
 -8.5502094e-01
  1.5079696e+00
 -5.2695906e-01
 -4.9649668e-01
  1.9030242e-01
 -4.0582202e-02
  7.9568380e-01
  6.1465406e-01
 -8.3286124e-01
 -5.9913760e-01
  3.2602027e-01
  1.2182649e-01
  9.9140459e-01
 -1.4088743e+00
  6.6134632e-01
  5.0129995e+00
  4.5177034e-01
  3.4493093e+00
  2.8458202e-01
 -1.2303957e+00
  1.5485969e-01
  9.9659574e-01
 -1.3318472e+00
 -3.2695150e-01
  9.1991818e-01
  7.7242965e-01
  5.3465730e-01
 -9.8779839e-01
  1.1220443e-01
  1.5624372e+00
  4.5142841e-02
  1.1634153e+00
 -2.7937701e+00
 -4.4330674e-01
  2.7844832e+00
 -2.2364535e+00
 -1.2635958e+00
 -5.7327193e-01
 -2.2315300e-01
  2.6941195e-01
  3.6815357e-01
  5.0813794e-01
  2.2496979e+00
  4.7424382e-01
  3.8224408e-01
 -2.5333591e+00
  2.7006533e+00
 -6.0299498e-01
  2.7621707e-01
  5.8842025e+00
 -1.7822409e-01
 -1.5594795e-01
 -2.0447958e-01
 -2.7068508e+00
  1.0117507e-01
 -3.6711088e-01
  2.0322027e+00
 -1.8309121e+00
  1.4664396e+00
 -1.1227523e+00
 -4.3895788e-02
 -3.5860828e-01
  1.8957645e+00
  1.8420944e+00
 -5.0985533e-01
 -1.1382999e+00
 -1.1926210e+00
 -4.1384992e-01
 -4.0132615e-01
  2.3658819e+00
  6.4739978e-01
 -1.8370504e-02
 -4.4635633e-01
 -8.1970617e-02
 -5.1591605e-01
 -1.3357278e+00
 -8.9474714e-01
 -2.1153839e-01
 -2.4148035e-01
 -2.4042404e-01
 -1.3781874e-01
 -9.3540126e-01
  1.0698450e-01
 -1.8189849e+00
 -1.9977468e+00
 -1.1439590e+00
  3.0837256e-01
 -4.4538158e-01
 -4.0627575e-01
 -9.5154339e-01
 -1.3597490e+00
 -1.5531242e+00
  9.2278153e-01
  1.6619145e+00
  1.5834523e+00
 -2.9029303e+00
  1.4846022e-01
  1.3703210e-02
  1.2952297e+00
  1.0592773e+00
 -1.9168664e+00
 -1.4090469e-01
 -6.3338667e-01
  6.8606180e-01
 -1.9611390e-01
  1.2936991e+00
 -5.4140657e-01
 -1.9643325e-02
 -1.7373922e-01
  1.2298407e-01
  6.0961497e-01
 -1.2087028e+00
 -2.9770472e+00
 -4.8074386e-01
  2.4694027e-01
 -4.2026329e-01
  2.3598561e+00
  1.9627610e-01
  3.1223516e+00
 -4.8132521e-01
  4.2163607e-01
 -6.1668581e-01
 -1.1149248e-01
 -8.5961133e-02
  1.0236281e+00
 -1.7750673e+00
 -6.1798906e-01
  2.6156502e+00
  4.3382457e-01
  9.0920053e-02
 -6.4333445e-01
 -9.1247684e-01
 -6.3027745e-01
 -6.8288863e-01
  6.3425344e-01
 -1.4144497e+00
  3.3121037e-01
  2.1177363e+00
  4.2169571e-01
 -2.8464258e+00
 -8.5702705e-01
 -2.5406737e+00
 -1.7706293e+00
  1.2183626e+00
  5.0856953e+00
 -2.0076451e-01
  1.0088303e+00
  1.4029279e-01
  3.6270982e-01
  1.3121439e+00
  2.9291096e-01
 -3.5854107e-01
  8.1286484e-01
  2.3152043e-01
  1.4206310e-01
 -7.8447026e-01
  2.2963598e+00
  1.4231281e-01
 -1.1647124e+00
 -1.0645511e+00
 -1.5729317e-02
  4.7472739e-01
 -3.4116760e-01
 -2.1215531e-01
  6.8058544e-01
 -1.1083885e+00
  8.4625699e-02
  7.5327539e-01
  9.1578102e-01
 -7.1534669e-01
  1.1523178e+00
  2.0491881e+00
 -1.3864405e-01
 -1.4579553e-02
  4.3695965e-01
 -1.2372105e+00
 -1.2134127e-02
 -4.9538213e-01
  1.9458209e+00
 -4.8161095e-01
 -6.2903166e-01
 -2.9030171e-01
  1.1070271e+00
 -7.9698130e-02
 -8.1891990e-01
  1.0365874e+00
 -8.6145556e-01
  2.1983366e+00
 -9.4200857e-03
 -7.2354472e-01
 -1.8724582e+00
 -2.0170976e-01
 -3.1977344e+00
  1.5925601e+00
  5.0977629e-01
 -1.0193244e-01
 -2.1078405e+00
 -5.7080144e-01
 -9.0706855e-01
  3.4933692e-01
 -2.3101656e+00
  2.0508859e-01
  1.1318039e+00
  5.7622486e-01
 -2.6924622e+00
  6.5560085e-01
  2.7754110e-01
 -1.2375519e-01
 -2.1851828e+00
  1.3964095e+00
  1.7801131e+00
  8.4716815e-01
  5.7512766e-01
  4.6940592e-01
 -1.2460951e+00
  1.1847299e+00
  1.1556561e+00
 -3.7243018e-01
  5.2478141e-01
  5.3335172e-01
  1.0614245e+00
 -1.1812310e+00
  6.0350597e-01
  9.8009557e-01
 -6.0343874e-01
  5.1250374e-01
  2.6890242e-01
 -8.9400060e-02
 -9.1574019e-01
 -1.5512647e-01
  1.7332210e-01
  2.1293291e-01
  1.6298822e+00
  1.0139260e+00
 -3.0745742e-01
 -2.2337765e-01
 -4.0448964e-01
 -1.3960696e+00
  5.4473810e-02
  3.4119073e-01
 -1.5957696e+00
  1.5686066e-01
  1.2648959e-01
 -5.7060391e-01
  1.6597758e-01
 -5.6870914e-01
 -1.1203283e+00
  6.1903033e-02
 -2.6597705e+00
 -5.9947956e-01
 -1.3704164e+00
  6.8376631e-01
  1.9092509e-01
 -6.4309847e-01
 -2.9487872e+00
  7.7996874e-01
 -2.4508047e-01
 -1.1572220e+00
  2.2231910e+00
  1.0833935e-01
 -3.8265545e-02
  7.8363460e-01
 -3.2611275e-01
  2.9521992e-02
  4.3178681e-01
  1.0831431e+00
  1.0438263e+00
 -3.7935227e-01
  3.4442232e+00
  6.5264511e-01
  9.9359244e-01
 -1.7451102e+00
  1.3187292e+00
 -3.8888961e-01
  1.0788878e+00
 -2.1840896e-02
  1.6415407e-01
 -2.2803617e+00
  5.0689387e-01
 -5.1541752e-01
  1.7931812e-01
 -7.0768422e-01
 -6.5347522e-01
 -6.9869810e-01
  9.6119910e-02
  4.8843062e-01
  3.0274314e-01
  2.4762806e-01
 -9.2611128e-01
 -8.4418184e-01
 -1.5878789e+00
  2.0594408e-01
 -3.5673959e+00
  2.1290535e-02
  6.5844607e-01
 -1.8099234e+00
  9.4724827e-02
  9.4647449e-01
  6.6836679e-01
 -4.2275328e-02
  5.4047608e-01
 -2.7946281e-01
 -2.3975461e+00
 -2.0517802e+00
 -1.1780487e+00
 -6.8987477e-01
  6.6763240e-01
 -2.1561706e+00
 -6.2223482e-01
  2.0456673e-01
 -8.6852151e-01
  9.2504966e-01
  8.4604472e-01
  2.9270753e-01
 -1.3844589e+00
  3.3202773e-01
  7.0070130e-01
 -6.2741578e-01
  1.0350091e+00
 -6.5139353e-01
  3.2219693e-01
 -9.2292619e-01
 -1.3710058e-01
 -2.3705049e+00
  2.5729147e-01
 -9.6196926e-01
 -1.6403744e+00
  9.3732409e-02
  6.0409260e-01
 -1.6445005e-01
  6.7864418e-02
 -1.7237306e-01
 -1.2208078e+00
  1.4208875e+00
 -2.7049199e-02
  3.4734184e-01
 -9.6319854e-01
 -8.7208879e-01
 -3.9158750e-01
  2.5177104e+00
 -2.2464181e-01
 -6.8892461e-01
  7.9776064e-02
 -7.6975816e-01
 -2.5916414e+00
  3.8283672e+00
  3.0475945e+00
 -2.4968300e+00
 -6.9317900e-02
 -7.8618878e-01
 -4.6513656e-01
  9.7955000e-01
  4.0502211e-01
 -1.0072882e+00
  1.4240441e-01
  1.3035539e-01
 -4.4227853e-01
 -1.2302218e-02
  7.5533432e-01
 -4.1217752e-02
  3.1458697e-01
  2.9180032e-01
  3.1696673e-02
 -1.9048707e+00
 -1.1121066e+00
 -1.3126664e-01
 -1.9352548e-01
  1.3767755e+00
  4.6240750e-01
  2.0164108e-01
  3.2253444e-01
  2.4900466e-01
 -1.4288266e-01
 -1.0131514e+00
 -2.7326810e-01
 -1.0697592e+00
  3.4638438e-01
  1.9982382e+00
 -1.1926196e+00
 -1.8410553e+00
 -2.0457374e-02
 -3.4093240e-01
 -1.3133714e+00
 -6.7848343e-01
 -4.8081726e-01
 -2.5229335e-01
  3.6450815e+00
  1.1608317e+00
  2.5607708e+00
 -3.6638996e-01
 -2.5971279e-01
  2.8515264e-01
  3.3341177e+00
 -3.9467868e-01
 -1.2065558e+00
 -6.0268140e-01
 -3.7258773e+00
  2.2662129e-01
  7.5803977e-01
  8.6424643e-01
  2.4781150e-01
 -3.0415130e-01
  2.9345900e-01
  2.3440318e+00
  2.4051931e+00
  1.2481012e+00
 -1.1473864e+00
  3.6266142e-01
 -2.5144714e-01
  1.2006668e-01
 -8.7618655e-01
  2.0610125e+00
 -1.4247888e+00
 -1.3141577e+00
 -4.5258877e-01
  4.1694000e-01
  2.6451013e+00
 -2.6408219e-01
  1.2390747e+00
  2.5267904e+00
 -4.7042042e-01
 -2.9366803e+00
  3.7993252e-01
  5.3146321e-01
  2.4574265e+00
  7.9247916e-01
 -1.5377654e+00
 -1.3310573e+00
 -3.1731329e+00
  3.4450128e+00
  4.4869864e-01
 -4.1459069e-01
  2.4645288e-01
  4.8804960e-01
 -3.7543874e+00
  9.7351402e-01
  9.3513727e-01
  3.2006857e+00
  2.9404593e-01
  6.3453294e-02
 -4.8416843e+00
  1.2135050e-01
  5.8483265e-02
 -5.9375480e-02
 -1.7888294e-01
  1.8940032e+00
 -3.9627796e-01
  2.8467444e-01
 -2.4160748e+00
  3.7850362e-01
 -2.9380963e+00
 -2.4285772e-01
 -4.5023046e+00
 -4.2346817e-01
 -5.5287486e-01
 -1.4674361e-01
 -6.0991853e-01
 -1.6116105e-01
 -1.6977161e+00
  7.7490814e-02
  2.9651982e-01
 -5.3825051e-01
  1.8072817e-01
  6.0136998e-01
 -3.7669799e-01
  8.0373520e-01
 -1.7122953e-01
 -2.5692469e-01
  1.3344175e-01
 -2.5670007e-01
 -4.1486363e+00
 -1.0088977e+00
 -3.0225998e-01
  4.0439373e-01
  6.5012437e-01
 -2.0821966e-01
 -3.4793873e+00
  6.2510347e-01
 -1.0318083e+00
 -1.6572702e+00
 -5.7544154e-01
 -3.8949156e-01
  9.0060002e-01
 -3.8673136e-01
 -2.7497359e-02
  7.1796733e-01
 -1.4090817e+00
 -7.0736021e-02
 -6.4149892e-01
  4.3898833e-01
 -1.3642088e-01
  8.6398762e-01
  1.5694584e-01
  1.0465115e+00
 -1.1711274e+00
 -6.9334179e-01
  1.3443775e+00
  1.5798686e-01
  7.6157302e-01
  3.6579780e-03
  2.1563160e+00
 -3.7261289e-02
 -4.6946353e-01
 -2.0697086e-01
 -1.5773554e+00
  4.1084141e-02
  2.6683116e-01
  2.1095920e+00
  5.6028497e-01
  1.1222929e+00
  4.6172860e-01
  9.3069486e-02
 -3.0902574e+00
 -7.7509455e-02
 -2.3231994e-01
  2.0699942e+00
 -1.0307877e+00
  2.0179926e-01
  7.9857635e-01
 -3.1139808e-02
 -2.2171900e+00
  6.2032361e-02
  1.3427173e-01
  9.3746084e-01
  1.7480574e+00
 -1.7200974e-01
  1.1371467e+00
 -1.9373240e-01
  3.8662110e-02
 -1.3932836e+00
 -5.2660674e-01
 -1.4009463e+00
  1.6358154e-02
  1.8747400e-01
  8.4679708e-02
  6.1456385e+00
 -6.1175495e-01
 -5.9963036e-01
 -2.0583749e+00
 -1.5147701e-02
  7.2506166e-01
  2.7534395e-01
 -2.0386045e-01
  9.2705376e-02
  1.4933364e-01
  1.4364807e-01
  2.4364391e-01
 -1.1956339e+00
  3.2365241e+00
  2.2558501e-01
 -8.4843069e-01
  4.4861951e-01
  9.7592950e-02
  2.0816589e-02
  3.2113090e-01
  9.8452732e-02
  9.0093827e-01
  4.3041152e-01
  4.8308382e+00
 -1.1531460e+00
 -5.0217170e-01
 -5.2106578e-02
  6.0118014e-01
 -2.4876528e+00
 -8.1623971e-01
  3.0202699e-01
  5.2834392e-01
 -8.3723623e-01
  1.1227041e+00
 -8.5710339e-02
  7.8039712e-01
  2.6142630e-01
  7.0796257e-01
  1.1860129e+00
  1.4325579e+00
  4.3473467e-01
  2.1668631e-01
 -1.1660969e+00
  5.6586261e+00
 -1.1223370e+00
  2.8357425e-01
  3.0926862e-01
 -5.0910676e-01
  6.2490083e-02
 -3.2423291e-01
 -1.8035631e-01
  3.4299406e-01
  1.5466730e-01
  1.0138294e+00
 -1.1657598e+00
 -5.4910803e-01
  1.3380589e+00
  1.1085560e+00
  1.6515988e+00
  4.8284805e-01
  9.0455532e-01
 -2.9472184e-01
 -4.6301570e+00
 -2.3579410e-01
 -1.8624850e-01
  3.0884874e-01
 -9.2459939e-02
 -9.1072017e-01
 -4.7633469e-01
 -5.5589933e+00
 -2.5554631e+00
 -5.7349598e-01
  4.0411952e-01
 -8.3645487e-01
 -9.8460352e-01
  8.3790141e-01
  9.8958217e-02
 -7.2558111e-01
 -4.1366034e+00
 -3.7132734e-01
 -8.6347407e-01
  6.2001591e+00
  6.6632867e-01
 -1.8824424e+00
  4.9449033e-01
  1.9809400e+00
 -2.9192805e-01
 -1.2434326e+00
  2.9872067e+00
 -6.3263255e-01
  3.3554590e-01
  2.7429053e-01
  2.2744920e-02
 -4.6505615e-01
  2.7188531e-01
  2.3912454e+00
 -2.5653803e+00
  4.6213943e-01
  1.0445272e+00
 -4.6872597e+00
  1.2172385e+00
  3.2135525e-01
  9.1076159e-01
 -3.4157526e-01
 -1.1378131e+00
  5.5742276e-01
 -1.3331078e+00
 -1.6550250e+00
  4.1813564e-01
 -7.9749264e-02
 -7.4236137e-01
 -5.6998086e-01
  2.1094638e-01
  9.4507724e-01
 -2.4169256e-01
 -1.1940076e+00
 -3.8377733e+00
  2.8246026e+00
  2.7229722e+00
  2.4819209e-01
 -4.2923880e+00
  2.5098741e-01
  6.5941405e-01
 -1.8494987e+00
 -6.9610977e-01
  3.2171304e+00
  1.0266539e+00
 -3.7104566e+00
  1.8108349e-01
 -5.1399261e-01
 -3.9552623e-01
  1.6661963e+00
 -3.4422100e+00
  2.6557124e-01
  1.4948866e-01
  4.5706625e+00
 -1.9478674e-01
 -4.8608264e-01
  3.3128974e+00
  9.4490868e-01
  9.0487236e-01
  1.1583018e-01
  4.0138364e-01
  6.8062097e-01
 -8.2913511e-02
 -9.2790589e-02
 -7.6153952e-01
  7.0543629e-01
 -2.2802637e+00
 -4.8137957e-01
  3.7800384e-01
  7.2612244e-01
 -5.5931505e-02
  1.0787281e-01
  1.3911928e+00
  4.3588895e-02
  1.4331583e+00
  9.0743536e-01
  1.8190467e+00
 -1.9151387e+00
  2.3965150e-01
 -3.4528835e+00
 -2.4122919e-01
 -8.1821769e-02
  3.2348201e-01
 -5.2225626e-01
  9.9354142e-01
 -9.6574631e-03
 -7.3345333e-01
 -8.5653746e-01
 -4.0316394e-01
  4.2016482e-01
  6.6504693e-01
 -5.7854998e-01
  2.2349069e-01
 -1.1094649e-01
  1.3273427e+00
 -1.2725691e+00
 -3.3072844e-01
 -1.1174503e-01
 -1.2031360e+00
  2.1082097e-01
  3.5797339e-03
  1.7663088e-01
  2.4690872e-01
  1.1447006e-01
 -2.9321286e-01
 -2.3671439e-02
 -7.5223768e-01
  1.4735402e-01
 -4.1370407e-01
 -1.2031966e+00
  4.7182392e-02
  9.4706617e-02
  1.6097289e-02
  5.5711162e-01
 -3.0154805e+00
 -1.0445211e+00
 -1.2752073e+00
 -1.0794414e+00
  1.3526784e-01
 -3.4947131e-02
 -3.1594791e+00
  8.8813014e-02
  5.2601928e-01
 -1.8142569e+00
 -3.4732914e-01
  3.1739664e-01
 -5.3289223e-01
  4.9685378e-02
 -2.3179494e-01
 -2.5975533e+00
  1.8537273e-01
 -1.5463567e+00
  1.5369818e-01
 -1.2797381e+00
 -1.2810767e-01
  3.7544876e-01
 -2.7331762e+00
  6.0077995e-01
 -2.4479594e-02
 -1.1539456e+00
  1.2359301e-01
  1.7084340e+00
  6.6976748e-02
 -1.6832232e-01
 -6.6620499e-01
  3.6492872e-01
  8.5233188e-01
  1.2728788e+00
  2.9844064e-01
 -2.1994858e+00
 -1.2444545e+00
  4.5117500e-01
 -2.6359560e+00
  1.0695837e+00
  1.5255223e-01
  1.2082107e-01
 -1.3218045e-02
  1.5053037e+00
 -9.4156516e-01
 -3.6933550e-01
  2.4950154e-01
 -3.7673157e-01
 -5.8661427e-02
 -8.4147882e-01
  2.0614169e+00
  6.1102383e-02
  2.5889972e-01
 -1.5756576e-01
 -3.8573246e-02
 -7.8770906e-01
  2.9797384e-01
 -7.5548983e-01
  2.5004883e+00
  5.7942748e-01
 -7.6036704e-01
  5.1594555e-01
 -1.2020372e+00
  1.2216100e+00
 -3.5069224e-01
 -1.2103435e+00
 -7.7102146e+00
 -1.1357842e-01
 -1.1834715e-01
  5.5022317e-01
 -1.1790773e-01
  8.7629688e-01
 -5.6611318e-02
  5.0376052e-01
 -6.1987090e-01
  2.6867658e-01
  1.5609905e+00
 -2.9705272e+00
 -1.4161611e+00
  3.2769048e-01
 -1.5414393e-01
  1.7984077e+00
  2.4897783e-01
  1.3183409e+00
 -8.7453902e-01
  9.4812804e-01
 -1.0712979e+00
  5.2919921e-02
  4.5192468e-01
  3.0383511e+00
  3.1020033e-01
  6.6427523e-01
 -6.5991044e-02
  3.8143313e-01
 -3.6225772e+00
 -1.4146448e+00
  3.8646610e+00
  1.3826944e+00
  1.3562880e+00
  1.9940110e+00
 -2.0423048e+00
  1.7316883e-02
  1.3577505e+00
  4.7114182e-01
 -1.0697709e+00
  3.7858080e-02
 -1.3050818e+00
  6.6618520e-01
 -4.0984243e-01
 -3.8875086e+00
  3.4503773e-01
  1.2645298e+00
 -2.6649514e-01
  1.4225882e+00
 -8.3244167e-02
  3.8950866e-01
  8.8488102e-01
 -6.7905098e-02
 -6.7314249e-01
  2.1107011e+00
 -2.1721722e-01
  1.9425263e-01
  4.8799543e+00
  2.6169765e+00
  1.3351268e-01
 -3.0133131e-01
 -4.2430237e-01
  4.4845352e-01
 -1.7528282e-01
  5.4266167e-01
  3.0351040e-01
  3.9862001e-01
 -8.6478972e-01
  4.0423322e+00
 -2.2413857e+00
  3.9012179e-01
 -4.5120764e-01
  7.9646689e-01
  4.9978323e-02
  2.5485826e-01
  4.3207590e-02
 -3.2262295e-01
 -4.9404794e-01
  1.3376485e+00
  1.2882229e+00
 -1.3792548e+00
  1.5332718e-01
  2.0186114e-01
  2.0713286e+00
  1.2485925e-01
  1.2514929e+00
  1.9350193e+00
 -3.0919518e-02
  1.0517722e+00
  8.7867600e-01
  1.8320395e+00
  3.8261700e-01
  3.5768585e+00
  5.2507460e-01
 -4.0535468e-01
  5.7281440e-01
  5.6995094e-01
  4.5763634e-02
  1.0896675e-01
 -1.4422771e+00
 -4.0685230e-01
  1.2508012e-01
  3.0793955e+00
  9.3105756e-02
 -1.4306639e-01
 -4.7508969e+00
  6.3548431e-02
 -2.6853648e-01
  3.4621987e-02
  3.4575102e-01
  1.3295830e+00
  2.4027742e-01
 -3.8972847e-02
 -4.8265764e-01
 -3.0407935e-01
 -1.1456702e-01
  1.3384367e+00
  1.2951567e+00
  6.1538035e-01
 -9.8580176e-01
 -3.4877405e-02
  1.6482046e+00
  1.9103580e+00
 -6.7798412e-01
  3.8438432e+00
  1.3054698e+00
 -5.3666562e-01
  2.7061572e+00
  8.1182891e-01
 -1.5093344e-01
 -1.2997632e+00
 -2.4422247e+00
  1.5344998e-01
  1.8532643e+00
 -2.3185460e-01
  4.6203694e-01
  9.7336924e-01
 -1.6284950e+00
  6.1802969e+00
 -1.3968053e+00
  3.6786303e-01
 -4.1508722e-01
  1.1149100e+00
 -9.8684776e-01
 -5.3225618e-02
 -1.2560373e-02
 -5.3416979e-01
  5.2150216e-02
 -7.9049343e-01
 -3.4707317e+00
 -1.3065873e+00
  4.0121606e-01
 -3.7187759e-02
  2.2927706e+00
  6.8307734e-01
 -5.8104372e-01
  1.2238527e-01
  5.1708025e-01
  2.9325792e-01
 -4.1900754e-01
 -6.7292321e-01
 -4.0015060e-01
  2.4617900e-01
  9.7704148e-01
  7.5796705e-01
  2.3001686e-01
  8.1642222e-01
 -1.2671410e-01
 -3.4563532e-01
  6.9037743e-02
  2.5967219e-01
  6.8257421e-01
  6.3519204e-01
 -1.1703672e-01
  9.0775710e-01
 -2.8907702e+00
  1.7504779e-01
 -4.3544817e-01
 -1.0863444e-02
  2.5421402e-01
 -2.1336997e+00
  1.4730009e+00
  4.5113057e-01
 -2.9370755e-01
 -4.7787642e+00
 -3.0106717e-01
  6.8198705e-01
 -2.7415080e+00
 -2.6887688e-01
 -2.4014735e-01
  4.7853913e-02
  2.6474532e-01
 -2.7023327e-01
 -1.4529459e-01
 -1.7207858e-01
 -2.4961767e+00
  2.3241036e-01
  6.6205788e-01
  3.0618602e-01
 -2.1557574e-01
  1.0104416e-01
  2.6040517e-02
  1.2167873e+00
  5.1581615e-01
 -1.8841518e+00
  3.9208156e-01
 -1.9678502e-01
 -4.8187330e-01
  5.7604861e-01
  1.0699742e-01
  9.3857192e-02
  9.1516083e-01
 -5.6522650e-01
  4.2802405e-01
  5.7653630e-01
  8.6053115e-01
  4.5788649e-01
 -4.6618767e+00
  5.6636524e-01
  1.6388298e+00
 -2.3311052e-02
  1.6929002e+00
  1.7295518e+00
  1.3227774e-01
  1.1873061e-01
 -2.9597938e-01
  9.8427129e-01
  1.8554096e-01
 -3.8020667e-01
 -3.4146664e-01
  3.1681511e+00
 -2.5970888e-01
 -3.3197594e-01
 -1.9602616e-01
 -9.6100606e-02
  2.9569995e-01
 -2.6834149e+00
  9.0744013e-01
  6.9972003e-01
 -7.4662960e-01
  1.0798266e+00
 -5.0862646e-01
  2.1186121e+00
  5.6130767e-01
  2.3536332e+00
  1.3163857e+00
 -6.4170289e-01
 -2.1586077e-01
 -2.7657676e+00
  1.3367936e-02
 -8.2252413e-01
  1.7670817e+00
 -9.8266709e-01
  1.3575846e-01
 -1.7681687e-01
 -3.2466495e-01
 -1.2814620e-01
  4.3464690e-02
  1.2957799e-01
 -1.5226577e-01
  1.9954824e+00
  6.6845053e-01
 -1.7702276e-01
 -7.6695275e-01
  2.1574881e+00
  1.1021892e-01
  9.8593110e-01
 -2.9458437e+00
  6.5529794e-01
 -1.8943274e-01
  5.0100785e-01
 -1.2307893e+00
 -2.6014924e+00
  5.6501710e-01
  5.2147073e-01
  1.7791428e-01
  9.3543965e-01
 -8.3659041e-01
 -2.6363382e+00
 -3.4278506e-01
 -2.9802951e-01
  2.5240593e-03
 -3.4906399e-01
  7.3396049e-02
  5.3017461e-01
 -6.2626648e-01
  2.9367194e+00
  2.3877075e+00
  3.8348195e-01
  1.7576537e-01
  5.4981244e-01
  8.4574980e-01
  2.1611492e-01
 -5.4843253e-01
 -2.5859413e+00
 -4.0576587e+00
 -1.4254011e+00
 -1.5087568e+00
 -4.4895020e+00
  4.8819858e-01
 -1.0536718e-01
 -5.3039414e-01
  8.5795984e-02
  1.4355958e-01
 -9.6717572e-01
 -7.8561682e-01
  4.6018934e-01
 -1.6420755e-01
 -2.2286236e-01
  1.8819822e-01
 -6.5860909e-01
  8.7843880e-02
 -2.8409410e-01
 -2.9148917e+00
 -8.9142287e-01
  4.1949672e-01
  1.2026452e+00
  1.6969630e-01
 -8.0468811e-02
  3.2786939e-01
  3.2494152e+00
  2.2404850e+00
  5.9162015e-01
  1.6139641e-01
  1.0819834e-01
  8.6211163e-01
 -6.3805361e+00
  1.6799712e-01
 -3.4597173e-01
  2.7553625e+00
 -5.1550341e-01
 -2.9441243e-01
 -3.7973296e-02
 -3.5970626e+00
  6.0466993e-01
  1.3909656e-01
 -5.6493584e-02
 -9.5343673e-01
 -8.7049830e-01
 -2.8340107e-01
  5.3571320e-01
  5.2189368e-01
  9.8761731e-01
  6.1164969e-01
 -2.2664900e+00
  3.7438610e-01
  6.2189650e-02
 -1.6790140e+00
  2.6320234e-02
 -1.0056058e+00
 -1.7149457e+00
 -4.2248750e-01
  3.2206139e-01
  5.1485145e-01
  4.6730617e-01
  2.9002373e+00
 -4.5600951e-01
 -1.9567299e-01
  1.1181688e+00
  6.5733474e-01
 -6.2164922e+00
 -6.4106977e-01
  9.5805097e-01
  1.3963032e+00
  3.3926153e-01
 -6.7912799e-01
 -5.4583687e-01
  1.6960797e-01
 -2.7672381e+00
  9.4914854e-01
  1.8450667e+00
 -1.7061936e+00
  1.7757460e+00
  6.3506708e-02
 -4.4273481e-01
 -1.8368969e+00
 -2.1069592e-01
 -1.0725282e+00
 -1.7735194e+00
 -1.5443013e+00
 -2.2848659e+00
 -1.3877788e+00
 -1.0017166e+00
  5.3718883e-01
 -4.0819645e-01
 -4.6281238e+00
 -2.2583005e-01
 -3.7021277e+00
 -1.7404194e+00
 -1.0632762e+00
  1.6331518e+00
 -9.2102653e-01
 -2.9487674e+00
 -1.5443540e+00
  9.9294476e-02
 -1.2766479e+00
 -1.1394508e+00
 -2.7611512e-01
  5.2602202e-01
 -2.4946265e+00
  2.6290777e+00
 -7.5026727e-01
 -2.1571772e+00
 -1.2905921e+00
  1.8992066e+00
 -3.5585336e-02
 -7.8055859e-02
  1.0190394e+00
 -4.2488489e-01
 -1.1057115e+00
  1.5398838e-01
  1.2350405e-01
 -2.0519214e+00
 -1.1270054e-01
 -1.7506157e-01
  1.8762374e-01
  1.4614297e+00
 -1.6292261e+00
 -1.1970843e+00
  1.6989882e-01
 -7.5805092e-01
  8.4621227e-01
  7.5596690e-02
 -1.8758970e-01
  3.8959783e-01
 -3.9989436e-01
 -1.0395790e+00
 -7.8033721e-01
  2.7491632e-01
  5.9913218e-02
  4.6521077e-01
 -8.6569756e-02
 -1.0658655e+00
 -3.3201352e-01
  1.1811033e-01
  7.8552999e-02
  1.5957273e+00
 -3.7917697e-01
 -1.1568247e+00
 -9.9784857e-01
  1.7061104e+00
  7.8163332e-01
  8.5926168e-02
  1.0206547e+00
 -4.5648700e-01
  1.2271614e+00
 -6.0512227e-01
 -1.3790755e+00
  1.5900384e-01
  5.1125962e-01
  7.0792007e-01
 -4.7584936e-01
  5.4486570e+00
  2.6921687e-01
 -5.8897221e-01
  3.3795121e-01
 -4.9036527e+00
 -2.9516721e-02
  1.9843920e-01
  6.0297978e-01
 -9.6620387e-01
 -3.9712352e-01
 -3.1330612e-01
 -3.3599837e+00
  1.0943058e+00
  1.9602805e-01
  2.2935159e+00
 -1.0485967e+00
  4.3565936e-02
  2.5132949e+00
 -4.5204523e-01
 -1.7310815e+00
 -2.2039665e-01
  7.1597296e-01
 -6.2011337e-01
 -2.2968809e-01
 -9.9690281e-02
 -3.8217285e+00
  2.5873861e-01
 -1.0341814e+00
 -6.5910965e-01
  2.2336123e+00
  1.8035620e-01
 -1.2310609e+00
 -9.1799802e-01
  4.4810758e+00
 -1.5964997e-01
  5.1763111e-01
  2.1288278e+00
 -3.1297258e-01
  1.2412179e+00
 -2.9393783e-01
  3.3637717e-01
  5.5935848e-01
 -6.4361483e-01
 -4.1082343e-01
 -6.1130667e-01
 -1.0595983e-01
 -3.1675594e+00
 -3.1833181e+00
  1.0637746e-01
 -2.3716241e-01
  2.8955919e-01
 -2.0032170e-01
 -2.5501306e+00
  2.8515041e+00
 -1.9739805e-01
 -1.5772355e-01
 -6.9220841e-01
 -1.0540953e+00
 -8.9509290e-01
  1.8664347e-01
  6.4947019e+00
  9.8985888e-02
 -9.1189051e-01
  5.5398487e-02
  2.7049157e-01
 -2.3025207e-01
  6.7357682e-02
  1.0606627e+00
 -2.5165202e-02
  4.3107219e+00
  1.3315712e+00
 -5.2746665e-01
  3.4750450e-01
  1.3869802e+00
 -9.8795600e-02
  1.6412640e+00
 -3.0352454e+00
  3.7950900e+00
  6.6082358e-01
 -4.1229820e-01
  4.1297665e-01
  4.1359248e+00
 -2.6300243e-01
  1.1764470e+00
 -5.6228942e-01
 -3.9530685e+00
 -4.4785392e-01
  1.2972044e+00
  5.5690295e-01
  7.9597628e-01
  1.3345994e+00
 -1.3029639e+00
  3.7979820e-01
  1.0050072e-01
  1.7250101e-01
 -7.7218401e-01
  1.0716299e+00
  5.8940256e-01
 -4.5281253e+00
 -2.0926295e-02
 -2.1989956e+00
  4.4191793e-01
 -7.9941261e-01
 -7.5452644e-01
 -5.4795772e-01
 -2.7211031e-01
  1.2048180e-01
  2.4226589e+00
  8.5110313e-01
 -8.1945099e-02
  1.0781938e+00
 -2.3848443e+00
 -3.4911171e-01
  2.5019065e-01
  3.5148618e-01
 -3.3785844e-01
  1.0372784e+00
  5.5205002e+00
  3.0634603e-01
 -6.6429543e-01
 -1.1499939e-01
  1.1446424e+00
  2.5855380e-01
 -7.5176466e-01
 -4.3605939e-01
 -1.0192767e-01
  1.3942349e+00
  3.3404917e-01
  1.7826571e+00
  2.1866038e-02
  2.2187896e-01
  7.3726290e-01
  1.4467183e+00
  2.9200375e-01
 -1.1346228e+00
  2.2310439e-01
  9.9286832e-02
 -1.1725398e-01
  2.5124317e-01
  6.3725138e-01
  1.8292172e-02
  5.4466951e-01
  1.2700027e+00
  9.2356187e-01
  1.7534772e-01
  1.4447755e+00
  2.1699221e-01
  1.5922326e+00
 -2.8118941e-01
  3.6297563e-01
  3.3917934e-01
 -8.1829289e-03
 -1.0055362e+00
 -1.3040489e+00
 -5.3744588e-02
 -9.7487187e-01
  7.3495781e-01
  8.2771367e-01
 -2.1125200e+00
 -4.4382587e-02
 -2.7001553e+00
  7.6840800e-01
 -5.2769047e-01
 -4.7236663e-01
 -2.2948329e+00
  3.6835876e+00
 -1.4808637e+00
 -1.1910902e-01
  4.3364507e-01
  2.7638741e+00
  8.1120186e-02
 -5.0413990e-01
 -2.9052499e-01
 -7.1706489e-02
 -3.5767654e-01
 -9.1604841e-01
  9.0157473e-01
 -9.5348263e-01
 -1.2661452e+00
  3.5020033e-01
 -7.1137357e-01
 -5.5123794e-01
 -3.7870231e-01
  9.7224444e-01
 -2.7250135e-01
  2.5158793e-01
  4.4774020e-01
 -2.7663490e-01
 -3.5897810e+00
  2.7849394e-01
 -1.4116037e-01
 -1.8918388e+00
  1.7264259e-01
 -3.9282829e-01
  2.2256138e+00
  6.4236325e-01
  1.2467637e-01
  7.4576626e+00
  6.0266471e+00
 -1.0602528e-01
  3.2358465e-01
 -9.6347451e-01
 -4.7096661e-01
  4.1223371e-01
 -5.7469392e-01
  7.0287132e-01
  4.0785991e-02
  9.7973013e-01
  3.6680862e-01
  2.8940308e-01
  3.5121865e+00
 -6.9146037e-02
 -2.1964457e+00
  8.2757580e-01
 -3.7853317e+00
  8.8975161e-01
 -2.0199414e-01
 -6.6239744e-01
 -4.8142686e-01
  3.9304864e-02
 -5.8720249e-01
  1.2126254e+00
 -3.7640706e-01
 -7.7859211e-01
  6.1287160e+00
  1.6125785e-01
 -1.1274507e+00
  1.0791075e+00
 -2.2605987e+00
 -2.6849201e-01
 -1.1373832e-02
  1.5990286e-01
  4.9573341e-01
  2.4234070e-01
 -1.9143334e-01
 -1.2541462e-01
 -4.9920160e-01
 -6.4030536e-02
  1.8622233e-01
 -5.4255001e-02
 -5.1823235e-01
  4.3490246e-01
 -5.9465164e-01
  1.2191411e+00
 -4.2263865e+00
  9.4114313e+00
  3.2573721e-01
  2.6307862e+00
  4.6152386e-01
  3.8103944e-01
  2.7143583e-01
  3.4248698e-01
 -1.6092829e-01
 -7.8697455e-01
 -3.0363187e-01
  5.3970761e+00
  1.4954226e+00
  9.3220830e-02
 -1.2169977e+00
 -1.1860856e-01
  7.2473437e-02
 -5.9745800e-01
 -1.7511854e-01
  1.0972870e-01
 -5.5529404e-01
 -5.7450056e-02
  3.1393282e-02
  1.0610960e+00
  5.1931787e-02
 -1.5734932e+00
  1.1896020e+00
  2.6074324e+00
  1.4703918e+00
  8.1601351e-01
 -1.7220125e+00
  1.5047599e+00
 -2.3205777e-01
  3.0658308e-01
 -2.5739726e-01
  2.2292178e+00
 -9.0608162e-01
  8.0587858e-01
 -3.7975892e-01
  1.8388695e+00
  4.6664059e-01
 -6.4138871e-01
 -5.8851719e-01
  1.4480678e+00
  4.7649616e-01
 -1.8888703e-01
 -7.2796309e-01
  6.4044118e+00
 -1.0885053e+00
  2.7132778e+00
  1.9152030e+00
 -5.4508513e-01
  1.1543481e-01
  8.0851519e-01
  3.6463410e-01
  3.1973219e-01
  1.1454923e+00
  1.2294044e+00
  1.2411194e+00
 -2.5178355e-01
 -1.6308000e+00
 -6.8209946e-01
 -3.3028215e-01
 -3.2223591e-01
  2.3778062e+00
  1.3773494e+00
 -1.0338358e+00
  7.3524386e-01
 -1.0876656e+00
 -6.4470726e-01
 -7.7404463e-01
  2.2733150e-01
  5.0809234e-01
  1.3500501e-01
  6.8368173e-01
  6.1238128e-01
  2.0064263e-01
 -1.4555416e+00
  1.1995019e+00
 -5.0342304e-01
  5.8554950e+00
 -2.0102930e+00
  8.2682557e-02
  2.1964744e-01
  1.5128791e-01
  2.8246460e+00
  5.3499370e+00
  1.3167143e+00
  2.7822478e+00
  1.0405009e+00
  1.4953281e-01
  3.3380377e-01
 -1.0791067e-01
 -5.9618402e-01
  3.7209925e-01
  1.0854634e+00
  8.7492004e-02
 -5.1978660e+00
  5.2561712e-01
 -8.9159139e-02
  1.5165316e-01
 -4.6723887e-01
  1.1019813e+00
 -6.2280050e-03
 -7.9970157e-01
  2.5131902e-01
  3.5247937e-01
  4.2085776e-01
  2.2319140e+00
  6.1428513e-02
  8.4778464e-01
  9.7080939e-02
 -4.0786847e-01
  2.3237929e-01
 -1.2859619e+00
  1.5369850e-01
 -1.0604616e+00
 -4.1603100e-02
 -2.0274696e+00
  1.7330921e+00
  1.7954147e-01
  8.2903564e-02
  8.3424515e-01
  4.6644875e-01
  4.9762437e-01
 -6.2111598e-01
 -3.4551263e-01
 -8.8600564e-01
 -4.6709687e-02
 -7.7029198e-01
  1.0463651e-01
  3.9014263e+00
 -2.4958322e+00
 -2.9934245e-01
 -2.8332727e+00
  3.5771021e-01
 -3.0221573e-01
  1.2282044e-01
 -4.2055068e+00
 -1.7870702e-01
  2.4981350e-01
 -5.6373066e-01
 -6.4415962e-01
 -1.3237962e-01
  1.1825417e-01
  1.3143644e+00
 -5.8053810e-02
  5.4741354e+00
  4.0905917e-01
 -1.3010617e+00
 -2.4134650e+00
  1.8304023e-01
  9.9145219e-02
 -2.6338923e-01
 -1.4624077e+00
  1.2842659e+00
  8.1546408e-01
  1.0024904e-02
 -4.9589053e-01
  5.7252818e-01
 -3.2756181e+00
  5.8348489e-01
 -3.3186657e+00
 -1.2219132e+00
  7.1206725e-01
  8.5947490e-01
  6.5748978e-01
 -2.1897349e-01
 -7.6319706e-01
 -5.9852380e-01
  4.0679538e-01
  2.0936298e-01
  4.4775757e-01
  1.3707485e-02
  3.0083773e-01
 -1.7430511e-01
 -1.5142933e-01
 -5.8412701e-02
 -2.8526511e+00
  2.7987566e+00
 -4.3441513e-01
  1.5027370e-01
 -7.5310957e-01
 -8.5143834e-01
  1.5534089e+00
  8.1415659e-01
  1.0967901e-01
  6.6305888e-01
 -1.7223787e+00
  1.0040201e+00
 -8.1782955e-01
  1.1412696e+00
 -4.9796718e-01
  3.2972906e+00
  2.1171360e-01
  3.6761984e-01
  5.2646279e-01
  1.9948988e-01
  4.5302579e-01
  3.8961988e-02
  3.0342850e-01
  3.0469716e-01
 -7.4465454e-02
  2.7390963e-01
  1.0316944e-01
  3.0774174e-02
  1.5848041e-01
 -4.6877080e-01
 -1.4529998e+00
 -1.0949293e+00
 -5.5296838e-01
 -9.0249389e-01
  3.9032418e-01
  4.2718336e-01
  1.5173949e-01
  7.7116883e-01
  6.5182954e-01
  2.1050265e-01
  6.1904508e-01
  1.4892298e-01
  1.7782844e+00
  3.2984158e-01
  8.9729440e-01
 -7.9524112e-01
  9.6134257e-01
 -8.2531178e-01
 -7.2148901e-01
 -4.4517179e+00
 -1.0620995e+00
 -3.8935068e-01
  2.3269473e-01
  2.3280172e+00
  5.6835347e-01
 -1.2961202e+00
  2.3086419e+00
  5.2126366e-01
  9.1726291e-01
  1.1992511e+00
  4.8903790e-01
  2.5759022e+00
  5.7517445e-01
  2.7569798e-01
 -5.7287633e-01
  2.4323704e+00
  2.0967786e+00
  3.9301062e+00
 -3.4837481e-01
  7.9160571e-01
  1.2315261e+00
 -7.1430922e-01
 -1.5607501e+00
  8.2072079e-01
 -9.9742460e-01
 -9.1716552e-01
 -1.3624103e+00
 -4.7299975e-01
 -5.1573682e-01
 -5.3896528e-02
 -5.6116726e-02
  3.6746469e-01
  2.7600670e+00
  2.0682512e-01
  2.5016806e+00
 -5.1196373e-01
  4.9219212e-01
  4.5727291e+00
  1.7670679e+00
  3.2092527e-01
  9.0035290e-02
 -8.8136387e-01
 -1.8869641e-01
  1.0972284e+00
 -5.7213098e-01
  1.1994886e+00
  1.0150909e-01
 -5.0396824e-01
 -3.0349246e-01
 -2.8506351e-01
  1.1227777e-01
 -1.6647996e-01
 -6.7706960e-01
 -8.5268557e-01
 -5.0690401e-01
 -2.4183798e+00
  2.7348058e+00
 -3.0957958e-01
  9.4494784e-01
 -9.7179610e-01
 -1.3875413e+00
  5.3615981e-01
  1.7534802e+00
 -1.5251539e+00
  3.2981515e-01
  1.0065478e-01
 -8.9583576e-01
 -1.9403464e-01
  1.3718184e+00
  3.7089840e-01
 -1.5476638e+00
  1.9317087e+00
  1.0120388e-01
 -1.6579213e+00
  1.1107620e+00
  5.5452622e-02
  3.9736137e-01
 -2.5770566e-01
  9.6776277e-01
  3.4096874e-02
  1.1424066e-01
  3.9157489e-01
  2.4815023e-01
 -5.3038937e-01
  1.6945711e-01
  1.1068559e+00
  2.5506651e+00
 -1.1065246e-01
 -1.7418171e-01
 -1.1604551e+00
  3.2310688e+00
 -1.6069828e+00
 -1.1049488e+00
 -3.5458842e-01
 -6.7154217e-01
 -2.8950977e-01
  4.7432292e-02
  6.0774717e+00
 -1.8423143e-01
 -5.0873494e-01
 -1.3199954e+00
 -1.7858219e+00
  7.8458798e-01
 -2.5444083e+00
  1.8139009e-01
 -5.6717563e-01
 -1.3117032e+00
  5.0978255e-01
 -1.9966974e+00
 -1.6468912e-01
  9.6533757e-01
  5.8301181e-01
  7.3337823e-01
 -1.4756608e-01
 -2.2547991e+00
 -4.0142509e-01
 -4.0673992e-01
 -2.5113758e-01
  6.3648510e-01
  5.2079874e-01
 -9.0318108e-01
 -9.1963476e-01
 -1.5382129e-01
 -1.9653115e+00
  3.3034071e-01
  1.4673382e-01
  1.2895334e-01
  1.0351932e+00
 -4.9264875e-01
  1.3236529e+00
 -6.7782211e-01
  2.0596430e-01
  4.9479294e-01
 -2.5673697e+00
  4.6158704e-01
  4.7555494e+00
 -5.8362377e-01
  1.3707989e-01
 -1.0709507e-01
  2.5674880e+00
 -7.4552202e-01
  2.0434991e-01
 -1.1352640e+00
 -4.5997792e-01
 -2.1110833e+00
  2.9412696e-01
  1.8562222e+00
  2.9629166e+00
  2.2646360e+00
  6.7091152e-02
  4.8780704e-01
  7.4817485e-01
 -6.0287652e+00
 -6.3214004e-01
  5.5046880e-01
  1.7573404e-01
 -1.6054883e+00
 -7.9826593e-01
  3.7013990e-01
 -7.1645206e-01
  3.9236060e-01
  1.6616800e-01
 -8.5331500e-02
  1.7131449e-01
  1.6230797e+00
 -2.4636843e+00
  3.0180683e+00
 -3.7006208e-01
  6.9606322e-01
  3.3841652e-01
 -1.4170438e+00
  2.1010616e+00
  1.3099505e+00
 -3.4332829e+00
 -3.3362260e-01
  6.3255823e-01
 -1.0110314e+00
  2.0008154e-01
  5.1934469e-01
  9.0838212e-01
 -3.0980608e-01
 -6.0439888e-02
  3.3005275e-02
  1.6759055e+00
 -2.5560377e+00
  1.0056015e+00
  2.3585577e+00
  1.6262022e+00
 -1.3989307e+00
  9.0001774e+00
  3.3444980e-01
  1.4411697e-01
 -1.1132636e+00
  1.0147918e+00
 -8.0523103e-01
  2.0892900e-01
 -3.0716470e-01
 -1.0178532e-02
 -1.3477249e+00
  1.7132223e+00
 -6.5453373e-02
 -5.3484088e-01
  2.1820979e-01
 -1.4083570e+00
 -4.4207510e-01
  9.9419761e-01
 -2.6622680e-01
  6.1335999e-01
  2.6108715e-01
  1.9443462e+00
 -4.1826278e-01
 -2.2720422e-01
 -6.7415848e-02
 -1.6903789e+00
  7.3262967e-02
 -2.2100413e+00
  1.6563737e-01
 -1.8473881e+00
 -5.2155377e-03
  1.5627663e-03
 -1.8170248e-01
 -2.2531369e+00
 -3.6002758e-01
  2.0682432e-01
  7.4949849e-01
 -1.2043155e+00
 -2.1167316e-01
 -1.3235146e-01
  3.2729724e-01
 -1.3438711e+00
 -2.0931108e-01
  5.5097443e-01
  1.7548468e+00
 -2.1198858e-01
  7.0176786e-01
  1.8382946e+00
 -7.5951833e-01
 -1.1132721e+00
 -8.6000288e-01
 -1.0919816e+00
 -4.1619834e-02
  3.6757487e-01
 -1.2076207e+00
  3.9131684e+00
  2.4881735e-01
  3.8123265e-01
  9.7245419e-01
  1.4335024e-01
 -2.2065109e-01
 -1.2544611e+00
 -1.3843679e+00
  9.6856278e-01
 -6.9726664e-01
 -8.4160739e-01
  1.1664832e+00
  5.1055825e-01
 -1.0487108e+01
 -1.7266831e-01
  4.2568812e+00
 -4.8417661e-02
 -3.3932483e+00
  8.3754629e-02
  2.8381124e-01
  7.1364743e-01
 -1.6642729e+00
  3.3294921e+00
 -5.1925248e-01
  1.3504373e-01
  1.1874396e+00
  1.5528332e-01
 -4.0965268e-01
 -3.2077234e-02
  1.0027652e+00
  8.7262666e-01
 -2.8550664e-01
 -2.1654606e-01
  7.1364570e-01
 -7.1311069e-01
 -9.8881727e-01
 -3.6172500e+00
 -4.1002572e-01
 -1.0687325e-01
  1.4700130e+00
  6.9759023e-01
 -1.2023942e+00
  5.8804762e-01
 -4.1739109e-01
  9.6035349e-01
 -1.5726453e+00
  3.4671926e-01
 -7.9866625e-02
  2.2386463e+00
 -1.2572721e-01
 -1.6697724e-01
 -7.4378081e-02
 -4.2558733e-01
 -8.3363086e-01
 -2.7968034e-01
  1.8378600e-01
  3.2041058e-01
 -1.9380268e-01
  1.8827411e+00
 -1.6824989e+00
 -9.4881907e-02
  5.6783766e-01
  1.1579596e-01
  1.6857964e+00
  4.8712000e-01
  8.3189720e-01
 -2.4851893e-01
  4.8930073e-01
  2.6022109e-01
 -7.0272732e-01
  5.5988291e-03
  2.3834364e+00
 -6.5745789e-01
 -1.8083972e+00
 -1.2157460e+00
 -1.4671670e-01
 -2.8469343e-02
  1.3085501e+00
 -3.6964643e-01
  4.8738882e-01
  2.4837567e-01
  1.9726596e+00
 -4.7350648e-01
 -2.8862276e+00
 -3.5468131e-02
  4.6956673e-01
 -3.3032167e-01
  1.0693917e+00
  8.2957178e-01
  2.6162261e-01
 -4.6441901e-01
 -2.5750515e-01
 -8.7574863e-01
 -6.0534477e-01
 -1.2657227e-01
 -7.2872841e-01
 -5.6773249e-02
  1.3734311e+00
 -3.2976795e-02
  1.3970485e+00
 -1.1927176e+00
  4.4747493e-01
  8.4773254e-01
 -9.9698681e-01
 -5.9937024e-01
  1.6873415e-01
  1.6696305e+00
 -1.6839061e+00
 -1.7389171e-01
 -3.6431447e-02
  8.7098891e-01
  2.2884436e-01
  2.8687635e-01
  9.7855383e-01
 -6.8083817e-01
  7.7349901e-01
  9.3660975e-01
  2.0294793e+00
 -1.3461578e+00
  6.6261131e-01
  3.2647362e-01
 -2.0209818e-01
  5.3111888e-02
  4.4772318e-01
  4.4918489e-01
  1.3061482e+00
 -4.1359692e+00
  2.6761277e+00
  1.9350903e-01
 -3.2316571e-01
 -6.4935935e-01
  6.2330705e-01
  4.3276459e-01
  2.5575368e+00
  1.2513108e+00
  2.6889566e-01
  6.8822449e-01
  5.9448756e-02
 -1.8174954e-01
 -2.3502018e-01
  1.5683070e-02
 -3.0538654e-01
 -2.4867818e-01
 -1.8039192e+00
  1.9308841e-01
  1.8198466e-01
  9.9295631e-02
  5.5830771e-01
  3.4952000e-01
  2.5878561e-01
  1.4544516e+00
  3.2019224e-02
  7.3593682e-01
 -3.1781974e+00
  1.5362093e+00
 -5.3461498e-01
  5.1480234e-02
  2.1297844e-01
 -8.7350972e-02
  1.3741139e-01
  1.7278835e-01
 -3.9872313e-01
 -4.1778585e-01
  4.0615690e-01
  5.5830628e-01
  1.0766342e+00
  1.9120932e-01
 -8.9650750e-02
  3.5243418e-02
 -7.2575516e-01
  2.5501363e+00
 -1.3366113e+00
  1.9565107e-01
  6.3009433e-02
  8.8809878e-02
  2.1793635e-01
 -5.3969765e-01
 -8.2972300e-01
 -4.8221305e-01
  3.5899761e-01
 -3.2098687e-01
 -1.4248685e+00
 -1.0978870e+00
  6.3282653e-04
 -1.5815617e-01
 -7.4290305e-02
  1.5716773e+00
 -2.1660976e-01
 -1.3897011e+00
 -2.2397132e+00
 -3.0754344e+00
  3.8412135e-02
  4.3379765e+00
 -5.0368875e-01
 -1.9549853e-01
 -8.9533144e-01
 -1.5939418e-02
  2.7689721e-02
  4.6390426e-01
  5.0181217e-02
 -5.9841090e-01
  5.1390404e-01
 -7.1045893e-01
  1.1239934e-01
 -7.5221771e-01
  1.5831797e+00
 -9.3526506e-01
 -3.0573361e-02
 -8.3859235e-02
  1.2643129e+00
  1.7823687e-01
 -1.0063878e+00
  4.9028826e-01
 -6.5973294e-01
  2.0444398e-01
  3.1852719e-01
  1.1366698e+00
 -1.0668384e+00
  5.1563062e-02
  8.6814004e-01
 -3.6096504e-01
  1.8538672e+00
 -1.1277748e+00
  1.1482552e+00
  6.3879657e-01
  5.5196464e-01
  6.8408740e-01
  2.7857838e+00
 -1.1220381e+00
  3.6999911e-01
 -1.7305861e-01
  8.8585466e-01
 -1.0489182e+00
 -1.7354319e+00
 -1.5003406e+00
  2.8309810e-01
 -3.2725924e-01
 -1.3201889e-01
 -7.2380185e-01
  4.2755851e-01
 -1.6637479e+00
 -3.5844088e-01
 -4.2719787e-01
 -4.0422555e-02
  2.9825771e-01
 -3.4398398e-01
  3.9617150e+00
 -2.2707841e+00
  2.1167015e-01
 -4.8776442e-01
 -5.9361279e-02
 -1.6552500e+00
  1.7916186e+00
  1.0834420e+00
 -1.8155837e+00
  5.2843350e-01
 -4.4955942e-01
 -1.3618948e+00
  2.0172471e-01
  5.6623846e-02
 -1.5138636e+00
  3.0160725e-01
 -6.0432125e-02
  1.8892976e+00
  1.8005535e-01
  4.9306628e-01
 -7.7420676e-01
  1.5133722e+00
  8.4771687e-01
  1.0552033e-01
  2.1949476e-01
 -1.3861969e-01
 -1.7204982e+00
 -1.4747596e+00
 -4.5056465e-01
 -5.3310293e-01
  8.6284673e-01
  1.6728606e+00
  5.8126491e-01
  4.0881205e-02
 -1.6739780e-01
 -5.7123953e-01
 -7.8376675e-01
  6.0777974e-01
 -4.5390019e-01
  7.1518534e-01
  8.4863764e-01
  1.8903266e+00
 -1.4152998e+00
  5.6792575e-01
 -1.1788737e+00
 -8.7063050e-01
 -6.6132075e-01
  9.5651759e-04
  2.4009208e-01
 -2.6101881e-01
 -1.9295456e-01
 -3.3387199e-01
  8.9877117e-01
 -1.7658184e-01
 -5.7589215e-01
  9.0008938e-01
 -2.4591427e+00
  1.2765278e-01
  2.6317489e-01
  3.6567062e-01
  6.7438114e-01
  9.0005952e-01
  5.9821803e-02
 -1.2519439e-01
 -7.4409223e-01
 -5.1769978e-01
  2.6791319e-01
  1.2863295e+00
  2.2200856e-01
 -1.2249508e+00
 -7.5484836e-01
 -2.6219413e-01
  9.2411685e-01
  3.2748076e-01
 -3.5879681e-01
 -3.4148407e-01
 -3.2703061e-02
  4.6512961e+00
 -9.7965544e-01
 -2.1527503e+00
  5.0144386e-01
 -1.6638623e+00
  3.3335349e-01
  1.8106120e+00
  1.2310479e+00
  1.2978653e+00
  4.0072605e-01
  1.3868918e+00
  1.2342634e+00
 -1.6955842e+00
  1.5534886e+00
  7.0219791e-01
  3.7781471e-01
  8.1086850e-01
  9.7587043e-01
 -6.6675240e-01
 -2.1821630e+00
 -2.0733468e-01
  3.3651805e-01
 -2.2717888e-02
 -2.8981686e-01
  6.1725378e-02
 -5.5061269e-01
 -2.3166408e-01
  2.6842847e-01
 -1.4016278e-01
 -1.0215753e+00
  4.6857333e-01
 -5.3392235e-02
  1.7253917e-01
  3.9719696e+00
 -7.5465941e-01
  1.3873762e+00
  6.9860470e-01
 -4.7149414e-01
  6.2492564e-02
 -6.1236836e-02
 -3.8835055e-01
 -3.3944452e-01
  7.0322424e-01
  1.8907751e+00
 -1.1027881e+00
  1.4040724e+00
  4.3033037e-01
 -4.0549204e-01
 -5.0349599e-01
  1.0001388e+00
 -2.0459280e+00
 -7.5634730e-01
 -2.0311935e+00
 -2.2200474e-01
 -1.7233173e+00
 -3.9824896e-02
  2.9971173e-01
 -1.5739192e+00
  1.7313533e+00
 -2.3390415e+00
  3.5955173e-01
 -1.8410958e-01
 -1.8648650e-02
 -6.0609192e-01
  4.7989026e-01
  3.4285852e-01
  8.8776976e-02
 -8.3177167e-01
  7.6477432e-01
  3.4817945e-02
 -3.1456679e-01
 -1.2010961e-01
  2.0943599e+00
 -1.2143104e-01
  1.2280715e+00
 -5.7813462e-02
 -1.5671561e+00
 -2.2524122e-02
  7.0311189e-02
 -4.2180869e-01
  4.1512852e+00
  1.4206733e-01
 -1.3353819e-01
 -9.9949986e-01
  1.0349594e+00
 -2.0521760e-01
 -1.7934422e+00
  3.3130392e-01
 -8.3699936e-01
 -1.5144831e+00
  2.8063798e-01
  1.8007292e+00
 -9.1432166e-01
 -1.2529694e+00
  7.8776586e-01
  5.5401582e-01
  1.9045724e+00
 -2.0760598e+00
  1.8442792e+00
  2.5144452e-01
 -5.9352601e-01
 -3.2418939e-01
  1.5512839e-01
  1.1589345e-02
 -4.7049305e-01
 -3.3718893e-01
 -1.5042504e+00
  1.6356738e+00
  3.6719959e+00
 -1.9900455e+00
 -4.1926277e-01
 -5.0740018e-02
  1.0815537e-01
 -1.5960008e-01
  1.5518669e+00
  2.4497440e-01
 -5.8758610e-01
  5.6771439e-01
 -2.7437374e-01
  1.1272833e+00
 -1.2100116e+00
  8.3866462e-02
 -1.7609355e-01
 -2.5283682e+00
 -4.1774619e-01
 -8.9277035e-01
 -1.9654594e-01
  5.9307918e-02
 -6.9097602e-01
 -4.4767275e-01
  1.6675274e-01
 -3.0480161e-01
  6.3445544e-01
  2.1781801e-01
  8.2146782e-01
 -5.1970154e-01
  6.8934041e-01
 -1.6347647e-01
  6.9021535e-01
 -8.2646638e-01
 -3.5417702e-02
  2.2785288e-01
 -1.6090098e-01
 -1.7336045e-01
  5.8347917e-01
  2.2799674e-01
 -9.6139508e-01
  5.7857031e-01
 -3.6290318e-01
  3.7294778e-01
 -3.4819403e-01
 -1.2549762e-01
  1.3903190e-01
 -2.1172729e+00
  3.6741161e+00
  3.1196327e+00
 -1.5507092e+00
 -1.5913101e+00
 -1.7935022e+00
  2.0879459e-01
 -3.2059088e+00
  8.5093725e-01
 -1.2875359e+00
 -8.4581232e-01
 -2.3839438e-01
  8.3009517e-01
 -2.6036062e+00
 -1.2944554e-01
 -3.0823806e-02
 -1.5406674e-01
  6.7807257e-01
  1.6758405e-01
 -2.7447015e-01
 -9.2364949e-01
 -1.3212622e+00
 -3.7747946e-01
  1.3428614e-01
 -7.8333363e-02
 -1.1908792e+00
 -2.9852459e-01
 -1.3502225e-01
  4.7847691e+00
 -3.5564947e-01
  1.1687521e+00
  2.5025640e+00
  2.4748906e-01
  3.4907157e+00
 -3.8475212e-02
 -3.6762669e+00
 -1.1933557e+00
  2.1699822e+00
 -4.7474951e-01
 -2.0675135e-01
  4.5525354e-01
  2.7262042e+00
  2.4522534e-01
  4.6739975e-01
  1.5825980e+00
 -1.0319254e+00
 -8.1401324e-01
 -6.0247582e-01
 -6.8361771e-01
 -2.9830089e-01
 -7.5604546e-01
  5.8952961e-02
 -5.8161950e-01
 -1.2900299e-01
  8.4081733e-01
  1.6372017e+00
 -2.9462831e+00
  6.7301613e-01
  5.0576110e+00
 -2.4629979e-01
  1.8635503e+00
 -2.5497808e+00
 -2.4965498e+00
  5.7473618e-01
  1.8791709e+00
 -3.2023725e-01
  1.9012220e+00
 -1.7079841e+00
  1.1614524e-01
 -4.4602370e-01
  1.2515014e-01
  2.4135737e-01
 -3.9208400e-01
 -1.8563004e+00
 -1.3339279e+00
  2.5343469e-01
  1.5338594e-01
 -8.7605186e-02
  1.1406994e+00
 -9.3445897e-01
  2.6054981e-01
 -8.3994114e-01
  1.5312991e+00
  3.3310923e-01
  5.8969766e-01
 -1.3852949e-01
  7.1320319e-01
  6.0115480e-01
  4.0663439e-01
 -1.2877468e+00
  1.8404464e+00
  5.4708439e-01
 -2.5250561e+00
  3.4335589e-01
  5.1395107e-02
 -3.7961259e-01
 -6.0073864e-01
  5.4497156e+00
  1.2519474e+00
 -3.3320063e-01
 -3.7935975e-01
 -9.3662202e-01
  4.4886053e-01
  3.4877691e+00
  8.8949776e-01
 -5.1469336e+00
  2.7626580e-01
 -2.0400231e+00
  1.6688824e+00
  2.9454262e+00
  1.0059528e+00
 -2.5265615e+00
 -1.0792660e+00
  9.0950602e-01
  1.4820683e+00
  1.1948261e-02
 -4.4215026e-01
  5.2946873e-02
  2.6597124e-01
  1.0235420e+00
  3.9484966e-01
 -1.6813339e-01
 -3.2115660e+00
 -1.2585559e-01
  4.6372294e-01
 -7.5252128e-01
  7.8975624e-01
 -8.8805223e-01
  3.9356215e+00
  5.3822678e-01
 -4.3763548e-02
  2.7760999e+00
 -6.6995561e-01
 -2.6097474e+00
  5.0465924e-01
 -8.3464257e-02
  1.4748979e+00
  9.1542721e-01
 -3.2260895e-01
  2.6881831e+00
 -1.2198290e+00
 -9.2870891e-01
  1.0670443e+00
 -3.6187837e-01
  3.5735694e-01
 -2.0097788e-01
  1.9126741e+00
 -1.2830317e+00
 -7.6844633e-01
 -3.7002361e-01
 -6.3680023e-01
 -1.2390712e+00
 -3.2234141e-01
  6.0385820e-02
  3.7378963e-02
 -1.8197571e+00
  7.6370686e-01
  1.3649274e-01
  3.6734658e-01
 -2.8444581e+00
  1.2424145e+00
  4.4378319e-01
  5.7470983e-01
  2.1064258e-01
 -5.8167326e-01
  2.1894285e-02
 -1.7280384e+00
  3.0760863e+00
 -7.5988479e-02
  1.4474545e-01
  9.6575469e-01
  5.0100005e-01
  6.6299081e-01
 -3.5585546e+00
 -1.5988216e-01
 -1.1270905e+00
  1.2384878e+00
  1.2588827e-01
  2.1398782e-03
 -3.6867280e+00
  1.1461495e+00
  1.7623045e+00
  1.3670008e-01
  8.6334026e-01
  1.1043993e+00
  4.7701335e+00
 -2.1382700e-01
 -3.9569443e-01
  8.6033189e-01
  8.2718050e-01
 -7.9375553e-01
  7.1042138e-01
 -3.6339334e-01
  3.7938144e-02
 -1.8290207e-01
  1.1135898e-01
 -1.1616201e+00
 -5.5764173e-03
 -6.2373614e-01
 -7.0629869e+00
  6.3519305e-01
  2.1884298e+00
  2.1579292e-01
  1.4803765e+00
 -2.9577034e+00
 -1.8944393e-01
 -6.0028341e-02
 -4.6180102e-01
 -6.3072723e-01
 -5.2318412e-01
 -5.6777501e-01
 -4.3786949e-01
  8.3692235e-01
  3.4899986e-01
  3.6669505e-01
 -4.7425553e-01
 -2.4265096e-01
 -9.1063434e-01
  2.8660372e-01
  4.9839102e-02
  1.3277204e-01
 -7.6256603e-01
  5.7851934e-01
 -1.4781199e-01
 -5.3345893e-02
 -3.2158442e-02
  1.3305528e-01
  7.5783521e-01
 -2.0517096e-02
  6.8168497e-01
 -6.0850620e-01
  3.9123842e-01
 -4.8677963e-01
 -3.6092944e+00
  3.1226042e-01
  5.4963869e-01
 -2.8170756e-01
  2.9119331e-01
 -1.7832549e-01
 -3.5979298e-01
  2.5261095e-01
  1.1849878e+00
  7.0098573e-01
  5.4413766e-02
 -5.1395112e-01
  8.0794126e-02
  3.0477819e-01
 -7.9348063e-01
 -4.6174412e+00
  1.5966766e-01
 -1.0026423e+00
  1.2976090e+00
 -6.7698401e-01
 -6.0046917e-01
 -1.1827390e-01
  9.2291042e-02
 -1.5594275e+00
  1.5148497e-02
  1.1245674e+00
 -2.1311007e+00
  4.1347103e+00
 -2.3413601e+00
 -8.9076447e-01
 -1.6781533e+00
  2.2517833e-01
  5.3492564e-01
 -9.7341754e-02
  1.2818042e+00
 -3.1306759e-01
  4.1341898e-01
  1.4648434e+01
  1.4060907e-01
 -3.8275652e+00
  9.2930126e-01
 -3.6440212e-02
  2.2248659e+00
  7.8590608e-01
 -4.5227104e-01
 -1.9706652e-02
  1.3576528e+00
  1.7651905e+00
  8.0725938e-01
  7.0040309e-01
  1.3184091e+00
 -5.0267668e+00
 -4.9235204e-01
  8.6647105e-01
  9.2868268e-01
  5.1470035e-01
  2.4276504e-01
 -8.8020843e-01
 -6.7013937e-01
 -1.5184408e+00
 -9.2038572e-01
 -9.9600619e-01
 -2.6801836e-01
 -2.4474770e-02
 -6.6337359e-01
 -1.3977044e+00
 -7.0097594e+00
 -5.8396667e-01
 -2.9908959e-03
  3.4810001e-01
 -1.2005142e+00
 -7.2971636e-01
 -3.9869065e+00
 -5.8503795e+00
 -6.4417139e-02
  3.3201084e-02
 -1.3657887e-01
 -3.3613751e+00
 -1.2139301e+00
 -3.6991906e+00
  1.2395607e+00
 -4.8336431e-01
 -1.2141839e+00
 -2.7674112e-01
  6.7614384e-02
 -2.0956364e+00
 -1.5368629e+00
 -3.1400505e-01
 -2.2075489e-01
 -6.0822919e-02
  1.4092980e-02
  1.6043540e+00
 -1.3942295e-01
 -2.2404079e+00
 -4.4371457e+00
  1.4190434e+00
  1.0921474e+00
 -1.0991189e+00
 -4.0404037e-01
 -8.9831549e-01
 -3.0683205e+00
  2.0603514e-01
  4.5029524e-01
 -6.4520901e-01
  1.0137354e+00
  2.4054524e-02
 -3.6951986e-01
 -4.6555996e-02
 -7.4522930e-01
 -2.8478926e-01
  1.0502962e+00
  9.4624721e-02
  1.0545197e+00
 -4.1974506e-01
  6.8066847e-01
 -1.3467938e+00
 -1.5724487e+00
  9.2827447e-02
 -2.4480306e-01
  1.3331560e+00
 -4.0843856e-02
 -1.1287191e+00
  6.1433363e-01
 -1.5017158e+00
 -8.1990772e-01
  3.4380937e+00
  7.4830204e-01
  1.4365784e+00
 -2.2706442e+00
 -3.4449705e-01
  1.6891336e+00
 -7.0676774e-01
  3.8221374e+00
  5.1948822e-01
  3.4306502e-01
 -7.8993529e-02
  3.9753935e+00
 -2.0005908e+00
 -4.7891635e-01
  9.3788558e-01
 -4.4672146e-01
  1.7830012e+00
 -1.8525608e-01
  6.6085577e-01
  4.7500346e-02
 -5.0446713e-01
  1.8144451e-01
  4.7249344e-01
 -7.2053683e-01
 -1.8732540e-01
 -1.5105864e-01
  7.1243495e-01
 -1.1159791e+00
  4.5410159e-01
 -3.4315127e-01
 -1.8146205e+00
 -1.7465524e-01
  2.1066194e+00
 -1.7990106e+00
 -3.1554842e-01
  1.6057156e+00
  3.4738190e+00
 -3.7826011e-01
 -2.8387263e-01
  3.1413620e+00
  1.4558703e+00
 -5.5010211e-01
 -5.7918996e-01
 -7.3960918e-01
 -1.7058107e-01
  3.2028940e+00
  1.9872531e+00
  5.0263554e-01
 -3.3418314e+00
  8.4048569e-01
  2.7177212e-01
 -1.1750152e+00
 -1.4049935e-01
 -1.4118792e+00
 -5.7766926e-01
 -1.5642576e-01
 -8.8683170e-01
 -6.4052185e-03
 -2.8954682e-01
 -2.7915681e-02
 -3.8299054e-01
 -2.5743034e-01
  4.5816076e-01
  3.9742273e-01
  4.8867475e-02
  1.2560698e+00
  4.7957510e-01
  3.0431026e-01
  8.8389784e-02
  2.0501015e+00
  6.6950297e-01
  1.2243983e+00
 -1.0570511e+00
 -8.7068194e-01
 -3.2719702e-01
  4.4775993e-01
  5.6042606e-01
  6.4567558e-02
 -6.9938631e+00
 -7.7828723e-01
 -2.4152125e-01
 -6.9941431e-02
 -3.2698995e-01
  1.5233929e+00
  9.5380741e-01
 -4.9157664e-02
 -2.3248959e-01
 -6.0498971e-01
 -7.2706622e-01
  4.7646019e-01
  3.6267775e-01
  1.6019034e-01
 -2.5840646e-01
  5.8052309e-02
  7.2884160e-01
 -5.5103844e-01
  1.6276478e+00
 -1.8603535e+00
  1.5792881e-01
 -1.8075676e+00
 -7.3596108e-01
  4.4029336e-02
  2.4723753e-01
  5.7311487e-01
 -8.7448262e-02
 -1.9882686e-01
  4.9877086e+00
 -9.1871166e-01
 -5.9173912e-01
  3.1261265e-02
  5.4969525e-01
 -1.1493789e-01
  3.4002560e-01
  8.9087343e-01
 -8.8980901e-01
  2.5842404e-01
  4.6100974e-01
 -2.4233472e+00
 -2.3605280e-01
  3.5617501e-02
  6.0094661e-01
  9.3345404e-01
  1.3760974e+00
  5.8814549e-01
 -9.8450944e-02
  1.6698769e-01
  1.8861275e+00
  1.5660553e+00
  1.7218144e-01
 -6.2086534e-02
 -7.2840697e-01
 -9.3714863e-02
  5.4079652e-01
  9.5666915e-01
  5.3098619e-01
 -1.1446406e+00
  4.1122630e-01
 -2.5131792e-01
 -2.1797707e-02
 -5.6836641e-01
 -2.4887051e-01
  5.0117987e-01
  8.1896627e-01
  1.3522624e+00
  5.7220709e-01
  1.1716917e-01
 -1.2345345e+00
  2.9654780e-01
  1.9617414e-01
 -3.7320048e-02
  4.3518969e-01
 -4.2525104e-01
 -9.4442499e-01
 -6.0381651e-01
 -6.0303260e-02
  2.2458580e+00
  1.6431122e+00
  2.9948683e+00
  1.8114883e+00
 -7.0831096e-01
  1.0614676e+00
 -8.5330224e-01
 -3.6107332e-01
 -3.6827533e+00
 -6.1565042e-01
 -3.4185227e-02
 -7.7658337e-01
  2.3061386e-01
  8.0491841e-01
  1.3364731e+00
  3.7305194e-01
 -1.1029334e-02
 -7.3417306e-01
 -8.7563199e-01
 -6.4334911e-01
  2.5116712e-01
 -7.8338027e+00
 -5.2415025e-01
 -9.0744311e-01
  1.4757473e+00
 -9.2626125e-01
 -7.8056872e-02
 -5.6770753e-02
  1.8113714e-01
 -2.5963564e+00
  6.4236164e-01
  5.8180237e-01
 -1.3577881e+00
  2.9130256e-01
 -4.6336076e-01
 -1.5201017e-01
 -2.1720297e+00
  1.2178693e+00
 -9.0551603e-01
  6.2571168e-01
 -5.4682708e-01
 -3.1625670e-01
  4.3966529e-01
 -9.5607805e-01
  3.3543840e-01
  7.2991207e-02
 -8.6964566e-01
 -5.5043936e+00
 -1.0368315e+00
 -1.5597115e+00
  1.2564411e+00
  2.4576533e+00
  1.4026254e-01
  1.6376098e+00
 -8.2996619e-01
 -2.3499054e-01
 -7.9508789e-02
  7.0417088e-01
  7.3865432e-01
  1.0787245e-01
  4.1339472e-02
  4.4212251e+00
 -1.2405293e-01
 -1.8225398e+00
 -1.4141431e-01
 -5.2299583e-01
 -2.2673483e-01
 -9.0318686e-01
  1.2817113e+00
  4.3621719e-01
  2.7247045e+00
  6.5924454e-01
 -1.3021938e+00
  8.7948453e-01
  1.2159579e+00
  2.0464255e-01
  3.6892638e-01
 -3.4894529e-01
  1.0615450e+00
 -1.5363334e-01
  2.0819053e-01
 -8.3247334e-02
  2.7994090e-01
 -1.1742196e+00
 -5.3413785e-01
 -1.8627672e+00
 -3.4378406e-02
 -1.4140405e-01
  6.2197012e-01
  6.8505079e-01
 -1.1957779e+00
 -9.7695976e-01
 -1.7435875e+00
 -2.2809848e-01
  5.7484597e-01
 -2.6944453e-02
 -6.8250918e-01
  2.2491097e-02
 -1.1704876e+00
 -1.0481497e+00
 -9.8947339e-02
 -2.0621291e-01
 -9.9701554e-01
 -4.7431950e-02
  1.6075414e-01
 -4.4590325e+00
 -1.9603629e+00
  2.7107710e-02
  4.0840811e-01
 -3.9093678e+00
 -2.9194179e-01
 -1.2703411e-01
 -1.4406465e-01
 -1.0719290e+00
  7.2803223e-01
 -1.0396317e+00
  2.2035350e-01
  7.3840481e-01
 -4.6964746e-02
  3.5351849e-01
  1.2128119e+00
  3.2835157e+00
 -1.4776028e+00
  5.6985307e-01
 -5.3490227e-01
 -2.0076154e-01
  1.5223126e+00
 -4.2933594e-02
 -8.3888322e-02
 -4.5151669e-01
  8.2646362e-02
 -9.8447555e-01
 -7.3078597e-01
  7.2306037e-01
  8.3991773e-02
 -3.0810273e-01
  4.1749063e-01
 -8.3938760e-01
 -4.6282476e-01
  2.5306064e-01
  3.1765440e-01
 -3.1568077e-01
 -1.0660692e+00
  1.3056378e+00
 -2.5790524e-01
 -6.7434120e-01
  1.1061291e-01
 -2.2420140e-02
  5.1094753e-01
 -2.9246053e-01
  2.7640350e+00
 -1.7649288e+00
 -1.2413138e+00
  5.6540459e-01
  1.5543094e+00
  6.3622564e-01
  2.8830719e-01
 -6.9592440e-01
 -4.5690170e-01
  6.1853808e-01
  6.2823725e-01
  2.1494353e-01
 -2.8343079e+00
  1.0998412e+00
  4.4798689e+00
  5.6194121e-01
 -3.5638279e-01
 -6.1028332e-02
  9.4983655e-01
 -1.5495051e+00
  6.7168498e-01
  5.3421617e-01
 -9.2999125e-01
 -3.0387583e-01
 -2.0208321e+00
 -3.1224346e-01
 -2.0519023e-01
  7.9192519e-02
  2.3434629e+00
  2.3084143e-01
  1.6449194e+00
 -1.1909970e+00
 -1.1695555e+00
 -5.7914466e-01
  1.4325521e+00
  6.5519929e-01
  7.7567518e-01
 -1.0781851e+00
 -1.3524431e-02
  9.9575150e-01
 -1.9103040e-01
  2.9849920e-01
 -1.4722266e+00
 -3.8369545e-01
 -4.3369174e+00
 -4.2315185e-01
 -4.1302695e+00
  1.0366007e+00
  4.1604131e-01
  1.8672201e-01
 -1.5817283e-01
  4.5751748e+00
  1.6458321e+00
 -1.5379459e+00
  2.1961899e-01
 -1.2391329e+00
 -1.6036558e-01
 -6.3578242e-01
 -6.9494551e-01
 -7.6770175e-01
 -8.7666661e-01
  5.6476500e-02
 -2.5695384e-01
  4.3038639e-01
 -2.0896037e-01
  9.9877256e-01
  7.4686778e-01
 -1.3197408e+00
 -1.0530577e+00
  1.9515247e+00
  2.0713903e-01
  1.2268049e-01
 -3.7896442e-01
  7.2877884e-01
  1.4806250e-01
 -6.0311389e-01
  1.1714680e+00
 -6.6990405e-01
 -2.9349989e-01
 -1.9485800e-02
  5.4047453e-01
 -2.8062840e+00
 -7.4106449e-01
 -6.0831875e-01
  7.5302750e-01
  1.6894820e-01
  1.7100420e+00
 -1.7674843e+00
 -7.3231488e-01
 -1.0124307e+00
 -7.3441333e-01
  4.2786870e-02
 -8.3705968e-01
  2.6788929e-01
 -5.6345910e-01
  7.7905637e-01
 -1.6720940e-01
 -4.3223474e-02
 -3.6970577e-01
  6.5134776e-01
  9.4012499e-02
  6.1801434e-02
  9.6115613e-01
 -1.8215188e+00
 -2.5073893e+00
 -5.7655102e-01
 -3.9717915e+00
 -5.9596103e-01
  2.6362574e-01
  2.0002666e+00
 -2.8780286e+00
  1.8532227e-01
  8.2067299e-01
 -1.0194916e+00
 -5.8367604e-01
  1.3443826e-01
  1.0878817e+00
  6.8869311e-01
  2.8026009e-01
  6.2165508e+00
  1.9139102e+00
  4.4122536e-02
 -3.0181736e-01
 -1.5928411e-01
  9.8016962e-02
  1.5133641e+00
  9.2798615e-01
  6.8794179e-01
 -1.7907732e+00
  6.9190347e-01
 -8.7907560e-02
 -9.0182388e-01
 -6.4169280e-02
 -5.5758734e+00
  3.8600054e-01
  4.3417606e-01
  3.4146628e-01
  2.1186893e-01
 -1.0543420e+00
  5.7646102e-01
  1.1909523e+00
 -3.5686207e-01
  3.2716602e-01
  6.1148870e-01
 -2.3655203e-01
  9.7075209e-02
 -1.4840653e-02
  1.9965988e-01
  1.2618738e-01
  1.4155403e+00
 -5.2780843e-01
  5.2354735e-01
 -4.3452486e-01
  4.3676418e-01
  9.1122523e-02
 -1.5807222e+00
 -1.4151791e-01
  5.9977102e-01
  8.3306533e-01
  9.5554747e-02
 -1.3180541e+00
  1.4500737e+00
  2.0068040e+00
 -6.9974041e-01
  7.4318123e-01
 -2.7622719e+00
 -4.1846123e-02
 -7.3294729e-01
  7.1571797e-01
 -8.8308567e-01
  3.0701761e+00
 -5.3169453e-01
  4.4199371e-01
  9.5578827e-02
  4.3255490e-01
  6.4895517e-01
  6.3586634e-01
  1.7197719e-01
 -6.6997278e-01
  5.0326711e-01
 -7.5948052e-02
 -4.7246629e-01
  1.8706001e+00
 -1.5101380e+00
 -1.9989494e+00
 -5.3989992e-02
 -1.2433248e+00
  6.0496479e-01
 -1.1298271e+00
  6.9320548e-01
 -1.6754929e+00
 -1.6903309e+00
 -2.4447282e-01
  1.6929090e-01
  2.2208485e-01
  2.5685592e-02
  9.6785617e-01
 -2.1669593e+00
 -1.2812486e+00
 -5.0721097e-01
 -1.3378628e-01
 -2.5889927e-01
  6.6373420e-01
 -1.5323935e+00
 -9.2477031e-02
  1.9182691e-01
  4.0539816e-02
 -3.5841048e-01
 -1.0090120e-01
 -6.7808175e-01
  8.4064043e-01
  8.3491427e-01
 -5.0471854e-01
  5.9848416e-01
 -2.8634706e+00
 -4.0690970e-01
  3.9481750e-01
  9.0465903e-02
  2.3239940e-01
 -1.0065876e+00
 -3.9238212e-01
  4.3564239e+00
  1.1272796e+00
 -8.1287539e-01
 -6.6254646e-01
 -2.5261319e-01
  1.6730639e-01
  6.3256502e-01
 -1.9379448e+00
 -1.6883970e+00
  2.3301794e-01
 -1.0146169e-01
  2.1948209e+00
 -1.5016701e+00
 -4.0178847e-01
 -1.0087104e+00
  9.6821189e-03
 -6.4455956e-01
 -2.9688770e-01
  5.2179116e-01
  1.4232662e+00
 -2.9973522e-01
  1.2313185e+00
  1.7135873e-01
  2.3788595e-01
  5.9542298e-01
 -2.5290933e-01
  4.7732314e-01
 -1.3076861e+00
  1.1198695e+00
 -8.7067503e-01
  1.5806916e-01
 -1.0354546e+00
  8.6277567e-02
  4.6883637e-01
  4.3657076e-01
 -7.4878681e-01
  1.2978472e+00
 -1.8192010e-01
  1.1973017e-02
  5.4820150e-01
 -2.0706937e+00
  2.6642403e-02
 -2.1821497e-01
  3.7609833e-01
 -3.5847425e-02
  3.8586351e-01
  3.3300108e-01
  1.3518021e+00
  2.5919542e-01
  2.1749105e+00
 -6.5148878e-01
  1.7287084e+00
  2.5596389e-01
 -5.3327316e-01
 -1.9360924e-01
  5.4318172e-01
 -5.1478152e-03
  1.7233824e+00
 -3.0986786e-01
 -2.2311293e-01
  4.1832328e+00
  4.3258050e-01
  5.7147133e-01
  2.1544094e+00
 -7.5386586e+00
  3.6708523e-02
 -6.9543891e-02
  1.4898822e-01
  2.7902225e-01
  3.6732893e-02
  1.4024283e+00
 -1.1402940e+00
 -6.5739393e-01
  1.8109248e+00
 -1.2344005e+00
 -6.7499548e-02
 -1.2288353e+00
  1.6225915e-01
  1.9552644e+00
 -4.9318469e-01
  2.5979352e-01
  4.6856928e+00
  2.3560083e-01
 -6.7976646e-02
 -6.3268727e-01
  4.5390508e-01
  1.1135228e+00
 -1.6113441e-01
 -2.8369758e-01
  8.1858391e-01
  3.3448008e-01
 -2.0883970e+00
 -1.2322537e+00
  2.5641117e+00
  4.1095147e-01
 -7.7023856e-02
 -2.9491687e-01
 -6.8394653e-02
  1.5387142e+00
  2.6378837e-01
 -1.0041095e-01
 -9.4097531e-01
  4.5341599e-01
 -9.5469064e-01
  1.4141624e+00
  3.6321074e-01
  6.1973566e-01
  1.7910297e+00
  3.1130099e-01
 -2.0119320e-01
  3.7218028e-01
  3.4215105e-01
  2.9344573e+00
  1.3004727e+00
  2.7095523e+00
 -1.3508835e-01
  2.6727572e-01
  4.0851396e-01
  1.0026392e+00
  1.1024960e+00
  1.3281671e+00
  3.3030155e-01
  1.2162163e+00
  1.0394846e+00
  1.8634900e-01
  3.4487426e-01
 -2.5620747e-01
 -7.1219742e-02
 -1.7180791e-01
 -3.9685744e-01
 -5.1205051e-01
 -5.6716651e-02
  9.7674385e-02
  9.8147087e-02
 -8.7176687e-01
  8.0274779e-01
  1.4654864e+00
 -1.0414929e+00
 -4.9378369e-02
  1.0871223e+00
 -3.6439887e-01
  1.3028394e-01
 -2.4921890e-01
 -2.1817145e+00
  1.0998154e+00
 -2.6720192e+00
  8.1745285e-01
 -6.0232562e-01
  1.7808628e+00
  1.1968340e+00
  7.6524025e-01
  5.6305718e-01
  9.1401309e-01
  2.1128443e-01
 -8.6019611e-01
 -1.1425635e+00
 -6.4410877e-01
 -1.2236387e+00
 -2.7754653e-01
  2.6207605e-01
 -1.1820665e-01
 -2.3783754e-01
 -2.6839969e-01
  9.2278224e-01
 -4.0510643e-01
  3.8480513e-02
  5.6983840e-01
  8.3233529e-01
  1.6407570e-02
 -3.6229846e-01
 -3.5793170e-02
 -6.0301727e-01
 -1.7303772e+00
 -3.3042970e-01
  1.3106833e-02
 -7.3365176e-01
 -6.8010706e-01
 -8.9612025e-01
  1.3380040e-02
  9.3875808e-01
 -9.1108125e-01
 -3.3623114e-01
 -9.6167374e-01
 -8.7657267e-01
  2.1815819e-01
 -1.4602926e-01
  1.5005954e-01
  8.5234904e-01
 -2.5320709e-01
 -5.6269925e-02
 -4.8603734e-01
  4.2515019e-01
 -1.3793947e+00
  1.9722965e+00
 -4.5313778e+00
  1.5826384e+00
 -3.4366921e-01
 -4.0571240e-01
  1.9340606e-01
 -1.0492942e-01
  3.5957518e+00
  2.9299775e-01
 -4.5781996e-02
  1.4630917e+00
  3.5853078e+00
  7.1851802e+00
  1.5674129e+00
  1.2381202e+00
 -2.5150719e-01
 -3.2495111e-01
 -5.7952923e-01
  4.9335581e-01
 -1.8576308e+00
  8.6142194e-01
  2.0744824e+00
  2.2372017e+00
 -8.5954279e-01
 -1.8146208e-01
  2.2911088e+00
  1.3185953e-01
 -1.8859126e-01
 -5.1180154e-01
  6.4762795e-01
 -3.4285023e+00
  1.1940632e+00
 -4.5394543e-01
 -1.6636413e+00
  6.6457403e-01
  5.1071937e-03
  4.2900315e-01
  7.4739493e-02
  1.9156995e-01
  1.9762036e-01
 -2.5666540e+00
 -3.5825026e-01
 -4.2558551e-02
  1.3996180e+00
  2.7427590e-01
 -1.8089808e+00
  9.0182894e-01
  2.7677074e-01
  1.9126055e+00
 -3.8880232e-01
 -6.9623452e-01
 -2.7600598e+00
  1.8040022e-01
 -8.4107602e-01
 -2.1071281e-01
  3.1115660e-01
  6.9219047e-01
 -5.9905702e-01
 -1.3069074e+00
  6.0505217e-01
  7.3438966e-01
 -6.9158131e-01
  5.8164347e-02
  6.8645406e-01
  4.7499874e-01
 -1.4353027e+00
 -1.6681598e+00
  1.1299860e-01
 -1.6734359e-01
 -9.8609865e-01
  6.1252534e-01
 -2.1193159e+00
  1.0228370e+00
 -1.2913918e+00
  3.9029467e-01
  1.5728467e+00
 -2.7112591e+00
  1.2759153e+00
  2.6376514e-02
  2.9071096e-01
 -3.2552817e+00
  9.3090463e-01
 -4.7057012e-01
  2.6288748e-01
  3.1751305e-02
  9.2542267e-01
  4.7293645e-01
 -5.0859056e-02
 -2.4389046e-01
  4.3699139e-01
  8.7205619e-02
 -3.6442584e-01
  9.8817903e-01
 -8.5736126e-01
 -2.0584183e+00
  9.9984205e-01
 -5.1346202e+00
 -2.3867867e+00
  1.1507883e+00
 -2.2979870e-01
  1.3533845e+00
  1.5022551e+00
  2.0168328e+00
  3.2572681e-01
  1.8198876e+00
 -1.3235775e+00
 -1.9946334e-01
 -6.7217320e-02
  9.1759622e-01
  1.0564476e+00
 -3.6298534e-01
  3.7919295e+00
  7.7390313e-02
 -1.5294079e-01
  6.3829988e-01
 -4.1169015e-01
  2.1669717e+00
 -1.6953139e+00
 -5.5118471e-02
  1.3659879e+00
  3.7716222e+00
  1.5775599e-01
 -2.7133825e-01
  3.6768088e-01
  1.7669384e-01
 -2.7504981e-02
  5.8539706e-01
  6.8655014e-02
  2.1830799e-01
  2.4924335e-01
  1.4512385e+00
  3.8407567e-01
  2.6530367e-01
  2.2128570e-01
 -2.7512059e-01
  2.4671383e-01
  3.0846477e-01
  1.6840634e-01
  6.5600805e-02
 -1.7072764e-01
 -1.4219716e-03
 -7.1614599e-01
 -7.0295393e-02
  1.4941150e-01
 -4.4833401e-01
 -1.5022637e+00
 -6.2145782e-01
  3.3881793e+00
  5.7334417e-01
 -1.7855355e-01
  5.3183179e+00
 -1.6426510e+00
 -1.7207357e+00
  6.5871918e-01
 -9.5470995e-02
 -3.0813846e-01
 -1.7526057e+00
  1.4226063e-01
  1.3405195e+00
 -6.1676890e-01
  4.8065990e-02
 -8.4878618e-01
 -1.1979626e+00
  1.1717799e+00
 -3.5389802e-01
  3.5979118e+00
  3.1793040e-01
 -1.2772334e+00
 -1.0104708e-01
 -5.4987925e-01
 -1.1283123e-01
  1.3512588e+00
 -7.9509801e-01
  7.9232186e-01
  1.2971859e+00
  1.7555994e+00
  1.8726156e+00
  2.9730132e-01
  7.4107461e-02
  1.0070591e-01
  1.3900502e-01
  1.2890170e+00
 -8.8270193e-01
 -1.2841784e+00
 -2.8394559e-01
  1.3701406e+00
 -2.8116114e+00
 -1.4306948e+00
  1.2690601e+00
  8.5663301e-01
 -4.4821218e-01
  2.8915000e-01
 -9.6370518e-02
  7.9317637e-02
  3.8086477e-01
 -3.2481930e-01
  2.7930337e-01
  1.2440836e-01
 -4.3364944e+00
 -1.8237814e-01
 -2.1234825e+00
  2.6832440e-01
 -3.0236992e-01
 -5.3044915e-01
  3.3636522e+00
 -4.1988143e-01
 -2.8210189e+00
 -3.9710540e-02
  2.5747862e-01
  5.3820741e-01
 -1.9636311e-01
 -2.2626259e+00
  7.6556408e-01
 -3.6216929e+00
 -9.9907464e-01
  6.2342137e-01
  3.1166387e-01
  5.5898333e-01
  8.4633909e-02
 -4.1911694e-01
 -5.3151757e-01
  1.9939386e+00
  2.7734571e+00
  1.9706014e-01
  1.6978123e+00
 -4.9240425e-01
 -9.4621576e-02
 -1.0451372e+00
  2.9268247e-01
 -1.3659389e-02
  8.2806870e-02
 -3.3194566e-01
  4.7646127e+00
  8.5788888e-01
 -1.8654422e-01
 -3.7458235e-01
  4.7000808e-01
  2.6283112e-01
  5.9575230e-01
  1.2332482e-01
  7.4382704e-01
 -3.4172478e-01
 -3.8192164e-02
 -4.8203939e-01
  6.9381064e-01
  3.1028831e+00
 -6.9058096e-01
 -7.7154987e-02
 -1.9438893e-01
  2.2774994e+00
  6.4826622e+00
  1.4073405e+00
  3.3574420e-01
  9.9008548e-01
  8.8973445e-01
  1.0398427e+00
 -2.5703490e-01
  1.2633524e+00
  2.4707551e+00
  2.3642243e-01
  5.2015865e-01
 -1.2861162e+00
 -9.1250712e-01
  3.3267316e-01
 -5.6402576e-01
  7.6660849e-02
  2.5694498e-01
  3.7141623e+00
 -1.7119371e+00
  1.4348345e-01
  2.0626600e+00
  3.9420298e-01
 -4.6711783e+00
  1.2147319e+00
  8.2782435e-01
 -6.5156317e-01
 -9.6980315e-01
 -1.8631809e+00
  3.6119634e-01
 -3.7095954e+00
  1.4780134e+00
 -1.7819979e+00
  6.5055639e-01
 -1.2521194e-01
 -9.5976931e-01
  5.0076399e-02
  1.6067727e-01
  1.3283266e+00
  3.3856377e-01
 -7.2086960e-01
  5.5031986e+00
 -9.2772579e-01
 -5.7429767e-01
  5.6662357e-01
 -6.6395450e-01
  9.6564114e-01
  2.8749599e+00
  1.2955699e+00
  7.1277493e-01
 -5.5647850e-01
  6.4329034e-01
  3.4658238e-02
  5.0347197e-01
 -2.1357727e-01
  1.1496542e-01
  1.5053648e+00
 -5.8212930e-01
 -9.4243532e-01
 -1.6664647e+00
  2.0593743e+00
 -8.4923398e-01
 -9.2439520e-01
 -1.9520760e-01
  2.8092468e-01
 -2.1251154e+00
 -1.8192901e-01
  6.3113189e-01
 -2.6015073e-01
 -9.8988980e-01
 -7.8916502e-01
 -2.0547507e+00
 -5.2056921e-01
  1.2644618e+00
 -1.6533405e-02
  5.5751091e-01
 -3.9544636e-01
  5.8587089e+00
  1.7971056e+00
  6.7389393e-01
  7.6799142e-01
  9.8489273e-01
  3.6665550e-01
 -7.2266501e-01
 -1.4965677e+00
 -8.1450689e-01
  1.3820523e-01
  1.3480523e+00
  2.8314227e-01
 -8.1233305e-01
 -1.4382331e+00
 -1.9207959e-01
 -1.9992326e-01
  8.7053794e-01
  2.5841296e+00
  6.7316705e-01
 -3.0017376e-01
 -1.7907013e+00
  8.4780866e-01
 -2.6212025e-01
 -6.7950845e-01
  2.8603598e-01
 -3.3868630e+00
  2.0104401e+00
  2.6718714e+00
  2.2965877e-01
 -1.0025654e+00
 -7.4985361e-01
 -1.5843618e+00
  1.7456048e+00
 -1.6157504e+00
  1.4992845e-01
  3.5984898e-01
  3.9385423e-01
  2.4540901e+00
 -1.7559162e+00
 -1.6086904e+00
  5.0455874e-01
 -1.1224145e-01
 -1.9129068e-01
  6.8287724e-01
  2.4182298e+00
 -1.0520147e+00
  1.2245757e-02
  1.0117235e+00
 -1.1239474e-01
  1.0779289e-01
 -1.6877081e+00
  1.1450042e-01
 -4.8828626e-01
 -2.3465410e-01
 -4.3883756e-01
 -1.3057537e-01
  2.3305151e-01
  1.5910538e+00
  6.7211241e-02
 -1.1154641e+00
 -2.5404530e+00
 -8.6526209e-01
 -2.0267688e-01
  2.0434511e+00
  5.1849896e-01
 -8.8311499e-01
  1.6319352e-01
  1.2213073e+00
 -7.4182135e-01
  2.0215030e+00
  1.8818523e-01
  1.1305503e-02
 -5.5060081e+00
  1.2977871e+00
 -2.4145253e+00
  2.4610114e-01
 -1.3023205e-01
 -1.8176213e-01
 -4.2144898e-01
  1.0715473e-01
  3.6558938e-01
 -4.1771594e-01
  9.3234032e-01
 -5.7478720e-01
  2.1024139e+00
 -1.0622053e+00
 -5.1663656e-02
 -5.0376332e-01
 -2.0335343e+00
  1.5464642e+00
  4.4082966e-01
  2.3453417e+00
  1.2755364e+00
 -3.4202495e-01
  9.1644019e-01
 -1.0521612e-01
 -7.9792112e-01
 -8.6760223e-01
  1.1014929e+00
  2.3764384e-01
 -1.2341250e+00
 -3.8610622e-01
 -3.8523898e-01
 -1.9209082e+00
  8.9866066e-01
 -1.2862859e+00
 -5.4422396e-01
  1.3771015e+00
 -1.6148156e-01
 -5.8412213e+00
 -2.5249984e+00
  7.8464782e-01
 -1.2612348e+00
 -9.7181916e-01
  2.3708141e+00
 -1.0315340e+00
 -2.1321005e-01
  4.4738898e-01
 -3.4039521e-01
  2.4340217e+00
  2.1473043e-01
  2.1752021e-01
  1.1036910e-01
  1.6081828e+00
 -5.5156972e-02
 -5.7602644e-01
  1.3147194e+00
 -3.0940723e-01
 -2.0767324e-01
  9.0539623e-03
 -1.8360665e+00
  5.4492924e-02
 -1.4913087e+00
  3.3899662e+00
  1.5573540e+00
  7.0339710e-01
 -2.7885339e-01
 -3.4454417e-01
  2.7889013e-01
 -4.4831431e-01
  7.4883872e-01
 -1.9435474e+00
 -2.5381646e-01
  1.0994018e+00
 -6.2763107e-01
 -1.5451840e-01
 -2.0622484e-01
  1.1685313e+00
 -9.0591949e-01
  5.4336607e-01
 -7.0525312e+00
  6.1823523e-01
 -4.8077241e-01
  9.3872422e-01
  1.9891363e-01
 -5.7181942e-01
  2.0215312e-01
  4.6929064e+00
 -1.9896595e+00
 -1.5000901e+00
 -3.2934566e+00
  3.0396128e-01
  1.0997916e+00
  2.8398183e-01
 -8.1965979e-03
 -7.8036958e-01
  5.8286291e-01
  4.4940010e-01
 -1.0288517e+00
  1.7675850e-01
 -7.5743943e-01
 -1.0006860e+00
  1.2460544e+00
 -3.4190586e-01
 -3.9042473e-02
 -3.5431445e-01
  1.0376143e-01
  1.5989493e-01
  1.2855724e+00
 -1.1581825e+00
 -1.5559129e-01
 -1.8318458e+00
 -6.8001258e-01
 -4.3973985e-01
  4.0973574e-01
 -1.9555836e+00
 -8.8824612e-01
  1.6753367e-01
 -5.2546632e-01
  2.0197567e-01
  1.2555309e-01
 -6.1905926e-01
 -1.1380879e+00
 -2.1290286e+00
 -4.9647251e-01
  5.2489227e-01
  4.9227783e-01
 -5.7926476e-01
 -1.0409558e+00
 -1.0348045e+00
  1.0673255e-01
  1.7184409e+00
 -4.0507507e-01
 -7.0206660e-01
 -3.4118614e-01
  9.0852559e-01
  1.2913145e+00
  3.6835968e-02
 -1.9691322e+00
 -2.0499479e-02
  1.4355361e-02
 -6.9213587e-01
 -1.3667312e-01
  2.2607470e+00
 -5.0421286e-01
 -1.3672446e+00
  2.9976454e-01
 -3.2839027e-01
 -2.0211540e-01
 -1.8892429e+00
 -1.5958659e-02
  1.5477555e-01
 -9.2689604e-01
  3.6252657e-01
  1.3434416e-01
 -3.5784204e-02
 -8.9140075e-01
  7.4870354e-01
  1.4062048e-01
 -1.3570424e+00
  3.3176988e-01
  1.5840485e+00
 -4.4292882e-01
  3.7802846e+00
  2.5772065e-01
  5.1898374e-03
  1.7853644e+00
 -1.8429211e+00
  8.9893863e-02
 -7.7736622e-01
  4.2798191e-01
 -1.8025801e+00
 -4.4091058e+00
 -1.2679418e+00
  1.0827276e-01
  1.6810682e-01
  6.4252996e-01
 -8.6171746e-02
 -2.1229042e-01
 -2.8159907e-01
  1.1284342e-01
  3.8180792e-01
 -2.5184050e-01
  2.8267117e-02
 -6.8708783e-01
 -4.5455277e-01
 -9.1667747e-01
  2.5383574e-01
 -2.4540456e-01
 -4.2708543e-01
 -4.3227491e-01
  3.9720468e-02
 -2.0900367e-01
 -1.1397986e+00
 -9.8635733e-01
 -2.0493390e-01
 -1.8209521e+00
 -2.5499362e-01
  3.1488314e-01
  1.0440945e-01
  6.0713470e-01
  1.1251680e+00
  2.7502313e+00
  3.4751573e-01
 -1.0275224e-01
  2.7034894e-01
 -1.5019224e+00
 -8.7410226e-02
 -1.5549728e+00
  7.1497005e-01
  4.0152888e+00
 -1.6342329e+00
  2.8350914e-01
 -1.1756442e+00
  1.5671393e+00
  1.9473233e+00
  1.0274463e+00
  7.9074901e-01
 -1.3206019e-01
  2.1919074e+00
 -2.5785897e+00
 -1.8540746e-01
 -1.1364042e+00
  3.0403006e+00
  1.3232727e+00
  7.9465741e-01
  1.6341150e+00
  2.0437305e-01
  8.2235441e-02
 -9.6962661e-01
  2.8038514e+00
  3.7755069e-01
  1.2638281e-01
  2.3285458e+00
  2.7846713e+00
  3.1556159e-02
 -1.0558999e+00
  3.0548694e+00
  1.1474423e+00
  4.3858084e-01
 -8.2464743e-01
 -4.2007632e+00
  6.4655226e-01
  6.2464553e-01
 -2.8815874e-01
  5.4228876e-02
 -3.2458469e-01
 -5.7337689e-01
 -5.9217936e-01
  1.2377791e+00
  5.6687444e-01
 -1.6257942e+00
  1.4334986e-03
 -2.1828103e-01
 -1.1961648e-01
  1.3090056e+00
 -1.1600807e+00
 -1.2280430e+00
  8.4220834e-02
  1.2049183e+00
  1.7988309e-01
 -2.2593296e-01
  8.5897273e-01
  1.4656117e-02
 -1.2491502e+00
  1.9750865e+00
 -1.2431312e+00
  9.2660904e-01
 -2.0036731e+00
  2.0749514e-01
  3.2151580e-01
 -2.8495902e-01
 -8.3627868e-01
 -2.3809241e-01
 -4.8668388e-01
  4.8114881e-01
  6.1870438e-01
 -2.9691961e+00
 -2.7241912e-01
 -1.7959179e+00
  2.6361091e+00
 -1.7889240e+00
 -1.7669212e+00
 -1.2250966e+00
 -2.1051052e-01
  7.3886418e-01
 -4.8610815e-01
 -2.1907358e+00
  1.4832881e-01
 -1.3403411e+00
 -8.4170526e-01
  4.0103549e-01
 -5.4419988e-01
  8.2695323e-01
 -1.1476717e+00
  1.9977927e+00
 -1.4731873e+00
 -9.2734504e-01
 -5.0396144e-01
 -7.5135303e-01
  2.6037964e-01
 -8.0332208e-01
  1.9230540e+00
 -2.8293836e-01
  4.6590754e-01
 -1.0284425e+00
  3.1668913e-01
 -1.5321246e+00
 -8.3796906e-01
  8.1342643e-01
 -8.6174625e-01
 -2.7695340e-01
  9.1062862e-01
 -9.2176425e-01
 -1.9550391e-01
 -1.1288622e-01
 -2.7770171e-01
 -4.2218003e-01
 -1.0881796e+00
 -2.2147100e+00
 -8.7188435e-01
  2.4256122e-01
  1.5433902e-01
  4.3175216e+00
 -4.8588729e-01
  5.0929314e-01
 -1.6110998e+00
 -9.0563685e-02
 -9.3804199e-01
  1.0614402e+00
 -3.1024373e+00
  1.1036135e-01
  8.3098269e-01
 -8.2289362e-01
 -2.7054557e-01
  1.2215482e+00
 -3.1606993e-01
  7.7351677e-01
  5.5053240e-01
  9.5809120e-01
  1.0547042e+00
  6.4736468e-01
 -4.9959149e+00
  4.4774351e-01
 -3.8646899e-02
  8.6374827e-02
  3.2394141e-01
  1.8877411e-01
 -4.1482118e-01
  8.1959836e-02
  2.7879670e-01
  1.2968615e+00
  2.0762517e+00
 -5.5576068e-01
  5.9017408e-01
 -1.4342500e+00
 -1.6640089e+00
  3.3291918e-01
  1.7327060e-01
  6.7655212e-01
  4.1940646e+00
 -5.0965214e+00
  1.0619937e+00
  1.1291579e-02
 -6.7417793e+00
 -7.5790888e-01
 -1.3887846e+00
 -2.9041610e+00
  8.7846982e-01
 -2.2240472e+00
  1.9371329e-01
 -1.3992059e+00
 -1.1311942e-01
 -1.4786091e-01
  3.1139728e-01
 -2.7984793e+00
  2.7086896e-01
  6.3651425e-01
  1.3467822e+00
  4.5698112e-01
 -5.4226071e-01
 -1.8442936e-01
  9.4673169e-01
 -1.0042257e+00
 -1.0169379e+00
 -2.6744735e-01
 -1.3387818e+00
  5.2851707e-01
  1.7730460e-01
  2.3290147e-01
  3.9051786e-01
  2.6332970e+00
  5.1387072e-01
  1.2847631e+00
  2.1772832e-01
  7.2633100e-01
  6.5745311e+00
  2.1911225e-01
  1.0634772e-01
 -2.7879533e-01
  7.6230294e-01
 -2.5450704e-01
 -2.1146927e+00
  5.1440943e-02
 -6.6604120e-01
 -5.2973533e-01
 -3.6608934e-01
 -1.1966821e+00
 -8.2300049e-01
 -8.7828410e-01
  1.5308897e+00
  1.9503160e+00
  1.6630039e+00
 -1.0864956e+00
 -5.3356308e-01
  5.3611851e-01
 -7.4094129e-03
 -5.8684647e-01
 -9.4603203e-02
 -1.6590499e+00
  1.2727442e-01
  1.6395044e+00
  3.7051044e+00
 -9.9467874e-02
  1.4437675e-01
  1.3994792e-01
 -2.8551030e+00
  3.5475162e-01
  2.5502288e-01
 -1.0158265e+00
 -3.2557359e+00
  2.6707962e-01
  5.4797333e-01
  2.0554163e+00
  1.0211931e+00
  1.3735515e-01
 -3.1128645e-01
  2.7031764e-01
  1.4363556e-01
  3.4725103e+00
  3.1510392e-01
 -9.6927190e-01
  9.5263433e-01
  6.0610786e-02
  1.1236994e-01
 -5.0624597e-01
  5.9627728e+00
 -8.0868202e-01
  3.2617378e-01
 -5.1045907e-01
  7.9798943e-01
  1.1374998e+00
 -1.1386048e+00
 -8.7649357e-01
 -6.4643854e-01
  1.9947608e+00
  6.7140144e-01
 -1.2430335e-02
 -4.4639856e-02
 -1.0588092e+00
 -9.3128616e-01
  6.9740921e-01
  1.3448905e+00
  1.0020120e-01
  2.1243057e+00
 -7.1630172e-02
  1.1796576e+00
 -1.6482754e+00
 -3.3013823e+00
  6.5826017e-01
  7.1045613e-01
  9.2740917e-01
  1.4137665e+00
 -9.3461072e-01
 -2.0689518e+00
 -7.4512446e-01
 -7.4656498e-01
 -1.9622420e-01
  5.0001764e-01
  1.5993284e-01
  8.3516341e-01
  7.4386048e-01
 -9.7534075e-02
  1.1319112e-01
  9.3219709e-01
 -2.5958562e-01
 -2.5786263e-01
 -7.5105691e-01
  3.8859487e-01
 -4.7407258e-01
 -1.9784218e-02
  5.8361124e-02
  3.6767420e-01
 -3.7025595e-01
  9.4084781e-01
  9.4971126e-01
 -2.4257086e-01
 -1.5283035e+00
  3.5120741e-02
 -4.5843866e-01
 -1.4685475e+00
 -6.0348278e-01
 -4.1051832e-01
 -5.4199320e-01
  1.4520276e+00
 -2.4647167e+00
 -2.0846295e+00
  8.3270550e-01
 -2.8899485e-01
  1.0780116e-01
  2.1418883e-01
 -3.6371440e-01
 -1.3699047e-01
  6.1011150e-02
 -6.0809553e-01
  8.7779321e-02
 -1.2077453e+00
  2.2748218e+00
  7.2716212e-01
 -3.7865171e-01
  4.8727921e-01
  4.7189131e-01
  3.1425622e-01
 -2.1844997e+00
  2.3931341e-01
 -1.5437688e+00
 -4.2680353e-01
  2.1991768e-01
 -2.9427457e-01
 -1.0877202e+00
 -9.3754649e-01
  7.6807088e-01
 -4.5625797e-01
 -1.0625999e+00
  7.9033710e-02
 -2.2122054e+00
 -3.7397075e+00
  1.2962270e-01
  1.3791116e-02
 -2.2268443e+00
 -1.8078442e+00
 -1.1133436e+00
  1.8962551e-03
 -4.2802069e-01
  4.1933024e-01
  3.1234737e-02
 -1.3161569e+00
 -2.9805467e-01
 -1.1469569e+00
  1.0802064e+00
  1.7663853e-02
 -3.2835665e-01
 -9.7455305e-01
 -2.3015343e-01
  4.5348880e-01
  1.8678401e-01
 -7.8017771e-02
 -1.3993332e+00
  2.2380987e-01
  4.1553300e-02
  7.3183203e-01
 -2.7127109e-02
  7.8596586e-01
  1.2110697e+00
  1.6223797e+00
  7.4091744e-01
 -8.0857314e-03
 -1.3778451e-01
  6.9340801e-01
  4.1836597e-02
  1.7024226e-01
 -2.8761670e-01
 -6.3115042e-01
  7.1455434e-02
  2.2452495e-01
 -1.7398382e-02
 -3.7220913e-01
  6.8494999e-01
 -3.1965467e-01
  1.3921610e+00
 -2.6453488e+00
  2.7683291e-01
 -3.5167909e-01
 -2.7562165e+00
  2.1678519e-01
 -3.8465297e-01
 -2.0315167e-01
 -4.7179945e-03
 -1.0916042e+00
  1.3825165e+00
  1.1422528e+00
 -3.7409532e-01
 -1.1815839e+00
 -1.2256517e+00
 -2.5323856e-01
 -4.6725976e-01
 -3.8169822e-01
 -3.9858079e-01
 -5.6602317e-01
 -1.4198859e-01
  3.5993891e+00
 -7.2921717e-01
 -1.0081978e+00
 -6.3040048e-01
 -2.2142734e-01
 -1.0463927e-01
 -6.1751229e-01
 -1.3897320e+00
  2.1876240e-01
  2.6377635e+00
 -1.1660612e+00
 -4.5190297e-02
  1.9291886e+00
  1.1285038e+00
  2.2694513e-01
  1.0636219e+00
 -3.4156151e-02
 -2.1481730e-01
 -8.5478920e-01
 -2.1420769e-01
  1.5669333e+00
  8.3715767e-01
  1.0852021e+00
  1.2370549e+00
 -2.8207824e-01
 -1.4901647e-01
  1.3214869e+00
 -2.7615314e+00
 -5.5050421e-01
 -2.9085267e-01
 -3.2022348e-01
 -1.1557367e-01
  5.6842369e-01
  1.3572979e+00
 -9.7836441e-01
 -2.2969410e+00
  1.5618568e-03
 -3.2031170e-01
  1.9542919e+00
 -2.5301638e+00
 -7.8699595e-01
  9.9995323e-02
  7.7994847e-01
  4.8705846e-01
  1.1762043e+00
  1.8642376e-01
 -3.7833397e+00
  7.3246181e-02
  1.0013808e-01
  2.8105029e-01
 -6.3117375e-03
  1.6849854e+00
 -2.6938087e-01
  2.0186174e+00
  1.6295933e+00
  6.8070459e-01
  4.1091934e-01
  4.5109472e+00
 -9.5878434e-01
 -1.7161142e+00
 -2.4000008e-03
 -1.7952764e-01
 -1.6272970e-01
 -1.7809079e+00
  1.0203052e+00
 -1.2487810e-01
 -3.5332563e+00
 -8.3592093e-01
  7.0296723e-01
 -3.4778735e-01
  6.1261499e-01
  2.0758240e+00
 -5.6014407e-01
  4.9756017e-02
  7.2591245e-01
 -7.0734344e-02
  1.1664984e+00
 -7.0468351e-02
 -2.4157983e-01
 -1.6023678e-01
 -7.1498710e-01
  1.7515175e+00
 -2.5851853e+00
  2.1534328e+00
  5.6365929e+00
 -1.4455909e-01
 -9.1106161e-02
 -5.8896446e-01
  3.9261904e-01
  1.0045207e+00
  4.7349784e-01
 -1.2866437e-01
  6.1267906e-01
  8.5427046e-02
  5.2896708e-01
  2.4971883e-01
 -3.3420011e-01
  2.7888145e-02
 -8.6827087e-01
 -4.0036350e-01
  1.0073249e+00
  3.8715264e-01
 -9.6391344e-01
 -4.2085372e-02
 -2.1969970e-01
 -5.4186428e-01
  4.0901747e-01
 -7.4794477e-01
 -7.5035506e-01
  2.4857850e-01
  6.6018492e-01
 -1.1460156e+00
  6.9838300e-02
 -3.9743510e-01
  9.4129080e-01
  2.8016005e+00
 -9.4543464e-02
 -4.4408733e-01
 -8.6812669e-01
  5.2944475e-01
 -2.1463606e-01
 -9.6626955e-01
  6.4038837e-01
  3.1938222e-01
  7.1315134e-01
 -6.2639505e-01
  9.7510511e-01
 -6.7848034e-02
 -3.5760832e+00
 -1.5267497e-01
  1.5149759e-01
  1.0946399e+00
 -1.0788920e+00
  7.1712357e-01
 -2.5556965e+00
  1.7984737e+00
  8.7078393e-01
  9.1128892e-01
  1.1024406e+00
 -5.9270453e-01
  9.7032601e-01
  2.9257327e-01
 -6.6994405e-01
  1.4401234e+00
 -2.1984117e+00
 -3.7155762e-01
 -1.9836448e-01
  1.0170475e-01
 -2.7633744e-01
 -1.2480880e+00
 -6.9544047e-01
  1.4201738e-01
  7.4000770e-01
 -8.1086755e-01
  2.8781021e+00
  1.6287818e+00
 -4.3443966e-01
 -1.6939236e-01
 -4.5216140e-01
  8.6191571e-01
 -2.4862278e+00
 -4.2317021e-01
  4.3063831e+00
  3.0836916e+00
 -7.5084782e-01
  3.9349686e-02
 -1.6537477e-01
 -2.8346387e-01
 -1.2315872e+00
 -1.0522281e+00
  6.8355477e-01
 -7.8362191e-01
  1.2032207e+00
 -6.4737958e-01
  3.2381243e-01
 -5.8194673e-01
 -1.1592358e-01
  3.3518043e+00
  1.2172738e+00
 -3.8111642e-01
 -4.0454268e-01
 -3.2669318e-01
  3.2998496e-01
  1.0174408e-02
 -2.2259764e-01
  5.5452770e-01
  3.1856711e+00
 -2.5573266e-01
  2.7489927e-01
  1.1835667e-01
 -4.5497006e-01
 -2.2524142e-01
  7.4317747e-01
 -4.6617073e-01
  2.8207159e-01
  4.6648988e-01
  5.6559139e-01
 -1.1782837e+00
  3.2007980e-01
  1.2091485e+00
 -7.6231852e-02
 -7.6960886e-01
  6.6054207e-01
 -3.2024777e-01
  1.2268047e+00
 -8.1738907e-01
  5.8425194e-01
  6.9517928e-01
  7.8530004e-03
  4.6000484e-01
  8.5600615e-03
 -1.0662589e+00
 -1.5025647e-01
  2.6842928e-01
 -6.8721437e-01
  8.5162383e-01
 -2.6052797e-01
 -4.6668622e-01
 -2.7982813e-01
  2.2312468e-01
  2.7985936e-01
 -3.6780438e-01
 -4.8637480e-02
  1.5077493e+00
 -3.0782694e-01
  1.0416859e-01
 -5.8230454e-01
  1.0950427e+00
  4.6718726e-01
 -6.9741219e-01
 -1.3867445e+00
  7.1432471e-01
 -1.0808762e+00
  2.1332815e+00
 -2.4887035e+00
  8.6468285e-01
 -3.5123491e+00
  5.4790896e-01
  9.7658616e-01
  5.3171396e-01
 -5.3609377e-01
  1.0717725e+00
  4.4145924e-01
  8.4039122e-02
 -4.4221821e-01
 -3.9562508e-01
 -4.4058013e-01
 -2.6317245e-01
 -3.0317521e+00
 -3.5721684e-01
  9.0758927e-02
 -1.6625182e-01
  3.2132056e-01
  1.6776825e+00
 -8.4289365e-02
 -4.2716983e-01
 -8.1174695e-01
  4.8477259e-01
 -1.2848701e-01
 -1.5415129e-01
 -7.1477836e-01
 -1.5732616e+00
  6.4987123e-02
  2.3836705e-01
 -6.2256151e-01
  1.6565871e+00
  2.2627065e-01
  3.2660809e-01
 -2.8048536e-01
 -3.8393655e-01
 -4.2744476e-01
 -5.2989924e-01
 -3.0780500e-02
 -3.2081386e-01
 -2.8322585e+00
  2.8000090e-01
  1.3441573e-02
 -1.5126929e-01
  1.2188869e+00
 -2.6842791e-01
  2.8791876e+00
 -6.9240671e-01
 -7.8893077e-01
  3.3123698e+00
  5.1314569e-01
 -3.3867767e+00
  1.8446681e+00
  5.0643778e+00
  7.1918023e-01
  8.2218921e-01
 -5.5619091e-02
  1.2215111e+00
  6.3543622e-03
  1.0931695e+00
 -1.2326436e+00
  5.5264000e-02
 -4.0270820e-01
  2.6716070e+00
  6.8440340e-02
  1.4561155e-01
  1.2709632e+00
  4.0805039e+00
  3.1055218e-01
 -1.0479205e+00
  1.9221775e-01
  4.3482059e-01
  1.4920450e+00
  6.0804483e-02
  2.0252318e+00
  5.3009135e-01
 -1.3817821e+00
 -2.3207874e+00
  1.7515786e-01
 -1.6982945e+00
  4.4289801e-01
 -1.5964838e+00
  4.0171221e-01
  1.9252168e-01
 -2.2634676e+00
  1.4939678e+00
  4.4248791e+00
 -1.1995757e+00
  6.4409286e-01
 -2.8507563e-01
  2.8437560e+00
  1.7606423e+00
  2.2621534e+00
 -1.9929179e+00
  2.0824614e+00
  1.8041927e+00
 -4.3787327e+00
  1.8543020e+00
 -1.4919140e+00
 -2.0678546e+00
 -6.2975788e-01
  4.6573391e+00
  1.3998194e+00
 -1.6003206e+00
 -1.8565179e+00
  1.2749519e+00
 -1.0964569e+00
  2.6919086e+00
  2.4298871e+00
  2.1291876e+00
  4.6368104e-01
 -1.6300635e-02
  1.4603077e+00
  4.0582350e-01
  2.6427746e+00
 -2.7463050e+00
 -1.1099427e+00
 -1.3403496e+00
 -2.4545427e-02
  1.2833123e+00
 -1.3947270e+00
 -2.5287732e-01
  2.6846290e+00
 -2.4033084e+00
  9.1284037e-01
 -8.1511372e-01
  3.5333793e+00
  9.8667282e-01
  6.1559043e+00
 -4.1217442e+00
 -2.7766459e+00
 -2.6622891e+00
 -3.4993479e+00
  1.5901880e+00
 -2.7743618e+00
  7.9936755e-01
  3.9115913e+00
  6.2946975e-02
  3.2303262e-01
 -1.4374799e+00
  2.3918009e+00
 -8.5365176e-01
  3.5429502e+00
 -1.7134329e+00
  1.8114405e+00
  2.7247179e-01
  3.8051414e-01
 -3.3383751e+00
  1.5457911e+00
  3.9323455e-01
 -1.6234164e+00
 -9.7288001e-01
 -2.9109843e+00
 -2.1545142e-01
 -2.7265627e+00
 -4.8167543e+00
  2.5306475e+00
 -2.8355980e+00
 -6.7761952e-01
  9.8401135e-01
  4.7026024e+00
  2.5781307e+00
 -2.6426065e+00
 -8.8133425e-02
 -1.0188820e+00
  1.5376956e+00
 -2.3505640e+00
  5.0705604e-02
  2.5619717e+00
  2.8354774e+00
 -1.0278986e+00
  1.5004600e+00
  3.5315835e-01
  2.3278229e+00
  1.4218725e+00
 -2.9384518e-01
 -8.3031967e-02
 -5.6883335e-01
 -8.6008769e-01
  3.0663581e+00
  2.4658868e+00
  2.6419249e+00
 -3.2256684e-01
  2.6336884e+00
  2.0616736e-01
  8.9273030e-01
  1.7971495e-01
  6.3448930e-01
 -3.0361709e-01
 -2.1222069e+00
 -4.9949622e-01
  1.2299966e+00
  7.8278691e-01
  1.4515078e-01
 -1.5455580e+00
  1.1108174e+00
  1.1521549e+00
  2.8007360e+00
  1.3867796e-02
 -1.8257625e-01
  3.0623605e+00
 -3.9662457e-01
 -7.4583866e-02
 -8.1622058e-01
 -9.2690653e-01
  1.2549016e+00
  5.8108139e-01
  5.5202329e-01
  1.3033009e-01
 -6.7159289e-01
 -4.0362942e-01
  2.6751503e-01
  1.9269286e+00
  1.5277978e+00
  1.8982823e+00
 -2.3315320e+00
  5.2940893e-01
 -2.5145772e+00
 -3.4321830e-01
 -2.3661169e-01
  9.7403759e-01
  7.3011988e-01
  1.8765198e-01
  3.3185174e+00
  5.8112520e-01
 -3.3019838e-01
  3.1867081e-01
 -1.1637061e+00
  9.9431626e-02
 -1.0603176e+00
  1.1252834e+00
 -6.2928724e-01
 -1.1717187e+00
 -1.7053120e-01
  1.5612923e+00
 -7.2831249e-01
  7.2983992e-01
 -7.9369259e-01
  1.2382013e+00
  1.6126114e-01
 -1.5198488e+00
 -2.0284414e-01
 -5.1869065e-01
  2.6115431e-02
 -3.3122370e-01
 -1.9428414e+00
  5.8288980e+00
 -1.0081632e+00
  7.2744536e-01
  3.8753086e-01
  3.3960466e+00
  2.4978790e+00
  2.3589610e-01
  3.1780906e+00
 -2.4317605e+00
 -8.3985388e-01
 -2.3590212e+00
  3.8605578e+00
  4.6534920e-01
 -4.2134899e-01
  2.3721824e+00
 -1.3632092e-01
  3.3939683e-01
 -2.7821403e-02
 -5.7368654e-01
  3.4313681e+00
 -2.2146104e-01
 -1.6965069e-02
  7.5650609e-01
  7.5672731e-02
  7.8707969e-01
  2.2930254e-01
 -7.4166864e-02
  7.7967495e-01
  1.2252791e-01
 -2.8908604e-01
  4.3663386e-01
  9.5700584e-02
  1.5643930e+00
 -1.6179751e+00
  6.9634825e-01
 -1.0429388e+00
 -7.6600081e-01
  1.4777040e+00
 -3.0872902e-01
 -1.8027111e+00
 -1.5951562e-01
 -1.1014801e+00
 -2.2071578e-01
  1.8457367e-01
 -5.8508098e-01
 -5.8409131e-01
 -9.1167939e-01
  2.2494996e-01
 -2.3374191e-01
  2.7730274e-01
  4.8490796e+00
 -7.6742798e-02
  5.1291559e-02
  1.5891217e-01
 -5.6190038e+00
  2.9461827e+00
  7.2812641e-01
 -5.6129825e-01
  1.5097889e-02
  2.3853844e-01
 -3.9393723e-01
 -5.5145931e-01
 -7.7365839e-01
  1.1189598e-01
 -4.6429262e-01
  1.7144050e-01
 -1.5660912e+00
  8.0750352e-01
 -3.7152207e-01
 -8.7871510e-01
 -5.3999305e-01
  1.1180204e-01
  1.6362857e+00
 -5.7929248e-01
 -3.6520708e-01
 -1.9256091e-01
 -5.0093597e-01
  4.0565032e-01
 -3.2566493e+00
  2.2782314e-01
  2.6466386e+00
 -3.6906296e-01
  6.0315895e-01
 -8.4446609e-01
  2.3529074e-01
 -9.1086286e-01
  8.8440217e-02
 -4.8865858e-01
  3.1635875e-01
  1.3841051e+00
  3.1071499e-01
 -1.4264048e+00
  7.4150109e-01
  5.8051127e-01
  1.4168419e+00
 -8.5215366e-01
  7.9126316e-01
  2.3212765e-01
  1.0969360e-01
 -6.6921157e-01
  6.4339113e-01
 -2.2178555e+00
  1.6755594e+00
 -3.3147770e-01
  4.4929454e-01
 -1.4517069e-01
  1.0707254e+00
  7.3756385e-01
  3.0361421e-02
  5.0174467e-02
 -2.2319341e+00
 -5.4120749e-01
  1.2844691e+00
 -8.5464895e-02
  5.7430315e-01
 -3.3642077e+00
 -3.1620017e-01
 -3.5224956e-01
 -7.8120941e-01
 -5.2215683e-01
 -5.3284366e-02
 -1.7393690e+00
 -5.0948322e-01
 -1.4352386e+00
 -2.1548049e+00
  5.8391166e-01
  3.3374321e-01
 -6.3348658e-02
 -2.7022377e-01
  6.7703855e-01
  1.6635500e+00
 -4.7641146e-01
  3.3834255e-01
 -1.2193222e-01
 -6.8463005e-02
 -1.5156297e-01
  8.5961580e-01
 -5.1340457e-02
  2.2870456e-01
  4.5271644e-01
 -1.0430938e+00
 -1.3059889e-01
  2.5671491e-01
 -2.7314854e-01
 -1.2616709e+00
 -5.2962750e-01
 -1.8111939e+00
 -1.5550183e+00
  2.2397302e-01
 -6.1688137e-01
  2.8583698e-02
 -5.6595240e-02
 -6.1626500e-01
 -9.2686647e-01
  1.2183369e-01
  1.4336558e-01
 -3.2635087e-01
 -4.3770933e-01
 -8.5234717e-02
 -1.2134510e+00
 -1.2802818e+00
  6.8984890e-01
 -8.3902347e-01
 -8.4917796e-01
 -9.8111950e-02
  2.2745541e-01
 -1.7674010e+00
 -3.4382161e-01
  2.4935198e+00
  2.1280153e-01
  2.6644266e+00
 -9.5780250e-03
 -3.0929930e+00
  1.0493402e+00
  4.2854894e-02
  3.7532911e-02
  2.9246690e+00
  3.1428385e+00
  5.3546011e-01
  5.9113932e-01
 -1.9533688e+00
  1.4837945e-01
  2.5528421e+00
  8.1030726e-01
  3.2208726e-01
 -2.0094389e-01
  1.7453547e+00
  3.0426896e-01
 -1.1567385e+00
  9.9937856e-01
  2.8176532e+00
  4.5799966e+00
  1.2707345e+00
 -8.1157245e-02
  2.0916986e+00
  3.8612589e-02
 -3.6095592e-01
 -3.3697671e-01
 -6.3629931e-01
 -1.6324403e-02
  9.8032765e-02
  2.4708159e-02
  4.6178389e-02
 -1.4748570e+00
 -5.2901918e-01
  4.3697655e-01
  6.9696021e-01
  1.9324285e-01
 -4.7268209e-01
  4.8250389e-01
 -4.0992188e+00
  1.2040892e-01
  3.7663655e+00
 -2.3679619e-01
  1.2332076e+00
  3.2160435e+00
  7.4260241e-01
 -1.9380310e-01
  2.5195864e-01
 -5.0296372e-01
 -1.2790404e-01
 -1.6417162e-02
  2.3621021e-01
 -1.0864772e+00
 -5.4498726e-01
 -4.1884975e+00
 -2.2793336e-01
 -2.3222979e-02
  4.4642606e-01
  2.5318938e-01
 -1.1358914e+00
  5.9092927e-01
  7.9419285e-02
  2.7198049e-01
  2.6541341e-02
 -2.0416483e-01
  1.6845123e+00
 -7.5232171e-02
 -4.5897264e+00
 -6.1741728e-01
 -8.1422389e-01
  3.6940258e-02
 -4.9591808e+00
 -4.6659836e-01
  1.1673874e+00
  5.7570422e-01
  1.0056596e+00
  3.0786600e+00
  1.2274330e+00
 -1.3450038e+00
  1.2134736e-01
  4.4833560e-02
 -6.2565804e-01
  8.2178962e-01
  1.6215487e-01
 -2.9856756e+00
  1.5044938e+00
 -2.9965723e-01
  3.4534734e-01
 -1.6034075e+00
 -5.6971383e-01
  1.2922111e+00
  3.2245512e+00
  2.6940658e+00
 -3.2257518e-01
 -3.3624930e+00
 -1.8090367e-01
 -1.7811695e+00
  4.6678361e-01
  2.4547578e-01
 -4.1072705e-01
  5.7699818e-02
  6.8800616e-01
 -3.3556137e+00
 -2.2179987e-01
  1.6600417e+00
  1.4815466e+00
  7.4136853e-02
  4.7201175e-02
  5.1974729e-03
  2.2398775e+00
 -1.9772040e+00
  1.7624503e-02
 -1.9785307e-01
  6.6188091e-01
 -2.9382741e-01
  1.7349771e-01
 -2.1514718e-01
 -2.4781425e-01
 -1.2080126e+00
 -1.0224180e+00
  4.9876055e-01
 -1.7793024e-01
 -5.2044237e-01
 -5.1473743e-01
 -9.3451005e-01
 -1.9799659e-02
  2.7245931e-02
  1.7697929e-01
  8.2902741e-01
  3.5425478e-01
  2.3101236e-01
  5.5333638e-01
 -1.6579194e-01
 -4.7968850e-01
 -8.5580796e-02
  1.2869360e+00
 -9.6083605e-01
 -4.6288395e+00
 -1.1063704e+00
  7.4221265e-01
  8.8562975e+00
 -3.1000271e+00
 -8.1239603e-02
 -1.5478513e+00
  5.2029872e+00
 -9.0399392e-02
 -9.2950627e-02
  1.8745465e+00
  6.4983763e-02
 -1.1608893e-01
  1.4930978e-01
 -1.1072904e+00
 -3.6004198e-01
  2.1197999e+00
  5.8931746e-02
  5.3184462e-01
  1.5632266e+00
 -2.2091764e-01
  6.4870095e-01
 -2.7183504e+00
 -1.2919775e+00
 -7.1347857e-01
  2.3148766e-02
  3.4747683e-04
  1.2915351e+00
 -2.5248927e-01
  1.3348546e+00
 -1.6072441e+00
  1.1072848e-01
 -6.6866085e-02
 -6.1455256e-01
 -3.7189469e-01
  1.0728867e+00
 -3.1402224e-01
  5.1675832e-01
 -8.5619792e-02
  1.1036991e-01
 -5.8961315e+00
 -7.6191562e-01
  1.3364401e-01
 -1.7932210e+00
 -1.3622111e-01
 -1.6635659e+00
 -4.1562673e-01
  1.5592027e-02
  3.1052387e-01
 -7.2803050e-01
  1.0898126e+00
 -2.8595576e-01
  3.5286009e-01
  9.3818270e-02
  9.7594494e-01
  5.2426237e-01
 -1.4071590e+00
  1.2824438e+00
 -5.3121371e-04
 -1.5766855e+00
 -3.4324798e-01
 -6.3376230e-01
 -9.3241429e-01
 -3.9413694e-01
  2.7645072e-01
  6.5753758e-01
 -2.5643033e-01
 -1.8722400e-01
  1.2342811e-01
 -8.5932605e-02
 -1.6212074e-02
  6.3341767e-01
 -9.6449870e-01
 -5.4876760e-02
  7.0257854e-01
 -9.7199492e-02
 -1.8412735e-01
  1.1531281e+00
 -4.0203297e-01
  2.1200445e+00
 -5.2799338e-01
 -1.1583741e-01
 -2.5397871e+00
  9.6595451e-02
 -5.3633690e-01
  1.4326006e-01
  2.1572007e-01
 -1.1337339e+00
  3.5562915e-01
  3.0684501e-01
  4.3296248e-01
 -8.2059480e-02
 -4.8330706e-01
 -2.7162454e-01
  6.3218625e-04
 -1.4646221e+00
  2.9344743e-01
 -7.0906931e-01
 -1.4643892e+00
 -8.6542594e-01
 -4.1497958e-01
 -5.3408272e-03
  1.0683212e+00
 -4.3716934e-01
  3.5326996e-01
  1.2926373e+00
  4.1553483e+00
  1.4102992e-01
 -1.4288990e+00
 -1.6909607e-01
 -1.1534680e+00
  1.6186612e+00
  2.4558753e-01
  3.3041608e-01
 -1.0728592e-01
 -3.5212538e-01
 -4.4976277e+00
  4.1573411e-01
  1.0228465e+00
  2.7561114e+00
 -1.8158492e-01
 -6.9693398e-01
 -3.2924595e-01
 -3.7977046e-01
 -2.8832221e+00
 -6.1825421e-02
 -2.8888438e+00
 -2.5976220e-01
  1.9728532e-01
  3.2585704e+00
  2.6552665e+00
  1.9261795e+00
 -1.0750009e+00
 -2.4097547e-01
  1.2498443e+00
 -8.0847627e-01
  1.6534427e+00
 -4.7810209e-01
 -5.1437922e-02
  1.5249069e-01
 -4.8960995e-02
  6.1290932e-01
  4.5127833e-01
  5.3081360e+00
 -1.1920793e+00
  5.7841951e-01
  8.3453935e-01
 -2.1318190e+00
 -7.2471762e-01
 -2.1659877e+00
 -1.2596044e-01
  3.0112419e-01
 -4.0580767e-01
 -2.5430539e-01
  2.7200985e-01
  2.6518142e-01
  4.1382623e+00
 -3.1118023e-01
 -1.8739256e+00
  3.6255442e-02
 -8.7287880e-02
 -2.8766915e-01
 -4.6376627e-02
  7.9780090e-01
  1.7800233e+00
  1.2704563e+00
  8.8118535e-01
 -2.0380390e+00
  1.7100298e-01
  7.5265014e-01
 -3.6047474e-01
 -1.3653100e-01
 -5.3212380e-01
 -2.0651989e-01
 -2.2331362e+00
 -2.9011548e-01
  6.9287193e-01
 -3.6343469e-03
 -3.6834106e-02
 -7.1481895e-01
 -1.1150321e+00
 -1.3813179e+00
  3.4685940e-02
 -2.1740043e-01
 -7.2123045e-01
 -1.7419900e-01
 -1.5318810e+00
 -1.4375707e+00
  1.0886213e-01
  3.0783052e+00
  4.2861325e-01
  6.7657405e-01
  1.7972103e-01
 -1.5731256e+00
  9.0231431e-01
 -1.6951624e-01
 -4.0762001e-01
 -2.1870878e-01
 -1.7746745e+00
 -4.1144624e-01
  3.9463601e-01
  5.6801182e-01
  1.4536396e+00
 -9.6654308e-01
  2.1684203e+00
 -5.6729233e-01
  3.7097086e-03
  4.9838042e-01
 -1.4268069e+00
 -1.3131787e-01
  3.7341633e+00
 -9.6731037e-01
 -7.2886628e-01
  1.2291701e+00
 -4.8608845e-01
 -1.2424369e+00
  3.2033619e-01
  1.0948972e+00
 -4.5595562e-01
  2.8240681e-01
  1.0209097e+00
  4.7101665e-01
  1.5050763e+00
 -3.7452564e+00
 -2.0522621e-01
  1.4077047e+00
 -6.2118602e+00
  3.1322318e-01
  2.2619614e-01
 -6.5010881e-01
  1.2145699e+00
  8.3428043e-01
  3.2091808e-01
  2.8058329e-01
 -1.8343745e-01
 -3.8119286e-02
  1.5024218e-01
 -7.7435255e-01
 -3.5864109e-01
  2.5739560e-01
 -2.0029013e+00
  1.0605826e-01
  1.7020422e+00
 -3.3627954e-01
  2.1084254e+00
  6.0411614e-01
  5.5669453e-02
  1.0962511e+00
 -5.6665707e-03
  6.5361142e-01
  4.1086994e-02
 -6.2471431e-01
 -2.8151267e-03
 -9.5801967e-01
  3.5088554e-01
  1.2267140e+00
  7.4218118e-01
 -8.0412787e-01
 -3.0744238e+00
  2.0555384e+00
  7.8593358e-02
 -3.8102877e-01
 -6.8979234e-01
  1.6592358e-01
 -2.5102741e-01
 -3.0508432e-01
 -1.8215458e-01
 -6.6791308e-01
 -1.8270497e+00
 -1.0038893e+00
 -5.0432973e-02
  3.0385238e-01
 -1.4765191e+00
  4.7540799e-02
 -3.4477162e-01
  1.6161284e+00
  1.4790094e-01
  1.2641782e-01
  4.3440151e-01
  4.4801416e+00
 -1.3502114e+00
 -2.2418630e-01
  1.4889961e-01
 -3.8825996e-02
 -7.7143878e-01
 -1.5321636e+00
 -1.3958117e+00
 -7.6515752e-01
 -7.9750381e-02
 -1.3175987e-01
 -6.9006687e-01
  8.0306530e-01
  4.9359456e-01
 -2.4873848e+00
 -1.1611680e+00
 -6.7079300e-01
 -9.3125737e-01
 -2.1985878e-01
 -9.6567512e-01
  7.0927866e-02
 -6.4116931e-01
 -1.3165786e+00
 -1.2725068e+00
  7.3952191e-02
  7.8493732e-01
  4.1600779e-02
 -1.4773612e+00
  1.3772778e-01
 -4.1159144e-01
 -6.0573142e-02
  5.6178886e-01
 -1.5604508e-01
  5.5659872e-01
  9.6902496e-01
  5.5980188e-01
 -3.2959676e-01
 -1.3894781e+00
 -5.7770526e-01
 -1.3894528e+00
 -7.0171148e-01
 -4.9487442e-01
  1.4463119e-02
 -6.7651278e-01
  7.1595365e-01
 -1.8907049e-01
  2.5016270e+00
  1.0031900e+00
 -1.4740168e-01
  6.3621384e-01
 -2.3832129e-01
 -6.1269611e-01
  2.7377707e-01
 -3.7593964e-01
 -1.3117561e+00
  1.8172475e+00
  3.5122764e-01
 -3.8536410e+00
  1.4531633e-01
  7.3131090e-01
 -5.9776521e-01
  4.6382377e-01
  1.8456089e+00
  2.3305314e+00
 -1.9303811e-01
  4.1944999e-01
 -3.1383064e-01
  7.1014088e-01
 -1.7878686e-01
  7.9964679e-01
  2.7297175e-01
 -3.2761708e-01
  3.5034719e+00
  1.1591536e-01
 -8.9933622e-01
  1.6567804e-01
  1.1662123e+00
 -1.1364105e+00
 -6.2989259e-01
  7.7808607e-01
  1.4366096e+00
  1.3278784e+00
 -1.4024644e-01
 -7.7290809e-01
  1.7403826e+00
  7.2112370e-01
 -1.1442249e+00
  1.3620033e+00
 -1.2858155e+00
  2.5764673e+00
 -2.1815922e+00
 -1.1575085e+00
 -3.2731154e+00
  1.6227568e-02
 -2.8764710e-01
 -2.7067306e+00
  1.2113544e+00
  4.0456715e-01
 -1.9002296e+00
 -2.9958270e+00
  1.0960202e+00
  1.3716809e+00
  3.1554271e-02
  2.0933640e+00
  2.0861982e-01
 -1.7248054e+00
 -5.8439960e+00
  8.4354794e-01
 -7.0833844e-01
 -5.9109855e-01
 -8.0466995e+00
 -1.5873243e+00
 -1.2196050e+00
  3.1490731e-01
 -1.0328822e+00
  4.9148359e+00
  9.0900433e-01
 -1.4486133e+00
  3.3796448e-01
  2.0324531e+00
 -2.3323582e-01
  2.5826182e+00
 -7.9317939e-01
 -3.0813345e-01
 -2.9590690e-01
 -2.7357450e-01
 -3.7803578e-01
  2.1855761e-01
 -5.1503742e-01
  3.6888480e-01
  1.3871731e-01
  4.0319166e+00
 -2.8185648e-01
  2.9259114e+00
  6.4104283e-01
  2.2402060e+00
  2.1604803e+00
 -2.7422994e-01
  8.8547158e-01
 -4.3658271e+00
 -1.0823929e+00
 -5.9027910e-01
 -4.1595416e+00
 -4.5835600e+00
 -6.2992072e-01
  3.0790198e+00
 -7.9078746e-01
 -1.5888377e+00
 -8.0660135e-03
 -1.6297624e+00
 -2.2498634e+00
  4.4449568e-01
  8.5770684e-01
 -1.1075199e-02
 -2.7092832e-01
 -1.7420245e-02
  7.5615078e-02
 -2.6747203e+00
 -2.4642467e+00
  4.5126602e-01
 -2.6535219e-01
  9.2497647e-01
  4.3378362e-01
  1.2348948e+00
 -8.7267989e-01
  2.7547252e-01
  4.4337592e-01
  2.5955650e-01
 -8.9534783e-01
  3.6713868e-01
  5.1509094e-01
  2.7698069e+00
  2.7560547e-02
 -3.9238033e-01
 -1.4668396e-01
 -1.5360473e+00
 -2.9228789e-01
  2.4022733e-01
  4.0486121e-01
  5.3679484e-01
  1.6760964e+00
 -6.8205458e-01
  8.0796313e-01
  1.5307159e-02
  1.8755545e-01
  4.7736356e-01
 -9.1317582e-01
  5.9175491e-01
 -2.4639006e+00
 -1.7896083e-01
  2.1606710e+00
 -4.0179607e-01
  3.3019200e-01
  6.9425887e-01
 -1.1048632e-01
 -3.1650276e+00
  1.7845528e-01
  2.8318575e-01
 -2.9246721e+00
  2.5273556e-01
  2.1054409e+00
  6.9579399e-01
  1.3419188e+00
 -5.1551950e-01
  1.0225314e-01
 -5.2609867e-03
 -1.8085757e-01
  7.9990244e-01
  5.1717901e-01
  5.3061545e-01
 -1.7736956e-01
  8.7975532e-01
 -7.4382704e-01
 -6.2392777e-01
  2.9628344e+00
  5.9431422e-01
 -5.3048599e-01
  7.6953119e-01
  1.1713160e+01
 -6.1424148e-01
  6.0785059e-02
  2.5098603e+00
 -3.7839147e-01
  2.7009612e-03
 -1.6470183e-01
  9.3883312e-01
  2.5821056e-03
  7.6938522e-01
  1.7426913e+00
  2.6373568e-01
 -4.1008300e-01
  2.0787439e-01
 -7.1549004e-01
 -9.3899006e-01
 -4.5640841e-01
 -2.0722952e+00
  2.0267767e-01
 -4.3591499e-01
  4.8703083e-01
  4.3926191e-01
  1.8862700e+00
 -2.4211782e-01
 -2.2697470e+00
 -1.0732464e+00
  8.1891972e-01
  9.6762240e-01
 -3.2076356e-01
  4.4603786e+00
  5.7093841e-01
  2.8672254e-01
  7.2425067e-01
  4.7050035e-01
  1.1469003e+00
  1.0641322e+00
 -3.4929618e-01
  2.0090215e-01
 -1.0211630e-01
 -1.5465190e-01
 -6.2717927e-01
 -6.1487447e-02
 -4.7055200e-01
  1.8774298e+00
 -2.1685408e-01
 -1.6545640e+00
 -7.2432262e-01
 -1.2217851e+00
  6.9311720e-01
  9.0312056e-02
 -9.3224265e-02
 -1.1230556e-02
 -5.7713562e-01
 -1.1562997e+00
  1.4447325e+00
  3.8658500e-01
  8.0140799e-02
  1.0914047e+00
  1.5780595e-01
  7.1002287e-01
 -1.2985898e+00
  1.0600644e-01
 -3.3593690e-01
  5.4609042e-02
  5.2493834e-01
 -5.0799334e-01
  1.5604775e+00
 -2.3426349e-01
 -7.0029855e-01
  1.1296237e-01
  1.1710184e+00
  1.9108557e+00
 -1.7844087e-01
  2.5187185e-01
  1.9904850e+00
  5.7759583e-03
 -4.3399338e-02
  5.7494327e-02
  6.2376088e-01
  1.0118586e+00
  5.7047337e-01
  8.7708098e-01
 -1.8656234e-01
  3.4650287e-01
 -2.9603243e-01
  8.6586744e-02
  9.2938319e-03
  4.0033724e-02
 -1.0265566e+00
 -1.3945765e+00
 -6.9545430e-01
 -4.8019657e-01
 -2.0335710e+00
  7.2751600e-01
 -6.3541639e-01
  6.6581368e-01
 -6.6442198e-01
 -9.2481160e-01
 -4.3652198e-01
  2.9318604e-01
  1.4496804e+00
  4.2810628e-01
 -2.8325956e+00
 -2.8740051e-01
  1.2960138e+00
 -1.0888973e+00
 -9.9445358e-03
 -3.2940063e-01
 -1.5877844e+00
  2.6153960e+00
  1.0486740e-01
  7.2645772e-01
  1.0989386e+00
 -2.0324132e-01
 -6.6993613e+00
 -1.0647007e+00
 -2.3235670e-01
  3.9446998e+00
 -1.7735325e-01
 -7.9969808e-02
 -1.2159070e+00
  1.5470990e+00
 -9.8551676e-02
  1.2115262e+00
 -4.4712963e+00
 -1.5982595e-01
 -1.3457643e+00
 -4.7726026e-01
  8.8031489e-01
  2.2700419e+00
  6.0013658e-01
 -6.5466380e-01
  1.2928712e-01
  3.6860511e-01
 -2.5876927e-01
  6.8270057e-02
  2.0446661e-01
  7.4765110e-01
 -9.3976671e-01
  1.8068826e+00
  4.2790709e+00
 -4.8888323e-01
 -5.3704619e-01
 -2.4882346e-01
  1.6956447e+00
 -1.5388451e+00
 -4.3913525e-01
 -4.8187077e-01
 -2.1309471e-01
  2.7993853e+00
  9.0141334e-02
  2.6861787e-02
 -1.2805760e-01
  1.3043220e+00
  4.6593603e-01
 -1.0056001e+00
 -9.5166583e-03
 -1.4152317e+00
  2.9022744e-01
  1.0548166e+00
  2.3459935e+00
  1.4802299e+00
  3.2578993e-01
  7.9969764e-02
 -3.2481921e-01
 -3.9381975e-01
 -4.4288728e-01
  4.6208635e-01
  3.4912531e+00
 -6.2145767e+00
  1.3410426e+00
  6.8229878e-01
  2.7701116e+00
  3.5470402e+00
  1.0214174e+00
  1.9650283e+00
 -7.4122965e-01
  1.4291569e+00
  6.2083364e-01
 -5.1430440e-01
 -2.2987382e+00
  1.2394463e-01
 -3.6900723e-01
  2.3438890e+00
  4.7503397e-01
 -3.6298922e-01
 -8.8899776e-02
 -3.8870792e+00
 -2.5822511e-01
 -1.0528188e+00
  8.8686210e-01
  1.4184424e-01
 -1.7624198e+00
 -6.3770396e-01
  2.0722772e-03
 -3.4518015e-01
 -8.9560753e-01
 -6.9746554e-01
  1.9898182e+00
 -4.7031108e-01
 -1.1747271e+00
 -4.5805880e-01
  1.4826642e+00
  3.3820236e+00
  6.7361885e-01
  6.1048788e-01
  1.9343507e+00
 -5.4304361e-01
 -3.6987272e-01
 -4.2438570e-01
 -3.8684911e-01
  7.2166079e-01
 -9.5583104e-02
 -4.1924730e-01
 -6.4887863e-01
 -1.0861058e+00
 -2.6037586e-01
 -1.5555559e+00
  9.5774692e-01
 -1.8955506e+00
  1.1449114e+00
 -5.8381146e-01
  1.0329953e-02
 -4.2770381e+00
  1.6356726e-01
  6.4497775e-01
 -5.7483751e-01
  1.4619246e+00
  3.5879543e-01
 -8.2742506e-01
 -4.8696212e-02
 -7.4003875e-01
  2.4017785e-01
 -2.4666443e+00
 -7.8189880e-01
  1.9159710e+00
  3.1523664e-02
 -3.5033400e+00
 -4.8202224e+00
 -5.6523395e-01
  4.8672301e-01
  2.5020270e+00
  6.4915462e+00
 -8.2692212e-01
 -2.9481515e-01
 -2.4738440e-01
 -2.4884361e-01
  5.4413694e-01
 -2.6785749e-01
  5.2238652e-03
  4.4094339e-01
  1.6535133e-01
  1.6858244e-01
 -1.8317784e-01
  8.0899835e-01
 -1.3992501e+00
 -5.2729076e-01
  3.2978855e-02
  1.8889606e-01
 -2.0924973e-01
 -5.5247694e-01
  6.1592847e-01
 -2.6076949e+00
 -4.4638836e-01
  1.6276617e-01
  2.0368965e-03
 -9.6858376e-01
  3.4608123e-01
  9.9900550e-01
 -7.8245169e-01
  1.4044744e-01
 -2.8969533e+00
  3.0920807e-01
  6.3725464e-02
  3.7978995e-01
  1.9623982e+00
 -2.8683057e+00
 -7.9145575e-01
 -1.0808443e-01
  1.2268434e+00
 -3.2400914e-02
  1.7859735e-01
  1.7657826e+00
  1.8946619e+00
 -1.3296446e+00
  7.6530749e-01
  4.5278475e-01
 -8.2155502e-01
 -1.3970341e-01
 -3.7064779e+00
 -8.3289129e-01
  8.3490002e-01
  1.8145357e-01
 -6.7418236e-01
  5.0322229e-01
  2.2569600e-01
  3.0015817e-01
  1.5121143e+00
  4.6367958e-01
 -1.6460487e+00
 -2.6418105e-01
  2.2828314e+00
 -5.4940615e-02
 -1.2277492e+00
  6.8854767e-01
 -1.2232958e-01
 -3.7044242e-01
  1.5012150e-01
 -5.4409558e-01
  1.7560107e-01
  7.6525055e-02
  8.5965309e+00
  1.4641110e+00
 -3.3847949e-01
 -2.6102984e+00
  1.2464701e+00
  6.3075536e-01
  2.4040031e-01
 -1.3362513e+00
  1.2745477e+00
  5.1166344e-01
 -2.6132088e+00
 -9.2919081e-01
 -2.5313087e+00
 -2.3532853e+00
  2.2074081e-01
  8.4286845e-01
  1.8560296e+00
  2.0592210e+00
 -1.6802838e-02
 -2.3576827e+00
  1.9414975e-01
  8.2898431e-02
 -5.9090781e-01
  1.7053847e-01
 -1.1392715e+00
  1.1840945e-02
 -2.5584424e+00
 -3.4722620e-01
 -6.2377423e-01
  7.5127229e-02
 -1.2596586e-01
 -9.2748457e-01
  8.8017374e-01
 -1.4942813e+00
 -6.7807716e-01
 -2.3200531e-01
 -1.0595590e+00
  5.7113397e-01
  7.9296827e-01
  1.9856903e-01
  1.2136010e+00
 -4.1953254e+00
 -2.0060608e-01
 -1.5048811e-01
 -2.2731447e+00
  8.7084597e-01
  1.7667493e-01
  2.5976849e+00
 -1.2974151e+00
  1.3345821e+00
 -1.8292968e-01
 -2.6773641e-01
 -9.9751103e-01
 -8.6327767e-01
 -7.8899318e-01
 -7.5340658e-01
 -1.4250172e-02
 -2.5912786e-01
  3.5833831e+00
 -7.1045125e-01
 -2.9588556e-01
  3.9654097e-01
  2.2045054e+00
  2.8214965e+00
 -2.0982814e+00
  5.2188408e-01
 -1.0045069e-01
 -5.8887506e+00
  2.4662822e-02
 -2.5814152e-01
 -6.5501595e-01
 -1.4547406e-01
 -4.2509186e-01
  4.8772525e-02
 -5.5901349e-01
 -2.9829127e-01
 -1.1470822e-02
 -3.1422567e-01
 -1.8210028e+00
 -1.3563390e-01
  7.3623262e-02
 -2.5867100e+00
  7.7519476e-01
  7.4036539e-01
  3.1893203e-01
  1.3586852e-01
 -2.5496095e-01
  1.7304143e-01
  5.0086027e-01
 -4.9706604e-02
 -1.0610455e+00
  6.9719815e-01
 -3.1368473e-01
  3.3970147e-02
  1.1834763e+00
 -1.7227703e+00
 -9.0447134e-01
  4.3634585e-01
  2.0552011e+00
  1.9986737e-01
  4.6294433e-01
  6.0174751e-01
 -1.0305623e+00
 -9.2305899e-01
 -1.3433502e+00
  9.0384316e-01
  1.5235932e+00
  7.5441912e-02
 -1.0683811e-01
  3.4611842e-01
  6.2072955e-02
  6.5856069e-01
  2.9105265e+00
 -2.1778579e-01
 -5.7594780e-02
 -4.5749533e-01
 -4.0343902e-01
 -7.8398520e-01
  9.2981541e-01
 -3.8316786e+00
 -1.3122038e+00
  1.6756241e+00
 -8.7514597e-01
 -6.4525539e-01
  3.2234957e+00
  3.6652815e-02
 -4.9327046e-01
  1.9707238e-02
 -4.1212064e-01
 -3.4477472e-01
  5.8836222e+00
 -4.3533311e+00
 -5.6441766e-01
  7.0565909e-01
 -4.2302990e+00
  5.4652572e-01
  1.2644334e-01
  1.3223535e+00
 -8.4496158e-01
 -4.0531814e-01
  7.3672570e-02
 -3.2220525e-01
 -5.6028414e-01
  1.9575527e+00
 -3.4575266e-01
  2.5576055e+00
 -1.0212163e-01
  8.4041500e-01
  3.7478879e-01
 -3.1670129e-01
 -2.2687664e+00
  1.0044318e-01
 -1.2075782e+00
  6.6457009e-01
 -2.9163723e+00
 -1.2658424e+00
 -4.9384445e-01
  5.5025071e-01
  9.2146748e-01
 -9.5095789e-01
  3.9382529e-02
  1.3281012e-01
 -1.0190580e+00
 -6.2781239e-01
  2.4043179e-01
  1.2738006e+00
 -5.4070318e-01
  1.1837590e+00
  2.1872461e+00
 -1.3321475e+00
  3.4849137e-01
 -4.2244413e-01
 -2.0555688e-01
 -7.1453446e-01
 -1.0653218e+00
 -5.7263577e-01
  3.1704824e+00
 -1.4372966e+00
 -1.6539539e-01
 -1.3361825e-01
  1.3361309e-01
 -1.0646083e+00
 -7.2906172e-01
 -2.4322422e+00
 -2.4857821e+00
  5.9405059e-01
  3.4421248e+00
 -6.4392346e-01
 -2.8575552e-01
 -1.1012639e+00
  8.3834374e-01
 -1.6137793e+00
  3.8069534e-01
  5.1005822e-01
  1.5556814e-01
  5.6454629e-01
 -6.6380334e-01
 -1.0298573e+00
  1.6253085e+00
  1.4063112e+00
 -3.2620856e-01
 -1.5288833e+00
  1.0025927e+00
 -1.0542860e-01
  1.5947399e+00
 -3.3362603e-01
 -3.0296430e-01
  1.3261448e+00
  2.5819695e-01
  1.7834397e-01
  5.9192133e-01
 -6.5930974e-01
 -5.1803094e-01
  3.0156884e-01
  6.5983474e-01
  2.1730320e+00
  3.6345699e-01
 -2.5647852e-01
 -8.0584460e-01
 -1.4847640e+00
  1.7878848e-01
 -4.1052490e-02
 -1.4659606e+00
  1.4196326e+00
  5.9031766e-02
  5.5040038e-01
  2.8541555e+00
  6.7815828e-01
 -1.3749601e-02
  1.6142012e+00
 -6.3502586e-01
  9.6297479e-01
  8.8344979e-01
  3.8053739e+00
 -7.4778277e-01
  4.2629266e-01
  8.9492154e-01
  1.4041846e-01
  8.1760192e-01
  7.6411206e-01
  1.2545236e+00
  9.6554145e-02
  1.8846364e+00
  1.0352091e+00
 -4.4707295e-01
  1.1991898e+00
  2.0308321e+00
  6.7085826e-01
  9.9923801e-01
  2.2743475e+00
  2.5631490e+00
 -1.5848520e-03
 -1.0683397e+00
 -2.1343300e-01
  1.4092464e+00
 -1.3616780e+00
  6.5454859e-01
 -1.3379545e+00
  9.0606906e-02
  3.4862989e-01
  1.4214802e+00
 -1.2415360e-01
  2.2660961e+00
  2.7408004e-01
  7.7766097e-01
 -2.0159705e+00
  1.0825853e+00
 -5.1721126e-01
  5.1222181e-01
 -1.9208839e+00
 -8.1206846e-01
 -7.6586998e-01
 -2.7511138e-01
  7.0218295e-01
  3.3927996e+00
  1.1104727e+00
  1.1562139e+00
  1.3389894e+00
 -2.5087434e-01
  2.2775325e-01
 -3.7766328e-01
  7.9651392e-01
 -1.6018369e+00
  4.3698844e-02
 -2.0174143e-01
 -5.2656108e-01
 -4.6490231e-01
  1.2526423e+00
 -5.9698272e-01
  4.5822957e-01
  2.3147240e-01
  3.3984143e-01
  1.7855242e-01
 -4.4557720e-01
 -8.7188661e-02
 -3.9463180e-01
  3.2693538e-01
  1.4070853e+00
  1.7087726e-01
  2.6198703e-01
  4.8051316e-01
  1.6334376e-01
 -1.3900512e+00
  1.1313458e-01
  3.2022354e-01
  4.1597238e-01
 -8.4958471e-02
 -6.7085725e-01
  9.4550055e-01
  1.6603006e+00
  4.1871238e-01
  5.4721302e-01
  4.0974316e-01
  1.4658104e-01
  1.2921313e+00
 -9.1123438e-01
 -5.9414995e-01
 -7.3707528e-02
  7.0456636e-01
  3.6866668e-01
  5.8928972e-01
 -4.3368903e-01
  8.9274663e-01
 -2.8345674e-01
 -6.7232549e-02
  1.0639616e+00
  7.2006708e-01
  3.9125755e-01
  1.1207078e-01
  1.4148141e+00
  2.8623495e-01
 -6.4761572e+00
 -4.7159556e-02
  1.2083937e+00
 -3.9042961e-02
 -7.2072893e-01
 -1.8104371e-02
 -2.3559633e-01
  1.4655753e+00
 -7.6465571e-01
 -4.5517486e-01
 -5.8962047e-02
 -5.4447658e-02
  3.0514327e-01
  3.8369043e+00
  4.9894300e+00
 -4.7017336e+00
 -1.0761441e+00
 -3.2409526e-02
 -1.6009972e+00
  1.9521993e-01
 -4.5045499e-02
  3.6684063e-01
  1.5665725e-01
 -2.2565033e+00
  8.1877875e-01
  1.2804830e+00
  1.3268075e+00
 -2.0211776e-01
 -1.2659241e-01
 -1.5619613e+00
  1.7179832e-01
 -2.0764084e-03
  9.4794661e-01
 -4.1593185e-01
  1.5461595e-01
  3.6009061e-01
  1.2064419e+00
  1.3843200e-01
 -1.7960540e+00
  7.7529794e-01
 -4.0789928e-02
 -1.5382555e-01
 -1.4516351e-01
 -1.0835333e+00
  3.5193852e-01
 -1.3118460e+00
  1.0322068e+00
 -4.6829262e+00
 -2.4370787e-01
 -2.6976982e-01
 -1.0282542e+00
  9.3788460e-02
 -1.3769200e-01
 -1.6427465e-01
 -5.6005096e-01
 -9.1278088e-01
 -6.4620964e-02
 -7.2954792e-01
 -2.8927416e-01
 -2.4353733e+00
 -1.6921194e+00
 -1.8691291e-01
  1.9311804e-01
 -1.2840638e-01
 -1.3339316e+00
  1.3590052e+00
 -2.0675965e-01
 -2.5073475e-01
  3.4373472e+00
  2.7367236e-02
 -1.4716820e-01
  6.1702543e-01
 -1.5841669e+00
  2.0481491e+00
  1.2004302e+00
  7.3203164e-01
 -3.4986634e-03
 -2.5304437e-01
  1.2974259e+00
 -3.0038062e-02
 -4.8410663e-01
 -7.5975251e-01
  3.9821514e-01
  7.1130204e-01
 -3.1906888e+00
 -5.0371617e-01
 -4.7299832e-01
 -3.0509758e-01
  1.1214654e+00
 -7.6648742e-02
  1.7970629e-02
  3.1266060e+00
  6.0861975e-01
  1.2002440e-01
 -2.4640793e-01
 -1.1234488e-01
  5.6677446e+00
 -5.3909987e-02
  1.5310687e+00
  2.5383064e-01
 -8.7901288e-01
  1.0715666e-01
 -7.2045076e-01
 -8.5111916e-01
 -8.6369568e-01
 -1.3512400e+00
 -4.8236543e-01
 -1.2576085e+00
 -7.3876780e-01
  5.5722374e-01
 -5.6959224e-01
 -1.3310138e+00
  6.0044402e-01
 -4.6574759e-01
  3.5702091e-01
 -5.7494015e-01
  1.6808969e-01
 -9.7573556e-02
 -6.9587626e-02
  3.8734016e-01
  1.6790061e-01
  2.6917335e-01
  4.1991407e-01
 -6.0775882e-01
  5.2135870e-02
  4.1739568e-01
 -7.7608109e-01
 -6.5379411e-01
 -8.2446283e-01
 -2.0317894e-01
  1.9364560e+00
  4.4203758e-01
  2.2803362e-01
  4.1402891e-02
  2.5476041e-01
 -1.5323207e+00
 -1.2210448e+00
  1.7730885e+00
 -1.8312639e-01
  1.6018088e-01
  2.1203327e+00
  2.0765221e+00
 -5.5443412e-01
 -1.4837348e+00
 -1.3830917e-01
 -1.7151642e+00
  2.3792710e+00
  1.8267907e+00
 -1.8825907e+00
  2.8859849e+00
  3.5080903e+00
  1.1956297e+00
  5.1491130e-02
  1.5298536e-02
 -1.4185764e-01
  2.7092221e-01
  1.0786517e+00
  1.7576873e+00
  2.2847962e+00
  4.2321020e-01
  4.5785996e-01
 -1.7692327e-01
  3.9593214e-01
  3.7735136e+00
  2.9505324e+00
 -7.2405273e-01
 -1.4037033e+00
  8.4142417e-01
 -1.8658397e+00
  7.5117731e-01
  1.5122019e-01
  1.0009264e-01
 -7.2716230e-01
  1.1083241e+00
  5.5812418e-01
 -6.3375425e-01
  3.6086841e-03
  7.4440098e-01
 -9.9138045e-01
 -4.8542938e-01
 -8.6606699e-01
  1.1940000e+00
 -1.5508728e+00
  6.4044559e-01
  3.5153753e-01
  9.2891991e-01
  8.9994329e-01
 -3.2631159e-01
  7.5203425e-01
 -2.4973176e+00
  8.4413862e-01
 -2.2917680e-01
 -6.6694222e-02
  9.1674012e-01
  2.0644109e+00
 -2.9918640e+00
 -1.2386605e+00
 -5.9975207e-01
  4.1877145e-01
  1.4198754e+00
 -2.2316238e-01
  1.2855500e+00
 -7.8722447e-01
 -4.3337974e-01
 -8.8891625e-01
 -4.0159729e-01
 -4.1507692e+00
 -8.4272943e-02
 -6.1643124e-01
  1.3939920e-01
  1.5054921e+00
 -1.6966923e+00
 -6.9707491e-02
 -1.4518385e+00
 -8.5091174e-01
  1.3033158e-01
  5.3221387e-01
 -4.8538080e-01
 -7.1145642e-01
  1.2712309e+00
 -5.6385028e-01
 -3.5204262e-01
  2.7754312e+00
  1.4666387e+00
 -5.0895014e+00
 -1.3997914e+00
 -8.6478770e-01
  3.8237637e-01
 -9.6262407e-01
 -8.4600270e-01
 -5.6278861e-01
  4.3461058e-01
  1.3301320e-01
 -1.9276341e-02
  3.6674595e+00
  4.9237892e-01
  2.6245877e-01
 -9.0520346e-01
  7.5895852e-01
  1.1702281e+00
  3.4669306e+00
  9.3243724e-01
  8.9513749e-01
  4.1688232e+00
 -4.0172915e+00
  6.1058527e-01
  4.7529605e-01
 -5.3513616e-01
 -4.9557349e-01
  7.1440190e-01
  2.7633783e-01
 -1.0831912e-01
  1.1273346e+00
  4.8503661e-01
 -3.5245737e-01
 -3.2105694e+00
 -4.9024601e+00
  8.4075755e-01
 -6.3468969e-01
 -5.9179485e-01
  1.6707459e-01
  1.7902205e+00
 -3.2820221e-02
  4.8887318e-01
  5.8760494e-01
  1.4909406e+00
  5.3218538e-03
  2.7832755e-01
 -8.3541012e-01
  6.9743466e-01
  2.2615019e-02
  1.3650252e+00
 -1.5001114e-02
 -4.9339089e-01
 -6.3395321e-01
  8.4282890e-02
 -4.7730064e-01
 -1.7048216e-01
  7.7880390e-02
 -1.1944135e+00
  7.5268298e-01
 -1.0147791e+00
 -6.6392553e-01
 -8.2506493e-02
  5.4128474e-01
 -1.1233887e-02
 -5.8556756e-04
  2.0441332e-01
 -5.0390059e-01
  1.8700701e+00
 -1.1203481e-01
  2.1906784e-01
 -1.4559217e-01
  2.6654240e-01
 -1.3158337e+00
  5.7455010e+00
 -1.8199393e+00
  1.3438410e+00
 -2.3214348e-01
  3.6582389e-01
 -3.0190697e-01
  1.9809496e-01
  1.3860676e-01
  3.2045993e-01
  1.2746595e-01
 -7.0933580e-02
  6.3696128e-01
 -1.3899615e+00
 -2.1937481e-01
 -6.5048093e-01
  1.3957838e+00
  2.9743117e-01
 -6.8161076e-01
 -3.8782516e-01
 -8.1126469e-01
  9.5593733e-01
 -1.5076209e+00
  4.4499573e-01
 -5.0924039e-01
  2.0148672e-01
 -1.4632724e-01
  5.9518588e-01
 -5.5152881e-01
  1.6377382e+00
 -3.8433588e+00
  2.0878415e-01
  5.6023848e-01
  8.6155403e-01
 -1.5460010e-01
  4.5392370e-01
  7.2462302e-01
  2.3149667e+00
 -4.6209326e-01
 -2.0353690e-01
 -5.1501292e-01
 -1.8597639e-01
  6.0995009e-02
  8.3568591e-01
  8.6546677e-01
 -3.6861214e-01
  9.6768969e-01
 -1.3345966e+00
 -5.5919099e-01
  7.1503425e-01
  8.8311508e-02
  1.0739690e-01
 -5.9512532e-01
 -4.7279418e-01
 -5.1491702e-01
 -1.1424568e+00
  8.2907921e-01
  5.0671440e-02
 -4.6025183e-02
 -5.7768536e-01
 -4.0266621e-01
 -9.9089205e-02
  2.7166837e-01
  1.0456719e+00
  3.0657455e-01
  8.3824463e-02
  7.1981919e-01
 -4.7979462e-01
  3.9637458e-01
  5.6074686e+00
 -4.9717847e-02
 -2.4580598e-01
  1.1852046e-01
 -3.0501965e-01
 -2.0476849e-01
 -5.6418872e-01
  4.4105557e-01
 -1.7656121e-01
  2.2002363e-01
  7.7457465e-02
  1.2013373e+00
 -1.1964220e-01
  2.1691723e-01
 -1.1479875e-02
  1.5596925e+00
  9.4874251e-01
 -2.4502724e-02
 -1.9689956e+00
 -2.7779385e-01
 -8.6964858e-01
  9.9471577e-02
 -4.9064741e-01
 -2.8340065e-01
  8.9867288e-01
  1.3472250e-01
  1.0758858e+00
 -4.3975905e-01
 -2.8015354e-01
  1.4050518e+00
 -1.3242254e-01
 -2.3986080e+00
  2.7338448e-01
  8.2498598e-01
  3.2221687e-01
 -3.8693340e+00
 -2.5055492e+00
 -3.4688387e+00
  2.2036031e-01
  9.3474567e-02
 -6.4158165e-01
  6.0417694e-01
  1.4954125e+00
  3.0732851e+00
  1.4223027e+00
 -1.7016560e+00
 -4.1794083e-01
  6.1657524e-01
 -2.0521495e-01
  8.3755362e-01
 -4.2014578e-01
 -1.6063114e+00
  6.8095767e-01
 -4.4731352e-01
 -2.0307724e-01
  6.4215459e-02
 -1.1065433e+00
  6.4661986e-01
  4.9776566e-01
  9.1260576e-01
 -7.8205884e-01
 -5.2004516e-01
  1.3954580e+00
  7.7228612e-01
 -3.4465808e-01
 -1.0318135e+00
 -7.9260714e-02
  1.0317996e+00
 -6.5791577e-01
  6.5722823e-01
 -4.3639225e-01
 -6.9787449e-01
 -2.8936032e-04
  9.7655618e-01
  4.5821789e-01
 -3.2288390e-01
  1.6740005e-01
 -9.4146228e-01
 -6.1590755e-01
  2.1064480e-01
 -1.5967025e+00
  1.7138523e+00
 -7.9054832e-01
  3.4303194e-01
 -7.2459185e-01
 -2.2353568e+00
 -1.8285781e-01
 -7.2347409e-01
  7.9479736e-01
  2.3569866e-01
  4.0222991e-01
  4.7011453e-01
 -1.6083128e+00
 -3.7081000e-01
  5.8749415e-02
  1.7852978e+00
  4.2554334e-01
  1.7865794e-02
  2.6621106e-01
  1.2940780e+00
 -3.8485703e-01
 -8.4541804e-01
  2.9354444e+00
 -1.8187176e+00
 -6.8628961e-01
  5.5240923e-01
  1.8058483e-01
  7.2702581e-01
  1.0348699e+00
 -6.3847065e-01
  7.5542057e-01
 -2.7343485e+00
  2.0969076e-01
  3.7091231e-01
  2.8307211e-01
 -1.1103162e+00
 -2.8975907e-01
 -1.5521674e+00
 -5.6882606e+00
  7.2931755e-01
 -1.2785968e-01
 -5.4174960e-01
  1.7258579e-01
  8.4143364e-01
  1.4769084e+00
 -5.5995990e-02
  1.3191287e-01
 -1.3651921e-01
 -3.6780354e-02
  2.0780480e-01
  4.7447424e+00
 -4.2631206e-01
  2.3247993e-01
 -3.6221330e+00
  5.9651941e-01
  1.5700151e-01
 -2.0139672e-01
 -2.3467660e-01
  7.2865747e-02
 -2.0252953e+00
  4.8345914e-01
 -1.4693139e-01
 -5.2210085e-02
  4.9750978e-01
  8.9944080e-03
  9.6741766e-01
 -1.7328193e+00
 -5.7200211e-01
  6.8801165e-01
 -1.9692194e-01
 -1.2105350e-01
 -5.3863710e-01
 -4.9430373e-01
 -8.5327238e-01
 -1.6606038e-02
  7.2911644e-01
 -1.1991805e+00
  1.5019637e+00
  1.8213665e+00
 -6.4903843e-01
 -2.5373176e-01
 -1.6684673e+00
 -4.7369070e+00
 -5.2737021e-01
 -4.0450516e-01
  1.3061285e+00
  3.5254309e-01
  9.9911049e-02
  5.1752919e-01
 -8.7470273e-03
 -1.1620122e-03
 -1.2584003e+00
  3.0779329e-01
 -1.3556060e-01
  5.9502310e-01
 -8.2827652e-01
  1.4714991e-01
  6.5155625e-01
  3.2148579e-01
 -2.5300813e-01
 -7.0979875e-01
 -9.8552331e-02
 -6.6425771e-01
  1.6992116e-01
  6.8371695e-01
  1.9089840e-01
  2.7187958e-01
 -3.8016899e+00
 -7.7125865e-01
  7.4068625e-03
  5.5636829e-01
  1.2769191e-02
 -3.9131784e-01
 -1.7381735e+00
  5.3644452e-02
  5.4136168e-02
 -6.9305670e-01
 -9.1798234e-01
 -1.1371987e-01
  2.4872658e-01
  3.4403616e-01
  2.2288115e-01
  1.7935453e-01
  8.2639106e-02
 -5.1275748e-01
 -2.4537918e-01
  3.0233780e-01
 -6.9873738e-01
  6.6120923e-01
 -5.4311728e-01
 -1.3907972e-01
  4.4055828e-01
  4.9172220e-01
 -7.0427857e-02
  2.1025063e-01
  8.2589108e-01
 -6.8982630e-03
 -4.8400038e-01
  1.3289193e-02
 -1.6725627e+00
 -3.1261537e-02
  8.2312781e-01
 -9.2336886e-02
 -6.2073928e-01
  8.5152157e-02
  1.0256164e+00
 -1.9546299e-01
  1.7629429e+00
  1.0812400e-01
  3.0702257e-01
  1.9748665e-01
  1.8896121e-01
  2.0777001e+00
 -2.3236787e+00
  1.1980426e+00
  3.2872170e-02
 -5.6133337e-02
 -6.0844994e-01
  1.7020531e+00
  4.2978842e-02
  9.8185611e-01
 -1.1393325e+00
 -1.5917665e+00
 -1.4588945e+00
  2.9372847e+00
 -6.1808366e-01
 -7.0817447e-01
 -6.9209456e-01
 -3.7359661e-01
  7.9269898e-01
 -1.9074589e+00
  2.1500613e-01
  2.8894109e-01
  5.3204763e-01
  3.9518535e-01
 -1.6513158e-01
 -1.5404924e+00
  1.2043241e+00
 -1.0150304e+00
 -2.7450866e-01
  1.0284076e+00
 -3.6352459e-01
  2.0178165e-01
  7.3171276e-01
 -1.0144801e-01
 -3.1624076e-01
  7.4111807e-01
 -8.3957714e-01
  4.3511891e-01
  5.0000072e-01
 -1.6154037e+00
  5.8855891e-01
 -8.1273323e-01
 -2.8378107e-02
  1.6017753e-01
 -1.9093843e+00
 -1.0469621e+00
 -1.5774468e+00
  3.2773491e-02
  4.1599584e-01
  5.0962412e-01
  1.0891000e-01
 -1.2322787e-01
  4.1161060e+00
 -1.7149982e-01
  5.3361654e-01
  7.5923210e-01
  4.1871387e-01
 -2.2108312e-01
  1.5030699e+00
 -2.7190682e-01
  6.7097682e-01
 -4.3438402e-01
 -1.9379286e-02
  1.1235595e-01
 -2.5050836e-02
  2.0562358e-01
  6.5393478e-02
 -2.3002689e-01
  7.5775337e-01
 -1.0307826e+00
  3.9443344e-01
 -1.6318627e-01
  2.2475232e-01
 -5.1428694e-01
 -2.4603924e-01
  1.1879762e+00
  1.5515250e-01
 -9.6466088e-01
 -5.9357882e-01
  7.5450040e-02
 -2.0223726e-01
  2.3550730e+00
  7.3775494e-01
  1.4025845e-01
 -5.8215690e-01
  2.1482925e+00
  1.5989307e+00
  1.7203896e-01
  2.5808269e-03
  3.3659023e-01
  4.2441583e-01
  1.7191657e+00
 -1.1543296e-02
  1.4873244e+00
 -7.1128920e-02
 -1.1701899e-01
 -1.0657898e-02
  1.0750086e+00
 -2.9614130e-01
 -1.4052528e+00
  1.3323519e+00
 -8.7333840e-01
 -5.2961981e-01
 -2.9835200e-01
 -3.7769610e-01
  1.7213458e+00
 -3.1341631e+00
 -1.9852160e+00
 -1.8772747e-01
  1.2238435e+00
  1.1110710e+00
  6.5872163e-01
  3.7749708e+00
  1.4357591e-02
 -6.0182089e-01
  1.0822456e+00
 -2.1451852e-01
 -9.5035142e-01
 -4.0617746e-01
 -2.6681906e-01
 -3.4321558e-01
  1.2007283e-01
 -5.6421865e-02
  1.1535547e+00
 -1.1910323e+00
 -1.1073518e+00
  5.0562507e-01
 -3.5382107e-01
 -2.1065155e-01
  6.7601603e-01
  2.6719406e-01
 -6.9638681e-01
 -1.2044339e+00
  2.9023355e-01
 -9.4532657e-01
 -4.4600722e-01
  7.0486188e-02
 -4.7459626e-01
  5.5662461e-04
 -1.2179782e+00
 -7.6358043e-02
 -2.2859815e-01
  1.0389662e+00
  5.2229423e-02
 -2.8934529e-01
 -5.6556672e-01
 -5.7541084e-02
 -6.7296869e-01
  4.7342964e-02
 -7.0531321e-01
  1.8232422e+00
 -6.0208189e-01
 -5.4109895e-01
  3.2629508e-01
 -6.0904688e-01
  3.1583226e+00
 -8.8869578e-01
  2.3716087e+00
  6.4601034e-01
  6.1140573e-01
  1.7493757e+00
 -5.2834594e-01
 -2.0798192e+00
  3.2347558e+00
  1.2633847e+00
  9.3582046e-01
  4.4703418e-01
  3.2731926e-01
 -3.6287755e-01
 -8.3566535e-01
 -7.0070714e-01
 -8.4090376e-01
 -2.9695135e-01
  3.5428256e-02
 -1.5324292e-01
  8.2778722e-02
  1.3804651e+00
  4.6358591e-01
  2.3544877e+00
  2.6097124e+00
  3.4637209e-02
 -7.8246608e-02
 -9.7242308e-01
 -6.1383641e-01
 -2.5791395e-01
 -7.9501969e-01
 -1.0745104e-01
 -6.5680623e-01
 -5.3172666e-01
 -1.6596957e+00
  1.1714659e+00
  6.5494931e-01
 -5.0284308e-01
 -9.8335409e-01
 -1.0529337e+00
  5.2398193e-01
  4.4957185e-03
 -1.6455939e+00
  2.6375635e+00
 -2.9881561e-01
  3.6075827e-02
 -4.1808406e-01
  4.8048966e-02
 -7.9335876e-02
  2.9133523e-01
 -1.3451236e+00
 -1.7830600e-01
 -9.2424273e-01
 -5.1830105e-02
  3.4149235e-01
  1.1630148e+00
 -1.2193975e-01
  9.2101532e-01
 -1.1251121e+00
  4.7416568e+00
  4.8378963e-02
  1.3858370e+00
  7.8763384e-01
  8.9734945e+00
  1.0112107e+00
  1.0004500e+00
 -6.4011806e-01
  4.1597352e+00
  6.2926620e-01
  7.1238250e-02
 -1.0780848e+00
  1.5094683e-01
 -8.5774851e-01
 -7.6995796e-01
  3.0242991e+00
  1.2840201e-02
  1.1385257e+00
  1.0263211e-01
  4.7105527e-01
 -3.5828552e-01
  6.7419982e-01
 -6.3274759e-01
 -2.4083525e-01
 -2.0703521e+00
 -8.3606619e-01
  1.4224765e+00
 -1.7960539e+00
 -4.3922248e-01
  7.0457268e-01
 -1.3375372e+00
  4.3113872e-01
  1.6106224e+00
  6.9912696e-01
  1.7210597e+00
 -1.0553266e+00
 -4.3419205e-02
 -6.1180425e-01
  3.0441344e-01
  9.4492219e-02
 -9.8843306e-01
 -1.2486740e+00
  7.0820904e-01
  8.4413135e-01
  8.9190984e-01
  1.3573035e+00
 -9.9488485e-01
  1.2518403e-01
  1.6056933e+00
 -1.7714943e-01
  7.6640058e-01
  7.2932464e-01
 -5.0093824e-01
  2.0154843e-01
  9.6593268e-02
 -7.3087370e-01
 -6.8916166e-01
  2.8865350e-02
 -1.1466448e+00
 -2.0989110e-01
  6.3540861e-02
  5.7226539e-01
 -2.6832092e-01
  4.0128919e-01
  3.7816456e-01
 -7.1967733e-01
 -3.1733781e-01
  2.5745574e-01
  5.7410475e-02
  1.4594397e-02
 -2.6541337e-01
  4.3536010e-01
  8.0958700e-01
 -1.8183193e+00
 -3.4530991e-01
  2.0956649e-01
 -2.5325435e-01
 -5.5856395e-01
  2.3141098e-01
  1.8160969e+00
 -1.8040750e+00
 -2.8760454e-01
 -1.2004136e-01
  1.8892210e-03
  5.7213149e+00
 -1.6638559e-01
  1.0732317e+00
 -1.1544459e+00
 -1.7734328e-01
 -1.0762251e-01
 -1.8602589e-01
  6.0504824e-01
  3.4698263e-01
  8.1778365e-01
  7.6992892e-02
 -1.6448711e+00
  7.0832866e-01
  1.4991156e+00
 -9.4591194e-01
 -1.1184580e+00
  6.5207374e-01
  1.4780209e+00
 -8.5117984e-01
  2.1935205e+00
  1.5194800e+00
  3.8790157e-01
  1.7956880e-01
 -4.8969045e+00
 -4.3433666e-01
 -3.6500850e-01
 -8.4916103e-01
 -6.7440928e-03
  1.2439812e+00
 -2.4968584e+00
 -2.5101306e+00
  8.2343584e-01
  2.6380044e-01
 -3.5303888e-01
  3.2252378e+00
  1.3056681e+00
 -2.1850038e+00
 -1.2937503e+00
 -3.2774072e+00
  6.5155262e-01
  1.4382892e+00
  1.6368169e-01
  1.6545317e-01
 -7.3310786e-01
 -2.8622065e+00
  1.2806871e+00
 -1.5618071e-02
  8.4627235e-01
 -1.9712825e+00
 -8.0346256e-01
  3.8666561e-01
 -3.5276395e-01
  2.3615640e-01
 -5.1442938e+00
 -3.9794856e-01
  3.6794537e-01
  2.4445820e-01
 -3.0968893e+00
 -7.4014300e-01
  1.0422747e+00
  3.6821237e-01
 -1.6180335e+00
 -2.5562766e+00
  4.1269386e-01
  2.6267502e-01
  2.5106783e+00
 -4.5588416e-01
  5.5652213e-01
 -9.7999799e-01
 -1.1470312e+00
  5.4496232e-02
  4.6781874e-03
  3.5770664e+00
 -8.0770081e-01
 -3.2159476e+00
 -4.4991070e-01
 -1.6264285e-01
 -7.2034347e-01
  1.3494289e-03
 -1.9880430e-01
 -1.6118432e+00
  1.0834564e+00
 -9.4871521e-01
 -7.9514116e-02
 -4.4236851e-01
 -3.0739760e-01
 -1.3678007e+00
  6.4403576e-01
 -6.8562496e-01
 -2.7316422e+00
  8.4679347e-01
 -3.0797637e-01
 -1.3341914e-01
  1.0405856e+00
 -1.3244519e-01
  1.1181495e+00
  2.8201631e-01
  4.6487439e-01
 -4.5333523e-01
 -1.2368413e-01
 -1.9137669e-02
 -1.2762108e-01
 -1.4221495e+00
  3.7021458e-01
 -1.9243163e-01
 -1.1198720e-01
 -5.7501757e-01
 -2.9753852e-01
 -1.7609155e-02
 -4.8996311e-01
  1.2331780e-01
  3.5857645e-01
 -2.3322283e-01
 -9.7491729e-01
 -4.9338502e-01
  1.0588129e+00
  7.4088061e-01
 -1.1697903e+00
 -1.3785141e+00
  1.0839963e+00
 -1.0775380e+00
 -4.2836535e-01
 -3.1740901e-01
 -2.9145423e-01
 -1.2259780e-01
 -4.9861321e-01
 -4.6978548e-01
 -1.6254385e-01
  8.9665800e-01
 -1.9233431e+00
 -8.6521137e-01
 -1.4190600e+00
 -3.6289690e+00
  1.9913653e+00
 -4.9956772e-01
  6.7542739e-02
 -7.3084114e-03
 -5.8998638e-01
 -1.4411286e+00
 -7.1172309e-01
 -3.4776203e-02
 -6.0529184e-01
  1.2613771e+00
  8.7355238e-01
  3.4808704e-01
 -1.3346647e+00
  2.5258538e-01
  1.4355917e+00
  1.4802665e+00
 -1.3053276e-02
 -4.4828616e-02
 -4.2199767e-01
 -6.9229728e-01
  3.5981756e-01
 -2.7154891e+00
  6.1348446e-02
 -1.4041569e+00
  5.2333179e+00
 -1.3696522e+00
 -1.0995018e+00
 -4.7448906e-01
 -1.5921819e-01
  1.0116735e+00
 -1.0639288e+00
  3.2227309e+00
  1.3024554e-01
 -7.4564122e-02
 -2.2324823e-01
  1.8941845e+00
  3.7963691e-01
  9.3909979e-01
  1.1653190e+00
 -1.1847293e-02
  5.1719302e-01
 -7.6181769e-01
 -1.7125387e-01
  1.7189505e-03
  9.7993352e-02
 -1.7523227e+00
 -3.5563132e-01
 -1.3658264e-01
 -8.2975626e-01
  4.5771122e+00
 -1.0812171e+00
 -1.4393697e-02
  1.4365417e-02
  3.6591080e-01
  5.5346394e+00
 -7.3618484e-01
  7.0339352e-01
  1.0231303e-01
 -5.5976301e-01
  3.9139265e-01
  9.7944599e-01
  1.1181381e-01
 -1.3810465e+00
  1.3047954e+00
 -1.9315232e-01
 -6.4666516e-01
  7.7015501e-01
 -5.6770835e-02
 -5.1798914e-02
 -5.9235370e-01
  7.6802656e-02
  2.0801222e+00
  5.2062500e-01
  6.9190985e-01
 -1.4357094e+00
  8.5603982e-01
  7.6659310e-01
 -4.1051242e-01
  1.1888506e-01
  1.3170377e+00
  3.8328898e-01
  1.1174189e+00
  4.3478675e-02
 -6.7184931e-01
  1.0574039e+00
  1.4636469e-01
 -1.3289275e+00
 -1.5216517e-01
  8.9001112e-02
  4.7871807e-01
 -1.8157715e-01
 -6.3326859e-01
  3.5314688e-01
  3.7815085e-01
 -4.4891912e-02
  5.2309698e-01
 -4.9865064e-01
 -1.0823897e+00
  1.6965936e-01
 -4.3659219e-01
  9.6564162e-01
 -7.2463387e-01
  2.2554064e-01
 -6.9665536e-02
  4.8482194e+00
  5.6167859e-01
 -6.1452287e-01
  5.1359165e-01
  1.0215069e+00
  9.5282835e-01
  2.5842673e-01
 -1.8842719e-01
  8.7655592e-01
 -6.0151356e-01
 -3.9910844e-01
  1.3168630e-01
  2.0650092e-01
 -1.6335930e+00
  1.4303275e+00
 -8.0000335e-01
  5.3967756e-01
  4.4404545e-01
  1.4342028e+00
  3.4819558e-01
 -5.4545438e-01
  1.2676503e-01
 -9.3583494e-01
 -1.9378206e-02
  4.3622237e-01
  6.7383331e-01
 -9.9696988e-01
 -4.4834256e-01
  1.1344414e+00
  4.3394351e+00
 -3.0124063e+00
  2.5597544e+00
 -8.0198896e-01
  7.5989830e-01
  1.7373835e+00
 -2.9192791e+00
 -2.0945137e+00
 -2.5071067e-01
  2.3110912e+00
 -1.6137033e+00
 -4.3915036e-01
  8.9032960e-01
 -6.6505605e-01
  3.2158288e-01
  1.6562331e+00
  1.9977161e-01
 -1.2257218e-01
  9.4532184e-02
  1.8993359e+00
  7.5385904e-01
 -5.2656047e-02
 -1.3636038e+00
  5.2584821e-01
  2.3311765e+00
  6.6592801e-01
  1.6564505e+00
  3.5346639e+00
 -4.8015580e-01
  9.7771007e-01
 -1.5734081e+00
 -5.8222806e-01
  1.6585852e-01
 -2.3556174e-01
 -2.5963559e+00
 -2.2089055e+00
 -1.8348140e-01
  2.3241883e-02
  2.7162550e-02
 -1.5060985e+00
  6.1416346e-01
 -7.7385360e-01
  1.2750485e+00
 -2.9163892e+00
 -1.9520292e-01
  4.4235143e-01
  1.8730064e-01
 -4.5509750e-01
  4.7348475e-01
  1.3049419e+00
  5.8286941e-01
 -5.7586837e-01
  2.7789698e+00
  9.3642217e-01
  2.5548309e-01
 -3.1864181e+00
 -1.7319105e+00
  6.3245302e-01
 -1.0179929e+00
 -9.8773533e-01
 -1.7977025e-01
  1.7903000e-01
  6.1407387e-01
  4.8952551e+00
 -1.1820713e+00
  3.8842425e-01
  1.2659832e+00
 -1.2651883e-01
 -8.4122974e-01
  1.2329534e-01
 -1.0842749e-01
  6.3185197e-01
  1.4164607e-01
  1.4332529e+00
 -2.9886682e+00
 -8.0059320e-01
 -4.0559134e-01
  1.2957064e-02
  1.0835415e+00
  5.6810539e-02
  2.5339061e-02
 -4.9332461e-01
  8.0470067e-01
  1.7337430e-01
  1.6571809e-01
 -5.5408061e-01
  4.6800083e-01
 -6.5140820e-01
  4.5404157e-01
 -2.3504484e+00
  1.0061001e-01
  3.1374967e-01
  9.4931312e-03
 -2.1325963e+00
 -1.1581903e+00
  3.9751467e-01
 -3.2468179e-01
  1.2629454e+00
 -2.0309182e-01
  3.3582956e-02
  8.9456248e-01
  8.1803733e-01
 -2.6436803e+00
  3.0640987e-01
  4.6512082e-02
 -2.4139760e-01
  4.7852812e+00
 -5.7578701e-01
  7.2170913e-01
  9.3131572e-01
 -4.3005955e-01
  6.2774277e-01
  5.0475436e-01
  4.1870293e-01
  2.5892345e-02
 -1.3496839e+00
 -2.9125145e-01
  7.9187924e-01
  9.3625791e-02
  8.6674011e-01
  5.4057610e-01
 -5.5408347e-01
 -1.4279134e+00
 -3.7266200e+00
  1.5273818e-01
 -9.5024627e-01
  2.0962760e-01
  5.7286836e-02
  9.8053074e-01
 -1.7216429e-01
 -1.2995294e+00
 -4.8685765e-01
 -7.7286881e-01
 -2.1564879e+00
 -8.5621470e-01
 -2.0899765e-02
 -2.6407894e-01
 -2.0133276e-01
 -2.7012828e-01
 -4.9190313e-01
  2.7949080e+00
  7.2027177e-01
  3.7851447e-01
  1.0203674e+00
 -1.8939239e+00
  8.9463573e-03
  7.2301067e-02
 -1.4549887e-02
 -6.7703754e-01
 -4.8314655e-01
  5.9071803e-01
  2.8750703e-01
 -3.2358930e-01
  6.1608052e-01
  1.8166524e-01
 -4.4028372e-02
 -4.7220111e-02
 -1.8719194e+00
 -1.2275405e+00
  1.3550047e+00
 -3.3382460e-01
  1.9711560e+00
 -9.4121158e-01
 -4.7295269e-01
  2.0253441e-01
 -5.6926912e-01
 -1.1407212e+00
  7.8503978e-01
 -6.8404663e-01
 -3.6291747e+00
 -1.4262602e-01
  2.7620163e+00
 -1.4812928e+00
 -1.4547321e+00
 -3.3234420e-01
  1.6884139e-01
  3.3427607e-02
  8.2439315e-01
 -2.7189040e-01
  3.1731265e+00
  3.2645771e-01
  5.3367233e-01
 -6.8699610e-01
  2.5865457e+00
  2.3983136e-02
 -6.0556036e-01
  6.9738245e-01
  9.7621894e-01
 -1.3996232e+00
  1.6467860e-02
  2.1098106e+00
 -4.0591499e-01
 -1.0263337e+00
  6.7314759e-02
 -5.3127867e-01
  4.6232153e-02
  5.2551913e-01
 -2.6772982e-01
 -2.2435093e+00
 -9.2408575e-02
  2.3301163e+00
 -4.1000795e-01
  1.7828941e-01
  6.6798739e-02
  1.1196749e-01
  6.8359606e-02
 -6.5573561e-01
 -7.8076768e-01
 -2.1444559e+00
 -8.1570345e-01
 -2.0320334e+00
  1.7455735e+00
  2.6206422e-01
  2.4173185e-01
 -1.8558156e-02
  8.9147514e-01
 -5.4928064e-01
  3.3797699e-01
 -4.0774372e-01
 -1.1195801e+00
 -1.2799271e+00
  4.3597835e-01
 -3.7781293e+00
 -2.6053708e-02
 -3.9466473e-01
  4.3973652e-01
  1.3892810e+00
  1.5250540e-01
 -1.3525689e-01
 -3.5962817e-01
 -2.3613598e+00
  3.9574662e-01
 -2.1017015e+00
  4.8826709e-01
 -2.0198887e-02
  3.2237601e-01
  2.6178101e-02
  8.9795971e-01
 -1.5246114e+00
  1.5984037e+00
  3.2415867e-01
 -4.7537018e-02
  3.9915754e-03
  6.5540627e-02
  2.3156917e-01
  5.1676667e-01
  4.3366116e-02
 -4.3611562e-01
  1.3187534e+00
 -9.9282414e-01
 -2.4486689e-01
  7.8081745e-01
  6.0526377e-01
  3.3590642e-01
 -1.5642585e-01
 -1.7159343e-01
 -3.5461795e-01
  2.5998098e-01
 -2.1325931e-01
  1.7435489e+00
  1.0008363e-01
 -8.9932847e-01
  1.6609696e+00
 -2.1575011e-01
  3.9074457e-01
 -6.6481245e-01
  3.5363036e-01
  9.7445363e-01
 -1.4718362e+00
  5.4523861e-01
  5.2919710e-01
  4.5747232e-01
  2.8573042e-01
 -3.4832977e-02
  4.9446835e-03
 -3.0651468e-01
 -3.8740414e-01
 -8.1989580e-01
 -7.6443046e-01
 -2.9824024e-01
  8.1307602e-01
  1.4908000e+00
  2.8760174e-01
 -1.0898519e+00
 -9.0708268e-01
  9.1695571e-01
  3.4061024e-01
 -5.2941167e-01
 -2.1302573e-01
 -1.1157988e+00
 -3.0114758e-01
  2.3038456e-01
 -2.1147111e-01
  5.3407111e+00
  3.2861066e-01
 -7.1772707e-01
  5.4613703e-01
  4.6816662e-01
  3.9680448e-01
 -3.3278486e-01
 -1.6253411e+00
 -1.0149354e-01
 -6.5198272e-02
  1.0667720e-01
  6.4704567e-01
 -1.0983160e-01
 -2.5329933e-01
  9.0902734e-01
 -3.4342806e+00
  4.8775429e-01
  7.5512692e-02
 -3.2460102e-01
 -1.4659905e+00
 -3.2388303e+00
  7.7188320e+00
  3.9045534e-01
 -4.9298996e-01
  4.5729958e-02
  1.9370941e+00
 -1.5110998e-01
  4.8750699e-01
  8.4382817e-02
  5.3728324e-01
  7.8081414e-02
  5.1639074e-01
  3.3032472e+00
  1.5660116e-01
  1.1933455e+00
  4.7443926e-01
  1.1052760e-01
 -1.3591299e+00
  1.8128659e-01
  2.6451418e-01
  2.2631906e-01
  5.2682668e-01
 -3.6406904e-02
  7.9895669e-01
 -4.0353045e-01
  2.2738945e+00
  3.0520734e-01
  1.1509525e+00
 -7.1302876e-02
  1.0276026e-02
 -1.0920547e+00
  9.8914987e-01
 -1.6376284e-01
  2.1032643e+00
  1.9230479e-01
  4.4145843e-01
 -2.4136782e-01
 -4.0034495e-02
  2.6692045e+00
  2.6040258e+00
 -5.1626909e-01
 -1.1088623e-01
 -8.6271065e-01
  1.3275348e+00
  5.4231709e-01
 -1.0480349e+00
  1.2433907e+00
  7.5044858e-01
  1.7243837e+00
  4.4764662e+00
 -3.6477396e-01
 -8.4372854e-01
 -1.6973835e-01
  1.1170474e-01
 -5.9947634e-01
  1.3689584e+00
  1.5230744e-01
  9.3970793e-01
  5.9114847e-02
 -1.2610370e-01
 -2.0736105e+00
 -4.8409138e-02
  6.2507570e-01
  9.3454253e-03
 -3.5090783e-01
  8.0516511e-01
 -8.5982639e-01
  1.0871195e+00
 -1.1445695e+00
  7.5870991e-01
  5.2434802e-01
  3.1222767e-01
  6.7189628e-01
 -6.9021869e-01
  3.3581737e-01
  2.1290404e-01
 -4.5837250e-01
 -2.8406678e-02
 -5.0890427e-02
 -5.4356914e-02
  4.9359280e-01
 -5.9596908e-01
 -2.7689701e-01
 -3.1777316e-01
 -2.1498015e+00
  1.6544886e-01
 -1.1757530e+00
  9.3585253e-01
  1.5347420e+00
 -4.0135909e-02
  5.0569060e-03
 -6.1403382e-01
  5.2582383e-01
  4.2052692e-01
  6.4065814e+00
 -2.8543918e+00
  3.3580306e+00
  5.2166992e-01
  2.0348263e+00
  9.2214406e-01
 -4.9707770e-01
 -4.4583890e-01
 -1.6064415e+00
  2.3134336e-01
  2.8036475e+00
 -9.1175574e-01
 -1.2266616e+00
  4.8288271e-01
  2.1337789e-01
  4.1658107e-02
  7.9907537e-02
 -1.6915773e-01
  1.3934354e-01
  1.2226434e-01
 -1.1856772e+00
  1.3613458e+00
  6.2866129e-02
 -9.0597832e-01
 -6.8968415e-01
 -7.5451136e-01
  1.1150109e+00
  9.9904537e-02
  5.7079458e-01
  7.5968844e-01
 -4.6028361e-01
  6.5110791e-01
  2.1222195e-01
 -3.3936386e+00
 -2.6341897e-01
 -4.8509669e-01
  2.3050128e-01
 -4.0143311e-02
  1.2840147e+00
 -1.5751854e-01
 -2.5900593e-01
 -1.0503643e+00
  5.1040542e-01
 -3.6840504e-01
  6.3397473e-01
 -5.5330741e-01
 -7.2033415e-03
 -1.9795489e-01
 -9.3364543e-01
 -2.5432038e-01
 -9.0821439e-01
  6.2124982e-02
  1.3913493e+00
  9.9002618e-01
  4.7391467e-03
  8.7662262e-01
 -1.6607556e-01
 -7.0375216e-01
  2.6235667e-01
 -1.3897368e-01
  2.5777860e+00
  2.8048065e-01
  1.0478258e+00
  1.0468086e+00
  1.3377656e-01
 -1.1344371e+00
 -1.7973554e+00
  2.8312428e+00
  3.8172834e-02
 -8.6154515e-01
 -1.9586220e+00
  1.9625554e+00
  1.1411085e+00
  6.4628917e-01
 -1.4485283e-01
 -3.4994763e-01
 -2.0162314e-01
  1.0959173e+00
 -9.6991706e-01
  1.3074908e+00
 -8.7744698e-02
  9.9995919e-02
 -4.7041807e+00
 -2.1129701e+00
  8.9118463e-01
 -4.0322870e-01
  2.1569568e-01
  8.7485589e-02
  2.9288030e-01
  1.3714966e+00
  8.7797719e-01
 -1.4844230e-01
 -1.6245959e-02
  3.0230007e-01
 -5.4768914e-01
  2.1651147e-01
 -3.8392153e-01
 -9.4470002e-02
  8.7681480e-02
 -2.9747370e-01
 -6.4049089e-01
  3.4038851e-01
 -5.6023840e-02
  7.6539773e-01
  4.3585601e+00
  6.8436080e-01
 -3.1605251e-02
  1.5745072e+00
 -1.2080234e-01
 -1.3349864e-01
  1.2604750e+00
  4.6970591e-01
 -7.9611874e-01
 -3.6457148e+00
 -1.3116922e+00
  8.6335383e-02
  4.0030181e-01
  9.5271909e-01
  5.2397168e-01
 -3.2985917e-01
 -3.3598074e-01
  1.0378118e+00
 -2.1348753e+00
 -4.7722450e-01
 -4.7168744e-01
 -2.4501318e-01
  4.6530819e-01
 -7.4673355e-01
 -9.4007671e-02
  1.2740871e-01
  2.6005077e+00
  4.0167886e-01
  7.3109448e-01
  1.9388986e-01
 -1.5017080e+00
 -1.9990784e-01
  2.1958394e+00
 -5.7684445e-01
 -9.1073340e-01
  3.5835671e-01
  1.5493949e-01
 -1.8720895e+00
 -8.4807880e-02
 -1.4649194e-01
 -2.5972851e-02
 -2.3063269e+00
  3.7056077e-01
 -1.0173037e-02
 -1.1950327e+00
  1.1857202e+00
 -3.6833924e-01
 -1.9634784e+00
  1.8337788e-01
 -2.2917557e-01
 -1.5048815e+00
 -4.7429571e-01
  6.1636156e-01
 -1.3157303e+00
 -6.7541111e-01
 -6.6025418e-01
  7.2013390e-01
  2.5400529e+00
  1.2184182e+00
 -1.0166094e+00
 -2.0653950e-01
 -1.7150075e+00
 -9.2488408e-01
 -5.8099830e-01
 -1.7121659e-01
  8.1183456e-02
  8.7977099e-01
  6.8169385e-02
  4.6013981e-02
 -2.5066388e+00
 -8.0425024e-01
 -7.7886343e-01
 -5.1240625e+00
 -7.2391433e-01
 -5.8506295e-02
  7.9877186e-01
  6.2438810e-01
 -1.3789117e+00
  2.8380215e-01
 -1.7375457e+00
  1.2409706e+00
  1.1955286e+00
 -8.0183764e+00
 -3.0534564e-02
 -2.5179747e-01
 -2.0790870e+00
 -2.8305593e-01
 -2.8846285e-01
 -2.1314019e-01
  1.5362576e-01
  1.6239272e-01
  9.2770934e-02
 -2.1441257e-02
  9.7642332e-02
  4.4479337e+00
  1.0904630e-01
  5.5916905e-01
  5.2183920e-01
 -8.6355722e-01
  3.4216207e-01
 -4.7292078e-01
 -3.4620199e-01
 -9.4077724e-01
 -3.1504339e-01
 -3.0405200e-01
 -7.1730995e-01
  7.5657451e-01
  1.8945806e+00
 -1.6936770e-01
 -4.6461594e-01
 -7.9173261e-01
  1.7949400e+00
 -5.0996238e-01
 -1.9832125e+00
  4.3492931e-01
  5.4253960e-01
 -3.2984549e-01
 -2.4044707e-01
  1.6207698e-01
  9.3012196e-01
  1.1784327e-01
 -1.1810458e-01
  2.0160142e-01
 -1.6106501e+00
 -2.4982516e-01
 -2.7664292e-01
  3.6386031e-01
  3.3265564e+00
  1.0992149e-01
 -1.7944946e+00
 -1.9150949e-01
 -1.1828758e+00
  4.5905545e-01
 -7.0481665e-02
 -4.3903589e+00
  1.1436166e+00
  1.0629598e+00
  1.5880890e+00
 -1.2364992e+00
 -1.3807575e+00
 -8.0981731e-01
  3.7532815e-01
 -4.0684557e-01
  1.1928787e-01
  2.7318969e-01
 -3.1998140e-01
 -4.0990371e-01
  8.7694697e-02
  4.1411028e+00
  1.8458276e+00
 -4.6670893e-01
 -8.7524080e-01
  3.9624521e-01
  1.0792859e+00
 -1.9938170e+00
 -4.3202019e-01
  7.5791664e-02
  4.6002116e-02
  3.3620670e-02
 -4.4859815e-01
  1.4736862e-01
  1.2865816e+00
  2.7619275e-01
 -1.9945675e-01
  1.5253226e-01
  3.3958805e-01
  9.8253071e-02
 -2.3535578e+00
 -4.7823879e-01
 -2.6353046e-02
 -2.4814332e+00
 -7.8897047e-01
  2.9643384e-01
 -1.7097312e+00
 -6.2116402e-01
  1.2013768e-01
  3.4944540e-01
  1.0935388e+00
 -1.9096404e-01
 -1.0003067e+00
  1.0219874e-01
 -3.2287574e-01
 -7.0443046e-01
  2.6262960e-01
 -3.8895568e-01
 -7.9963231e-01
  3.3103335e-01
  1.9038506e-01
 -5.3869498e-01
 -2.2791083e+00
  3.5625669e-01
 -6.6401396e+00
 -4.3627277e-01
 -3.8636312e-01
 -3.9200944e-01
 -6.8897223e-01
  4.3293679e-01
  5.5045652e-01
  3.5292861e-01
  1.2354857e+00
  5.3534085e-01
 -1.9982329e-01
  1.5884559e-01
  1.2975730e+00
  6.0125345e-01
  2.1183878e-02
 -6.3469464e-01
  2.1021078e+00
  5.6380320e-01
  1.8042154e+00
  7.1824867e-01
 -7.4428779e-01
  9.4362330e-03
  1.4871830e-01
 -9.1327101e-01
  2.1398575e+00
  3.4821895e-01
  6.8681687e-01
  8.0853269e-02
 -4.2005506e+00
  1.3220713e+00
 -1.5473258e-01
  2.0875973e-01
  6.2060267e-01
  2.9074368e-01
  5.3925264e-01
 -5.2843964e-01
  2.8750068e-01
 -2.1726866e+00
 -6.3021368e-01
 -4.1041434e-01
  1.4981551e+00
 -1.4952837e-01
  3.3694077e-01
 -9.5000494e-01
 -6.7077225e-01
  9.2488068e-01
 -9.9090320e-01
  1.4488900e+00
  7.8766418e-01
  6.7192179e-01
  4.0700436e-01
  1.5963871e+00
 -2.1220304e-01
 -1.7326136e+00
 -9.4008040e-01
  8.5244346e-01
 -4.4967347e-01
  2.9151529e-01
  1.6246693e-01
  1.1626117e-02
  1.7254034e+00
 -3.2076156e-01
  1.5058289e+00
  1.0311892e+00
  2.6613488e+00
  1.6246796e+00
 -1.8861758e+00
 -3.9381692e+00
  2.7367635e+00
 -4.4199374e-01
  1.0890067e-01
 -3.4446904e-01
  2.5923732e-01
 -1.9772892e-01
 -1.3799616e+00
  8.6977459e-02
  2.6762566e-01
  4.4116434e-01
 -2.6300535e-01
  6.2344557e-01
 -1.7464823e-01
 -6.0536847e-02
  8.8939315e-01
  3.1316669e+00
 -1.8917468e-01
 -2.7137837e-01
 -2.6870501e-01
  1.4523206e+00
  1.2130560e+00
 -2.1976843e+00
 -8.4192306e-02
  1.1454176e+00
 -4.1513631e-01
  4.8617791e-02
 -2.2756529e+00
 -8.6656767e-01
  8.1017232e-01
 -3.4376961e-01
  4.4290908e-02
  1.1338199e+00
  1.0791941e+00
 -1.9736001e-01
  3.4803608e-01
 -1.1989995e+00
 -9.0773445e-01
 -9.6880265e-02
  6.4157128e-01
  8.3978367e-01
 -1.1453786e+00
  6.1925806e-02
  5.8518380e-01
 -2.2110131e+00
  5.2680355e-01
 -1.4805759e-01
 -1.2863454e+00
  8.3879954e-01
  1.1130053e+00
 -4.1702011e-01
 -1.9340410e+00
 -1.4573092e+00
  3.7039733e+00
 -7.4113268e-01
  1.7796313e+00
 -2.3286034e-01
  2.4547917e-01
 -1.1274916e+00
  3.4010372e-01
  7.2043188e-02
  2.2828758e+00
  6.5621191e-01
 -3.1117389e-01
  1.7230542e-01
  7.0611686e-01
 -8.1585819e-01
 -9.5350850e-01
 -3.5802200e+00
 -1.1036445e+00
  2.2888631e-01
  2.5875720e-01
  1.9392413e-01
  4.1684973e-01
  5.8223718e-01
 -8.3300613e-02
  6.8310553e-01
 -1.0886226e+00
 -2.8014657e+00
 -6.0167894e+00
  1.1804726e+00
  5.3523809e-01
  8.4911239e-01
 -6.0263133e-01
  3.0765024e-01
 -4.4336952e-02
  4.4527933e-02
  9.0228510e-01
  6.2878929e-02
 -2.5825945e-01
 -3.2381755e-01
  1.8402760e-01
  5.2569890e-01
 -8.4390056e-01
  6.5921015e-01
 -1.0413513e+00
 -6.1056314e+00
  1.5028172e+00
 -2.6094076e-01
  3.8353760e-02
  7.5233614e-01
 -5.2755374e-01
  8.4345442e-01
  1.6586407e-01
  1.4935516e+00
  7.6175022e-01
  1.5106171e+00
 -1.7180399e+00
  1.3171592e+00
  4.5127252e-01
 -1.7505975e+00
  6.1084414e-01
  5.5881843e-02
  4.5891792e-01
  2.2598596e-02
 -2.5296502e+00
 -9.4405490e-01
 -4.7020593e-01
 -9.9932581e-02
  3.3454907e-01
 -6.0742444e-01
 -1.1049125e+00
  3.0079786e-02
  3.8094220e-01
  1.2584344e-01
  4.5209113e-01
  2.5739428e-01
  1.6166503e+00
 -2.0591617e-02
  5.8496350e-01
 -8.1763536e-01
  1.1823999e-01
 -7.2264260e-01
  4.1056968e-02
  4.5741837e-02
  1.1800922e+00
 -1.1120147e+00
 -1.5450383e+00
 -1.0519309e-01
 -8.3170825e-01
  4.2380103e-01
  7.4921921e-02
 -8.3312964e-01
 -5.6724716e-02
  3.8490441e-01
  1.3305922e+00
  4.6234250e+00
 -9.3334734e-01
 -3.7403390e+00
  4.4411927e-01
  1.7992193e-01
 -1.2206683e-01
  1.0042242e+00
 -3.1717358e+00
 -2.9727464e+00
 -2.3161496e-01
 -3.5323206e-01
  1.0352632e+00
 -1.1844733e-01
 -2.1841664e+00
  2.6071405e-01
  6.9870606e-02
  2.4866983e-01
 -4.6508365e+00
  1.4210795e+00
  1.4877551e+00
  1.9268742e-01
 -3.2023239e-01
  3.9734098e-01
 -3.7545878e-01
 -1.3810167e-01
  1.0260881e-01
 -4.1338608e-01
 -6.7161816e-01
  4.5395270e-01
 -3.0793497e-01
 -5.1305735e-01
  1.6195039e+00
 -8.5063547e-01
 -1.1160387e+00
  1.3827751e+00
 -5.6084865e-01
  6.8470550e-01
 -6.5665662e-01
  6.2018222e-01
 -3.4207106e-01
  6.4055777e-01
 -5.4019514e-02
  3.9951184e-01
  7.3960483e-01
  1.7851512e-01
  4.4159955e-01
 -3.7481350e-01
  4.1770500e-01
  4.5113169e-02
 -1.2870115e+00
 -5.3482211e-01
  8.6342645e-01
 -4.2344752e-01
 -7.2416663e-01
  1.2024308e+00
  3.4948647e-02
  6.4042288e-01
 -8.0883425e-01
 -1.1553599e+00
 -2.6759636e+00
 -2.2214272e+00
  7.8021753e-01
  1.3222065e+00
  1.4102064e-01
  2.9716820e-01
  2.3694830e+00
  4.4638327e-01
 -6.9531441e-01
 -2.1879969e+00
 -3.0268605e+00
  1.5773213e+00
 -1.2771890e+00
  7.0874345e-01
  1.1730294e+00
  1.1290336e+00
 -2.1830642e+00
  1.3042929e+00
 -1.4033355e+00
  2.1043215e+00
  8.3263344e-01
  5.4498321e-01
  1.0968784e+00
 -4.4500356e+00
 -4.6731070e-01
  2.1465895e-01
 -1.2969153e+00
 -2.6002789e-01
  5.0320226e-01
  1.1572628e+00
 -1.2846641e-01
 -3.1922954e-01
 -2.1231180e-01
  3.5618082e-01
 -3.9837725e-02
  3.7901449e-01
 -1.6667742e+00
  1.3798018e+00
  2.1130893e-01
  4.4524246e-01
 -4.6627289e-01
 -1.2989056e+00
 -1.0919350e-01
 -2.8886831e-01
  9.3419415e-01
 -8.0882692e-01
 -1.0323627e+00
 -3.1217653e-01
 -3.2137224e-01
 -7.3379701e-01
  7.1349418e-01
  5.8282638e-01
  3.6929622e-01
  2.2978456e+00
 -3.6114600e-01
 -6.3954276e-01
  3.6696959e-01
  1.5839363e+00
 -1.9504353e-01
 -1.1455901e+00
  8.6915088e-01
 -2.4938626e-02
 -3.1927279e-01
  5.4017943e-01
  4.6162444e-01
 -2.2856421e-03
  8.8795608e-01
 -1.9480535e+00
 -4.8751318e-01
  3.7617970e-01
 -1.1575132e-01
  1.1543296e-01
  4.0518358e-01
 -4.5714736e-01
 -2.8414121e+00
  2.8121796e-01
 -2.9548055e-01
 -3.6274996e-01
 -8.9634724e-02
 -1.7037225e+00
  1.2934072e+00
  1.2897108e-01
 -5.3072667e-01
 -8.4053481e-01
 -1.1248565e+00
 -1.4014937e-01
 -1.1095173e-01
  4.9515495e-01
 -6.1634958e-02
 -1.0962380e+00
  2.2844291e-01
  1.0614271e+00
  3.5777384e-01
 -1.5882092e+00
  2.0427409e-01
 -7.1080200e-02
  3.2900462e-01
  5.0460762e-01
 -1.0026643e-01
 -1.3189211e+00
 -4.9420640e-01
 -4.2961538e-01
  1.7742081e+00
 -9.1930377e-01
 -2.2905829e+00
  1.9762713e+00
 -3.3054569e-01
 -7.1308827e-01
  3.2832110e+00
 -1.1954455e+00
  3.9458268e+00
 -2.2733232e-01
  7.7218318e-01
  2.1249153e-01
  9.6937919e-01
  6.0724568e-01
 -1.3809208e+00
  7.0769474e-02
 -2.2686970e-01
  2.1205680e+00
  1.6912176e-01
 -1.8537688e-01
  1.6386744e-01
 -3.9757356e-01
  8.1863964e-01
 -1.2961222e-01
  4.8129502e-01
  3.7099132e-01
  3.7953636e-01
 -8.1261307e-02
 -5.4175144e-01
  1.5790373e-01
  5.5052197e-01
 -1.0714544e+00
  1.8659002e-01
  8.0969423e-01
  4.3689311e-01
  3.6161324e-01
  5.8860499e-01
  3.2016546e-01
  4.5914772e-01
 -2.4148457e-02
 -9.7442132e-01
  4.0733853e-01
  8.1067425e-01
 -1.7131846e+00
 -9.8420531e-01
  5.8930570e-01
 -4.6751520e-01
 -4.7003505e-01
  3.4051609e-01
  2.5510614e+00
  1.7631757e-01
 -1.9035618e-01
 -8.2505298e-01
 -1.5137275e-03
  1.5014000e+00
 -2.6798260e-01
 -6.2743950e-01
 -1.2849247e+00
  2.2744280e-01
  3.3929925e+00
 -1.3747895e+00
  1.8975275e+00
 -4.3810263e-01
 -5.0102824e-01
  1.6197652e+00
 -2.7411973e+00
  3.4250076e+00
  8.8484597e-01
  8.6208457e-01
 -8.3903092e-01
 -1.8230524e+00
  1.6601239e+00
  7.8594260e-02
  1.2441556e+00
 -2.7735656e-01
  3.2336089e-01
 -7.9029590e-01
 -4.7553620e-01
  2.7602553e+00
 -1.3311009e+00
  5.5439005e+00
 -2.9568949e-01
 -4.0378067e-01
  7.7550936e-01
  8.2789016e-01
  8.9795494e-01
 -1.7232668e+00
 -4.6256539e-01
  4.0072599e-01
  3.2665803e+00
  1.2027335e+00
  1.9251870e+00
 -5.7989988e-02
  6.9562852e-01
  1.6275546e-01
 -5.0065571e-01
  1.3027175e-01
  1.0687647e-01
  2.9344411e+00
  3.1589872e-01
  6.1583453e-01
  2.5817735e+00
  5.1931661e-01
 -2.6201828e+00
  4.5442590e-01
 -6.5203226e-01
  5.2668750e-01
  2.5167711e-02
 -1.1332599e+00
 -2.5299842e+00
  6.4238317e-02
  1.9418900e+00
  9.3939590e-01
  2.7138901e-01
  3.8559414e-03
  2.3793033e-01
 -2.0722841e-01
  1.3541453e+00
  3.1409183e-01
  7.9667753e-01
 -7.8143798e-02
  7.5667465e-01
 -4.2681408e-01
  1.1327480e+00
 -3.9436448e-02
  1.2276610e+00
  6.5257365e-01
  1.5142902e+00
 -1.3391541e+00
 -8.9743131e-01
 -2.2510066e+00
 -9.5231289e-01
 -1.7354234e-01
 -1.5418179e+00
 -1.8128860e-01
  7.1102381e-01
 -1.4147325e-01
 -7.7553922e-01
  2.4407363e+00
 -5.4563069e-01
  9.5622145e-02
 -1.5611236e+00
 -6.9995396e-02
 -4.3078816e-01
 -4.9652557e+00
  3.4016135e-01
 -5.0218302e-01
 -1.9978125e-01
  6.0795748e-01
  1.6007350e-01
 -3.7485170e+00
  2.9805930e+00
  5.4122794e-01
  2.6513180e-01
  1.9481404e+00
  5.8342034e-01
 -1.4215580e-01
  1.9707245e+00
  3.4866738e-01
 -1.0923792e-01
  2.8307772e+00
  2.3774613e-01
 -7.7396911e-01
 -1.0759703e-01
 -3.1956682e-01
 -5.8278348e-03
  6.2080640e-01
 -1.8282089e+00
 -7.5323510e-01
  7.9260862e-01
 -7.0802456e-01
  1.0967569e+00
 -3.8750198e-02
 -7.7292734e-01
  2.5252464e-01
  1.2183977e+00
  4.2852390e-01
 -2.2263298e+00
 -7.2849202e-01
  3.1161866e+00
 -8.2000917e-01
  5.6267929e-01
  1.7298924e+00
  6.8709195e-01
  1.6151303e-01
  9.7090483e-01
  4.1135412e-01
  1.6121927e+00
 -1.2172142e-01
  5.3548902e-01
  7.6127104e-02
  1.2907037e-01
 -9.7986124e-03
 -5.5355564e-02
 -1.1517130e+00
  5.6315368e-01
  7.4835628e-01
 -5.9006220e-01
  7.5122476e-02
  1.3703729e-01
  3.2249686e-01
  5.0552863e-01
  1.0344404e+00
  3.6497250e+00
 -6.8892723e-01
 -5.5176413e-01
 -4.6274626e-01
  1.8550842e+00
  1.1805725e+00
  2.5239511e+00
  1.1192428e+00
 -9.1692263e-01
  3.3578375e-01
  2.5863392e+00
  2.2253506e-01
 -6.0407132e-01
 -1.0372803e-01
  3.6467206e-01
  2.0054328e+00
 -1.4692878e-02
  2.5258329e+00
 -1.8810745e-02
 -3.6968774e-01
  2.1561685e+00
  1.0040698e+00
  5.0760955e-01
  7.0169365e-01
  1.2501446e+00
 -1.3518221e+00
 -7.1789390e-01
  9.0149951e-01
  1.3121502e+00
 -9.7925931e-01
  2.9807897e+00
  7.9526186e-01
  5.2134240e-01
 -4.9507606e-01
  1.6596769e+00
 -4.3040299e-01
  6.2597165e+00
 -4.3883345e-01
  3.5694098e-01
  8.9052036e-02
  5.1377809e-01
 -1.3286457e+00
  6.5529168e-02
 -6.7614764e-02
  1.7619984e+00
 -9.4812000e-01
  1.1344872e+00
 -3.2276040e-01
  5.9856862e-01
 -3.6682817e-03
 -5.4577327e-01
 -1.1129580e+00
 -1.5616493e+00
 -2.8703645e-01
 -6.9590062e-01
  3.8069403e+00
 -4.2672655e-01
 -1.4259249e+00
 -2.5053969e-01
  4.9818444e-01
 -3.7171841e-01
 -4.5684990e-01
  8.6486183e-02
 -4.3931860e-01
  2.2466527e-01
 -2.6619904e-02
 -3.3210123e-01
  3.8074520e-01
 -1.1069669e+00
  1.1956621e-01
  1.5086617e+00
 -5.7784384e-01
 -3.8177535e-01
  2.5136182e-01
  2.0313323e-01
  1.2952684e-02
  1.0179087e+00
 -1.5139264e+00
  3.8510120e-01
 -6.0244149e-01
 -7.7597789e-02
  9.8515414e-02
  1.6713238e-01
 -5.8169413e-01
 -9.2968142e-01
  3.6295936e-01
 -4.7732919e-01
  2.9791540e-01
  5.8486420e-01
 -3.9034912e-01
  7.4206012e-01
 -3.6751460e-02
 -1.0800762e+00
  1.3994933e+00
  2.5785141e-02
 -9.3034565e-02
 -1.8656862e+00
  3.9584572e+00
  2.8625922e+00
 -9.6367711e-01
 -6.0308379e-01
 -3.7053519e-01
  1.0261807e+00
  1.8190239e-01
  1.3697935e+00
  1.3922992e+00
 -2.3664503e+00
  1.0036649e-01
 -2.1672577e-01
  1.0787775e-01
 -1.7039044e-01
 -6.9988734e-01
  1.2302117e-01
  5.5443439e+00
  9.0714788e-01
  2.7656949e-01
  8.8469040e-01
  7.3648798e-01
 -1.0330119e+00
 -5.6240147e-01
  3.4994218e+00
 -8.0791199e-01
 -1.3020519e+00
 -6.8270147e-01
  1.9593550e-01
 -8.1200486e-01
 -2.5664973e-01
  7.8174257e-01
  1.5018037e-01
 -1.7453605e-01
 -6.8545991e-01
  5.8000547e-01
  5.5732244e-01
  3.9941186e-01
  3.3876104e+00
 -1.1203626e+00
  1.1266230e+00
  2.0349991e-01
  9.6730667e-01
  1.1777025e+00
 -1.3880453e+00
 -3.5833853e-01
  1.1640770e-01
 -1.1189730e-01
  5.8210063e-01
  5.4505024e+00
 -1.7160866e-01
  5.0589126e-01
  1.5164959e+00
  1.7563193e-01
  7.1241222e-02
  1.1565261e+00
 -2.1145974e-01
 -1.2536664e-01
 -1.8543589e+00
  1.2139406e+00
 -1.2979454e-01
 -1.0939935e+00
 -5.8567870e-01
  5.3155315e-01
 -5.9041697e-01
  9.3648411e-02
 -1.7348820e-01
 -2.4763051e-01
 -1.0937077e+00
 -1.0603051e-02
 -2.2945829e-01
  4.8637345e-01
  8.0151159e-01
 -1.1785382e+00
 -2.2459069e-01
  1.7124894e+00
 -6.7335778e-01
  1.3226571e-02
  2.7241358e-01
 -4.0316865e-01
  2.7119057e+00
  1.7548344e-01
  7.0069379e-01
 -3.6043480e-01
  3.4469548e-01
  4.6997461e-02
  1.5434345e+00
  1.7434455e-01
 -4.9116921e-02
  3.1132036e-01
 -3.3872464e-01
  2.7021423e-01
 -3.5963497e-01
 -3.3798277e-01
  9.3276060e-01
  1.8393650e+00
  5.2539784e-01
  3.0803077e-02
 -1.9811476e+00
  7.6213427e-04
  1.6547279e-01
  4.7580001e-01
  2.9078397e-01
  3.1830016e-01
  2.5423326e+00
 -1.0325487e+00
 -5.5762476e-01
  1.4160767e+00
  8.1390911e-01
  2.8935277e-01
 -9.3058378e-01
  2.7020123e+00
  9.7352797e-01
 -1.3030875e+00
  1.1570249e+00
  7.1724564e-01
  2.6832187e+00
 -8.7957960e-01
 -7.0960374e+00
 -1.2262447e+00
 -8.6931825e-01
 -4.1378707e-01
 -2.8752296e+00
 -8.5286218e-01
 -2.6047853e-01
  2.1040359e-01
 -1.5916861e+00
 -3.0151255e+00
 -2.9795644e-01
 -1.9088093e+00
  5.3651744e-01
  1.9296399e-01
 -2.1508628e-01
 -8.7533879e-01
  4.0873230e-01
  2.2759318e+00
  3.0325468e+00
 -4.6432263e-01
  4.0641400e-01
  4.3963675e+00
 -3.5905760e-02
 -6.9051707e-01
 -8.7913716e-01
 -3.2113317e-01
  1.1436925e+00
  2.2719586e+00
 -1.4910061e+00
 -4.5929757e-01
 -6.4781032e+00
  2.4955482e+00
 -2.7240679e+00
  5.9752339e-01
 -2.8839977e+00
  3.2576859e+00
 -7.7188319e-01
  3.6185451e+00
  1.9450488e+00
 -3.0781410e+00
 -4.9109599e-01
 -2.6681814e-01
 -2.5478477e+00
  1.0322334e-01
  2.6035063e+00
  4.2363518e-01
 -1.7984741e+00
  1.0285499e+00
 -3.9830325e+00
  8.3911354e-03
  1.3507890e+00
  4.6526691e-01
  3.7527413e+00
  2.1843748e-01
  3.4399307e-01
  1.0521427e+00
 -5.0672264e+00
  6.5383679e-01
  1.3967395e+00
 -2.4638109e+00
  2.0663059e+00
 -2.4740770e+00
  9.9544430e-01
 -2.5086847e-01
 -1.9366319e+00
  1.8023713e-01
 -7.6712644e-01
  4.1992258e-02
 -2.3107462e+00
  1.2981387e+00
 -3.4727877e-01
 -1.6300693e+00
 -7.9569781e-01
 -1.3324071e+00
  5.0433379e-01
 -1.9014116e-01
 -1.5561561e-01
 -3.8885325e-01
 -6.4623415e-02
 -1.2881899e+00
 -1.1518239e+00
  1.4859773e+00
  1.2620389e-01
  6.5520167e-01
  3.4839396e+00
 -3.4276056e-01
  5.8073038e-01
  6.0288143e-01
 -1.3684639e-01
  3.1652927e+00
 -1.6004475e-02
 -7.6636124e-01
  1.3147311e+00
 -1.0006603e+00
 -8.3684521e-03
  1.1700119e+00
 -5.2263942e+00
  1.1126839e+00
  2.8745377e-01
  7.0978051e-01
 -2.6195333e+00
 -1.1477220e-02
  5.3851902e-01
  3.0228810e+00
  9.6761113e-01
  8.9002252e-01
 -6.1162418e-01
 -1.6472780e+00
 -1.1518794e+00
 -3.1765988e-01
  2.5271525e+00
 -5.9370440e-01
 -8.6100698e-01
 -3.5525106e-03
 -4.2324215e-01
  2.1031819e-01
 -1.1968281e-02
  8.7472361e-01
  5.1268291e-01
  6.4174280e-02
 -1.4449748e-01
 -8.2656926e-01
 -5.8350591e-03
  5.5658895e-01
 -9.0799153e-01
  2.1856503e+00
  1.7718838e+00
 -3.7399903e-01
 -1.0102699e+00
 -1.6964614e-01
 -2.0188200e-01
 -1.9131392e-01
  6.3261397e-02
 -2.1927485e+00
 -2.9498941e-01
  9.3686089e-02
 -9.1385084e-01
 -7.7597111e-02
 -1.2843975e+00
 -1.3957382e+00
 -3.2850924e-01
 -4.0090373e-01
 -2.2707376e+00
  7.8465462e-02
 -1.6440968e-01
 -8.2645851e-01
  2.9309172e+01
  4.2862878e-03
 -1.8635136e+00
 -1.8189809e+00
  4.2191718e-02
 -1.2266513e+00
  1.0263673e+00
  2.6621456e+00
  6.2309523e+00
  1.3404684e+00
 -1.0649175e-01
  7.7812374e-01
  2.1531031e+00
  3.7953520e-01
  2.3475711e+00
 -2.1962390e+00
 -9.4725180e-01
  3.9061599e+00
 -1.5654424e+00
  2.0332592e+00
  5.3193612e+00
  1.2730430e+00
  1.0169709e+00
 -6.8670171e-01
 -1.3664199e+00
  5.4037166e+00
 -1.4397459e+00
  3.9767435e-01
  4.0190709e-01
  2.1674409e+00
  4.2793679e-01
 -6.7353290e-01
 -8.8301128e-01
 -1.6431653e+00
  9.0478522e-01
  1.1869856e+00
 -1.0081114e+00
  5.7917380e+00
  3.5091164e+00
  6.6676372e-01
  1.2490907e+00
 -2.1121957e+00
 -3.4194417e+00
 -7.0504659e-01
 -1.1889646e+00
 -4.3643179e+00
 -1.1791300e+00
  1.0655817e+00
  6.9222301e-01
 -1.9275649e+00
  8.7212855e-01
 -1.2365340e-01
  2.7269363e+00
 -2.5220881e+00
 -2.7477241e+00
 -3.2442322e+00
 -2.2762811e+00
 -7.4267727e-01
  1.8145171e+00
 -2.9922581e-01
 -1.6083045e+00
 -1.7425990e+00
 -1.6623545e+00
  4.3592024e+00
  7.3814428e-01
 -1.7072920e+00
 -1.7542671e+00
  4.2649975e+00
 -1.0881979e+00
 -4.8043885e+00
  8.2598150e-01
  3.0770450e+00
 -1.7440532e+00
  3.0518260e+00
  7.8316164e-01
  4.1750174e+00
  2.7965536e+00
  1.7391272e+00
  5.4058828e+00
  3.9083643e+00
  5.1321025e+00
  3.4651108e+00
 -1.0821092e+00
  2.4341524e-01
 -3.7148467e-01
  3.9008242e-01
  2.6680667e+00
 -1.9879379e+00
 -2.9773693e+00
  2.8421316e+00
 -7.9509681e-01
 -1.5932438e+00
 -1.8372337e+00
 -2.3714484e-01
 -4.0276337e-01
 -3.3742821e-01
  2.5291395e+00
 -1.1423885e+00
 -1.4225223e+00
  1.2009665e+00
 -2.8400915e+00
  1.5117493e+00
  1.1396997e-01
 -6.2715733e-01
 -2.0837250e-01
  1.0236630e+00
  1.3920654e+00
  6.6473109e-01
  1.6679268e+00
  3.8896382e+00
 -5.9946579e-01
 -1.4026095e-01
  1.0495896e+00
  1.7462565e-01
  3.1073070e-01
  1.5738399e+00
  1.6742679e-01
  1.6855229e+00
 -3.3412235e+00
  4.4121065e+00
  1.5435219e-01
 -9.4787848e-01
  1.3823785e+00
  3.4223956e-01
  1.0275424e+00
  5.5542207e+00
  1.0789425e+00
  1.3100524e+00
  5.9176224e-01
  1.2991427e+00
  5.5113039e+00
  2.4219148e+00
  2.4213450e+00
  1.7829219e+00
  1.3801219e+00
  1.1529278e+00
  9.8906165e-01
 -3.0386682e+00
  2.4158163e+00
  2.1798811e+00
  2.2689946e+00
  1.8870813e-01
  4.2633939e+00
  2.8123026e+00
  1.4551294e+00
 -4.6780318e-01
 -2.3637233e+00
 -3.4825261e+00
  1.1412094e+00
 -4.8562616e-01
 -2.7202950e+00
 -1.6163809e+00
  2.5431266e+00
 -1.4759229e+00
 -5.2948040e-03
  5.6822228e-01
 -1.7358321e+00
 -6.6040134e-01
 -1.6257125e+00
 -3.3346477e-01
 -2.5118718e-01
 -5.5818647e-01
 -1.4768920e+00
 -6.1390343e+00
 -4.8439970e+00
  3.5443392e-01
 -1.1848783e+00
  1.3503821e+00
 -2.1717973e+00
 -1.7338328e+00
  1.2250905e+00
 -5.9348106e+00
 -3.4288673e+00
  1.7820503e+00
 -1.9606804e-02
 -1.6327359e-01
  2.8056952e-01
 -3.2720120e+00
 -1.6299828e+00
  2.2638276e+00
  2.3363228e+00
  4.7420123e-01
 -4.7305588e-02
  8.4169990e-01
 -5.6315804e+00
  1.3604758e+00
 -4.1112323e+00
 -4.1092896e-01
  1.3031579e+00
 -4.9703774e+00
 -8.1121927e-01
  5.9484322e-02
 -9.9282146e-01
  6.2130272e-02
  6.9028050e-01
 -7.3161197e-01
 -1.2174237e+00
 -3.8708286e+00
  7.1936387e-01
 -8.0972892e-01
 -2.0320454e+00
  6.4664847e-01
 -9.4286567e-01
  1.6785028e+00
 -8.5074085e-01
  1.3762901e+00
  1.4687703e+00
 -7.5337631e-01
  3.0406325e+00
  1.3862157e+00
  9.3887633e-01
  1.1590817e+00
  3.3843834e+00
 -7.0807320e-01
 -2.5901737e+00
 -1.9981247e+00
 -2.3232751e-01
 -2.9990656e+00
  5.3170627e-01
 -1.1657064e+00
 -4.7299668e-01
  1.6177405e-01
 -1.6752893e+00
  9.6464878e-01
 -1.1575951e-02
  3.1005359e-01
 -8.3069885e-01
  4.6435375e+00
  1.2624015e+00
  2.7335815e+00
 -7.3893929e-01
 -1.6581427e-01
 -1.1667590e+00
 -9.7632015e-01
  1.0877609e+00
 -1.6683027e+00
 -1.0236009e+00
  1.4938649e+00
 -2.9686227e-01
  6.6627240e-01
 -1.3157632e+00
  2.9966421e+00
  3.4479704e+00
  5.9472265e+00
  3.5456319e+00
 -6.6755518e-02
  2.5668334e-02
 -4.4767654e-01
  6.9458045e-02
  4.4248075e+00
 -2.5889134e-01
 -2.1699572e+00
  4.2426386e-01
 -9.2493051e-01
 -2.8105637e-01
 -5.2594531e-01
 -1.9502524e+00
 -5.9659898e-02
  1.7218326e+00
  8.1591278e-01
 -3.3016150e+00
 -7.8195703e-01
  3.0577552e+00
  1.0722859e+00
 -1.1256076e-02
 -3.1948020e+00
 -6.4846069e-01
 -1.9637058e+00
  1.9736663e-01
 -2.7534211e-01
  1.5717686e+00
 -1.9411659e-01
 -2.4697020e+00
 -2.1599240e+00
  4.0538529e-01
 -5.8406897e+00
 -4.3895383e+00
 -7.0263833e-02
 -6.1796397e-01
 -4.5390472e+00
 -1.0071810e+00
 -4.1048365e+00
 -2.7630560e+00
 -1.8804854e+00
 -3.1691577e+00
 -9.3434221e-01
 -1.9339588e-01
 -1.6097465e+00
 -1.3955079e-01
  2.2356265e+00
 -4.3960324e-01
  2.7177246e+00
  6.3692158e-01
 -6.2872964e-01
 -1.5220882e+00
 -5.0268068e+00
 -2.3041680e+00
  3.0749395e-01
  3.8717680e+00
 -1.7573882e+00
  2.2065752e+00
 -2.0045798e+00
  3.0770702e+00
 -3.1480370e+00
 -1.7569947e+00
 -1.6930215e+00
 -5.7172642e+00
  2.1613157e+00
  2.2673554e+00
  1.4301083e+00
 -3.4178882e+00
 -1.5454016e+00
  5.5117220e-01
 -2.2335281e+00
 -6.4672508e+00
 -5.8170314e+00
  6.7693233e-01
 -7.5047873e-02
 -1.2261088e+00
  7.9395735e-01
  6.2652411e+00
  9.3329513e-01
 -4.8717079e+00
  5.3902125e-01
  4.6020770e+00
 -1.4434972e+00
 -2.8224665e-01
 -1.2836167e+00
 -1.7830794e+00
 -1.6607884e-01
 -3.3723512e+00
  1.5881506e+00
  1.5722153e+00
 -1.4664458e+00
 -1.7964717e+00
 -3.2182065e-01
 -2.1770475e+00
  3.1259363e+00
  2.3743215e-01
 -1.5713379e+00
 -1.8448986e+00
 -4.5056801e-02
  1.2477331e+00
 -1.3958002e-02
 -3.5117474e-01
  1.1911448e+00
 -2.4258564e+00
  7.9549932e-01
 -1.3168353e-01
 -3.5642514e+00
 -1.0454155e+01
 -2.9608788e+00
 -2.7261240e+00
 -1.6071321e+00
  3.2003062e+00
 -1.4264992e+00
 -1.7984935e+00
 -5.7671251e+00
 -2.6699035e+00
  1.0087137e+00
 -8.2382804e-01
 -3.4623432e+00
  2.1024928e+00
 -1.2267256e+00
 -3.7908807e+00
 -1.7594177e+00
  1.5506044e-01
  3.1324142e-01
 -9.7484249e-01
 -2.7256957e-01
  9.6541367e+00
 -1.4374939e+00
 -3.9696345e-01
 -1.7765577e+00
 -2.0938875e-01
 -5.7335043e-01
 -2.2782116e+00
  3.7714317e+00
  3.7657611e+00
  1.6890303e+00
 -8.8939112e-01
 -2.7445443e+00
  4.4453090e-01
  9.5971212e-02
 -3.4717431e+00
 -4.2909007e+00
 -1.0419197e-01
 -6.2762433e-01
  1.3548031e+00
 -1.0766386e-01
 -1.0312328e-01
  1.3105997e+00
 -1.7724174e-01
 -7.9436374e-01
  1.9782714e+00
  1.5590807e+00
 -9.0207279e-01
 -8.1840485e-02
  1.8671705e-01
  2.1360791e+00
 -2.2181141e+00
 -1.8562267e+00
  6.5184158e-01
  3.1422694e+00
  3.9703441e-01
 -3.6757033e+00
 -2.4812260e+00
  9.0749097e-01
 -7.4050766e-01
 -1.8913884e-01
 -4.5901036e+00
  6.9750839e-01
 -1.2153047e+00
 -6.8893731e-01
 -1.3403823e+00
 -2.3751781e+00
  2.8910261e-01
 -1.2246941e+00
 -5.9746461e+00
 -1.7180858e+00
 -1.8543573e-02
 -1.0722235e+00
 -3.8012235e+00
 -5.5009073e-01
 -1.0379522e+00
 -2.7547865e+00
 -1.3422945e-01
 -5.5283594e-01
  5.4826170e-01
  2.8176596e+00
 -1.1337774e+00
 -2.0023811e+00
 -1.1503394e+00
 -3.4872425e+00
 -3.6214013e-02
  1.0664656e+00
  1.1381719e-01
 -6.6615283e-01
  1.3666701e+00
 -1.5900533e+00
 -4.6896729e-01
 -4.4637248e-01
 -1.9642801e+00
 -3.7841280e+00
 -3.5020533e+00
  2.2960949e+00
 -4.5055181e-01
  4.3992758e-01
 -3.9693794e-01
 -8.2429722e-02
 -1.3752178e+00
  1.7338018e-03
 -3.1534443e+00
 -4.8486101e-03
 -9.1678959e-01
 -1.2358150e+00
  6.0625619e-01
  6.5017149e-02
  4.4354734e+00
 -1.9288026e+00
 -3.3544395e+00
 -2.3014250e-01
  6.5127665e-01
 -2.5871927e-01
 -5.0444765e+00
  8.7523708e+00
 -9.8946553e-01
  1.9806240e+00
  1.0022892e+00
  2.1579173e+00
  4.9339190e-01
  4.8563423e+00
 -1.6244309e+00
  1.5275284e+00
 -1.0217302e+00
  4.4209275e+00
 -2.3606026e+00
 -5.0234169e-01
 -1.8655498e+00
 -4.7385845e+00
 -3.4380162e+00
 -1.4591098e+00
  2.4359670e-01
 -9.9645205e-02
  2.5196758e-01
 -8.6106491e-01
  4.5076841e-01
  1.7327963e+00
 -5.1300240e-01
 -2.0166571e+00
  4.4689199e-01
  2.5405450e+00
  2.3924391e+00
 -1.9001365e+00
  1.4640598e+00
  3.7793074e+00
  1.4292421e+00
 -3.6303051e+00
 -3.3278008e+00
 -5.6591045e-02
 -9.0738046e-01
  2.1763959e+00
  2.9544837e+00
 -1.8334967e-01
  3.7352064e-01
  7.2433613e-02
 -1.4010267e+00
  2.0880563e+00
  3.2874503e+00
  4.8033273e-01
 -2.2631707e+00
 -2.2659340e+00
  1.6726104e+00
  5.4388724e-02
  2.5764399e+00
 -6.0268965e-02
  3.8487587e+00
  1.8325930e+00
 -1.7931266e+00
 -1.4012394e+00
  2.0332484e-01
  1.6172050e+00
  1.2386156e+00
  6.0244673e-01
  2.4175906e+00
 -1.2564971e+00
 -1.2410437e+00
  5.5540580e-01
  3.7928469e+00
 -3.5025725e+00
 -3.0519779e+00
  1.9310284e-01
  2.1487132e-02
 -4.6993977e-01
 -3.8484671e+00
  4.8144903e-02
  3.9304049e+00
  3.1617942e-01
  1.8099818e+00
  5.3556633e-01
 -5.8146560e-01
  2.3836250e+00
  1.6666050e+00
 -1.3695999e+00
  4.1968980e+00
  7.4687445e-01
 -1.3298466e+00
 -4.7098268e-03
 -1.9069638e+00
  9.1636002e-02
  1.9668738e+00
  2.2411168e-01
  1.0570996e+00
 -2.1682906e+00
 -1.9782047e+00
  3.0065256e-01
  8.8064009e-01
 -4.7271904e-01
  1.9558257e+00
 -7.3731631e-01
 -4.3557639e+00
 -2.9953038e-02
 -1.0351452e+00
 -3.3274572e+00
 -2.6310999e+00
  7.2963190e-01
  1.9221416e+00
 -7.2758371e-01
  1.8563330e+00
  1.4361254e+00
  7.7216798e-01
  4.8164064e-05
  6.5524869e+00
 -8.6203957e-01
 -8.3099574e-01
 -3.8122359e-01
 -2.2027801e-01
 -1.8358921e-01
  2.9865813e+00
  2.7224638e+00
 -3.6194223e-01
  3.1024709e-01
  8.4097880e-01
 -2.7827182e+00
  3.9761278e-01
 -1.5344905e+00
  2.0191507e+00
 -1.2355552e+00
 -5.2938142e+00
 -8.2132034e+00
 -1.4916321e+00
 -2.0597212e+00
 -6.1241490e-01
 -5.1127928e-01
 -1.1297243e+00
 -1.7853005e+00
  2.9485879e+00
  7.4595314e-01
  3.7726769e+00
 -2.2390577e-01
  1.4463061e+00
  4.6489769e-01
  2.3936958e+00
  7.6735163e-01
  2.0258118e-01
  8.7835890e-01
  9.5945764e-01
 -2.2775688e+00
 -5.0022631e+00
  1.3058810e+00
  1.2221066e+00
  3.0152748e+00
  3.0589912e+00
 -6.9500260e+00
 -5.0362885e-01
  1.9870467e+00
  1.4544069e+00
 -2.5947464e-01
 -1.6711907e+00
  2.5586524e+00
 -2.6899698e+00
  2.0614293e+00
 -3.6713275e-01
  1.3826958e+00
  1.9783440e-01
 -2.3597462e+00
  3.1877015e+00
  2.8730726e+00
 -3.4377385e-02
 -2.2688055e-01
  5.5408981e-02
  4.3087978e+00
  1.8074652e+00
 -1.4389032e+00
 -5.0932765e+00
 -2.5082932e+00
  7.6322303e+00
 -2.0933294e-01
 -1.3589940e+00
 -2.1722398e+00
 -1.5565012e+00
  1.0340191e+01
 -5.6245518e-01
 -1.8874969e+00
  1.6611251e+00
  4.6533203e-01
  2.1771023e+00
  3.2970309e+00
  1.9203460e+00
 -5.9822738e-02
 -2.4890423e+00
 -1.0631167e+00
  4.5218240e-02
  6.3648719e-01
 -1.1806734e+00
  6.6480958e-01
 -6.9113201e-01
  3.7451422e+00
  3.3821303e-01
 -4.8557865e-03
 -2.2767458e+00
  7.0314586e-02
 -4.1027036e+00
 -3.4934015e+00
 -2.9147043e+00
 -2.4359420e-01
 -6.0553510e-02
 -3.8522990e+00
  2.6619652e-01
 -9.6192481e-03
  2.8796988e+00
  5.4526734e-01
  7.9364643e-02
 -1.3263009e-02
 -3.3113947e+00
 -1.5392245e-01
  3.3540356e+00
  1.3501809e+00
  2.3601943e-01
 -2.1317434e+00
  5.1054585e-01
  5.5210304e-01
 -5.5382147e-02
  3.4378848e+00
 -1.0815119e+00
  1.7764564e+00
 -4.1664696e+00
 -4.7974569e-01
  5.1761132e-01
 -1.5990185e+00
 -1.9213135e+00
  1.0062963e+00
 -9.0664037e-02
  3.2566566e+00
 -4.0678110e-02
  1.9170269e+00
 -6.9878079e-02
  1.7629067e+00
  2.1437197e+00
  1.6018946e+00
  2.3759383e-01
 -4.3351257e-01
 -1.9586926e+00
 -2.8996212e+00
 -3.1587348e+00
 -3.1904197e+00
 -1.0284503e+00
 -4.3191910e+00
  3.4038129e+00
 -1.4865146e+00
 -9.2567849e-01
 -2.0339642e+00
 -2.4032028e+00
 -1.6914657e+00
 -4.3243170e-01
 -1.3957985e-01
 -5.8250630e-01
 -4.5777779e+00
 -3.2649059e+00
 -2.5059223e+00
 -6.8613939e+00
  1.5101310e+00
  1.6224868e+00
  2.9439092e+00
 -1.2717994e+00
  2.7959173e+00
  8.9081979e-01
  1.5266229e+00
  1.6681263e+00
 -4.9615651e-01
  2.0942818e-01
  1.6856591e+00
  2.5346067e+00
  4.8853350e+00
  1.5935833e+00
  5.8909473e+00
 -1.4902124e+00
  2.3239237e-01
  4.4567424e-01
  7.9257460e+00
 -1.1885329e+00
  6.6874081e-01
 -3.3981937e-01
  1.5159472e+00
 -5.0038958e-01
  1.4792262e+00
 -9.9275336e-02
  1.1490623e-01
  4.2128995e-01
  3.8287232e+00
 -2.2239535e+00
 -3.4862888e+00
 -8.9764470e-01
  6.7821360e-01
  2.7224362e+00
  1.9730110e+00
  3.9671485e+00
 -1.8987666e-01
  2.5596342e+00
  5.0889111e-01
 -1.0620807e+00
 -2.9725473e+00
 -3.3247311e+00
 -2.3790934e+00
  8.4192950e-01
 -2.3338096e+00
 -3.5808210e+00
  5.5600781e+00
  3.9402113e+00
 -4.8589566e-01
  2.8893039e+00
 -1.9472337e+00
 -1.5030358e+00
  5.5742514e-01
  1.9483479e+00
  2.9308243e+00
  2.9508445e+00
  3.1490407e+00
 -1.8602802e+00
  2.9849658e+00
 -2.2370586e+00
 -2.3956192e+00
  6.4321554e-01
 -1.0184170e+00
 -6.3280147e-01
  1.3265473e+00
  3.0013363e+00
  2.0181398e+00
  4.0298476e+00
  4.3636081e-01
  2.3510292e+00
  1.3867018e-01
  8.0536431e-01
 -2.9721136e+00
  7.3863268e+00
  4.1969496e-01
  1.8487043e+00
 -8.5447302e+00
  1.2882231e+00
 -2.1334112e+00
 -4.7613878e+00
 -8.5723758e-01
  6.6429102e-01
 -1.2432339e+00
 -1.2707909e+00
 -9.9599779e-01
 -2.5531685e+00
  9.4035941e-01
  2.1003215e+00
 -4.2724928e-01
  4.3224149e+00
  2.5726278e+00
  3.7108168e-01
  2.4157808e+00
  2.0375466e+00
  1.5221778e+00
  2.3690648e+00
  1.9414660e+00
 -2.7219460e+00
 -2.5164423e+00
 -9.6795720e-01
  1.7707044e+00
  4.8640900e+00
 -8.1284356e-01
 -2.3501129e+00
 -8.1899786e-01
 -1.0455208e+00
 -4.8964877e+00
 -2.1577730e+00
  2.9203203e-01
  3.8887961e+00
 -4.5940180e+00
  4.2200069e+00
  1.6396964e+00
 -1.8048156e+00
 -4.1399196e-01
  4.5367918e+00
  3.2748249e-01
 -2.3145995e+00
  2.6427853e-01
  1.5939245e+00
  1.4394375e+00
 -1.2263819e+00
 -1.3579144e-01
 -3.4613463e-01
  1.6693135e+00
 -1.1884888e+00
 -2.7954814e+00
 -1.0033205e+00
  8.6226761e-01
 -2.7999320e+00
  2.2763637e-01
  2.9653573e+00
 -2.1278474e-01
  6.5925241e-01
 -1.8242013e+00
  3.5949761e-01
  1.9272600e-01
 -4.6312550e-01
  2.2473438e-02
 -6.2085140e-01
  1.9896854e-01
 -1.8531256e+00
 -3.8999848e+00
  2.3265598e+00
 -1.3202696e+00
 -7.4102759e-01
 -3.1265736e+00
 -8.4131239e-03
 -1.0461828e+00
  1.0916134e+00
 -1.0739687e-01
  1.3925815e-01
  2.2396290e+00
 -8.1782424e-01
  8.4353524e-01
 -1.3542832e+00
  8.5594016e-01
  8.6553621e-01
 -6.7116082e-01
 -3.4820621e+00
 -2.8090534e+00
 -4.0302887e+00
 -7.7426535e-01
 -1.8170897e-02
 -1.1041535e-01
  1.6890059e+00
 -2.4514551e-01
 -8.8230774e-02
 -8.6971134e-01
  2.8000002e+00
  3.0305824e+00
 -2.8438394e+00
  9.4813806e-01
  1.6762739e+00
 -4.9469057e-03
 -1.2218904e+00
 -4.0341725e+00
  1.6824905e+00
  1.7036955e+00
 -6.3182545e+00
 -5.8064348e-01
 -1.5656366e+00
 -2.0497212e+00
  6.6313601e-01
 -4.8062496e+00
 -2.0552454e+00
 -3.7185893e+00
 -8.9599580e-01
 -1.2645799e+00
  3.1279969e-01
  8.0220473e-01
  4.2319117e+00
 -6.4759493e-02
 -2.0971262e+00
 -3.4840581e-01
 -6.0286222e+00
 -1.9187932e+00
 -3.6715908e+00
  1.2023661e+00
  1.5932463e+00
 -3.1193953e+00
 -1.1217912e+00
 -3.7881804e+00
 -2.4020000e+00
 -2.6293371e+00
 -9.1426916e+00
 -1.5012051e+00
 -1.0670652e-01
  1.0126464e+00
  6.8732101e-01
  3.6113858e+00
 -1.0330139e+00
  2.1230839e-01
  1.7747338e-01
 -4.9137235e-01
 -6.2335361e-02
 -8.3895695e-01
  1.9585865e+00
 -1.4758292e+00
  1.8039469e+00
 -2.4092722e+00
 -3.0345175e+00
 -2.7283611e+00
 -2.9503033e+00
 -1.4752797e+00
 -3.2757215e+00
 -4.0410361e+00
 -1.5572798e+00
  8.5272270e-01
 -1.0463167e+00
 -8.7088144e-01
 -1.5203735e+00
 -4.0776639e+00
 -2.2308691e+00
 -6.1716032e-01
  2.1277757e+00
 -1.8874246e+00
  2.8213713e+00
 -1.8464483e+00
 -2.3642616e+00
 -2.3760450e+00
 -2.0578952e+00
 -7.2907500e+00
 -1.2594973e+00
 -5.5803770e-01
  7.4777943e-03
 -3.0746680e-01
 -1.1083940e+00
 -3.0866420e-01
 -3.4719956e+00
  1.6710670e-01
 -4.9984288e+00
 -2.1271124e+00
  1.9483897e-01
 -1.1283173e-01
 -4.9149826e-01
 -3.5487924e+00
 -3.8664443e+00
 -9.3505573e-01
  2.2911756e+00
 -5.6970614e-01
  2.1218107e+00
 -4.4695255e-01
 -1.2989125e+00
  3.5401821e-01
  9.0124762e-01
 -1.2253263e-01
  2.9445434e+00
  8.4687549e-01
  2.6922560e+00
  8.1963742e-01
  1.2728482e+00
  3.0200913e+00
  9.6092325e-01
  2.7472112e+00
  1.8776380e-02
 -7.9829991e-01
 -4.4533747e-01
  4.7971645e-01
 -1.3050246e-01
  4.7376623e+00
  2.1522758e+00
 -2.2090187e+00
 -2.3036208e+00
 -3.3867586e+00
 -9.5957190e-01
 -8.7581068e-02
 -1.3481281e+00
 -8.0973679e-01
  1.6675043e+00
 -2.0139825e+00
  7.9728842e-01
 -4.5579095e+00
 -2.4988234e+00
 -1.9518250e+00
 -2.3048873e+00
 -2.2564011e+00
 -3.0176063e+00
 -3.1530714e-01
 -7.8538480e+00
 -3.2407181e+00
 -1.2475768e+00
 -3.5963478e+00
 -2.5416395e-01
  3.4811988e+00
 -2.0325901e-01
  2.3791635e-01
 -2.1269045e+00
 -1.2841135e-02
  3.8750036e+00
 -1.5129664e+00
 -4.8604649e-01
 -4.3498199e-02
 -7.4848250e-02
 -4.2785759e+00
  2.7995918e-02
 -9.5346558e-01
  3.7599795e+00
 -5.5281636e-03
 -3.2204192e+00
 -2.0876791e+00
 -1.3908962e+00
 -8.7205356e-01
 -1.2207382e+00
 -4.0663376e+00
 -2.2454727e+00
 -3.7022313e-01
  1.0268501e+00
 -3.4439230e+00
  1.6511395e+00
  1.6582747e+00
  8.6644042e-01
  3.2046041e+00
  3.9783618e-01
  3.1231449e+00
 -1.9539355e+00
  2.9858708e+00
  6.8775594e-01
  1.3702290e+00
  4.3210125e+00
 -4.1975660e+00
 -1.0337337e+00
 -1.3414243e+00
 -2.4199615e+00
 -2.8139168e-01
  2.3255491e+00
 -1.7352551e+00
  2.3105948e+00
  2.5990231e+00
 -3.5391510e-01
  3.2956507e+00
  1.4443690e-01
 -9.2903590e-01
 -3.8000190e+00
  9.7526228e-01
  3.7348216e+00
 -2.4172781e+00
 -1.3557249e+00
 -3.8184745e+00
 -2.3798166e-02
  6.2428225e-02
 -2.3725118e-01
 -2.4942737e+00
 -1.6658033e+00
 -4.2941718e+00
  9.4506943e-01
  9.7273089e-02
  2.1621546e-02
  2.6311025e-01
 -2.2590103e+00
 -4.9091032e-01
  2.0705130e+00
  3.0740282e-01
 -8.7747759e-01
  7.0481986e-01
 -1.2753890e+00
  1.8164051e+00
 -2.3077896e-01
 -3.3775094e+00
 -8.7209350e-01
 -1.7469851e-03
 -5.1207882e-01
  2.2919288e+00
  2.0960417e+00
 -1.4773532e+00
 -2.3404071e-01
  3.5131450e+00
  1.2323662e+00
  3.5890574e+00
  4.6814713e-01
 -1.7186368e+00
  8.7645650e-02
  3.1272588e+00
 -1.7454544e+00
  1.8882030e-01
  3.9089715e+00
  5.1560240e+00
  3.2882915e+00
 -1.9845189e-01
  3.6868224e-01
  7.3299003e-01
  3.4481649e+00
  3.5677345e+00
 -4.7788887e+00
  7.0180857e-01
 -1.8913637e+00
 -1.2529240e+00
 -1.5420785e+00
 -4.5668907e+00
 -3.0114405e+00
 -1.7216023e+00
 -1.7701836e+00
 -1.0662222e+00
 -2.1244655e+00
 -4.8900504e+00
  1.1129768e-02
  3.2762790e+00
  2.3284807e+00
  2.4964523e+00
  2.9946434e-01
  7.1637267e-01
 -2.8667717e+00
 -3.8021069e+00
 -4.9220318e-01
  1.9336821e-01
 -1.4410151e+00
 -9.6698558e-01
  1.0905041e+00
 -2.5430284e+00
 -1.7117709e+00
 -1.6324294e+00
 -3.9453447e+00
 -2.2444077e+00
  3.4862846e-01
 -2.9198022e+00
 -1.5065491e+00
 -2.3558183e-01
  4.3113452e-01
  2.6727753e+00
  6.2062609e-01
 -2.8481727e+00
  1.6355486e+00
  9.1617924e-01
 -4.4353466e+00
  9.7002125e-01
  4.5725842e+00
  2.5456271e+00
  1.4130783e+00
 -1.5718166e+00
  9.8325824e-03
  1.3373452e+00
 -1.5926440e+00
 -4.5100021e-01
 -1.4888188e+00
 -7.6369977e-01
  2.5790468e-01
  1.1476000e-01
 -8.7998316e-02
 -2.7877185e+00
  2.0129150e-01
  1.0244390e-01
  3.4827476e+00
 -8.1128961e-01
  1.7946543e+00
 -1.0121703e+00
 -1.0484812e+00
  2.5055307e-01
 -2.2918973e+00
  8.5414618e-01
  1.4795612e+00
 -1.4914161e-01
  1.3626285e+00
 -1.3292091e+00
  1.2591273e+00
 -8.7372589e+00
 -4.2982707e+00
 -9.0093827e-01
 -1.3126754e+00
  5.5399203e-01
  1.3776960e+00
  1.8747089e+00
 -3.8588893e-01
  7.2401482e-01
 -4.3877501e+00
 -1.6283911e-01
  2.1671133e+00
  2.9528344e-01
 -3.3645182e+00
 -3.2892245e-01
  2.3204536e+00
  3.8840201e+00
  1.8020681e+00
  1.7582701e+00
 -6.9919959e-02
  6.0327983e-01
  1.0919831e+00
  1.7416024e+00
 -1.1262635e+00
  3.8700571e+00
  5.4393262e-01
 -2.3196669e-01
 -2.9221327e+00
 -4.5261688e+00
  4.8343775e-01
  2.1793456e+00
 -1.9883077e+00
  1.4627708e+00
  8.4782308e-01
  2.2640541e-01
  1.0723859e+00
 -9.4445147e-02
 -1.3853559e-01
 -1.6533996e-01
 -2.8056965e+00
  1.0507507e+00
  7.9137440e+00
  1.8172336e+00
 -6.6165693e-02
 -6.1955717e-03
  9.7074926e-01
 -5.3031212e-01
 -1.3479825e+00
  2.1679285e+00
  7.7535182e-01
  2.2833167e-01
 -1.4355983e+00
  2.9981399e+00
  2.0682931e+00
 -1.8133034e+00
 -7.4249154e-01
 -1.5388180e+00
  5.5022720e-02
  2.6967913e-01
  6.3641655e-01
 -4.7409648e-01
 -1.4312006e+00
  1.9974190e+00
 -3.6416197e+00
 -3.0738466e+00
  4.6794586e+00
  3.5105884e-01
 -2.6125991e+00
 -1.4618981e+00
 -7.6965737e-01
  5.0458324e-01
  1.4283000e+00
 -6.8289000e-01
  3.7042692e+00
 -4.4609588e-01
 -2.8299532e+00
  4.9501985e-01
  1.0146484e+00
 -2.6251583e+00
 -4.1024547e+00
 -9.1899568e-01
 -7.9791152e-01
  1.2256098e+00
 -3.3835608e-01
 -2.0646577e+00
 -1.2225994e+00
  4.9878182e+00
  3.6407216e+00
  3.3135048e-01
 -1.3215404e+00
 -9.1486625e-02
 -2.0644720e-01
 -2.9991269e-01
  2.4469963e-01
  3.0095460e+00
 -1.4017259e+00
  5.6162417e-01
  7.1969676e-01
 -1.6937335e+00
  1.1227098e+00
 -1.2813997e+00
 -2.1045184e+00
 -3.3874986e-01
  1.2338253e+00
 -1.7308596e-01
 -4.9450498e+00
  9.8693949e-01
 -4.0743104e-01
  3.8055904e+00
  4.7848678e-01
  7.0537537e-01
  2.2565599e-01
  2.2822952e+00
  1.2192076e+00
 -6.1388975e-01
 -1.3916242e+00
  4.1928473e-01
 -4.4140825e+00
 -1.2226720e+00
  1.0756181e-02
  1.8158647e-01
  3.3593605e+00
 -1.4764503e-01
 -1.2760977e+00
  1.8884499e-01
  7.7319168e-02
  2.4274919e+00
  2.4326234e+00
  2.3840337e+00
 -3.1223450e+00
  1.6363637e-01
  3.2614791e+00
  1.1981276e+00
  1.1161693e+00
 -5.8426361e+00
 -6.9437213e-02
 -1.9553803e+00
 -1.6984588e+00
 -4.7273698e-01
  2.3888779e+00
 -8.8684422e-01
  2.0236187e-01
  9.9545443e-01
  1.7594409e-01
 -2.7366562e+00
  2.4065926e+00
  4.3611595e-01
 -1.3260977e+00
 -3.3537762e+00
 -5.5951273e-01
 -1.7884552e+00
  7.0066208e-01
 -9.6949154e-01
  2.1358654e+00
  3.9019117e-01
  3.0815059e-01
 -1.4017025e+00
 -4.2157763e-01
  4.9522704e-01
 -6.9244325e-01
 -3.7915914e+00
  2.7514410e+00
  1.3816346e+00
 -2.1423240e+00
 -7.5279552e-01
  2.4955077e+00
 -2.6897905e+00
  6.7296070e-01
 -3.0073693e+00
 -9.4456077e-01
 -2.3193231e+00
 -3.4825363e+00
  1.0885701e+00
 -5.0780541e-01
 -1.3897949e+00
  3.5364074e-01
  1.5762461e+00
  7.6640773e-01
  1.7950418e+00
  1.2317591e+00
 -1.1353302e+00
  1.7957138e+00
  3.0258677e+00
 -6.2115800e-01
  2.8142333e-01
  1.8604009e+00
  1.3219753e-01
 -4.5270486e+00
  1.7654165e+00
  1.5333269e+00
 -1.1648426e+00
  4.2236856e-01
  8.5563314e-01
 -4.8897347e+00
 -1.1643010e+00
  1.4791158e+00
  1.9146068e-01
  1.7711236e+00
  2.3187370e+00
 -2.1991010e+00
  1.5262825e+00
  1.2352877e+00
 -1.7942446e-01
  2.1050549e-01
 -4.3140167e-01
  8.9399591e-02
 -2.1061191e-01
  7.2287005e-01
  1.2186462e+00
 -2.0700254e+00
 -1.2766975e+00
  1.6390301e+00
  1.7284873e+00
  1.3726028e+00
  2.9831598e+00
 -1.5438108e+00
  2.9270637e+00
  2.8609591e+00
 -9.6777385e-01
  1.8826053e+00
 -5.1418252e+00
 -2.4456594e+00
 -1.0105093e-01
 -7.5536925e-01
 -2.5008246e-01
 -9.7763962e-01
 -7.4866170e-01
  7.7709550e-01
  1.4858953e+00
  1.0157160e+00
  1.4042068e+00
  5.5433667e-01
  6.7043990e-01
  1.4857693e+00
 -7.8552091e-01
  2.5838916e+00
 -1.4024606e+00
  3.1729048e-01
 -1.9427369e+00
 -1.7846136e+00
  2.2089294e-01
  3.0869994e-01
  9.2547870e-01
  1.2405280e+00
  5.0200641e-01
  1.0019950e-01
 -2.4486041e+00
 -2.5548198e+00
 -9.7133470e-01
 -6.0821600e+00
  3.7704632e+00
 -5.4103637e+00
  1.4039844e+00
 -9.0806663e-01
 -1.5159812e+00
  4.0190053e+00
  1.4980441e+00
  9.9940503e-01
  1.6660729e-01
  2.2078009e+00
  2.1473335e-01
  4.4209942e-01
 -2.5135081e+00
 -1.3689893e+00
 -3.0215638e+00
 -5.5245934e+00
  2.9525850e+00
  1.6927818e+00
 -5.4209441e-01
 -4.7073051e-01
  1.3266362e+00
  4.3640370e+00
  1.7048810e+00
  3.1095173e+00
  2.1435442e+00
  5.9351575e-01
  1.5766584e+00
 -1.0591151e+00
  4.4838685e-01
  1.8030849e+00
 -3.8491738e+00
 -1.5859890e-01
 -1.8636258e+00
  4.6532440e+00
 -4.9843168e-01
  9.6610290e-01
 -2.0088918e+00
 -2.1646526e+00
 -4.1359081e+00
 -1.0475874e+00
 -4.8511651e-01
 -3.8546934e+00
 -1.0588788e+00
 -9.5676279e-01
  2.6903112e+00
  3.4916794e+00
  1.8626156e-01
  2.3245952e+00
 -1.7850474e+00
  6.8798318e+00
  7.7367038e-02
  1.3424183e-01
  1.9467971e+00
 -3.0388019e+00
 -1.0614665e+00
  2.6499796e+00
  4.1653528e+00
 -1.7627656e+00
  2.7649109e+00
  2.5418549e+00
  8.1241332e-02
  6.6583312e-01
  2.3688285e+00
  7.9817468e-01
  7.5650781e-02
  1.8390383e+00
  3.6458689e-01
 -3.8235089e-01
  4.2067542e+00
 -5.7007259e-01
  1.0431366e+00
  1.2513368e+00
 -1.0491800e-01
 -3.4668463e-01
 -1.2900338e+00
 -3.9322120e-01
  7.3542637e-01
 -3.5889673e-01
  2.9415441e+00
  3.2846719e-01
  1.1192091e+00
 -2.0425789e+00
  2.9609421e-01
 -1.2930290e+00
  2.1763978e+00
 -9.8196226e-01
  2.0318145e-01
 -2.2397344e+00
 -3.1589633e-01
 -1.9456677e-01
 -1.2373170e+00
 -4.6429873e-01
 -1.8717844e+00
 -2.9493566e+00
  1.4406124e+00
  3.0685167e+00
  6.2772977e-01
 -1.5126774e+00
  7.5635940e-01
  2.0799448e+00
 -4.3481603e-01
 -4.8856762e-01
  1.2304815e+00
 -2.0464265e+00
 -3.7427011e+00
  6.1638985e-02
 -9.4135040e-01
 -8.6003929e-01
  9.8692864e-01
  5.7221290e-02
  8.8498843e-01
  4.0517797e+00
 -2.5111082e-01
  1.0171977e+00
  1.7388368e-01
  3.6273770e+00
 -2.3099296e+00
 -1.3352122e+00
 -8.6246416e-02
 -1.6247747e+00
 -2.0308208e+00
 -8.2755119e-02
 -4.2778882e-01
 -1.0936944e+00
  3.2321060e-01
  4.3482387e-01
 -6.4682782e-01
  2.1807055e+00
 -8.9161658e-01
  2.0463283e+00
  6.4483392e-01
  3.0243704e+00
 -1.7071478e+00
 -7.1807241e-01
  3.2457706e-02
 -6.9204980e-01
 -1.6131709e+00
  4.7822776e-01
  8.8897265e-02
 -5.9232134e-01
  6.4350009e-01
  1.3050966e+00
  2.6885958e+00
 -2.0578423e+00
 -1.9813263e+00
  7.6463413e-01
  1.4514639e+00
  2.5286541e+00
  4.9672958e-01
 -1.3963127e+00
  1.6173232e+00
 -2.5099298e-01
  1.4453241e+00
  3.7793586e+00
  5.2091014e-01
  1.2187639e+00
 -3.7250369e+00
 -2.1153765e+00
  2.3728726e+00
  3.3793471e+00
 -2.0440102e+00
  9.1657341e-01
  2.6551291e-01
  2.3649898e-01
  5.8318913e-01
  5.7537222e-01
  1.7988113e-01
 -2.1310084e+00
 -1.2095900e+00
  6.3319224e-01
  4.8465586e-01
  3.4449353e+00
 -1.2642252e+00
 -1.8505945e+00
 -1.5968251e+00
  7.1439976e-01
  4.8409632e-01
  3.2481914e+00
 -9.4522792e-01
 -1.4647718e-01
 -3.2657143e-01
  2.8322706e-02
 -2.2571087e+00
 -8.9864397e-01
  2.1954359e-01
  4.6699733e-01
 -6.9066650e-01
  1.3954107e+00
  1.2209685e+00
  1.4830439e-01
  6.0880089e-01
  2.6471260e+00
  1.3566220e+00
  1.4561424e+00
 -3.5337992e+00
 -2.0514121e+00
  8.4178396e-02
 -3.7719417e-01
 -7.5555271e-01
  9.1637325e-01
 -4.2348135e-01
 -3.6852843e-01
  1.5158781e+00
  2.2289662e+00
 -2.7389460e+00
 -2.2148056e+00
 -3.8270607e+00
 -1.2736241e+00
  3.3511820e-01
 -1.8267559e+00
 -1.1606792e+00
 -1.2748076e+00
  2.5037591e+00
  1.8281403e+00
  1.5132731e+00
  1.9645096e+00
  1.1882250e+00
 -2.4353528e+00
  2.1614251e+00
  1.6779673e+00
 -2.1658192e+00
 -2.8848711e-01
 -1.6647655e+00
 -6.5550423e-01
  4.1489372e-01
 -9.5109627e-02
  1.5804529e-01
  1.0432525e+00
 -9.7755241e-01
  4.2359300e-02
  2.6354375e+00
 -3.1671017e-01
 -1.6352793e+00
 -5.3754058e+00
  1.9641358e+00
  6.6610837e-01
  1.2772265e-01
  6.4828765e-01
 -1.9215763e+00
 -9.6861202e-01
 -1.7105402e+00
 -4.0623302e+00
  1.1193916e+00
 -1.2005296e+00
 -3.1061274e-01
  1.6255516e+00
 -3.1597182e-01
  1.2065236e-01
 -3.6860642e-01
 -2.1907253e+00
 -1.0097024e+00
 -2.8879819e+00
  1.1070802e+00
  2.7419266e-01
  2.4064144e-01
 -6.0391045e-01
  2.2000661e-01
 -1.1560664e+00
  4.6371469e-01
 -1.1781325e+00
 -6.3205606e-01
  9.5690387e-01
 -1.3818191e+00
  4.3245316e-02
  3.6261922e-01
  1.6862686e+00
 -2.0478847e+00
 -2.9946232e+00
  8.3638269e-01
 -7.3969132e-01
  3.0038249e-01
  1.8363869e-01
  1.1372464e+00
 -1.4623537e+00
  3.1226498e-01
 -1.4784024e+00
  2.3249288e-01
  2.7320409e-01
 -9.2960423e-01
  9.7196889e-01
  1.2273507e+00
  2.6688890e+00
 -1.7562442e+00
 -1.9393328e+00
 -8.4266102e-01
  4.1396782e-01
 -2.1856241e+00
  7.1478558e-01
 -2.0269477e+00
 -2.1022336e-01
 -1.8351158e-01
 -2.8279712e+00
 -3.1140645e+00
 -1.5202566e+00
 -2.0831323e+00
 -2.2678759e+00
  1.0879449e+00
 -1.2749069e+00
 -2.8214273e-01
  4.8271605e-01
  4.8492405e-01
  8.9602256e-01
 -1.0648034e+00
 -5.7200832e+00
 -1.6379620e+00
 -8.5878110e-01
  3.6401474e+00
  3.4655542e+00
 -2.0106626e+00
 -2.6775522e+00
  3.8516149e-01
  4.2758527e+00
  2.5693238e+00
  3.3897097e+00
  3.7670567e+00
  3.8059981e+00
 -1.1303632e+00
  2.8605857e-01
  1.7900251e+00
 -1.9695435e+00
 -4.4581952e+00
 -4.6452880e+00
 -3.4690688e+00
 -3.4751880e+00
  1.0530717e+00
  1.2071044e+00
  1.6866782e-01
  1.5318792e+00
 -3.2365009e-01
  9.0229064e-02
 -7.9793477e-01
  2.5911704e-01
 -1.6004736e+00
 -1.2683743e+00
  4.6100739e-01
 -3.4207199e-02
  2.5331533e+00
  2.3443074e+00
  4.3015993e-01
 -4.2094535e-01
  1.6388582e+00
 -2.5867634e+00
  1.7261915e-02
 -2.1794008e-01
 -2.2548501e-01
 -5.0114799e-01
 -1.3325382e+00
 -7.5405258e-01
  1.1039834e+00
  7.6421455e-02
 -7.3819256e-01
  1.4881848e+00
  2.3620548e+00
  1.1634907e-02
 -1.4511611e+00
 -1.8482478e+00
  4.6524189e-02
  2.5432914e-02
 -1.9279121e+00
 -4.1653886e+00
 -9.4606620e-01
  5.3519452e-01
  1.1527094e+00
  4.6067551e-02
  5.0855269e+00
  2.9197605e+00
  8.6132079e-01
  2.6910181e+00
  6.2462602e+00
  2.9292173e+00
  1.0347952e+00
  3.6914808e-01
  3.7645623e-01
 -5.6179476e-01
  1.8727240e-01
 -1.5439541e+00
 -1.5233330e+00
  1.9873711e+00
  1.0654163e+00
 -5.0761515e-01
  8.6634398e-01
 -1.2038863e-01
  5.8671415e-01
 -9.7521566e-02
 -1.4171379e+00
 -2.3478653e+00
 -1.3186401e+00
  8.9317441e-01
 -5.8376670e-01
  2.0743017e+00
  8.8522440e-01
  1.9644013e-02
 -3.1978366e-01
  1.2950813e+00
  6.7425251e-01
 -1.3587685e-01
 -2.7934604e+00
 -2.7522821e+00
 -8.7111133e-01
 -2.7177074e+00
 -4.1383553e+00
 -2.3342807e+00
 -2.3292079e+00
  1.2867987e+00
 -4.2894207e-02
  2.9409188e-01
  1.9804825e+00
  2.1265366e+00
  1.5306762e+00
  3.3768865e-01
  1.3265676e+00
  1.1155350e+00
 -3.5789731e+00
 -3.3831441e+00
 -1.3951417e+00
 -2.6282892e+00
 -5.2297244e+00
 -3.0499978e+00
 -1.7636065e+00
  4.0890417e-01
 -7.2986996e-03
  1.1668128e+00
  2.9530693e-02
  1.0790532e+00
  1.5270728e+00
 -2.1394569e-01
  1.0530355e+00
  1.0937965e+00
 -3.4706649e-01
 -5.0340211e-01
 -3.6110635e+00
 -3.2941549e+00
 -2.8919556e+00
 -1.2826792e-02
  1.8588412e-01
 -7.4554819e-01
 -7.3313743e-01
  8.1391126e-02
  4.2534092e-01
  9.7509846e-02
  2.6593177e-02
  1.5371587e+00
 -2.0478358e+00
 -1.9699819e-02
  3.1367259e+00
 -3.2670379e+00
  1.1553420e+00
 -1.0855151e+00
  1.3993703e+00
 -5.0896150e-01
 -4.6538887e+00
 -2.3708611e+00
  3.1950645e+00
 -9.4567573e-01
  3.5073921e-01
  2.1576810e+00
  6.7411509e+00
  1.6692947e+00
 -2.1867898e-01
  2.4228516e+00
 -2.1664841e+00
 -3.8314116e+00
 -6.8309391e-01
 -1.4746839e+00
 -6.1862612e-01
 -5.5713212e-01
 -4.7700402e-01
 -9.1199142e-01
 -6.0733664e-01
 -8.7547845e-01
 -4.0234578e-01
 -5.1437199e-01
 -8.5544050e-02
 -3.0093918e+00
 -2.9887037e+00
 -2.5530500e+00
 -3.1935954e+00
  3.7633248e-02
  5.7550311e-01
  2.7487371e+00
  1.6895753e+00
  2.4107234e-01
 -9.2647219e-01
 -1.9456053e-01
  3.8184521e-01
  3.5991821e-01
  4.9126646e-01
  8.6141092e-01
 -1.1083924e+00
 -2.3720293e+00
  2.0490487e+00
 -2.6679915e-01
 -1.6061767e+00
  2.3290887e+00
 -2.6997790e+00
  1.2741870e+00
 -8.6907041e-01
  2.9406068e-01
 -8.0796659e-01
 -1.4750500e+00
  1.6172260e+00
  1.4873867e+00
  2.2959290e+00
  2.6591506e+00
 -9.3566340e-01
 -8.1538344e-03
  1.1821185e+00
  5.0223392e-01
  7.2572845e-01
  2.0404499e+00
 -6.0708290e-01
  4.7192231e-01
  2.5098324e+00
  2.0304308e+00
 -2.2615745e+00
  2.9503164e-01
 -6.8617351e-02
 -3.5377151e-01
  1.2982680e-01
  1.1846017e+00
 -2.6464934e+00
  6.3142806e-02
 -2.3051728e-01
 -1.6171497e+00
  1.1106681e+00
 -2.4544884e-01
  1.3265030e+00
 -9.6986461e-01
 -1.1029975e+00
 -1.5828412e+00
  3.8608860e-02
 -4.1549271e-01
 -1.4324057e-01
 -1.0436108e-01
 -8.4852576e-01
 -1.1468379e+00
 -6.6175997e-02
  7.2332650e-01
  4.4965586e-01
  6.2552488e-01
 -2.5327483e-01
 -1.9832113e+00
  1.8239692e+00
 -1.3438084e+00
  7.3139411e-01
 -4.1936997e-01
  2.6164856e+00
  2.2710869e+00
  9.9442458e-01
  8.0446082e-01
  1.2025817e-01
 -3.6958990e-01
  5.5272263e-01
  4.3410447e-01
  1.1831415e+00
  4.3149692e-01
  2.3742402e-01
 -8.2297456e-01
  9.0411443e-01
 -6.0885295e-02
  8.7805611e-01
  4.9423096e-01
  2.5577416e+00
  1.5238146e+00
  9.8997366e-01
  9.9906409e-01
  3.2571578e-01
 -5.6453651e-01
  4.2454293e-01
 -3.7002009e-01
  6.9342315e-01
  5.9295958e-01
 -1.3876928e+00
 -3.2089970e+00
  1.0651836e+00
  2.3473270e+00
 -1.7883236e+00
  5.3675371e-01
  9.0530962e-01
 -4.6938243e+00
  3.3957105e+00
 -1.3005102e-01
  8.2213110e-01
  1.4989207e+00
 -9.9516070e-01
  1.6586597e-01
 -4.1972733e+00
  3.4812739e+00
 -4.4998827e+00
 -1.5490245e+00
 -1.2790850e+00
  1.4711721e-01
 -2.1270738e+00
 -4.5390172e+00
 -1.4822227e+00
 -2.5881419e-01
  3.1631966e+00
  3.0736618e+00
  2.0868123e+00
  3.1360476e+00
 -3.7241716e+00
 -1.1059438e-02
  8.1399292e-02
 -2.2142086e+00
 -2.0618780e-01
  4.8303947e+00
 -9.6433222e-01
 -1.9960911e+00
  1.8442790e-01
 -4.0555667e-02
 -1.4890599e+00
 -1.5815173e+00
  7.4272937e-01
  8.6256450e-01
 -7.4432588e-01
  1.4327236e-01
 -7.4493437e+00
 -1.1151205e+00
 -1.6191281e+00
 -3.4629655e+00
  3.9211762e-01
  4.4669547e+00
  1.8196201e+00
 -2.5671847e+00
  8.4480649e-01
 -8.0120075e-01
  1.4036433e+00
  1.4974208e+00
  1.7412608e+00
  2.1502995e+00
  6.6210765e-01
 -2.2881868e+00
  4.7635132e-01
  6.3781452e-01
  3.5188091e+00
 -4.7911913e-03
 -7.0528013e-01
 -2.8131330e+00
 -9.1239429e-01
 -2.4585547e+00
 -1.0180025e+00
 -5.0548120e+00
 -1.6658741e+00
  2.0273187e+00
  8.5962111e-01
 -4.7078785e-01
  2.8650689e+00
  1.0367818e+00
  4.4830704e+00
 -4.0629780e-01
  5.2090282e+00
 -9.0348482e-01
 -7.1121395e-01
 -4.8035550e+00
  1.1357863e+00
  5.7322538e-01
 -2.3482217e-02
 -3.8001027e+00
 -1.4650745e-02
  3.4380240e+00
  2.9512581e-01
  8.5794336e-01
  1.8301096e+00
  6.7710418e-01
  6.7723808e+00
 -1.1053425e-02
  5.5354810e+00
  2.7852219e-01
  9.6280611e-01
 -2.2631559e+00
 -1.5248108e+00
  1.3226738e+00
  1.1470990e+00
  2.0160897e+00
 -9.8934644e-01
  2.5153990e+00
 -3.5976665e+00
 -1.2855903e+00
 -9.5930880e-01
  9.9544656e-01
  3.1407211e+00
  1.1272950e+00
  4.7400889e-01
  1.7759371e-01
  2.4378402e+00
  2.8326538e+00
 -5.5533928e-01
  7.2454816e-01
  9.6134645e-01
  4.0935535e+00
  1.8098319e-01
  4.2376703e-01
 -2.8190053e+00
 -3.3553742e-02
 -9.5830429e-01
  1.5336464e-01
 -3.4291455e-01
  7.2556281e-01
 -2.0036492e+00
 -1.5338378e-01
 -2.3355812e-01
  4.3265995e-01
 -3.0176799e+00
 -1.4506835e+00
 -7.9120564e-01
  1.2781866e+00
 -6.3386321e-01
 -8.4499425e-01
 -1.6663022e+00
 -4.1585863e-01
 -5.1448934e-02
  1.1081939e+00
 -2.3624752e+00
 -4.3310028e-01
 -2.0802348e+00
 -1.1861553e+00
  1.9297632e+00
  3.0280919e+00
 -9.8428875e-01
 -2.2122536e+00
  7.8290969e-01
 -2.1084154e+00
  1.3710377e+00
  1.5436043e+00
 -9.3168014e-01
  1.7598047e+00
 -1.3504353e+00
  1.1959233e+00
 -5.0623196e-01
 -1.1912425e+00
  3.1209390e+00
  2.7576354e+00
 -3.1513534e+00
 -1.6683367e+00
  1.4116167e+00
  8.9447834e-02
 -2.9963496e+00
  3.0282624e+00
  3.9756281e+00
 -2.5435128e+00
 -2.9648271e+00
  3.9106293e+00
  1.6649551e+00
  8.3170784e-01
 -1.8121636e+00
 -2.4438345e+00
  4.7473839e-01
  1.0711709e+00
 -4.7080631e+00
 -3.1634605e+00
  3.8600594e-01
 -1.8264048e+00
  1.5827163e+00
 -5.4756337e-01
 -4.7481063e-01
  3.8680890e-01
  1.8548365e-01
  4.3214869e+00
 -1.0256442e+00
 -2.4129164e+00
  6.0203946e-01
  4.1316648e+00
 -1.2680422e-01
  6.8585843e-01
 -1.4439535e+00
 -6.2762415e-01
 -8.2503688e-01
  1.0501567e+00
  5.2053088e-01
 -1.4792547e+00
 -2.4808571e+00
 -3.5811264e-02
  7.1844542e-01
 -1.4645005e+00
 -3.7588385e-01
 -2.9349413e+00
 -1.8521731e-01
  3.0002849e+00
  1.4109693e+00
  2.9657823e-01
 -3.3380735e+00
 -1.0761508e+00
 -1.3940107e+00
 -3.4680837e-01
  2.7753625e+00
  3.0192556e+00
  3.5586131e-01
  5.5006461e+00
  1.8275728e+00
  3.9891466e-02
  3.2404792e-01
 -1.4978781e+00
 -1.7206783e+00
 -2.6462561e-01
 -1.0271660e+00
 -1.7036179e+00
  2.4858699e+00
  2.6543036e+00
 -6.8105584e-01
  3.4427676e+00
 -5.1763695e-01
  2.7616193e+00
  6.1420923e-01
 -6.0268062e-01
 -5.5858451e-01
 -3.9028015e+00
  2.7233050e+00
  1.7655777e+00
 -3.8872725e-01
 -1.9126835e+00
  3.3727765e-01
 -2.5302410e-01
 -1.3123735e+00
 -2.9744067e+00
 -1.2393916e+00
 -1.7777814e+00
  1.2333732e+00
  3.8002896e+00
  7.9731899e-01
 -6.4164007e-01
  2.2485499e+00
  4.5045921e-01
  2.3127782e+00
  2.9550779e+00
  7.8303713e-01
 -2.0030937e+00
 -2.5003388e+00
 -1.9665457e+00
  1.7963469e+00
 -1.4171027e+00
  1.9329866e+00
  9.0074676e-01
  4.8449352e-01
  1.7458053e+00
 -3.9936641e-01
 -2.0048721e+00
  4.6181613e-01
 -1.7128067e+00
  2.2482269e-01
  1.8687981e+00
  1.9674211e+00
 -8.3734706e-02
 -2.4370065e+00
 -8.2331038e-01
  7.8035581e-01
 -9.0858507e-01
  1.1244503e+00
 -5.2574605e-01
 -8.5785335e-01
 -5.2134389e-01
  3.1171989e-01
  7.4573123e-01
  6.4338952e-02
 -4.7165699e-02
 -1.2528032e+00
 -3.4292603e-01
  2.5688872e+00
  1.7761655e+00
 -2.0793662e+00
 -9.4104528e-01
  1.2756339e-02
  1.2756339e-02
  1.2756339e-02
  1.2756339e-02
  1.2756339e-02
  1.2756339e-02
  1.2756339e-02
  1.2756339e-02
  1.2756339e-02
  6.4035743e-02
  6.4035743e-02
  6.4035743e-02
  6.4035743e-02
  6.4035743e-02
  6.4035743e-02
  6.4035743e-02
  4.2478494e-02
  4.2478494e-02
  4.2478494e-02
  4.2478494e-02
  4.2478494e-02
  4.2478494e-02
  4.2478494e-02
  2.6162500e-02
  2.6162500e-02
  2.6162500e-02
  2.6162500e-02
  2.6162500e-02
  2.6162500e-02
  2.6162500e-02
  8.5887648e-03
  8.5887648e-03
  8.5887648e-03
  8.5887648e-03
  8.5887648e-03
  8.5887648e-03
  8.5887648e-03
  2.8742218e-02
  2.8742218e-02
  2.8742218e-02
  2.8742218e-02
  2.8742218e-02
  2.8742218e-02
  2.8742218e-02
  8.7869503e-03
  8.7869503e-03
  8.7869503e-03
  8.7869503e-03
  8.7869503e-03
  8.7869503e-03
  8.7869503e-03
