structure_index,formula,total_atoms,distinct_elements,elements,count_Cr,fraction_Cr,count_W,fraction_W,count_Y,fraction_Y,count_Zr,fraction_Zr
0,Y125,125,1,Y,0,0.000000000000,0,0.000000000000,125,1.000000000000,0,0.000000000000
1,Y125,125,1,Y,0,0.000000000000,0,0.000000000000,125,1.000000000000,0,0.000000000000
2,Y125,125,1,Y,0,0.000000000000,0,0.000000000000,125,1.000000000000,0,0.000000000000
3,Y125,125,1,Y,0,0.000000000000,0,0.000000000000,125,1.000000000000,0,0.000000000000
4,Y125,125,1,Y,0,0.000000000000,0,0.000000000000,125,1.000000000000,0,0.000000000000
5,Y125,125,1,Y,0,0.000000000000,0,0.000000000000,125,1.000000000000,0,0.000000000000
6,Y125,125,1,Y,0,0.000000000000,0,0.000000000000,125,1.000000000000,0,0.000000000000
7,Y125,125,1,Y,0,0.000000000000,0,0.000000000000,125,1.000000000000,0,0.000000000000
8,Y125,125,1,Y,0,0.000000000000,0,0.000000000000,125,1.000000000000,0,0.000000000000
9,Y125,125,1,Y,0,0.000000000000,0,0.000000000000,125,1.000000000000,0,0.000000000000
10,Y125,125,1,Y,0,0.000000000000,0,0.000000000000,125,1.000000000000,0,0.000000000000
11,Y125,125,1,Y,0,0.000000000000,0,0.000000000000,125,1.000000000000,0,0.000000000000
12,Y125,125,1,Y,0,0.000000000000,0,0.000000000000,125,1.000000000000,0,0.000000000000
13,Y125,125,1,Y,0,0.000000000000,0,0.000000000000,125,1.000000000000,0,0.000000000000
14,Y125,125,1,Y,0,0.000000000000,0,0.000000000000,125,1.000000000000,0,0.000000000000
15,Y125,125,1,Y,0,0.000000000000,0,0.000000000000,125,1.000000000000,0,0.000000000000
16,Y125,125,1,Y,0,0.000000000000,0,0.000000000000,125,1.000000000000,0,0.000000000000
17,Y125,125,1,Y,0,0.000000000000,0,0.000000000000,125,1.000000000000,0,0.000000000000
18,Y125,125,1,Y,0,0.000000000000,0,0.000000000000,125,1.000000000000,0,0.000000000000
19,Y125,125,1,Y,0,0.000000000000,0,0.000000000000,125,1.000000000000,0,0.000000000000
20,Y125,125,1,Y,0,0.000000000000,0,0.000000000000,125,1.000000000000,0,0.000000000000
21,Y125,125,1,Y,0,0.000000000000,0,0.000000000000,125,1.000000000000,0,0.000000000000
22,Y125,125,1,Y,0,0.000000000000,0,0.000000000000,125,1.000000000000,0,0.000000000000
23,Y125,125,1,Y,0,0.000000000000,0,0.000000000000,125,1.000000000000,0,0.000000000000
24,Y125,125,1,Y,0,0.000000000000,0,0.000000000000,125,1.000000000000,0,0.000000000000
25,Y125,125,1,Y,0,0.000000000000,0,0.000000000000,125,1.000000000000,0,0.000000000000
26,Y125,125,1,Y,0,0.000000000000,0,0.000000000000,125,1.000000000000,0,0.000000000000
27,Y125,125,1,Y,0,0.000000000000,0,0.000000000000,125,1.000000000000,0,0.000000000000
28,Y125,125,1,Y,0,0.000000000000,0,0.000000000000,125,1.000000000000,0,0.000000000000
29,Y125,125,1,Y,0,0.000000000000,0,0.000000000000,125,1.000000000000,0,0.000000000000
30,Y125,125,1,Y,0,0.000000000000,0,0.000000000000,125,1.000000000000,0,0.000000000000
31,Y125,125,1,Y,0,0.000000000000,0,0.000000000000,125,1.000000000000,0,0.000000000000
32,Y125,125,1,Y,0,0.000000000000,0,0.000000000000,125,1.000000000000,0,0.000000000000
33,Y125,125,1,Y,0,0.000000000000,0,0.000000000000,125,1.000000000000,0,0.000000000000
34,Y125,125,1,Y,0,0.000000000000,0,0.000000000000,125,1.000000000000,0,0.000000000000
35,Y125,125,1,Y,0,0.000000000000,0,0.000000000000,125,1.000000000000,0,0.000000000000
36,Y125,125,1,Y,0,0.000000000000,0,0.000000000000,125,1.000000000000,0,0.000000000000
37,Y125,125,1,Y,0,0.000000000000,0,0.000000000000,125,1.000000000000,0,0.000000000000
38,Y125,125,1,Y,0,0.000000000000,0,0.000000000000,125,1.000000000000,0,0.000000000000
39,Y125,125,1,Y,0,0.000000000000,0,0.000000000000,125,1.000000000000,0,0.000000000000
40,Y125,125,1,Y,0,0.000000000000,0,0.000000000000,125,1.000000000000,0,0.000000000000
41,Y125,125,1,Y,0,0.000000000000,0,0.000000000000,125,1.000000000000,0,0.000000000000
42,Y125,125,1,Y,0,0.000000000000,0,0.000000000000,125,1.000000000000,0,0.000000000000
43,Y125,125,1,Y,0,0.000000000000,0,0.000000000000,125,1.000000000000,0,0.000000000000
44,Y125,125,1,Y,0,0.000000000000,0,0.000000000000,125,1.000000000000,0,0.000000000000
45,Y125,125,1,Y,0,0.000000000000,0,0.000000000000,125,1.000000000000,0,0.000000000000
46,Y125,125,1,Y,0,0.000000000000,0,0.000000000000,125,1.000000000000,0,0.000000000000
47,Y125,125,1,Y,0,0.000000000000,0,0.000000000000,125,1.000000000000,0,0.000000000000
48,Y125,125,1,Y,0,0.000000000000,0,0.000000000000,125,1.000000000000,0,0.000000000000
49,Y125,125,1,Y,0,0.000000000000,0,0.000000000000,125,1.000000000000,0,0.000000000000
50,Y125,125,1,Y,0,0.000000000000,0,0.000000000000,125,1.000000000000,0,0.000000000000
51,Y125,125,1,Y,0,0.000000000000,0,0.000000000000,125,1.000000000000,0,0.000000000000
52,Y125,125,1,Y,0,0.000000000000,0,0.000000000000,125,1.000000000000,0,0.000000000000
53,Y125,125,1,Y,0,0.000000000000,0,0.000000000000,125,1.000000000000,0,0.000000000000
54,Y125,125,1,Y,0,0.000000000000,0,0.000000000000,125,1.000000000000,0,0.000000000000
55,Y125,125,1,Y,0,0.000000000000,0,0.000000000000,125,1.000000000000,0,0.000000000000
56,Y125,125,1,Y,0,0.000000000000,0,0.000000000000,125,1.000000000000,0,0.000000000000
57,Y135,135,1,Y,0,0.000000000000,0,0.000000000000,135,1.000000000000,0,0.000000000000
58,Zr125,125,1,Zr,0,0.000000000000,0,0.000000000000,0,0.000000000000,125,1.000000000000
59,Zr125,125,1,Zr,0,0.000000000000,0,0.000000000000,0,0.000000000000,125,1.000000000000
60,Zr125,125,1,Zr,0,0.000000000000,0,0.000000000000,0,0.000000000000,125,1.000000000000
61,Zr125,125,1,Zr,0,0.000000000000,0,0.000000000000,0,0.000000000000,125,1.000000000000
62,Zr125,125,1,Zr,0,0.000000000000,0,0.000000000000,0,0.000000000000,125,1.000000000000
63,Zr125,125,1,Zr,0,0.000000000000,0,0.000000000000,0,0.000000000000,125,1.000000000000
64,Zr125,125,1,Zr,0,0.000000000000,0,0.000000000000,0,0.000000000000,125,1.000000000000
65,Zr125,125,1,Zr,0,0.000000000000,0,0.000000000000,0,0.000000000000,125,1.000000000000
66,Zr125,125,1,Zr,0,0.000000000000,0,0.000000000000,0,0.000000000000,125,1.000000000000
67,Zr125,125,1,Zr,0,0.000000000000,0,0.000000000000,0,0.000000000000,125,1.000000000000
68,Zr125,125,1,Zr,0,0.000000000000,0,0.000000000000,0,0.000000000000,125,1.000000000000
69,Zr125,125,1,Zr,0,0.000000000000,0,0.000000000000,0,0.000000000000,125,1.000000000000
70,Zr125,125,1,Zr,0,0.000000000000,0,0.000000000000,0,0.000000000000,125,1.000000000000
71,Zr125,125,1,Zr,0,0.000000000000,0,0.000000000000,0,0.000000000000,125,1.000000000000
72,Zr125,125,1,Zr,0,0.000000000000,0,0.000000000000,0,0.000000000000,125,1.000000000000
73,Zr125,125,1,Zr,0,0.000000000000,0,0.000000000000,0,0.000000000000,125,1.000000000000
74,Zr125,125,1,Zr,0,0.000000000000,0,0.000000000000,0,0.000000000000,125,1.000000000000
75,Zr125,125,1,Zr,0,0.000000000000,0,0.000000000000,0,0.000000000000,125,1.000000000000
76,Zr125,125,1,Zr,0,0.000000000000,0,0.000000000000,0,0.000000000000,125,1.000000000000
77,Zr125,125,1,Zr,0,0.000000000000,0,0.000000000000,0,0.000000000000,125,1.000000000000
78,Zr125,125,1,Zr,0,0.000000000000,0,0.000000000000,0,0.000000000000,125,1.000000000000
79,Zr125,125,1,Zr,0,0.000000000000,0,0.000000000000,0,0.000000000000,125,1.000000000000
80,Zr125,125,1,Zr,0,0.000000000000,0,0.000000000000,0,0.000000000000,125,1.000000000000
81,Zr125,125,1,Zr,0,0.000000000000,0,0.000000000000,0,0.000000000000,125,1.000000000000
82,Zr125,125,1,Zr,0,0.000000000000,0,0.000000000000,0,0.000000000000,125,1.000000000000
83,Zr125,125,1,Zr,0,0.000000000000,0,0.000000000000,0,0.000000000000,125,1.000000000000
84,Zr125,125,1,Zr,0,0.000000000000,0,0.000000000000,0,0.000000000000,125,1.000000000000
85,Zr125,125,1,Zr,0,0.000000000000,0,0.000000000000,0,0.000000000000,125,1.000000000000
86,Zr125,125,1,Zr,0,0.000000000000,0,0.000000000000,0,0.000000000000,125,1.000000000000
87,Zr125,125,1,Zr,0,0.000000000000,0,0.000000000000,0,0.000000000000,125,1.000000000000
88,Zr125,125,1,Zr,0,0.000000000000,0,0.000000000000,0,0.000000000000,125,1.000000000000
89,Zr125,125,1,Zr,0,0.000000000000,0,0.000000000000,0,0.000000000000,125,1.000000000000
90,Zr125,125,1,Zr,0,0.000000000000,0,0.000000000000,0,0.000000000000,125,1.000000000000
91,Zr125,125,1,Zr,0,0.000000000000,0,0.000000000000,0,0.000000000000,125,1.000000000000
92,Zr125,125,1,Zr,0,0.000000000000,0,0.000000000000,0,0.000000000000,125,1.000000000000
93,Zr125,125,1,Zr,0,0.000000000000,0,0.000000000000,0,0.000000000000,125,1.000000000000
94,Zr125,125,1,Zr,0,0.000000000000,0,0.000000000000,0,0.000000000000,125,1.000000000000
95,Zr125,125,1,Zr,0,0.000000000000,0,0.000000000000,0,0.000000000000,125,1.000000000000
96,Zr125,125,1,Zr,0,0.000000000000,0,0.000000000000,0,0.000000000000,125,1.000000000000
97,Zr125,125,1,Zr,0,0.000000000000,0,0.000000000000,0,0.000000000000,125,1.000000000000
98,Zr125,125,1,Zr,0,0.000000000000,0,0.000000000000,0,0.000000000000,125,1.000000000000
99,Zr125,125,1,Zr,0,0.000000000000,0,0.000000000000,0,0.000000000000,125,1.000000000000
100,Zr125,125,1,Zr,0,0.000000000000,0,0.000000000000,0,0.000000000000,125,1.000000000000
101,Zr125,125,1,Zr,0,0.000000000000,0,0.000000000000,0,0.000000000000,125,1.000000000000
102,Zr125,125,1,Zr,0,0.000000000000,0,0.000000000000,0,0.000000000000,125,1.000000000000
103,Zr125,125,1,Zr,0,0.000000000000,0,0.000000000000,0,0.000000000000,125,1.000000000000
104,Zr125,125,1,Zr,0,0.000000000000,0,0.000000000000,0,0.000000000000,125,1.000000000000
105,Zr125,125,1,Zr,0,0.000000000000,0,0.000000000000,0,0.000000000000,125,1.000000000000
106,Zr125,125,1,Zr,0,0.000000000000,0,0.000000000000,0,0.000000000000,125,1.000000000000
107,Zr125,125,1,Zr,0,0.000000000000,0,0.000000000000,0,0.000000000000,125,1.000000000000
108,Zr125,125,1,Zr,0,0.000000000000,0,0.000000000000,0,0.000000000000,125,1.000000000000
109,Zr125,125,1,Zr,0,0.000000000000,0,0.000000000000,0,0.000000000000,125,1.000000000000
110,Zr125,125,1,Zr,0,0.000000000000,0,0.000000000000,0,0.000000000000,125,1.000000000000
111,Zr125,125,1,Zr,0,0.000000000000,0,0.000000000000,0,0.000000000000,125,1.000000000000
112,Zr125,125,1,Zr,0,0.000000000000,0,0.000000000000,0,0.000000000000,125,1.000000000000
113,Zr113,113,1,Zr,0,0.000000000000,0,0.000000000000,0,0.000000000000,113,1.000000000000
114,Zr137,137,1,Zr,0,0.000000000000,0,0.000000000000,0,0.000000000000,137,1.000000000000
115,Zr131,131,1,Zr,0,0.000000000000,0,0.000000000000,0,0.000000000000,131,1.000000000000
116,Zr136,136,1,Zr,0,0.000000000000,0,0.000000000000,0,0.000000000000,136,1.000000000000
117,Zr133,133,1,Zr,0,0.000000000000,0,0.000000000000,0,0.000000000000,133,1.000000000000
118,Zr125,125,1,Zr,0,0.000000000000,0,0.000000000000,0,0.000000000000,125,1.000000000000
119,Zr125,125,1,Zr,0,0.000000000000,0,0.000000000000,0,0.000000000000,125,1.000000000000
120,Zr125,125,1,Zr,0,0.000000000000,0,0.000000000000,0,0.000000000000,125,1.000000000000
121,Zr125,125,1,Zr,0,0.000000000000,0,0.000000000000,0,0.000000000000,125,1.000000000000
122,Zr125,125,1,Zr,0,0.000000000000,0,0.000000000000,0,0.000000000000,125,1.000000000000
123,Zr125,125,1,Zr,0,0.000000000000,0,0.000000000000,0,0.000000000000,125,1.000000000000
124,Zr125,125,1,Zr,0,0.000000000000,0,0.000000000000,0,0.000000000000,125,1.000000000000
125,Zr125,125,1,Zr,0,0.000000000000,0,0.000000000000,0,0.000000000000,125,1.000000000000
126,Zr125,125,1,Zr,0,0.000000000000,0,0.000000000000,0,0.000000000000,125,1.000000000000
127,Zr125,125,1,Zr,0,0.000000000000,0,0.000000000000,0,0.000000000000,125,1.000000000000
128,Zr125,125,1,Zr,0,0.000000000000,0,0.000000000000,0,0.000000000000,125,1.000000000000
129,Zr125,125,1,Zr,0,0.000000000000,0,0.000000000000,0,0.000000000000,125,1.000000000000
130,Zr125,125,1,Zr,0,0.000000000000,0,0.000000000000,0,0.000000000000,125,1.000000000000
131,Zr125,125,1,Zr,0,0.000000000000,0,0.000000000000,0,0.000000000000,125,1.000000000000
132,Zr125,125,1,Zr,0,0.000000000000,0,0.000000000000,0,0.000000000000,125,1.000000000000
133,Zr125,125,1,Zr,0,0.000000000000,0,0.000000000000,0,0.000000000000,125,1.000000000000
134,Zr125,125,1,Zr,0,0.000000000000,0,0.000000000000,0,0.000000000000,125,1.000000000000
135,Zr125,125,1,Zr,0,0.000000000000,0,0.000000000000,0,0.000000000000,125,1.000000000000
136,Zr125,125,1,Zr,0,0.000000000000,0,0.000000000000,0,0.000000000000,125,1.000000000000
137,Zr125,125,1,Zr,0,0.000000000000,0,0.000000000000,0,0.000000000000,125,1.000000000000
138,Zr125,125,1,Zr,0,0.000000000000,0,0.000000000000,0,0.000000000000,125,1.000000000000
139,Zr125,125,1,Zr,0,0.000000000000,0,0.000000000000,0,0.000000000000,125,1.000000000000
140,Zr125,125,1,Zr,0,0.000000000000,0,0.000000000000,0,0.000000000000,125,1.000000000000
141,Zr125,125,1,Zr,0,0.000000000000,0,0.000000000000,0,0.000000000000,125,1.000000000000
142,Zr125,125,1,Zr,0,0.000000000000,0,0.000000000000,0,0.000000000000,125,1.000000000000
143,Zr125,125,1,Zr,0,0.000000000000,0,0.000000000000,0,0.000000000000,125,1.000000000000
144,Zr125,125,1,Zr,0,0.000000000000,0,0.000000000000,0,0.000000000000,125,1.000000000000
145,Zr125,125,1,Zr,0,0.000000000000,0,0.000000000000,0,0.000000000000,125,1.000000000000
146,Zr125,125,1,Zr,0,0.000000000000,0,0.000000000000,0,0.000000000000,125,1.000000000000
147,Zr125,125,1,Zr,0,0.000000000000,0,0.000000000000,0,0.000000000000,125,1.000000000000
148,Zr125,125,1,Zr,0,0.000000000000,0,0.000000000000,0,0.000000000000,125,1.000000000000
149,Zr125,125,1,Zr,0,0.000000000000,0,0.000000000000,0,0.000000000000,125,1.000000000000
150,Zr125,125,1,Zr,0,0.000000000000,0,0.000000000000,0,0.000000000000,125,1.000000000000
151,Zr125,125,1,Zr,0,0.000000000000,0,0.000000000000,0,0.000000000000,125,1.000000000000
152,Zr125,125,1,Zr,0,0.000000000000,0,0.000000000000,0,0.000000000000,125,1.000000000000
153,Zr125,125,1,Zr,0,0.000000000000,0,0.000000000000,0,0.000000000000,125,1.000000000000
154,Zr125,125,1,Zr,0,0.000000000000,0,0.000000000000,0,0.000000000000,125,1.000000000000
155,Zr125,125,1,Zr,0,0.000000000000,0,0.000000000000,0,0.000000000000,125,1.000000000000
156,Zr125,125,1,Zr,0,0.000000000000,0,0.000000000000,0,0.000000000000,125,1.000000000000
157,Zr125,125,1,Zr,0,0.000000000000,0,0.000000000000,0,0.000000000000,125,1.000000000000
158,Zr125,125,1,Zr,0,0.000000000000,0,0.000000000000,0,0.000000000000,125,1.000000000000
159,Zr125,125,1,Zr,0,0.000000000000,0,0.000000000000,0,0.000000000000,125,1.000000000000
160,Zr125,125,1,Zr,0,0.000000000000,0,0.000000000000,0,0.000000000000,125,1.000000000000
161,Zr125,125,1,Zr,0,0.000000000000,0,0.000000000000,0,0.000000000000,125,1.000000000000
162,Zr125,125,1,Zr,0,0.000000000000,0,0.000000000000,0,0.000000000000,125,1.000000000000
163,Zr125,125,1,Zr,0,0.000000000000,0,0.000000000000,0,0.000000000000,125,1.000000000000
164,Zr125,125,1,Zr,0,0.000000000000,0,0.000000000000,0,0.000000000000,125,1.000000000000
165,Zr125,125,1,Zr,0,0.000000000000,0,0.000000000000,0,0.000000000000,125,1.000000000000
166,Zr125,125,1,Zr,0,0.000000000000,0,0.000000000000,0,0.000000000000,125,1.000000000000
167,Zr125,125,1,Zr,0,0.000000000000,0,0.000000000000,0,0.000000000000,125,1.000000000000
168,Zr125,125,1,Zr,0,0.000000000000,0,0.000000000000,0,0.000000000000,125,1.000000000000
169,Zr125,125,1,Zr,0,0.000000000000,0,0.000000000000,0,0.000000000000,125,1.000000000000
170,Zr125,125,1,Zr,0,0.000000000000,0,0.000000000000,0,0.000000000000,125,1.000000000000
171,Zr125,125,1,Zr,0,0.000000000000,0,0.000000000000,0,0.000000000000,125,1.000000000000
172,Zr125,125,1,Zr,0,0.000000000000,0,0.000000000000,0,0.000000000000,125,1.000000000000
173,Zr125,125,1,Zr,0,0.000000000000,0,0.000000000000,0,0.000000000000,125,1.000000000000
174,Zr125,125,1,Zr,0,0.000000000000,0,0.000000000000,0,0.000000000000,125,1.000000000000
175,Zr125,125,1,Zr,0,0.000000000000,0,0.000000000000,0,0.000000000000,125,1.000000000000
176,Zr125,125,1,Zr,0,0.000000000000,0,0.000000000000,0,0.000000000000,125,1.000000000000
177,Zr131,131,1,Zr,0,0.000000000000,0,0.000000000000,0,0.000000000000,131,1.000000000000
178,Zr133,133,1,Zr,0,0.000000000000,0,0.000000000000,0,0.000000000000,133,1.000000000000
179,Zr135,135,1,Zr,0,0.000000000000,0,0.000000000000,0,0.000000000000,135,1.000000000000
180,Y128,128,1,Y,0,0.000000000000,0,0.000000000000,128,1.000000000000,0,0.000000000000
181,Y128,128,1,Y,0,0.000000000000,0,0.000000000000,128,1.000000000000,0,0.000000000000
182,Y128,128,1,Y,0,0.000000000000,0,0.000000000000,128,1.000000000000,0,0.000000000000
183,Y128,128,1,Y,0,0.000000000000,0,0.000000000000,128,1.000000000000,0,0.000000000000
184,Y128,128,1,Y,0,0.000000000000,0,0.000000000000,128,1.000000000000,0,0.000000000000
185,Y128,128,1,Y,0,0.000000000000,0,0.000000000000,128,1.000000000000,0,0.000000000000
186,Y128,128,1,Y,0,0.000000000000,0,0.000000000000,128,1.000000000000,0,0.000000000000
187,Y128,128,1,Y,0,0.000000000000,0,0.000000000000,128,1.000000000000,0,0.000000000000
188,Y128,128,1,Y,0,0.000000000000,0,0.000000000000,128,1.000000000000,0,0.000000000000
189,Y128,128,1,Y,0,0.000000000000,0,0.000000000000,128,1.000000000000,0,0.000000000000
190,Y128,128,1,Y,0,0.000000000000,0,0.000000000000,128,1.000000000000,0,0.000000000000
191,Y128,128,1,Y,0,0.000000000000,0,0.000000000000,128,1.000000000000,0,0.000000000000
192,Y128,128,1,Y,0,0.000000000000,0,0.000000000000,128,1.000000000000,0,0.000000000000
193,Y128,128,1,Y,0,0.000000000000,0,0.000000000000,128,1.000000000000,0,0.000000000000
194,Y128,128,1,Y,0,0.000000000000,0,0.000000000000,128,1.000000000000,0,0.000000000000
195,Y128,128,1,Y,0,0.000000000000,0,0.000000000000,128,1.000000000000,0,0.000000000000
196,Y128,128,1,Y,0,0.000000000000,0,0.000000000000,128,1.000000000000,0,0.000000000000
197,Y128,128,1,Y,0,0.000000000000,0,0.000000000000,128,1.000000000000,0,0.000000000000
198,Y128,128,1,Y,0,0.000000000000,0,0.000000000000,128,1.000000000000,0,0.000000000000
199,Y128,128,1,Y,0,0.000000000000,0,0.000000000000,128,1.000000000000,0,0.000000000000
200,Y128,128,1,Y,0,0.000000000000,0,0.000000000000,128,1.000000000000,0,0.000000000000
201,Y128,128,1,Y,0,0.000000000000,0,0.000000000000,128,1.000000000000,0,0.000000000000
202,Y128,128,1,Y,0,0.000000000000,0,0.000000000000,128,1.000000000000,0,0.000000000000
203,Y128,128,1,Y,0,0.000000000000,0,0.000000000000,128,1.000000000000,0,0.000000000000
204,Y128,128,1,Y,0,0.000000000000,0,0.000000000000,128,1.000000000000,0,0.000000000000
205,Y128,128,1,Y,0,0.000000000000,0,0.000000000000,128,1.000000000000,0,0.000000000000
206,Y128,128,1,Y,0,0.000000000000,0,0.000000000000,128,1.000000000000,0,0.000000000000
207,Y128,128,1,Y,0,0.000000000000,0,0.000000000000,128,1.000000000000,0,0.000000000000
208,Y128,128,1,Y,0,0.000000000000,0,0.000000000000,128,1.000000000000,0,0.000000000000
209,Y128,128,1,Y,0,0.000000000000,0,0.000000000000,128,1.000000000000,0,0.000000000000
210,Y128,128,1,Y,0,0.000000000000,0,0.000000000000,128,1.000000000000,0,0.000000000000
211,Y128,128,1,Y,0,0.000000000000,0,0.000000000000,128,1.000000000000,0,0.000000000000
212,Y128,128,1,Y,0,0.000000000000,0,0.000000000000,128,1.000000000000,0,0.000000000000
213,Y128,128,1,Y,0,0.000000000000,0,0.000000000000,128,1.000000000000,0,0.000000000000
214,Y128,128,1,Y,0,0.000000000000,0,0.000000000000,128,1.000000000000,0,0.000000000000
215,Y128,128,1,Y,0,0.000000000000,0,0.000000000000,128,1.000000000000,0,0.000000000000
216,Y128,128,1,Y,0,0.000000000000,0,0.000000000000,128,1.000000000000,0,0.000000000000
217,Y128,128,1,Y,0,0.000000000000,0,0.000000000000,128,1.000000000000,0,0.000000000000
218,Y128,128,1,Y,0,0.000000000000,0,0.000000000000,128,1.000000000000,0,0.000000000000
219,Y128,128,1,Y,0,0.000000000000,0,0.000000000000,128,1.000000000000,0,0.000000000000
220,Y128,128,1,Y,0,0.000000000000,0,0.000000000000,128,1.000000000000,0,0.000000000000
221,Y128,128,1,Y,0,0.000000000000,0,0.000000000000,128,1.000000000000,0,0.000000000000
222,Y128,128,1,Y,0,0.000000000000,0,0.000000000000,128,1.000000000000,0,0.000000000000
223,Y128,128,1,Y,0,0.000000000000,0,0.000000000000,128,1.000000000000,0,0.000000000000
224,Y128,128,1,Y,0,0.000000000000,0,0.000000000000,128,1.000000000000,0,0.000000000000
225,Y128,128,1,Y,0,0.000000000000,0,0.000000000000,128,1.000000000000,0,0.000000000000
226,Y128,128,1,Y,0,0.000000000000,0,0.000000000000,128,1.000000000000,0,0.000000000000
227,Y128,128,1,Y,0,0.000000000000,0,0.000000000000,128,1.000000000000,0,0.000000000000
228,Y128,128,1,Y,0,0.000000000000,0,0.000000000000,128,1.000000000000,0,0.000000000000
229,Y128,128,1,Y,0,0.000000000000,0,0.000000000000,128,1.000000000000,0,0.000000000000
230,Y128,128,1,Y,0,0.000000000000,0,0.000000000000,128,1.000000000000,0,0.000000000000
231,Y128,128,1,Y,0,0.000000000000,0,0.000000000000,128,1.000000000000,0,0.000000000000
232,Y128,128,1,Y,0,0.000000000000,0,0.000000000000,128,1.000000000000,0,0.000000000000
233,Y128,128,1,Y,0,0.000000000000,0,0.000000000000,128,1.000000000000,0,0.000000000000
234,Y137,137,1,Y,0,0.000000000000,0,0.000000000000,137,1.000000000000,0,0.000000000000
235,Y128,128,1,Y,0,0.000000000000,0,0.000000000000,128,1.000000000000,0,0.000000000000
236,Y128,128,1,Y,0,0.000000000000,0,0.000000000000,128,1.000000000000,0,0.000000000000
237,Y128,128,1,Y,0,0.000000000000,0,0.000000000000,128,1.000000000000,0,0.000000000000
238,Y128,128,1,Y,0,0.000000000000,0,0.000000000000,128,1.000000000000,0,0.000000000000
239,Y128,128,1,Y,0,0.000000000000,0,0.000000000000,128,1.000000000000,0,0.000000000000
240,Y128,128,1,Y,0,0.000000000000,0,0.000000000000,128,1.000000000000,0,0.000000000000
241,Y128,128,1,Y,0,0.000000000000,0,0.000000000000,128,1.000000000000,0,0.000000000000
242,Y128,128,1,Y,0,0.000000000000,0,0.000000000000,128,1.000000000000,0,0.000000000000
243,Y128,128,1,Y,0,0.000000000000,0,0.000000000000,128,1.000000000000,0,0.000000000000
244,Y128,128,1,Y,0,0.000000000000,0,0.000000000000,128,1.000000000000,0,0.000000000000
245,Y128,128,1,Y,0,0.000000000000,0,0.000000000000,128,1.000000000000,0,0.000000000000
246,Y128,128,1,Y,0,0.000000000000,0,0.000000000000,128,1.000000000000,0,0.000000000000
247,Y128,128,1,Y,0,0.000000000000,0,0.000000000000,128,1.000000000000,0,0.000000000000
248,Y128,128,1,Y,0,0.000000000000,0,0.000000000000,128,1.000000000000,0,0.000000000000
249,Y128,128,1,Y,0,0.000000000000,0,0.000000000000,128,1.000000000000,0,0.000000000000
250,Y128,128,1,Y,0,0.000000000000,0,0.000000000000,128,1.000000000000,0,0.000000000000
251,Y128,128,1,Y,0,0.000000000000,0,0.000000000000,128,1.000000000000,0,0.000000000000
252,Y128,128,1,Y,0,0.000000000000,0,0.000000000000,128,1.000000000000,0,0.000000000000
253,Y128,128,1,Y,0,0.000000000000,0,0.000000000000,128,1.000000000000,0,0.000000000000
254,Y128,128,1,Y,0,0.000000000000,0,0.000000000000,128,1.000000000000,0,0.000000000000
255,Y128,128,1,Y,0,0.000000000000,0,0.000000000000,128,1.000000000000,0,0.000000000000
256,Y128,128,1,Y,0,0.000000000000,0,0.000000000000,128,1.000000000000,0,0.000000000000
257,Y128,128,1,Y,0,0.000000000000,0,0.000000000000,128,1.000000000000,0,0.000000000000
258,Y128,128,1,Y,0,0.000000000000,0,0.000000000000,128,1.000000000000,0,0.000000000000
259,Y128,128,1,Y,0,0.000000000000,0,0.000000000000,128,1.000000000000,0,0.000000000000
260,Y128,128,1,Y,0,0.000000000000,0,0.000000000000,128,1.000000000000,0,0.000000000000
261,Y128,128,1,Y,0,0.000000000000,0,0.000000000000,128,1.000000000000,0,0.000000000000
262,Y128,128,1,Y,0,0.000000000000,0,0.000000000000,128,1.000000000000,0,0.000000000000
263,Y128,128,1,Y,0,0.000000000000,0,0.000000000000,128,1.000000000000,0,0.000000000000
264,Y128,128,1,Y,0,0.000000000000,0,0.000000000000,128,1.000000000000,0,0.000000000000
265,Y128,128,1,Y,0,0.000000000000,0,0.000000000000,128,1.000000000000,0,0.000000000000
266,Y128,128,1,Y,0,0.000000000000,0,0.000000000000,128,1.000000000000,0,0.000000000000
267,Y128,128,1,Y,0,0.000000000000,0,0.000000000000,128,1.000000000000,0,0.000000000000
268,Y128,128,1,Y,0,0.000000000000,0,0.000000000000,128,1.000000000000,0,0.000000000000
269,Y128,128,1,Y,0,0.000000000000,0,0.000000000000,128,1.000000000000,0,0.000000000000
270,Y128,128,1,Y,0,0.000000000000,0,0.000000000000,128,1.000000000000,0,0.000000000000
271,Y128,128,1,Y,0,0.000000000000,0,0.000000000000,128,1.000000000000,0,0.000000000000
272,Y128,128,1,Y,0,0.000000000000,0,0.000000000000,128,1.000000000000,0,0.000000000000
273,Y128,128,1,Y,0,0.000000000000,0,0.000000000000,128,1.000000000000,0,0.000000000000
274,Y128,128,1,Y,0,0.000000000000,0,0.000000000000,128,1.000000000000,0,0.000000000000
275,Y128,128,1,Y,0,0.000000000000,0,0.000000000000,128,1.000000000000,0,0.000000000000
276,Y128,128,1,Y,0,0.000000000000,0,0.000000000000,128,1.000000000000,0,0.000000000000
277,Y128,128,1,Y,0,0.000000000000,0,0.000000000000,128,1.000000000000,0,0.000000000000
278,Y128,128,1,Y,0,0.000000000000,0,0.000000000000,128,1.000000000000,0,0.000000000000
279,Y128,128,1,Y,0,0.000000000000,0,0.000000000000,128,1.000000000000,0,0.000000000000
280,Y128,128,1,Y,0,0.000000000000,0,0.000000000000,128,1.000000000000,0,0.000000000000
281,Y128,128,1,Y,0,0.000000000000,0,0.000000000000,128,1.000000000000,0,0.000000000000
282,Y128,128,1,Y,0,0.000000000000,0,0.000000000000,128,1.000000000000,0,0.000000000000
283,Y128,128,1,Y,0,0.000000000000,0,0.000000000000,128,1.000000000000,0,0.000000000000
284,Y128,128,1,Y,0,0.000000000000,0,0.000000000000,128,1.000000000000,0,0.000000000000
285,Y128,128,1,Y,0,0.000000000000,0,0.000000000000,128,1.000000000000,0,0.000000000000
286,Y128,128,1,Y,0,0.000000000000,0,0.000000000000,128,1.000000000000,0,0.000000000000
287,Y128,128,1,Y,0,0.000000000000,0,0.000000000000,128,1.000000000000,0,0.000000000000
288,Y128,128,1,Y,0,0.000000000000,0,0.000000000000,128,1.000000000000,0,0.000000000000
289,Y128,128,1,Y,0,0.000000000000,0,0.000000000000,128,1.000000000000,0,0.000000000000
290,Y128,128,1,Y,0,0.000000000000,0,0.000000000000,128,1.000000000000,0,0.000000000000
291,Y135,135,1,Y,0,0.000000000000,0,0.000000000000,135,1.000000000000,0,0.000000000000
292,Zr128,128,1,Zr,0,0.000000000000,0,0.000000000000,0,0.000000000000,128,1.000000000000
293,Zr128,128,1,Zr,0,0.000000000000,0,0.000000000000,0,0.000000000000,128,1.000000000000
294,Zr128,128,1,Zr,0,0.000000000000,0,0.000000000000,0,0.000000000000,128,1.000000000000
295,Zr128,128,1,Zr,0,0.000000000000,0,0.000000000000,0,0.000000000000,128,1.000000000000
296,Zr128,128,1,Zr,0,0.000000000000,0,0.000000000000,0,0.000000000000,128,1.000000000000
297,Zr128,128,1,Zr,0,0.000000000000,0,0.000000000000,0,0.000000000000,128,1.000000000000
298,Zr128,128,1,Zr,0,0.000000000000,0,0.000000000000,0,0.000000000000,128,1.000000000000
299,Zr128,128,1,Zr,0,0.000000000000,0,0.000000000000,0,0.000000000000,128,1.000000000000
300,Zr128,128,1,Zr,0,0.000000000000,0,0.000000000000,0,0.000000000000,128,1.000000000000
301,Zr128,128,1,Zr,0,0.000000000000,0,0.000000000000,0,0.000000000000,128,1.000000000000
302,Zr128,128,1,Zr,0,0.000000000000,0,0.000000000000,0,0.000000000000,128,1.000000000000
303,Zr128,128,1,Zr,0,0.000000000000,0,0.000000000000,0,0.000000000000,128,1.000000000000
304,Zr128,128,1,Zr,0,0.000000000000,0,0.000000000000,0,0.000000000000,128,1.000000000000
305,Zr128,128,1,Zr,0,0.000000000000,0,0.000000000000,0,0.000000000000,128,1.000000000000
306,Zr128,128,1,Zr,0,0.000000000000,0,0.000000000000,0,0.000000000000,128,1.000000000000
307,Zr128,128,1,Zr,0,0.000000000000,0,0.000000000000,0,0.000000000000,128,1.000000000000
308,Zr128,128,1,Zr,0,0.000000000000,0,0.000000000000,0,0.000000000000,128,1.000000000000
309,Zr128,128,1,Zr,0,0.000000000000,0,0.000000000000,0,0.000000000000,128,1.000000000000
310,Zr128,128,1,Zr,0,0.000000000000,0,0.000000000000,0,0.000000000000,128,1.000000000000
311,Zr128,128,1,Zr,0,0.000000000000,0,0.000000000000,0,0.000000000000,128,1.000000000000
312,Zr128,128,1,Zr,0,0.000000000000,0,0.000000000000,0,0.000000000000,128,1.000000000000
313,Zr128,128,1,Zr,0,0.000000000000,0,0.000000000000,0,0.000000000000,128,1.000000000000
314,Zr128,128,1,Zr,0,0.000000000000,0,0.000000000000,0,0.000000000000,128,1.000000000000
315,Zr128,128,1,Zr,0,0.000000000000,0,0.000000000000,0,0.000000000000,128,1.000000000000
316,Zr128,128,1,Zr,0,0.000000000000,0,0.000000000000,0,0.000000000000,128,1.000000000000
317,Zr128,128,1,Zr,0,0.000000000000,0,0.000000000000,0,0.000000000000,128,1.000000000000
318,Zr128,128,1,Zr,0,0.000000000000,0,0.000000000000,0,0.000000000000,128,1.000000000000
319,Zr128,128,1,Zr,0,0.000000000000,0,0.000000000000,0,0.000000000000,128,1.000000000000
320,Zr128,128,1,Zr,0,0.000000000000,0,0.000000000000,0,0.000000000000,128,1.000000000000
321,Zr128,128,1,Zr,0,0.000000000000,0,0.000000000000,0,0.000000000000,128,1.000000000000
322,Zr128,128,1,Zr,0,0.000000000000,0,0.000000000000,0,0.000000000000,128,1.000000000000
323,Zr128,128,1,Zr,0,0.000000000000,0,0.000000000000,0,0.000000000000,128,1.000000000000
324,Zr128,128,1,Zr,0,0.000000000000,0,0.000000000000,0,0.000000000000,128,1.000000000000
325,Zr128,128,1,Zr,0,0.000000000000,0,0.000000000000,0,0.000000000000,128,1.000000000000
326,Zr128,128,1,Zr,0,0.000000000000,0,0.000000000000,0,0.000000000000,128,1.000000000000
327,Zr128,128,1,Zr,0,0.000000000000,0,0.000000000000,0,0.000000000000,128,1.000000000000
328,Zr128,128,1,Zr,0,0.000000000000,0,0.000000000000,0,0.000000000000,128,1.000000000000
329,Zr128,128,1,Zr,0,0.000000000000,0,0.000000000000,0,0.000000000000,128,1.000000000000
330,Zr128,128,1,Zr,0,0.000000000000,0,0.000000000000,0,0.000000000000,128,1.000000000000
331,Zr128,128,1,Zr,0,0.000000000000,0,0.000000000000,0,0.000000000000,128,1.000000000000
332,Zr128,128,1,Zr,0,0.000000000000,0,0.000000000000,0,0.000000000000,128,1.000000000000
333,Zr128,128,1,Zr,0,0.000000000000,0,0.000000000000,0,0.000000000000,128,1.000000000000
334,Zr128,128,1,Zr,0,0.000000000000,0,0.000000000000,0,0.000000000000,128,1.000000000000
335,Zr128,128,1,Zr,0,0.000000000000,0,0.000000000000,0,0.000000000000,128,1.000000000000
336,Zr128,128,1,Zr,0,0.000000000000,0,0.000000000000,0,0.000000000000,128,1.000000000000
337,Zr128,128,1,Zr,0,0.000000000000,0,0.000000000000,0,0.000000000000,128,1.000000000000
338,Zr128,128,1,Zr,0,0.000000000000,0,0.000000000000,0,0.000000000000,128,1.000000000000
339,Zr128,128,1,Zr,0,0.000000000000,0,0.000000000000,0,0.000000000000,128,1.000000000000
340,Zr128,128,1,Zr,0,0.000000000000,0,0.000000000000,0,0.000000000000,128,1.000000000000
341,Zr128,128,1,Zr,0,0.000000000000,0,0.000000000000,0,0.000000000000,128,1.000000000000
342,Zr128,128,1,Zr,0,0.000000000000,0,0.000000000000,0,0.000000000000,128,1.000000000000
343,Zr128,128,1,Zr,0,0.000000000000,0,0.000000000000,0,0.000000000000,128,1.000000000000
344,Zr128,128,1,Zr,0,0.000000000000,0,0.000000000000,0,0.000000000000,128,1.000000000000
345,Zr128,128,1,Zr,0,0.000000000000,0,0.000000000000,0,0.000000000000,128,1.000000000000
346,Zr128,128,1,Zr,0,0.000000000000,0,0.000000000000,0,0.000000000000,128,1.000000000000
347,Zr128,128,1,Zr,0,0.000000000000,0,0.000000000000,0,0.000000000000,128,1.000000000000
348,Zr128,128,1,Zr,0,0.000000000000,0,0.000000000000,0,0.000000000000,128,1.000000000000
349,Zr128,128,1,Zr,0,0.000000000000,0,0.000000000000,0,0.000000000000,128,1.000000000000
350,Zr137,137,1,Zr,0,0.000000000000,0,0.000000000000,0,0.000000000000,137,1.000000000000
351,Zr139,139,1,Zr,0,0.000000000000,0,0.000000000000,0,0.000000000000,139,1.000000000000
352,W125,125,1,W,0,0.000000000000,125,1.000000000000,0,0.000000000000,0,0.000000000000
353,W125,125,1,W,0,0.000000000000,125,1.000000000000,0,0.000000000000,0,0.000000000000
354,W125,125,1,W,0,0.000000000000,125,1.000000000000,0,0.000000000000,0,0.000000000000
355,W125,125,1,W,0,0.000000000000,125,1.000000000000,0,0.000000000000,0,0.000000000000
356,W125,125,1,W,0,0.000000000000,125,1.000000000000,0,0.000000000000,0,0.000000000000
357,W125,125,1,W,0,0.000000000000,125,1.000000000000,0,0.000000000000,0,0.000000000000
358,W125,125,1,W,0,0.000000000000,125,1.000000000000,0,0.000000000000,0,0.000000000000
359,W125,125,1,W,0,0.000000000000,125,1.000000000000,0,0.000000000000,0,0.000000000000
360,W125,125,1,W,0,0.000000000000,125,1.000000000000,0,0.000000000000,0,0.000000000000
361,W125,125,1,W,0,0.000000000000,125,1.000000000000,0,0.000000000000,0,0.000000000000
362,W125,125,1,W,0,0.000000000000,125,1.000000000000,0,0.000000000000,0,0.000000000000
363,W125,125,1,W,0,0.000000000000,125,1.000000000000,0,0.000000000000,0,0.000000000000
364,W125,125,1,W,0,0.000000000000,125,1.000000000000,0,0.000000000000,0,0.000000000000
365,W125,125,1,W,0,0.000000000000,125,1.000000000000,0,0.000000000000,0,0.000000000000
366,W125,125,1,W,0,0.000000000000,125,1.000000000000,0,0.000000000000,0,0.000000000000
367,W125,125,1,W,0,0.000000000000,125,1.000000000000,0,0.000000000000,0,0.000000000000
368,W125,125,1,W,0,0.000000000000,125,1.000000000000,0,0.000000000000,0,0.000000000000
369,W125,125,1,W,0,0.000000000000,125,1.000000000000,0,0.000000000000,0,0.000000000000
370,W125,125,1,W,0,0.000000000000,125,1.000000000000,0,0.000000000000,0,0.000000000000
371,W125,125,1,W,0,0.000000000000,125,1.000000000000,0,0.000000000000,0,0.000000000000
372,W125,125,1,W,0,0.000000000000,125,1.000000000000,0,0.000000000000,0,0.000000000000
373,W125,125,1,W,0,0.000000000000,125,1.000000000000,0,0.000000000000,0,0.000000000000
374,W125,125,1,W,0,0.000000000000,125,1.000000000000,0,0.000000000000,0,0.000000000000
375,W125,125,1,W,0,0.000000000000,125,1.000000000000,0,0.000000000000,0,0.000000000000
376,W125,125,1,W,0,0.000000000000,125,1.000000000000,0,0.000000000000,0,0.000000000000
377,W125,125,1,W,0,0.000000000000,125,1.000000000000,0,0.000000000000,0,0.000000000000
378,W125,125,1,W,0,0.000000000000,125,1.000000000000,0,0.000000000000,0,0.000000000000
379,W125,125,1,W,0,0.000000000000,125,1.000000000000,0,0.000000000000,0,0.000000000000
380,W125,125,1,W,0,0.000000000000,125,1.000000000000,0,0.000000000000,0,0.000000000000
381,W125,125,1,W,0,0.000000000000,125,1.000000000000,0,0.000000000000,0,0.000000000000
382,W125,125,1,W,0,0.000000000000,125,1.000000000000,0,0.000000000000,0,0.000000000000
383,W125,125,1,W,0,0.000000000000,125,1.000000000000,0,0.000000000000,0,0.000000000000
384,W125,125,1,W,0,0.000000000000,125,1.000000000000,0,0.000000000000,0,0.000000000000
385,W125,125,1,W,0,0.000000000000,125,1.000000000000,0,0.000000000000,0,0.000000000000
386,W125,125,1,W,0,0.000000000000,125,1.000000000000,0,0.000000000000,0,0.000000000000
387,W125,125,1,W,0,0.000000000000,125,1.000000000000,0,0.000000000000,0,0.000000000000
388,W125,125,1,W,0,0.000000000000,125,1.000000000000,0,0.000000000000,0,0.000000000000
389,W125,125,1,W,0,0.000000000000,125,1.000000000000,0,0.000000000000,0,0.000000000000
390,W125,125,1,W,0,0.000000000000,125,1.000000000000,0,0.000000000000,0,0.000000000000
391,W125,125,1,W,0,0.000000000000,125,1.000000000000,0,0.000000000000,0,0.000000000000
392,W125,125,1,W,0,0.000000000000,125,1.000000000000,0,0.000000000000,0,0.000000000000
393,W125,125,1,W,0,0.000000000000,125,1.000000000000,0,0.000000000000,0,0.000000000000
394,W125,125,1,W,0,0.000000000000,125,1.000000000000,0,0.000000000000,0,0.000000000000
395,W125,125,1,W,0,0.000000000000,125,1.000000000000,0,0.000000000000,0,0.000000000000
396,W125,125,1,W,0,0.000000000000,125,1.000000000000,0,0.000000000000,0,0.000000000000
397,W125,125,1,W,0,0.000000000000,125,1.000000000000,0,0.000000000000,0,0.000000000000
398,W125,125,1,W,0,0.000000000000,125,1.000000000000,0,0.000000000000,0,0.000000000000
399,W125,125,1,W,0,0.000000000000,125,1.000000000000,0,0.000000000000,0,0.000000000000
400,W125,125,1,W,0,0.000000000000,125,1.000000000000,0,0.000000000000,0,0.000000000000
401,W125,125,1,W,0,0.000000000000,125,1.000000000000,0,0.000000000000,0,0.000000000000
402,W125,125,1,W,0,0.000000000000,125,1.000000000000,0,0.000000000000,0,0.000000000000
403,W125,125,1,W,0,0.000000000000,125,1.000000000000,0,0.000000000000,0,0.000000000000
404,W125,125,1,W,0,0.000000000000,125,1.000000000000,0,0.000000000000,0,0.000000000000
405,W125,125,1,W,0,0.000000000000,125,1.000000000000,0,0.000000000000,0,0.000000000000
406,W125,125,1,W,0,0.000000000000,125,1.000000000000,0,0.000000000000,0,0.000000000000
407,W125,125,1,W,0,0.000000000000,125,1.000000000000,0,0.000000000000,0,0.000000000000
408,W125,125,1,W,0,0.000000000000,125,1.000000000000,0,0.000000000000,0,0.000000000000
409,W125,125,1,W,0,0.000000000000,125,1.000000000000,0,0.000000000000,0,0.000000000000
410,W125,125,1,W,0,0.000000000000,125,1.000000000000,0,0.000000000000,0,0.000000000000
411,W125,125,1,W,0,0.000000000000,125,1.000000000000,0,0.000000000000,0,0.000000000000
412,W125,125,1,W,0,0.000000000000,125,1.000000000000,0,0.000000000000,0,0.000000000000
413,W114,114,1,W,0,0.000000000000,114,1.000000000000,0,0.000000000000,0,0.000000000000
414,W136,136,1,W,0,0.000000000000,136,1.000000000000,0,0.000000000000,0,0.000000000000
415,W132,132,1,W,0,0.000000000000,132,1.000000000000,0,0.000000000000,0,0.000000000000
416,W132,132,1,W,0,0.000000000000,132,1.000000000000,0,0.000000000000,0,0.000000000000
417,W134,134,1,W,0,0.000000000000,134,1.000000000000,0,0.000000000000,0,0.000000000000
418,W125,125,1,W,0,0.000000000000,125,1.000000000000,0,0.000000000000,0,0.000000000000
419,W125,125,1,W,0,0.000000000000,125,1.000000000000,0,0.000000000000,0,0.000000000000
420,W125,125,1,W,0,0.000000000000,125,1.000000000000,0,0.000000000000,0,0.000000000000
421,W125,125,1,W,0,0.000000000000,125,1.000000000000,0,0.000000000000,0,0.000000000000
422,W125,125,1,W,0,0.000000000000,125,1.000000000000,0,0.000000000000,0,0.000000000000
423,W125,125,1,W,0,0.000000000000,125,1.000000000000,0,0.000000000000,0,0.000000000000
424,W125,125,1,W,0,0.000000000000,125,1.000000000000,0,0.000000000000,0,0.000000000000
425,W125,125,1,W,0,0.000000000000,125,1.000000000000,0,0.000000000000,0,0.000000000000
426,W125,125,1,W,0,0.000000000000,125,1.000000000000,0,0.000000000000,0,0.000000000000
427,W125,125,1,W,0,0.000000000000,125,1.000000000000,0,0.000000000000,0,0.000000000000
428,W125,125,1,W,0,0.000000000000,125,1.000000000000,0,0.000000000000,0,0.000000000000
429,W125,125,1,W,0,0.000000000000,125,1.000000000000,0,0.000000000000,0,0.000000000000
430,W125,125,1,W,0,0.000000000000,125,1.000000000000,0,0.000000000000,0,0.000000000000
431,W125,125,1,W,0,0.000000000000,125,1.000000000000,0,0.000000000000,0,0.000000000000
432,W125,125,1,W,0,0.000000000000,125,1.000000000000,0,0.000000000000,0,0.000000000000
433,W125,125,1,W,0,0.000000000000,125,1.000000000000,0,0.000000000000,0,0.000000000000
434,W125,125,1,W,0,0.000000000000,125,1.000000000000,0,0.000000000000,0,0.000000000000
435,W125,125,1,W,0,0.000000000000,125,1.000000000000,0,0.000000000000,0,0.000000000000
436,W125,125,1,W,0,0.000000000000,125,1.000000000000,0,0.000000000000,0,0.000000000000
437,W125,125,1,W,0,0.000000000000,125,1.000000000000,0,0.000000000000,0,0.000000000000
438,W125,125,1,W,0,0.000000000000,125,1.000000000000,0,0.000000000000,0,0.000000000000
439,W125,125,1,W,0,0.000000000000,125,1.000000000000,0,0.000000000000,0,0.000000000000
440,W125,125,1,W,0,0.000000000000,125,1.000000000000,0,0.000000000000,0,0.000000000000
441,W125,125,1,W,0,0.000000000000,125,1.000000000000,0,0.000000000000,0,0.000000000000
442,W125,125,1,W,0,0.000000000000,125,1.000000000000,0,0.000000000000,0,0.000000000000
443,W125,125,1,W,0,0.000000000000,125,1.000000000000,0,0.000000000000,0,0.000000000000
444,W125,125,1,W,0,0.000000000000,125,1.000000000000,0,0.000000000000,0,0.000000000000
445,W125,125,1,W,0,0.000000000000,125,1.000000000000,0,0.000000000000,0,0.000000000000
446,W125,125,1,W,0,0.000000000000,125,1.000000000000,0,0.000000000000,0,0.000000000000
447,W125,125,1,W,0,0.000000000000,125,1.000000000000,0,0.000000000000,0,0.000000000000
448,W125,125,1,W,0,0.000000000000,125,1.000000000000,0,0.000000000000,0,0.000000000000
449,W125,125,1,W,0,0.000000000000,125,1.000000000000,0,0.000000000000,0,0.000000000000
450,W125,125,1,W,0,0.000000000000,125,1.000000000000,0,0.000000000000,0,0.000000000000
451,W125,125,1,W,0,0.000000000000,125,1.000000000000,0,0.000000000000,0,0.000000000000
452,W125,125,1,W,0,0.000000000000,125,1.000000000000,0,0.000000000000,0,0.000000000000
453,W125,125,1,W,0,0.000000000000,125,1.000000000000,0,0.000000000000,0,0.000000000000
454,W125,125,1,W,0,0.000000000000,125,1.000000000000,0,0.000000000000,0,0.000000000000
455,W125,125,1,W,0,0.000000000000,125,1.000000000000,0,0.000000000000,0,0.000000000000
456,W125,125,1,W,0,0.000000000000,125,1.000000000000,0,0.000000000000,0,0.000000000000
457,W125,125,1,W,0,0.000000000000,125,1.000000000000,0,0.000000000000,0,0.000000000000
458,W125,125,1,W,0,0.000000000000,125,1.000000000000,0,0.000000000000,0,0.000000000000
459,W125,125,1,W,0,0.000000000000,125,1.000000000000,0,0.000000000000,0,0.000000000000
460,W125,125,1,W,0,0.000000000000,125,1.000000000000,0,0.000000000000,0,0.000000000000
461,W125,125,1,W,0,0.000000000000,125,1.000000000000,0,0.000000000000,0,0.000000000000
462,W125,125,1,W,0,0.000000000000,125,1.000000000000,0,0.000000000000,0,0.000000000000
463,W125,125,1,W,0,0.000000000000,125,1.000000000000,0,0.000000000000,0,0.000000000000
464,W125,125,1,W,0,0.000000000000,125,1.000000000000,0,0.000000000000,0,0.000000000000
465,W125,125,1,W,0,0.000000000000,125,1.000000000000,0,0.000000000000,0,0.000000000000
466,W125,125,1,W,0,0.000000000000,125,1.000000000000,0,0.000000000000,0,0.000000000000
467,W125,125,1,W,0,0.000000000000,125,1.000000000000,0,0.000000000000,0,0.000000000000
468,W125,125,1,W,0,0.000000000000,125,1.000000000000,0,0.000000000000,0,0.000000000000
469,W125,125,1,W,0,0.000000000000,125,1.000000000000,0,0.000000000000,0,0.000000000000
470,W125,125,1,W,0,0.000000000000,125,1.000000000000,0,0.000000000000,0,0.000000000000
471,W125,125,1,W,0,0.000000000000,125,1.000000000000,0,0.000000000000,0,0.000000000000
472,W125,125,1,W,0,0.000000000000,125,1.000000000000,0,0.000000000000,0,0.000000000000
473,W125,125,1,W,0,0.000000000000,125,1.000000000000,0,0.000000000000,0,0.000000000000
474,W125,125,1,W,0,0.000000000000,125,1.000000000000,0,0.000000000000,0,0.000000000000
475,W125,125,1,W,0,0.000000000000,125,1.000000000000,0,0.000000000000,0,0.000000000000
476,W125,125,1,W,0,0.000000000000,125,1.000000000000,0,0.000000000000,0,0.000000000000
477,W125,125,1,W,0,0.000000000000,125,1.000000000000,0,0.000000000000,0,0.000000000000
478,W125,125,1,W,0,0.000000000000,125,1.000000000000,0,0.000000000000,0,0.000000000000
479,W113,113,1,W,0,0.000000000000,113,1.000000000000,0,0.000000000000,0,0.000000000000
480,W136,136,1,W,0,0.000000000000,136,1.000000000000,0,0.000000000000,0,0.000000000000
481,W131,131,1,W,0,0.000000000000,131,1.000000000000,0,0.000000000000,0,0.000000000000
482,W133,133,1,W,0,0.000000000000,133,1.000000000000,0,0.000000000000,0,0.000000000000
483,W135,135,1,W,0,0.000000000000,135,1.000000000000,0,0.000000000000,0,0.000000000000
484,W128,128,1,W,0,0.000000000000,128,1.000000000000,0,0.000000000000,0,0.000000000000
485,W128,128,1,W,0,0.000000000000,128,1.000000000000,0,0.000000000000,0,0.000000000000
486,W128,128,1,W,0,0.000000000000,128,1.000000000000,0,0.000000000000,0,0.000000000000
487,W128,128,1,W,0,0.000000000000,128,1.000000000000,0,0.000000000000,0,0.000000000000
488,W128,128,1,W,0,0.000000000000,128,1.000000000000,0,0.000000000000,0,0.000000000000
489,W128,128,1,W,0,0.000000000000,128,1.000000000000,0,0.000000000000,0,0.000000000000
490,W128,128,1,W,0,0.000000000000,128,1.000000000000,0,0.000000000000,0,0.000000000000
491,W128,128,1,W,0,0.000000000000,128,1.000000000000,0,0.000000000000,0,0.000000000000
492,W128,128,1,W,0,0.000000000000,128,1.000000000000,0,0.000000000000,0,0.000000000000
493,W128,128,1,W,0,0.000000000000,128,1.000000000000,0,0.000000000000,0,0.000000000000
494,W128,128,1,W,0,0.000000000000,128,1.000000000000,0,0.000000000000,0,0.000000000000
495,W128,128,1,W,0,0.000000000000,128,1.000000000000,0,0.000000000000,0,0.000000000000
496,W128,128,1,W,0,0.000000000000,128,1.000000000000,0,0.000000000000,0,0.000000000000
497,W128,128,1,W,0,0.000000000000,128,1.000000000000,0,0.000000000000,0,0.000000000000
498,W128,128,1,W,0,0.000000000000,128,1.000000000000,0,0.000000000000,0,0.000000000000
499,W128,128,1,W,0,0.000000000000,128,1.000000000000,0,0.000000000000,0,0.000000000000
500,W128,128,1,W,0,0.000000000000,128,1.000000000000,0,0.000000000000,0,0.000000000000
501,W128,128,1,W,0,0.000000000000,128,1.000000000000,0,0.000000000000,0,0.000000000000
502,W128,128,1,W,0,0.000000000000,128,1.000000000000,0,0.000000000000,0,0.000000000000
503,W128,128,1,W,0,0.000000000000,128,1.000000000000,0,0.000000000000,0,0.000000000000
504,W128,128,1,W,0,0.000000000000,128,1.000000000000,0,0.000000000000,0,0.000000000000
505,W128,128,1,W,0,0.000000000000,128,1.000000000000,0,0.000000000000,0,0.000000000000
506,W128,128,1,W,0,0.000000000000,128,1.000000000000,0,0.000000000000,0,0.000000000000
507,W128,128,1,W,0,0.000000000000,128,1.000000000000,0,0.000000000000,0,0.000000000000
508,W128,128,1,W,0,0.000000000000,128,1.000000000000,0,0.000000000000,0,0.000000000000
509,W128,128,1,W,0,0.000000000000,128,1.000000000000,0,0.000000000000,0,0.000000000000
510,W128,128,1,W,0,0.000000000000,128,1.000000000000,0,0.000000000000,0,0.000000000000
511,W128,128,1,W,0,0.000000000000,128,1.000000000000,0,0.000000000000,0,0.000000000000
512,W128,128,1,W,0,0.000000000000,128,1.000000000000,0,0.000000000000,0,0.000000000000
513,W128,128,1,W,0,0.000000000000,128,1.000000000000,0,0.000000000000,0,0.000000000000
514,W128,128,1,W,0,0.000000000000,128,1.000000000000,0,0.000000000000,0,0.000000000000
515,W128,128,1,W,0,0.000000000000,128,1.000000000000,0,0.000000000000,0,0.000000000000
516,W128,128,1,W,0,0.000000000000,128,1.000000000000,0,0.000000000000,0,0.000000000000
517,W128,128,1,W,0,0.000000000000,128,1.000000000000,0,0.000000000000,0,0.000000000000
518,W128,128,1,W,0,0.000000000000,128,1.000000000000,0,0.000000000000,0,0.000000000000
519,W128,128,1,W,0,0.000000000000,128,1.000000000000,0,0.000000000000,0,0.000000000000
520,W128,128,1,W,0,0.000000000000,128,1.000000000000,0,0.000000000000,0,0.000000000000
521,W128,128,1,W,0,0.000000000000,128,1.000000000000,0,0.000000000000,0,0.000000000000
522,W128,128,1,W,0,0.000000000000,128,1.000000000000,0,0.000000000000,0,0.000000000000
523,W128,128,1,W,0,0.000000000000,128,1.000000000000,0,0.000000000000,0,0.000000000000
524,W128,128,1,W,0,0.000000000000,128,1.000000000000,0,0.000000000000,0,0.000000000000
525,W128,128,1,W,0,0.000000000000,128,1.000000000000,0,0.000000000000,0,0.000000000000
526,W128,128,1,W,0,0.000000000000,128,1.000000000000,0,0.000000000000,0,0.000000000000
527,W128,128,1,W,0,0.000000000000,128,1.000000000000,0,0.000000000000,0,0.000000000000
528,W128,128,1,W,0,0.000000000000,128,1.000000000000,0,0.000000000000,0,0.000000000000
529,W128,128,1,W,0,0.000000000000,128,1.000000000000,0,0.000000000000,0,0.000000000000
530,W128,128,1,W,0,0.000000000000,128,1.000000000000,0,0.000000000000,0,0.000000000000
531,W128,128,1,W,0,0.000000000000,128,1.000000000000,0,0.000000000000,0,0.000000000000
532,W128,128,1,W,0,0.000000000000,128,1.000000000000,0,0.000000000000,0,0.000000000000
533,W128,128,1,W,0,0.000000000000,128,1.000000000000,0,0.000000000000,0,0.000000000000
534,W128,128,1,W,0,0.000000000000,128,1.000000000000,0,0.000000000000,0,0.000000000000
535,W128,128,1,W,0,0.000000000000,128,1.000000000000,0,0.000000000000,0,0.000000000000
536,W128,128,1,W,0,0.000000000000,128,1.000000000000,0,0.000000000000,0,0.000000000000
537,W128,128,1,W,0,0.000000000000,128,1.000000000000,0,0.000000000000,0,0.000000000000
538,W128,128,1,W,0,0.000000000000,128,1.000000000000,0,0.000000000000,0,0.000000000000
539,W128,128,1,W,0,0.000000000000,128,1.000000000000,0,0.000000000000,0,0.000000000000
540,W128,128,1,W,0,0.000000000000,128,1.000000000000,0,0.000000000000,0,0.000000000000
541,W128,128,1,W,0,0.000000000000,128,1.000000000000,0,0.000000000000,0,0.000000000000
542,W128,128,1,W,0,0.000000000000,128,1.000000000000,0,0.000000000000,0,0.000000000000
543,W128,128,1,W,0,0.000000000000,128,1.000000000000,0,0.000000000000,0,0.000000000000
544,W128,128,1,W,0,0.000000000000,128,1.000000000000,0,0.000000000000,0,0.000000000000
545,W121,121,1,W,0,0.000000000000,121,1.000000000000,0,0.000000000000,0,0.000000000000
546,W116,116,1,W,0,0.000000000000,116,1.000000000000,0,0.000000000000,0,0.000000000000
547,W135,135,1,W,0,0.000000000000,135,1.000000000000,0,0.000000000000,0,0.000000000000
548,W139,139,1,W,0,0.000000000000,139,1.000000000000,0,0.000000000000,0,0.000000000000
549,W137,137,1,W,0,0.000000000000,137,1.000000000000,0,0.000000000000,0,0.000000000000
550,Cr54W58,112,2,"Cr,W",54,0.482142857143,58,0.517857142857,0,0.000000000000,0,0.000000000000
551,Cr55W59,114,2,"Cr,W",55,0.482456140351,59,0.517543859649,0,0.000000000000,0,0.000000000000
552,Cr57W56,113,2,"Cr,W",57,0.504424778761,56,0.495575221239,0,0.000000000000,0,0.000000000000
553,Cr59W56,115,2,"Cr,W",59,0.513043478261,56,0.486956521739,0,0.000000000000,0,0.000000000000
554,Cr54W54,108,2,"Cr,W",54,0.500000000000,54,0.500000000000,0,0.000000000000,0,0.000000000000
555,Cr56W55,111,2,"Cr,W",56,0.504504504505,55,0.495495495495,0,0.000000000000,0,0.000000000000
556,Cr55W54,109,2,"Cr,W",55,0.504587155963,54,0.495412844037,0,0.000000000000,0,0.000000000000
557,Cr54W54,108,2,"Cr,W",54,0.500000000000,54,0.500000000000,0,0.000000000000,0,0.000000000000
558,Cr54W54,108,2,"Cr,W",54,0.500000000000,54,0.500000000000,0,0.000000000000,0,0.000000000000
559,Cr54W54,108,2,"Cr,W",54,0.500000000000,54,0.500000000000,0,0.000000000000,0,0.000000000000
560,Cr54W54,108,2,"Cr,W",54,0.500000000000,54,0.500000000000,0,0.000000000000,0,0.000000000000
561,Cr54W54,108,2,"Cr,W",54,0.500000000000,54,0.500000000000,0,0.000000000000,0,0.000000000000
562,Cr54W54,108,2,"Cr,W",54,0.500000000000,54,0.500000000000,0,0.000000000000,0,0.000000000000
563,Cr54W54,108,2,"Cr,W",54,0.500000000000,54,0.500000000000,0,0.000000000000,0,0.000000000000
564,Cr54W54,108,2,"Cr,W",54,0.500000000000,54,0.500000000000,0,0.000000000000,0,0.000000000000
565,Cr54W54,108,2,"Cr,W",54,0.500000000000,54,0.500000000000,0,0.000000000000,0,0.000000000000
566,Cr54W54,108,2,"Cr,W",54,0.500000000000,54,0.500000000000,0,0.000000000000,0,0.000000000000
567,Cr54W54,108,2,"Cr,W",54,0.500000000000,54,0.500000000000,0,0.000000000000,0,0.000000000000
568,Cr51W47,98,2,"Cr,W",51,0.520408163265,47,0.479591836735,0,0.000000000000,0,0.000000000000
569,Cr54W50,104,2,"Cr,W",54,0.519230769231,50,0.480769230769,0,0.000000000000,0,0.000000000000
570,Cr52W52,104,2,"Cr,W",52,0.500000000000,52,0.500000000000,0,0.000000000000,0,0.000000000000
571,Cr54W56,110,2,"Cr,W",54,0.490909090909,56,0.509090909091,0,0.000000000000,0,0.000000000000
572,Cr54W57,111,2,"Cr,W",54,0.486486486486,57,0.513513513514,0,0.000000000000,0,0.000000000000
573,Cr56W54,110,2,"Cr,W",56,0.509090909091,54,0.490909090909,0,0.000000000000,0,0.000000000000
574,Cr58W56,114,2,"Cr,W",58,0.508771929825,56,0.491228070175,0,0.000000000000,0,0.000000000000
575,Cr55W56,111,2,"Cr,W",55,0.495495495495,56,0.504504504505,0,0.000000000000,0,0.000000000000
576,Cr56W58,114,2,"Cr,W",56,0.491228070175,58,0.508771929825,0,0.000000000000,0,0.000000000000
577,Cr56W56,112,2,"Cr,W",56,0.500000000000,56,0.500000000000,0,0.000000000000,0,0.000000000000
578,Cr58W58,116,2,"Cr,W",58,0.500000000000,58,0.500000000000,0,0.000000000000,0,0.000000000000
579,Cr48W52,100,2,"Cr,W",48,0.480000000000,52,0.520000000000,0,0.000000000000,0,0.000000000000
580,Cr58W55,113,2,"Cr,W",58,0.513274336283,55,0.486725663717,0,0.000000000000,0,0.000000000000
581,Cr55W55,110,2,"Cr,W",55,0.500000000000,55,0.500000000000,0,0.000000000000,0,0.000000000000
582,Cr54W55,109,2,"Cr,W",54,0.495412844037,55,0.504587155963,0,0.000000000000,0,0.000000000000
583,Cr125,125,1,Cr,125,1.000000000000,0,0.000000000000,0,0.000000000000,0,0.000000000000
584,Cr125,125,1,Cr,125,1.000000000000,0,0.000000000000,0,0.000000000000,0,0.000000000000
585,Cr125,125,1,Cr,125,1.000000000000,0,0.000000000000,0,0.000000000000,0,0.000000000000
586,Cr125,125,1,Cr,125,1.000000000000,0,0.000000000000,0,0.000000000000,0,0.000000000000
587,Cr125,125,1,Cr,125,1.000000000000,0,0.000000000000,0,0.000000000000,0,0.000000000000
588,Cr125,125,1,Cr,125,1.000000000000,0,0.000000000000,0,0.000000000000,0,0.000000000000
589,Cr125,125,1,Cr,125,1.000000000000,0,0.000000000000,0,0.000000000000,0,0.000000000000
590,Cr125,125,1,Cr,125,1.000000000000,0,0.000000000000,0,0.000000000000,0,0.000000000000
591,Cr125,125,1,Cr,125,1.000000000000,0,0.000000000000,0,0.000000000000,0,0.000000000000
592,Cr125,125,1,Cr,125,1.000000000000,0,0.000000000000,0,0.000000000000,0,0.000000000000
593,Cr125,125,1,Cr,125,1.000000000000,0,0.000000000000,0,0.000000000000,0,0.000000000000
594,Cr125,125,1,Cr,125,1.000000000000,0,0.000000000000,0,0.000000000000,0,0.000000000000
595,Cr125,125,1,Cr,125,1.000000000000,0,0.000000000000,0,0.000000000000,0,0.000000000000
596,Cr125,125,1,Cr,125,1.000000000000,0,0.000000000000,0,0.000000000000,0,0.000000000000
597,Cr125,125,1,Cr,125,1.000000000000,0,0.000000000000,0,0.000000000000,0,0.000000000000
598,Cr125,125,1,Cr,125,1.000000000000,0,0.000000000000,0,0.000000000000,0,0.000000000000
599,Cr125,125,1,Cr,125,1.000000000000,0,0.000000000000,0,0.000000000000,0,0.000000000000
600,Cr125,125,1,Cr,125,1.000000000000,0,0.000000000000,0,0.000000000000,0,0.000000000000
601,Cr125,125,1,Cr,125,1.000000000000,0,0.000000000000,0,0.000000000000,0,0.000000000000
602,Cr125,125,1,Cr,125,1.000000000000,0,0.000000000000,0,0.000000000000,0,0.000000000000
603,Cr125,125,1,Cr,125,1.000000000000,0,0.000000000000,0,0.000000000000,0,0.000000000000
604,Cr125,125,1,Cr,125,1.000000000000,0,0.000000000000,0,0.000000000000,0,0.000000000000
605,Cr125,125,1,Cr,125,1.000000000000,0,0.000000000000,0,0.000000000000,0,0.000000000000
606,Cr125,125,1,Cr,125,1.000000000000,0,0.000000000000,0,0.000000000000,0,0.000000000000
607,Cr125,125,1,Cr,125,1.000000000000,0,0.000000000000,0,0.000000000000,0,0.000000000000
608,Cr125,125,1,Cr,125,1.000000000000,0,0.000000000000,0,0.000000000000,0,0.000000000000
609,Cr125,125,1,Cr,125,1.000000000000,0,0.000000000000,0,0.000000000000,0,0.000000000000
610,Cr125,125,1,Cr,125,1.000000000000,0,0.000000000000,0,0.000000000000,0,0.000000000000
611,Cr125,125,1,Cr,125,1.000000000000,0,0.000000000000,0,0.000000000000,0,0.000000000000
612,Cr125,125,1,Cr,125,1.000000000000,0,0.000000000000,0,0.000000000000,0,0.000000000000
613,Cr125,125,1,Cr,125,1.000000000000,0,0.000000000000,0,0.000000000000,0,0.000000000000
614,Cr125,125,1,Cr,125,1.000000000000,0,0.000000000000,0,0.000000000000,0,0.000000000000
615,Cr125,125,1,Cr,125,1.000000000000,0,0.000000000000,0,0.000000000000,0,0.000000000000
616,Cr125,125,1,Cr,125,1.000000000000,0,0.000000000000,0,0.000000000000,0,0.000000000000
617,Cr125,125,1,Cr,125,1.000000000000,0,0.000000000000,0,0.000000000000,0,0.000000000000
618,Cr125,125,1,Cr,125,1.000000000000,0,0.000000000000,0,0.000000000000,0,0.000000000000
619,Cr125,125,1,Cr,125,1.000000000000,0,0.000000000000,0,0.000000000000,0,0.000000000000
620,Cr125,125,1,Cr,125,1.000000000000,0,0.000000000000,0,0.000000000000,0,0.000000000000
621,Cr125,125,1,Cr,125,1.000000000000,0,0.000000000000,0,0.000000000000,0,0.000000000000
622,Cr125,125,1,Cr,125,1.000000000000,0,0.000000000000,0,0.000000000000,0,0.000000000000
623,Cr125,125,1,Cr,125,1.000000000000,0,0.000000000000,0,0.000000000000,0,0.000000000000
624,Cr125,125,1,Cr,125,1.000000000000,0,0.000000000000,0,0.000000000000,0,0.000000000000
625,Cr125,125,1,Cr,125,1.000000000000,0,0.000000000000,0,0.000000000000,0,0.000000000000
626,Cr125,125,1,Cr,125,1.000000000000,0,0.000000000000,0,0.000000000000,0,0.000000000000
627,Cr125,125,1,Cr,125,1.000000000000,0,0.000000000000,0,0.000000000000,0,0.000000000000
628,Cr125,125,1,Cr,125,1.000000000000,0,0.000000000000,0,0.000000000000,0,0.000000000000
629,Cr125,125,1,Cr,125,1.000000000000,0,0.000000000000,0,0.000000000000,0,0.000000000000
630,Cr125,125,1,Cr,125,1.000000000000,0,0.000000000000,0,0.000000000000,0,0.000000000000
631,Cr125,125,1,Cr,125,1.000000000000,0,0.000000000000,0,0.000000000000,0,0.000000000000
632,Cr125,125,1,Cr,125,1.000000000000,0,0.000000000000,0,0.000000000000,0,0.000000000000
633,Cr125,125,1,Cr,125,1.000000000000,0,0.000000000000,0,0.000000000000,0,0.000000000000
634,Cr125,125,1,Cr,125,1.000000000000,0,0.000000000000,0,0.000000000000,0,0.000000000000
635,Cr125,125,1,Cr,125,1.000000000000,0,0.000000000000,0,0.000000000000,0,0.000000000000
636,Cr125,125,1,Cr,125,1.000000000000,0,0.000000000000,0,0.000000000000,0,0.000000000000
637,Cr125,125,1,Cr,125,1.000000000000,0,0.000000000000,0,0.000000000000,0,0.000000000000
638,Cr125,125,1,Cr,125,1.000000000000,0,0.000000000000,0,0.000000000000,0,0.000000000000
639,Cr125,125,1,Cr,125,1.000000000000,0,0.000000000000,0,0.000000000000,0,0.000000000000
640,Cr125,125,1,Cr,125,1.000000000000,0,0.000000000000,0,0.000000000000,0,0.000000000000
641,Cr125,125,1,Cr,125,1.000000000000,0,0.000000000000,0,0.000000000000,0,0.000000000000
642,Cr125,125,1,Cr,125,1.000000000000,0,0.000000000000,0,0.000000000000,0,0.000000000000
643,Cr125,125,1,Cr,125,1.000000000000,0,0.000000000000,0,0.000000000000,0,0.000000000000
644,Cr125,125,1,Cr,125,1.000000000000,0,0.000000000000,0,0.000000000000,0,0.000000000000
645,Cr117,117,1,Cr,117,1.000000000000,0,0.000000000000,0,0.000000000000,0,0.000000000000
646,Cr113,113,1,Cr,113,1.000000000000,0,0.000000000000,0,0.000000000000,0,0.000000000000
647,Cr128,128,1,Cr,128,1.000000000000,0,0.000000000000,0,0.000000000000,0,0.000000000000
648,Cr132,132,1,Cr,132,1.000000000000,0,0.000000000000,0,0.000000000000,0,0.000000000000
649,Cr130,130,1,Cr,130,1.000000000000,0,0.000000000000,0,0.000000000000,0,0.000000000000
650,Cr94W31,125,2,"Cr,W",94,0.752000000000,31,0.248000000000,0,0.000000000000,0,0.000000000000
651,Cr94W31,125,2,"Cr,W",94,0.752000000000,31,0.248000000000,0,0.000000000000,0,0.000000000000
652,Cr47W78,125,2,"Cr,W",47,0.376000000000,78,0.624000000000,0,0.000000000000,0,0.000000000000
653,Cr47W78,125,2,"Cr,W",47,0.376000000000,78,0.624000000000,0,0.000000000000,0,0.000000000000
654,Cr47W78,125,2,"Cr,W",47,0.376000000000,78,0.624000000000,0,0.000000000000,0,0.000000000000
655,Cr47W78,125,2,"Cr,W",47,0.376000000000,78,0.624000000000,0,0.000000000000,0,0.000000000000
656,Cr47W78,125,2,"Cr,W",47,0.376000000000,78,0.624000000000,0,0.000000000000,0,0.000000000000
657,Cr45W71,116,2,"Cr,W",45,0.387931034483,71,0.612068965517,0,0.000000000000,0,0.000000000000
658,Cr47W78Zr2,127,3,"Cr,W,Zr",47,0.370078740157,78,0.614173228346,0,0.000000000000,2,0.015748031496
659,Cr47W78,125,2,"Cr,W",47,0.376000000000,78,0.624000000000,0,0.000000000000,0,0.000000000000
660,Cr47W78,125,2,"Cr,W",47,0.376000000000,78,0.624000000000,0,0.000000000000,0,0.000000000000
661,Cr47W78,125,2,"Cr,W",47,0.376000000000,78,0.624000000000,0,0.000000000000,0,0.000000000000
662,Cr47W78,125,2,"Cr,W",47,0.376000000000,78,0.624000000000,0,0.000000000000,0,0.000000000000
663,Cr47W78,125,2,"Cr,W",47,0.376000000000,78,0.624000000000,0,0.000000000000,0,0.000000000000
664,Cr47W78,125,2,"Cr,W",47,0.376000000000,78,0.624000000000,0,0.000000000000,0,0.000000000000
665,Cr47W78,125,2,"Cr,W",47,0.376000000000,78,0.624000000000,0,0.000000000000,0,0.000000000000
666,Cr16W109,125,2,"Cr,W",16,0.128000000000,109,0.872000000000,0,0.000000000000,0,0.000000000000
667,Cr14W106,120,2,"Cr,W",14,0.116666666667,106,0.883333333333,0,0.000000000000,0,0.000000000000
668,Cr17W109,126,2,"Cr,W",17,0.134920634921,109,0.865079365079,0,0.000000000000,0,0.000000000000
669,Cr78W47,125,2,"Cr,W",78,0.624000000000,47,0.376000000000,0,0.000000000000,0,0.000000000000
670,Cr73W40,113,2,"Cr,W",73,0.646017699115,40,0.353982300885,0,0.000000000000,0,0.000000000000
671,Cr76W47,123,2,"Cr,W",76,0.617886178862,47,0.382113821138,0,0.000000000000,0,0.000000000000
672,Cr74W45,119,2,"Cr,W",74,0.621848739496,45,0.378151260504,0,0.000000000000,0,0.000000000000
673,Cr78W48,126,2,"Cr,W",78,0.619047619048,48,0.380952380952,0,0.000000000000,0,0.000000000000
674,Cr79W47,126,2,"Cr,W",79,0.626984126984,47,0.373015873016,0,0.000000000000,0,0.000000000000
675,Cr31W94,125,2,"Cr,W",31,0.248000000000,94,0.752000000000,0,0.000000000000,0,0.000000000000
676,Cr30W88,118,2,"Cr,W",30,0.254237288136,88,0.745762711864,0,0.000000000000,0,0.000000000000
677,Cr31W83,114,2,"Cr,W",31,0.271929824561,83,0.728070175439,0,0.000000000000,0,0.000000000000
678,Cr31W95,126,2,"Cr,W",31,0.246031746032,95,0.753968253968,0,0.000000000000,0,0.000000000000
679,Cr43W77,120,2,"Cr,W",43,0.358333333333,77,0.641666666667,0,0.000000000000,0,0.000000000000
680,Cr48W78,126,2,"Cr,W",48,0.380952380952,78,0.619047619048,0,0.000000000000,0,0.000000000000
681,Cr63W62,125,2,"Cr,W",63,0.504000000000,62,0.496000000000,0,0.000000000000,0,0.000000000000
682,Cr63W62Zr,126,3,"Cr,W,Zr",63,0.500000000000,62,0.492063492063,0,0.000000000000,1,0.007936507937
683,Cr63W62,125,2,"Cr,W",63,0.504000000000,62,0.496000000000,0,0.000000000000,0,0.000000000000
684,Cr63W62,125,2,"Cr,W",63,0.504000000000,62,0.496000000000,0,0.000000000000,0,0.000000000000
685,Cr63W62,125,2,"Cr,W",63,0.504000000000,62,0.496000000000,0,0.000000000000,0,0.000000000000
686,Cr109W16,125,2,"Cr,W",109,0.872000000000,16,0.128000000000,0,0.000000000000,0,0.000000000000
687,Cr109W16,125,2,"Cr,W",109,0.872000000000,16,0.128000000000,0,0.000000000000,0,0.000000000000
688,Cr109W16,125,2,"Cr,W",109,0.872000000000,16,0.128000000000,0,0.000000000000,0,0.000000000000
689,Cr94W31,125,2,"Cr,W",94,0.752000000000,31,0.248000000000,0,0.000000000000,0,0.000000000000
690,Cr89W31,120,2,"Cr,W",89,0.741666666667,31,0.258333333333,0,0.000000000000,0,0.000000000000
691,Cr94W33,127,2,"Cr,W",94,0.740157480315,33,0.259842519685,0,0.000000000000,0,0.000000000000
692,Cr94W31,125,2,"Cr,W",94,0.752000000000,31,0.248000000000,0,0.000000000000,0,0.000000000000
693,Cr16W109,125,2,"Cr,W",16,0.128000000000,109,0.872000000000,0,0.000000000000,0,0.000000000000
694,Cr16W109,125,2,"Cr,W",16,0.128000000000,109,0.872000000000,0,0.000000000000,0,0.000000000000
695,Cr16W106,122,2,"Cr,W",16,0.131147540984,106,0.868852459016,0,0.000000000000,0,0.000000000000
696,Cr16W104,120,2,"Cr,W",16,0.133333333333,104,0.866666666667,0,0.000000000000,0,0.000000000000
697,Cr16W109,125,2,"Cr,W",16,0.128000000000,109,0.872000000000,0,0.000000000000,0,0.000000000000
698,Cr32W94,126,2,"Cr,W",32,0.253968253968,94,0.746031746032,0,0.000000000000,0,0.000000000000
699,Cr47W78,125,2,"Cr,W",47,0.376000000000,78,0.624000000000,0,0.000000000000,0,0.000000000000
700,Cr41W73,114,2,"Cr,W",41,0.359649122807,73,0.640350877193,0,0.000000000000,0,0.000000000000
701,Cr49W78,127,2,"Cr,W",49,0.385826771654,78,0.614173228346,0,0.000000000000,0,0.000000000000
702,Cr47W78,125,2,"Cr,W",47,0.376000000000,78,0.624000000000,0,0.000000000000,0,0.000000000000
703,Cr94W31,125,2,"Cr,W",94,0.752000000000,31,0.248000000000,0,0.000000000000,0,0.000000000000
704,Cr94W31,125,2,"Cr,W",94,0.752000000000,31,0.248000000000,0,0.000000000000,0,0.000000000000
705,Cr94W31,125,2,"Cr,W",94,0.752000000000,31,0.248000000000,0,0.000000000000,0,0.000000000000
706,Cr94W31,125,2,"Cr,W",94,0.752000000000,31,0.248000000000,0,0.000000000000,0,0.000000000000
707,Cr94W31,125,2,"Cr,W",94,0.752000000000,31,0.248000000000,0,0.000000000000,0,0.000000000000
708,Cr109W16,125,2,"Cr,W",109,0.872000000000,16,0.128000000000,0,0.000000000000,0,0.000000000000
709,Cr109W16,125,2,"Cr,W",109,0.872000000000,16,0.128000000000,0,0.000000000000,0,0.000000000000
710,Cr109W16,125,2,"Cr,W",109,0.872000000000,16,0.128000000000,0,0.000000000000,0,0.000000000000
711,Cr109W16,125,2,"Cr,W",109,0.872000000000,16,0.128000000000,0,0.000000000000,0,0.000000000000
712,Cr109W16,125,2,"Cr,W",109,0.872000000000,16,0.128000000000,0,0.000000000000,0,0.000000000000
713,Cr105W15,120,2,"Cr,W",105,0.875000000000,15,0.125000000000,0,0.000000000000,0,0.000000000000
714,Cr109W16,125,2,"Cr,W",109,0.872000000000,16,0.128000000000,0,0.000000000000,0,0.000000000000
715,Cr89W25,114,2,"Cr,W",89,0.780701754386,25,0.219298245614,0,0.000000000000,0,0.000000000000
716,Cr94W31,125,2,"Cr,W",94,0.752000000000,31,0.248000000000,0,0.000000000000,0,0.000000000000
717,Cr78W47,125,2,"Cr,W",78,0.624000000000,47,0.376000000000,0,0.000000000000,0,0.000000000000
718,Cr78W47,125,2,"Cr,W",78,0.624000000000,47,0.376000000000,0,0.000000000000,0,0.000000000000
719,Cr78W47,125,2,"Cr,W",78,0.624000000000,47,0.376000000000,0,0.000000000000,0,0.000000000000
720,Cr76W42,118,2,"Cr,W",76,0.644067796610,42,0.355932203390,0,0.000000000000,0,0.000000000000
721,Cr79W48,127,2,"Cr,W",79,0.622047244094,48,0.377952755906,0,0.000000000000,0,0.000000000000
722,Cr80W47,127,2,"Cr,W",80,0.629921259843,47,0.370078740157,0,0.000000000000,0,0.000000000000
723,Cr62W63,125,2,"Cr,W",62,0.496000000000,63,0.504000000000,0,0.000000000000,0,0.000000000000
724,Cr62W63,125,2,"Cr,W",62,0.496000000000,63,0.504000000000,0,0.000000000000,0,0.000000000000
725,Cr62W63,125,2,"Cr,W",62,0.496000000000,63,0.504000000000,0,0.000000000000,0,0.000000000000
726,Cr62W63,125,2,"Cr,W",62,0.496000000000,63,0.504000000000,0,0.000000000000,0,0.000000000000
727,Cr62W63,125,2,"Cr,W",62,0.496000000000,63,0.504000000000,0,0.000000000000,0,0.000000000000
728,Cr62W63,125,2,"Cr,W",62,0.496000000000,63,0.504000000000,0,0.000000000000,0,0.000000000000
729,Cr62W63,125,2,"Cr,W",62,0.496000000000,63,0.504000000000,0,0.000000000000,0,0.000000000000
730,Cr109W16,125,2,"Cr,W",109,0.872000000000,16,0.128000000000,0,0.000000000000,0,0.000000000000
731,Cr109W16,125,2,"Cr,W",109,0.872000000000,16,0.128000000000,0,0.000000000000,0,0.000000000000
732,Cr109W16,125,2,"Cr,W",109,0.872000000000,16,0.128000000000,0,0.000000000000,0,0.000000000000
733,Cr101W13,114,2,"Cr,W",101,0.885964912281,13,0.114035087719,0,0.000000000000,0,0.000000000000
734,Cr109W16Zr,126,3,"Cr,W,Zr",109,0.865079365079,16,0.126984126984,0,0.000000000000,1,0.007936507937
735,Cr16W109,125,2,"Cr,W",16,0.128000000000,109,0.872000000000,0,0.000000000000,0,0.000000000000
736,Cr16W109,125,2,"Cr,W",16,0.128000000000,109,0.872000000000,0,0.000000000000,0,0.000000000000
737,Cr16W109,125,2,"Cr,W",16,0.128000000000,109,0.872000000000,0,0.000000000000,0,0.000000000000
738,Cr15W98,113,2,"Cr,W",15,0.132743362832,98,0.867256637168,0,0.000000000000,0,0.000000000000
739,Cr16W110Y2,128,3,"Cr,W,Y",16,0.125000000000,110,0.859375000000,2,0.015625000000,0,0.000000000000
740,Cr16W109,125,2,"Cr,W",16,0.128000000000,109,0.872000000000,0,0.000000000000,0,0.000000000000
741,Cr109W16,125,2,"Cr,W",109,0.872000000000,16,0.128000000000,0,0.000000000000,0,0.000000000000
742,Cr109W16,125,2,"Cr,W",109,0.872000000000,16,0.128000000000,0,0.000000000000,0,0.000000000000
743,Cr99W16,115,2,"Cr,W",99,0.860869565217,16,0.139130434783,0,0.000000000000,0,0.000000000000
744,Cr109W17Y,127,3,"Cr,W,Y",109,0.858267716535,17,0.133858267717,1,0.007874015748,0,0.000000000000
745,Cr128,128,1,Cr,128,1.000000000000,0,0.000000000000,0,0.000000000000,0,0.000000000000
746,Cr128,128,1,Cr,128,1.000000000000,0,0.000000000000,0,0.000000000000,0,0.000000000000
747,Cr128,128,1,Cr,128,1.000000000000,0,0.000000000000,0,0.000000000000,0,0.000000000000
748,Cr128,128,1,Cr,128,1.000000000000,0,0.000000000000,0,0.000000000000,0,0.000000000000
749,Cr128,128,1,Cr,128,1.000000000000,0,0.000000000000,0,0.000000000000,0,0.000000000000
750,Cr128,128,1,Cr,128,1.000000000000,0,0.000000000000,0,0.000000000000,0,0.000000000000
751,Cr128,128,1,Cr,128,1.000000000000,0,0.000000000000,0,0.000000000000,0,0.000000000000
752,Cr128,128,1,Cr,128,1.000000000000,0,0.000000000000,0,0.000000000000,0,0.000000000000
753,Cr128,128,1,Cr,128,1.000000000000,0,0.000000000000,0,0.000000000000,0,0.000000000000
754,Cr128,128,1,Cr,128,1.000000000000,0,0.000000000000,0,0.000000000000,0,0.000000000000
755,Cr128,128,1,Cr,128,1.000000000000,0,0.000000000000,0,0.000000000000,0,0.000000000000
756,Cr128,128,1,Cr,128,1.000000000000,0,0.000000000000,0,0.000000000000,0,0.000000000000
757,Cr128,128,1,Cr,128,1.000000000000,0,0.000000000000,0,0.000000000000,0,0.000000000000
758,Cr128,128,1,Cr,128,1.000000000000,0,0.000000000000,0,0.000000000000,0,0.000000000000
759,Cr128,128,1,Cr,128,1.000000000000,0,0.000000000000,0,0.000000000000,0,0.000000000000
760,Cr128,128,1,Cr,128,1.000000000000,0,0.000000000000,0,0.000000000000,0,0.000000000000
761,Cr128,128,1,Cr,128,1.000000000000,0,0.000000000000,0,0.000000000000,0,0.000000000000
762,Cr128,128,1,Cr,128,1.000000000000,0,0.000000000000,0,0.000000000000,0,0.000000000000
763,Cr128,128,1,Cr,128,1.000000000000,0,0.000000000000,0,0.000000000000,0,0.000000000000
764,Cr128,128,1,Cr,128,1.000000000000,0,0.000000000000,0,0.000000000000,0,0.000000000000
765,Cr128,128,1,Cr,128,1.000000000000,0,0.000000000000,0,0.000000000000,0,0.000000000000
766,Cr128,128,1,Cr,128,1.000000000000,0,0.000000000000,0,0.000000000000,0,0.000000000000
767,Cr128,128,1,Cr,128,1.000000000000,0,0.000000000000,0,0.000000000000,0,0.000000000000
768,Cr128,128,1,Cr,128,1.000000000000,0,0.000000000000,0,0.000000000000,0,0.000000000000
769,Cr128,128,1,Cr,128,1.000000000000,0,0.000000000000,0,0.000000000000,0,0.000000000000
770,Cr128,128,1,Cr,128,1.000000000000,0,0.000000000000,0,0.000000000000,0,0.000000000000
771,Cr128,128,1,Cr,128,1.000000000000,0,0.000000000000,0,0.000000000000,0,0.000000000000
772,Cr128,128,1,Cr,128,1.000000000000,0,0.000000000000,0,0.000000000000,0,0.000000000000
773,Cr128,128,1,Cr,128,1.000000000000,0,0.000000000000,0,0.000000000000,0,0.000000000000
774,Cr128,128,1,Cr,128,1.000000000000,0,0.000000000000,0,0.000000000000,0,0.000000000000
775,Cr128,128,1,Cr,128,1.000000000000,0,0.000000000000,0,0.000000000000,0,0.000000000000
776,Cr128,128,1,Cr,128,1.000000000000,0,0.000000000000,0,0.000000000000,0,0.000000000000
777,Cr128,128,1,Cr,128,1.000000000000,0,0.000000000000,0,0.000000000000,0,0.000000000000
778,Cr128,128,1,Cr,128,1.000000000000,0,0.000000000000,0,0.000000000000,0,0.000000000000
779,Cr128,128,1,Cr,128,1.000000000000,0,0.000000000000,0,0.000000000000,0,0.000000000000
780,Cr128,128,1,Cr,128,1.000000000000,0,0.000000000000,0,0.000000000000,0,0.000000000000
781,Cr128,128,1,Cr,128,1.000000000000,0,0.000000000000,0,0.000000000000,0,0.000000000000
782,Cr128,128,1,Cr,128,1.000000000000,0,0.000000000000,0,0.000000000000,0,0.000000000000
783,Cr128,128,1,Cr,128,1.000000000000,0,0.000000000000,0,0.000000000000,0,0.000000000000
784,Cr128,128,1,Cr,128,1.000000000000,0,0.000000000000,0,0.000000000000,0,0.000000000000
785,Cr128,128,1,Cr,128,1.000000000000,0,0.000000000000,0,0.000000000000,0,0.000000000000
786,Cr128,128,1,Cr,128,1.000000000000,0,0.000000000000,0,0.000000000000,0,0.000000000000
787,Cr128,128,1,Cr,128,1.000000000000,0,0.000000000000,0,0.000000000000,0,0.000000000000
788,Cr128,128,1,Cr,128,1.000000000000,0,0.000000000000,0,0.000000000000,0,0.000000000000
789,Cr128,128,1,Cr,128,1.000000000000,0,0.000000000000,0,0.000000000000,0,0.000000000000
790,Cr128,128,1,Cr,128,1.000000000000,0,0.000000000000,0,0.000000000000,0,0.000000000000
791,Cr128,128,1,Cr,128,1.000000000000,0,0.000000000000,0,0.000000000000,0,0.000000000000
792,Cr128,128,1,Cr,128,1.000000000000,0,0.000000000000,0,0.000000000000,0,0.000000000000
793,Cr128,128,1,Cr,128,1.000000000000,0,0.000000000000,0,0.000000000000,0,0.000000000000
794,Cr128,128,1,Cr,128,1.000000000000,0,0.000000000000,0,0.000000000000,0,0.000000000000
795,Cr128,128,1,Cr,128,1.000000000000,0,0.000000000000,0,0.000000000000,0,0.000000000000
796,Cr128,128,1,Cr,128,1.000000000000,0,0.000000000000,0,0.000000000000,0,0.000000000000
797,Cr128,128,1,Cr,128,1.000000000000,0,0.000000000000,0,0.000000000000,0,0.000000000000
798,Cr128,128,1,Cr,128,1.000000000000,0,0.000000000000,0,0.000000000000,0,0.000000000000
799,Cr128,128,1,Cr,128,1.000000000000,0,0.000000000000,0,0.000000000000,0,0.000000000000
800,Cr128,128,1,Cr,128,1.000000000000,0,0.000000000000,0,0.000000000000,0,0.000000000000
801,Cr128,128,1,Cr,128,1.000000000000,0,0.000000000000,0,0.000000000000,0,0.000000000000
802,Cr128,128,1,Cr,128,1.000000000000,0,0.000000000000,0,0.000000000000,0,0.000000000000
803,Cr128,128,1,Cr,128,1.000000000000,0,0.000000000000,0,0.000000000000,0,0.000000000000
804,Cr128,128,1,Cr,128,1.000000000000,0,0.000000000000,0,0.000000000000,0,0.000000000000
805,Cr128,128,1,Cr,128,1.000000000000,0,0.000000000000,0,0.000000000000,0,0.000000000000
806,Cr128,128,1,Cr,128,1.000000000000,0,0.000000000000,0,0.000000000000,0,0.000000000000
807,Cr128,128,1,Cr,128,1.000000000000,0,0.000000000000,0,0.000000000000,0,0.000000000000
808,Cr128,128,1,Cr,128,1.000000000000,0,0.000000000000,0,0.000000000000,0,0.000000000000
809,Cr122,122,1,Cr,122,1.000000000000,0,0.000000000000,0,0.000000000000,0,0.000000000000
810,Cr117,117,1,Cr,117,1.000000000000,0,0.000000000000,0,0.000000000000,0,0.000000000000
811,Cr131,131,1,Cr,131,1.000000000000,0,0.000000000000,0,0.000000000000,0,0.000000000000
812,Cr132,132,1,Cr,132,1.000000000000,0,0.000000000000,0,0.000000000000,0,0.000000000000
813,Cr78W47,125,2,"Cr,W",78,0.624000000000,47,0.376000000000,0,0.000000000000,0,0.000000000000
814,Cr78W47,125,2,"Cr,W",78,0.624000000000,47,0.376000000000,0,0.000000000000,0,0.000000000000
815,Cr78W47,125,2,"Cr,W",78,0.624000000000,47,0.376000000000,0,0.000000000000,0,0.000000000000
816,Cr78W47,125,2,"Cr,W",78,0.624000000000,47,0.376000000000,0,0.000000000000,0,0.000000000000
817,Cr78W47,125,2,"Cr,W",78,0.624000000000,47,0.376000000000,0,0.000000000000,0,0.000000000000
818,Cr78W47,125,2,"Cr,W",78,0.624000000000,47,0.376000000000,0,0.000000000000,0,0.000000000000
819,Cr78W47,125,2,"Cr,W",78,0.624000000000,47,0.376000000000,0,0.000000000000,0,0.000000000000
820,Cr68W46,114,2,"Cr,W",68,0.596491228070,46,0.403508771930,0,0.000000000000,0,0.000000000000
821,Cr78W47Y2,127,3,"Cr,W,Y",78,0.614173228346,47,0.370078740157,2,0.015748031496,0,0.000000000000
822,Cr78W47,125,2,"Cr,W",78,0.624000000000,47,0.376000000000,0,0.000000000000,0,0.000000000000
823,Cr109W16,125,2,"Cr,W",109,0.872000000000,16,0.128000000000,0,0.000000000000,0,0.000000000000
824,Cr78W47,125,2,"Cr,W",78,0.624000000000,47,0.376000000000,0,0.000000000000,0,0.000000000000
825,Cr78W47,125,2,"Cr,W",78,0.624000000000,47,0.376000000000,0,0.000000000000,0,0.000000000000
826,Cr78W47,125,2,"Cr,W",78,0.624000000000,47,0.376000000000,0,0.000000000000,0,0.000000000000
827,Cr78W47,125,2,"Cr,W",78,0.624000000000,47,0.376000000000,0,0.000000000000,0,0.000000000000
828,Cr78W47,125,2,"Cr,W",78,0.624000000000,47,0.376000000000,0,0.000000000000,0,0.000000000000
829,Cr78W47,125,2,"Cr,W",78,0.624000000000,47,0.376000000000,0,0.000000000000,0,0.000000000000
830,Cr78W47,125,2,"Cr,W",78,0.624000000000,47,0.376000000000,0,0.000000000000,0,0.000000000000
831,Cr78W47,125,2,"Cr,W",78,0.624000000000,47,0.376000000000,0,0.000000000000,0,0.000000000000
832,Cr78W47,125,2,"Cr,W",78,0.624000000000,47,0.376000000000,0,0.000000000000,0,0.000000000000
833,Cr74W42,116,2,"Cr,W",74,0.637931034483,42,0.362068965517,0,0.000000000000,0,0.000000000000
834,Cr72W42,114,2,"Cr,W",72,0.631578947368,42,0.368421052632,0,0.000000000000,0,0.000000000000
835,Cr73W47,120,2,"Cr,W",73,0.608333333333,47,0.391666666667,0,0.000000000000,0,0.000000000000
836,Cr77W45,122,2,"Cr,W",77,0.631147540984,45,0.368852459016,0,0.000000000000,0,0.000000000000
837,Cr71W44,115,2,"Cr,W",71,0.617391304348,44,0.382608695652,0,0.000000000000,0,0.000000000000
838,Cr79W48Zr,128,3,"Cr,W,Zr",79,0.617187500000,48,0.375000000000,0,0.000000000000,1,0.007812500000
839,Cr79W47,126,2,"Cr,W",79,0.626984126984,47,0.373015873016,0,0.000000000000,0,0.000000000000
840,Cr78W47,125,2,"Cr,W",78,0.624000000000,47,0.376000000000,0,0.000000000000,0,0.000000000000
841,Cr47W78,125,2,"Cr,W",47,0.376000000000,78,0.624000000000,0,0.000000000000,0,0.000000000000
842,Cr47W78,125,2,"Cr,W",47,0.376000000000,78,0.624000000000,0,0.000000000000,0,0.000000000000
843,Cr47W78,125,2,"Cr,W",47,0.376000000000,78,0.624000000000,0,0.000000000000,0,0.000000000000
844,Cr78W47,125,2,"Cr,W",78,0.624000000000,47,0.376000000000,0,0.000000000000,0,0.000000000000
845,Cr78W47,125,2,"Cr,W",78,0.624000000000,47,0.376000000000,0,0.000000000000,0,0.000000000000
846,Cr78W47,125,2,"Cr,W",78,0.624000000000,47,0.376000000000,0,0.000000000000,0,0.000000000000
847,Cr76W43,119,2,"Cr,W",76,0.638655462185,43,0.361344537815,0,0.000000000000,0,0.000000000000
848,Cr75W47,122,2,"Cr,W",75,0.614754098361,47,0.385245901639,0,0.000000000000,0,0.000000000000
849,Cr78W49Y,128,3,"Cr,W,Y",78,0.609375000000,49,0.382812500000,1,0.007812500000,0,0.000000000000
850,Cr78W47Y,126,3,"Cr,W,Y",78,0.619047619048,47,0.373015873016,1,0.007936507937,0,0.000000000000
851,Cr94W31,125,2,"Cr,W",94,0.752000000000,31,0.248000000000,0,0.000000000000,0,0.000000000000
852,Cr94W31,125,2,"Cr,W",94,0.752000000000,31,0.248000000000,0,0.000000000000,0,0.000000000000
853,Cr84W30,114,2,"Cr,W",84,0.736842105263,30,0.263157894737,0,0.000000000000,0,0.000000000000
854,Cr94W31Y,126,3,"Cr,W,Y",94,0.746031746032,31,0.246031746032,1,0.007936507937,0,0.000000000000
855,Cr54W61,115,2,"Cr,W",54,0.469565217391,61,0.530434782609,0,0.000000000000,0,0.000000000000
856,Cr57W56,113,2,"Cr,W",57,0.504424778761,56,0.495575221239,0,0.000000000000,0,0.000000000000
857,Cr62W63,125,2,"Cr,W",62,0.496000000000,63,0.504000000000,0,0.000000000000,0,0.000000000000
858,Cr102W16,118,2,"Cr,W",102,0.864406779661,16,0.135593220339,0,0.000000000000,0,0.000000000000
859,Cr109W17,126,2,"Cr,W",109,0.865079365079,17,0.134920634921,0,0.000000000000,0,0.000000000000
860,Cr32W94,126,2,"Cr,W",32,0.253968253968,94,0.746031746032,0,0.000000000000,0,0.000000000000
861,Cr63W62Y,126,3,"Cr,W,Y",63,0.500000000000,62,0.492063492063,1,0.007936507937,0,0.000000000000
862,Cr26W90,116,2,"Cr,W",26,0.224137931034,90,0.775862068966,0,0.000000000000,0,0.000000000000
863,Cr31W94,125,2,"Cr,W",31,0.248000000000,94,0.752000000000,0,0.000000000000,0,0.000000000000
864,Cr31W94,125,2,"Cr,W",31,0.248000000000,94,0.752000000000,0,0.000000000000,0,0.000000000000
865,Cr31W94,125,2,"Cr,W",31,0.248000000000,94,0.752000000000,0,0.000000000000,0,0.000000000000
866,Cr31W94,125,2,"Cr,W",31,0.248000000000,94,0.752000000000,0,0.000000000000,0,0.000000000000
867,Cr31W94,125,2,"Cr,W",31,0.248000000000,94,0.752000000000,0,0.000000000000,0,0.000000000000
868,Cr31W94,125,2,"Cr,W",31,0.248000000000,94,0.752000000000,0,0.000000000000,0,0.000000000000
869,Cr31W94,125,2,"Cr,W",31,0.248000000000,94,0.752000000000,0,0.000000000000,0,0.000000000000
870,Cr25W88,113,2,"Cr,W",25,0.221238938053,88,0.778761061947,0,0.000000000000,0,0.000000000000
871,Cr31W94Y,126,3,"Cr,W,Y",31,0.246031746032,94,0.746031746032,1,0.007936507937,0,0.000000000000
872,Cr31W94,125,2,"Cr,W",31,0.248000000000,94,0.752000000000,0,0.000000000000,0,0.000000000000
873,Cr31W94,125,2,"Cr,W",31,0.248000000000,94,0.752000000000,0,0.000000000000,0,0.000000000000
874,Cr78W47,125,2,"Cr,W",78,0.624000000000,47,0.376000000000,0,0.000000000000,0,0.000000000000
875,Cr78W47,125,2,"Cr,W",78,0.624000000000,47,0.376000000000,0,0.000000000000,0,0.000000000000
876,Cr78W47,125,2,"Cr,W",78,0.624000000000,47,0.376000000000,0,0.000000000000,0,0.000000000000
877,Cr78W47YZr,127,4,"Cr,W,Y,Zr",78,0.614173228346,47,0.370078740157,1,0.007874015748,1,0.007874015748
878,Cr78W49,127,2,"Cr,W",78,0.614173228346,49,0.385826771654,0,0.000000000000,0,0.000000000000
879,Cr94W31,125,2,"Cr,W",94,0.752000000000,31,0.248000000000,0,0.000000000000,0,0.000000000000
880,Cr94W31,125,2,"Cr,W",94,0.752000000000,31,0.248000000000,0,0.000000000000,0,0.000000000000
881,Cr94W31,125,2,"Cr,W",94,0.752000000000,31,0.248000000000,0,0.000000000000,0,0.000000000000
882,Cr94W31,125,2,"Cr,W",94,0.752000000000,31,0.248000000000,0,0.000000000000,0,0.000000000000
883,Cr63W62,125,2,"Cr,W",63,0.504000000000,62,0.496000000000,0,0.000000000000,0,0.000000000000
884,Cr125,125,1,Cr,125,1.000000000000,0,0.000000000000,0,0.000000000000,0,0.000000000000
885,Cr125,125,1,Cr,125,1.000000000000,0,0.000000000000,0,0.000000000000,0,0.000000000000
886,Cr125,125,1,Cr,125,1.000000000000,0,0.000000000000,0,0.000000000000,0,0.000000000000
887,Cr125,125,1,Cr,125,1.000000000000,0,0.000000000000,0,0.000000000000,0,0.000000000000
888,Cr125,125,1,Cr,125,1.000000000000,0,0.000000000000,0,0.000000000000,0,0.000000000000
889,Cr125,125,1,Cr,125,1.000000000000,0,0.000000000000,0,0.000000000000,0,0.000000000000
890,Cr125,125,1,Cr,125,1.000000000000,0,0.000000000000,0,0.000000000000,0,0.000000000000
891,Cr125,125,1,Cr,125,1.000000000000,0,0.000000000000,0,0.000000000000,0,0.000000000000
892,Cr125,125,1,Cr,125,1.000000000000,0,0.000000000000,0,0.000000000000,0,0.000000000000
893,Cr125,125,1,Cr,125,1.000000000000,0,0.000000000000,0,0.000000000000,0,0.000000000000
894,Cr125,125,1,Cr,125,1.000000000000,0,0.000000000000,0,0.000000000000,0,0.000000000000
895,Cr125,125,1,Cr,125,1.000000000000,0,0.000000000000,0,0.000000000000,0,0.000000000000
896,Cr125,125,1,Cr,125,1.000000000000,0,0.000000000000,0,0.000000000000,0,0.000000000000
897,Cr125,125,1,Cr,125,1.000000000000,0,0.000000000000,0,0.000000000000,0,0.000000000000
898,Cr125,125,1,Cr,125,1.000000000000,0,0.000000000000,0,0.000000000000,0,0.000000000000
899,Cr125,125,1,Cr,125,1.000000000000,0,0.000000000000,0,0.000000000000,0,0.000000000000
900,Cr125,125,1,Cr,125,1.000000000000,0,0.000000000000,0,0.000000000000,0,0.000000000000
901,Cr125,125,1,Cr,125,1.000000000000,0,0.000000000000,0,0.000000000000,0,0.000000000000
902,Cr125,125,1,Cr,125,1.000000000000,0,0.000000000000,0,0.000000000000,0,0.000000000000
903,Cr125,125,1,Cr,125,1.000000000000,0,0.000000000000,0,0.000000000000,0,0.000000000000
904,Cr125,125,1,Cr,125,1.000000000000,0,0.000000000000,0,0.000000000000,0,0.000000000000
905,Cr125,125,1,Cr,125,1.000000000000,0,0.000000000000,0,0.000000000000,0,0.000000000000
906,Cr125,125,1,Cr,125,1.000000000000,0,0.000000000000,0,0.000000000000,0,0.000000000000
907,Cr125,125,1,Cr,125,1.000000000000,0,0.000000000000,0,0.000000000000,0,0.000000000000
908,Cr125,125,1,Cr,125,1.000000000000,0,0.000000000000,0,0.000000000000,0,0.000000000000
909,Cr125,125,1,Cr,125,1.000000000000,0,0.000000000000,0,0.000000000000,0,0.000000000000
910,Cr125,125,1,Cr,125,1.000000000000,0,0.000000000000,0,0.000000000000,0,0.000000000000
911,Cr125,125,1,Cr,125,1.000000000000,0,0.000000000000,0,0.000000000000,0,0.000000000000
912,Cr125,125,1,Cr,125,1.000000000000,0,0.000000000000,0,0.000000000000,0,0.000000000000
913,Cr125,125,1,Cr,125,1.000000000000,0,0.000000000000,0,0.000000000000,0,0.000000000000
914,Cr125,125,1,Cr,125,1.000000000000,0,0.000000000000,0,0.000000000000,0,0.000000000000
915,Cr125,125,1,Cr,125,1.000000000000,0,0.000000000000,0,0.000000000000,0,0.000000000000
916,Cr125,125,1,Cr,125,1.000000000000,0,0.000000000000,0,0.000000000000,0,0.000000000000
917,Cr125,125,1,Cr,125,1.000000000000,0,0.000000000000,0,0.000000000000,0,0.000000000000
918,Cr125,125,1,Cr,125,1.000000000000,0,0.000000000000,0,0.000000000000,0,0.000000000000
919,Cr125,125,1,Cr,125,1.000000000000,0,0.000000000000,0,0.000000000000,0,0.000000000000
920,Cr125,125,1,Cr,125,1.000000000000,0,0.000000000000,0,0.000000000000,0,0.000000000000
921,Cr125,125,1,Cr,125,1.000000000000,0,0.000000000000,0,0.000000000000,0,0.000000000000
922,Cr125,125,1,Cr,125,1.000000000000,0,0.000000000000,0,0.000000000000,0,0.000000000000
923,Cr125,125,1,Cr,125,1.000000000000,0,0.000000000000,0,0.000000000000,0,0.000000000000
924,Cr125,125,1,Cr,125,1.000000000000,0,0.000000000000,0,0.000000000000,0,0.000000000000
925,Cr125,125,1,Cr,125,1.000000000000,0,0.000000000000,0,0.000000000000,0,0.000000000000
926,Cr125,125,1,Cr,125,1.000000000000,0,0.000000000000,0,0.000000000000,0,0.000000000000
927,Cr125,125,1,Cr,125,1.000000000000,0,0.000000000000,0,0.000000000000,0,0.000000000000
928,Cr125,125,1,Cr,125,1.000000000000,0,0.000000000000,0,0.000000000000,0,0.000000000000
929,Cr125,125,1,Cr,125,1.000000000000,0,0.000000000000,0,0.000000000000,0,0.000000000000
930,Cr125,125,1,Cr,125,1.000000000000,0,0.000000000000,0,0.000000000000,0,0.000000000000
931,Cr125,125,1,Cr,125,1.000000000000,0,0.000000000000,0,0.000000000000,0,0.000000000000
932,Cr125,125,1,Cr,125,1.000000000000,0,0.000000000000,0,0.000000000000,0,0.000000000000
933,Cr125,125,1,Cr,125,1.000000000000,0,0.000000000000,0,0.000000000000,0,0.000000000000
934,Cr125,125,1,Cr,125,1.000000000000,0,0.000000000000,0,0.000000000000,0,0.000000000000
935,Cr125,125,1,Cr,125,1.000000000000,0,0.000000000000,0,0.000000000000,0,0.000000000000
936,Cr125,125,1,Cr,125,1.000000000000,0,0.000000000000,0,0.000000000000,0,0.000000000000
937,Cr125,125,1,Cr,125,1.000000000000,0,0.000000000000,0,0.000000000000,0,0.000000000000
938,Cr125,125,1,Cr,125,1.000000000000,0,0.000000000000,0,0.000000000000,0,0.000000000000
939,Cr125,125,1,Cr,125,1.000000000000,0,0.000000000000,0,0.000000000000,0,0.000000000000
940,Cr125,125,1,Cr,125,1.000000000000,0,0.000000000000,0,0.000000000000,0,0.000000000000
941,Cr125,125,1,Cr,125,1.000000000000,0,0.000000000000,0,0.000000000000,0,0.000000000000
942,Cr125,125,1,Cr,125,1.000000000000,0,0.000000000000,0,0.000000000000,0,0.000000000000
943,Cr125,125,1,Cr,125,1.000000000000,0,0.000000000000,0,0.000000000000,0,0.000000000000
944,Cr125,125,1,Cr,125,1.000000000000,0,0.000000000000,0,0.000000000000,0,0.000000000000
945,Cr125,125,1,Cr,125,1.000000000000,0,0.000000000000,0,0.000000000000,0,0.000000000000
946,Cr125,125,1,Cr,125,1.000000000000,0,0.000000000000,0,0.000000000000,0,0.000000000000
947,Cr125,125,1,Cr,125,1.000000000000,0,0.000000000000,0,0.000000000000,0,0.000000000000
948,Cr113,113,1,Cr,113,1.000000000000,0,0.000000000000,0,0.000000000000,0,0.000000000000
949,Cr125,125,1,Cr,125,1.000000000000,0,0.000000000000,0,0.000000000000,0,0.000000000000
950,Cr78W47,125,2,"Cr,W",78,0.624000000000,47,0.376000000000,0,0.000000000000,0,0.000000000000
951,Cr75W45,120,2,"Cr,W",75,0.625000000000,45,0.375000000000,0,0.000000000000,0,0.000000000000
952,Cr79W48Zr,128,3,"Cr,W,Zr",79,0.617187500000,48,0.375000000000,0,0.000000000000,1,0.007812500000
953,Cr47W78,125,2,"Cr,W",47,0.376000000000,78,0.624000000000,0,0.000000000000,0,0.000000000000
954,Cr41W73,114,2,"Cr,W",41,0.359649122807,73,0.640350877193,0,0.000000000000,0,0.000000000000
955,Cr45W69,114,2,"Cr,W",45,0.394736842105,69,0.605263157895,0,0.000000000000,0,0.000000000000
956,Cr48W80Y,129,3,"Cr,W,Y",48,0.372093023256,80,0.620155038760,1,0.007751937984,0,0.000000000000
957,Cr47W79Zr,127,3,"Cr,W,Zr",47,0.370078740157,79,0.622047244094,0,0.000000000000,1,0.007874015748
958,Cr47W78Y,126,3,"Cr,W,Y",47,0.373015873016,78,0.619047619048,1,0.007936507937,0,0.000000000000
959,Cr109W16,125,2,"Cr,W",109,0.872000000000,16,0.128000000000,0,0.000000000000,0,0.000000000000
960,Cr110W16Zr,127,3,"Cr,W,Zr",110,0.866141732283,16,0.125984251969,0,0.000000000000,1,0.007874015748
961,Cr109W16,125,2,"Cr,W",109,0.872000000000,16,0.128000000000,0,0.000000000000,0,0.000000000000
962,Cr62W63,125,2,"Cr,W",62,0.496000000000,63,0.504000000000,0,0.000000000000,0,0.000000000000
963,Cr63W63Zr,127,3,"Cr,W,Zr",63,0.496062992126,63,0.496062992126,0,0.000000000000,1,0.007874015748
964,Cr47W78,125,2,"Cr,W",47,0.376000000000,78,0.624000000000,0,0.000000000000,0,0.000000000000
965,Cr95W31YZr,128,4,"Cr,W,Y,Zr",95,0.742187500000,31,0.242187500000,1,0.007812500000,1,0.007812500000
966,Cr16W109,125,2,"Cr,W",16,0.128000000000,109,0.872000000000,0,0.000000000000,0,0.000000000000
967,Cr16W109,125,2,"Cr,W",16,0.128000000000,109,0.872000000000,0,0.000000000000,0,0.000000000000
968,Cr16W109,125,2,"Cr,W",16,0.128000000000,109,0.872000000000,0,0.000000000000,0,0.000000000000
969,Cr16W109,125,2,"Cr,W",16,0.128000000000,109,0.872000000000,0,0.000000000000,0,0.000000000000
970,Cr13W102,115,2,"Cr,W",13,0.113043478261,102,0.886956521739,0,0.000000000000,0,0.000000000000
971,Cr16W110Zr,127,3,"Cr,W,Zr",16,0.125984251969,110,0.866141732283,0,0.000000000000,1,0.007874015748
972,Cr16W109,125,2,"Cr,W",16,0.128000000000,109,0.872000000000,0,0.000000000000,0,0.000000000000
973,Cr16W109,125,2,"Cr,W",16,0.128000000000,109,0.872000000000,0,0.000000000000,0,0.000000000000
974,Cr16W109,125,2,"Cr,W",16,0.128000000000,109,0.872000000000,0,0.000000000000,0,0.000000000000
975,Cr16W101,117,2,"Cr,W",16,0.136752136752,101,0.863247863248,0,0.000000000000,0,0.000000000000
976,Cr16W109,125,2,"Cr,W",16,0.128000000000,109,0.872000000000,0,0.000000000000,0,0.000000000000
977,Cr109Y16,125,2,"Cr,Y",109,0.872000000000,0,0.000000000000,16,0.128000000000,0,0.000000000000
978,Cr102Y14,116,2,"Cr,Y",102,0.879310344828,0,0.000000000000,14,0.120689655172,0,0.000000000000
979,Cr109Y16,125,2,"Cr,Y",109,0.872000000000,0,0.000000000000,16,0.128000000000,0,0.000000000000
980,Cr12W105,117,2,"Cr,W",12,0.102564102564,105,0.897435897436,0,0.000000000000,0,0.000000000000
981,Cr17W109Zr,127,3,"Cr,W,Zr",17,0.133858267717,109,0.858267716535,0,0.000000000000,1,0.007874015748
982,Cr18W110,128,2,"Cr,W",18,0.140625000000,110,0.859375000000,0,0.000000000000,0,0.000000000000
983,Cr16W109,125,2,"Cr,W",16,0.128000000000,109,0.872000000000,0,0.000000000000,0,0.000000000000
984,Cr16W109,125,2,"Cr,W",16,0.128000000000,109,0.872000000000,0,0.000000000000,0,0.000000000000
985,Cr15W99,114,2,"Cr,W",15,0.131578947368,99,0.868421052632,0,0.000000000000,0,0.000000000000
986,Cr16W110,126,2,"Cr,W",16,0.126984126984,110,0.873015873016,0,0.000000000000,0,0.000000000000
987,Cr110W2Y16Zr,129,4,"Cr,W,Y,Zr",110,0.852713178295,2,0.015503875969,16,0.124031007752,1,0.007751937984
988,Cr109WY18,128,3,"Cr,W,Y",109,0.851562500000,1,0.007812500000,18,0.140625000000,0,0.000000000000
989,Cr8Zr34,42,2,"Cr,Zr",8,0.190476190476,0,0.000000000000,0,0.000000000000,34,0.809523809524
990,Cr10Zr33,43,2,"Cr,Zr",10,0.232558139535,0,0.000000000000,0,0.000000000000,33,0.767441860465
991,Cr9Zr34,43,2,"Cr,Zr",9,0.209302325581,0,0.000000000000,0,0.000000000000,34,0.790697674419
992,Cr8Zr34,42,2,"Cr,Zr",8,0.190476190476,0,0.000000000000,0,0.000000000000,34,0.809523809524
993,Cr8Zr34,42,2,"Cr,Zr",8,0.190476190476,0,0.000000000000,0,0.000000000000,34,0.809523809524
994,Cr10Zr33,43,2,"Cr,Zr",10,0.232558139535,0,0.000000000000,0,0.000000000000,33,0.767441860465
995,Cr10Zr32,42,2,"Cr,Zr",10,0.238095238095,0,0.000000000000,0,0.000000000000,32,0.761904761905
996,Cr70Zr34,104,2,"Cr,Zr",70,0.673076923077,0,0.000000000000,0,0.000000000000,34,0.326923076923
997,Cr109Y16,125,2,"Cr,Y",109,0.872000000000,0,0.000000000000,16,0.128000000000,0,0.000000000000
998,Cr109Y16,125,2,"Cr,Y",109,0.872000000000,0,0.000000000000,16,0.128000000000,0,0.000000000000
999,Cr66Zr35,101,2,"Cr,Zr",66,0.653465346535,0,0.000000000000,0,0.000000000000,35,0.346534653465
1000,Cr109Y16,125,2,"Cr,Y",109,0.872000000000,0,0.000000000000,16,0.128000000000,0,0.000000000000
1001,Cr109Y16,125,2,"Cr,Y",109,0.872000000000,0,0.000000000000,16,0.128000000000,0,0.000000000000
1002,Cr98Y15,113,2,"Cr,Y",98,0.867256637168,0,0.000000000000,15,0.132743362832,0,0.000000000000
1003,Cr109Y16,125,2,"Cr,Y",109,0.872000000000,0,0.000000000000,16,0.128000000000,0,0.000000000000
1004,Cr109Y16,125,2,"Cr,Y",109,0.872000000000,0,0.000000000000,16,0.128000000000,0,0.000000000000
1005,Cr109Y16,125,2,"Cr,Y",109,0.872000000000,0,0.000000000000,16,0.128000000000,0,0.000000000000
1006,Cr109Y16,125,2,"Cr,Y",109,0.872000000000,0,0.000000000000,16,0.128000000000,0,0.000000000000
1007,Cr109Y16,125,2,"Cr,Y",109,0.872000000000,0,0.000000000000,16,0.128000000000,0,0.000000000000
1008,Cr109Y16,125,2,"Cr,Y",109,0.872000000000,0,0.000000000000,16,0.128000000000,0,0.000000000000
1009,Cr109Y16,125,2,"Cr,Y",109,0.872000000000,0,0.000000000000,16,0.128000000000,0,0.000000000000
1010,Cr110WY16,127,3,"Cr,W,Y",110,0.866141732283,1,0.007874015748,16,0.125984251969,0,0.000000000000
1011,Cr109Y16,125,2,"Cr,Y",109,0.872000000000,0,0.000000000000,16,0.128000000000,0,0.000000000000
1012,Cr109Y16,125,2,"Cr,Y",109,0.872000000000,0,0.000000000000,16,0.128000000000,0,0.000000000000
1013,Cr109Y16,125,2,"Cr,Y",109,0.872000000000,0,0.000000000000,16,0.128000000000,0,0.000000000000
1014,Cr109Y16,125,2,"Cr,Y",109,0.872000000000,0,0.000000000000,16,0.128000000000,0,0.000000000000
1015,Cr109Y16,125,2,"Cr,Y",109,0.872000000000,0,0.000000000000,16,0.128000000000,0,0.000000000000
1016,Cr109Y16,125,2,"Cr,Y",109,0.872000000000,0,0.000000000000,16,0.128000000000,0,0.000000000000
1017,Cr109Y16,125,2,"Cr,Y",109,0.872000000000,0,0.000000000000,16,0.128000000000,0,0.000000000000
1018,Cr109Y16,125,2,"Cr,Y",109,0.872000000000,0,0.000000000000,16,0.128000000000,0,0.000000000000
1019,Cr107Y12,119,2,"Cr,Y",107,0.899159663866,0,0.000000000000,12,0.100840336134,0,0.000000000000
1020,Cr98Y16,114,2,"Cr,Y",98,0.859649122807,0,0.000000000000,16,0.140350877193,0,0.000000000000
1021,Cr109Y17,126,2,"Cr,Y",109,0.865079365079,0,0.000000000000,17,0.134920634921,0,0.000000000000
1022,Cr109Y16,125,2,"Cr,Y",109,0.872000000000,0,0.000000000000,16,0.128000000000,0,0.000000000000
1023,Cr109Y16,125,2,"Cr,Y",109,0.872000000000,0,0.000000000000,16,0.128000000000,0,0.000000000000
1024,Cr110Y16,126,2,"Cr,Y",110,0.873015873016,0,0.000000000000,16,0.126984126984,0,0.000000000000
1025,Cr94Y31,125,2,"Cr,Y",94,0.752000000000,0,0.000000000000,31,0.248000000000,0,0.000000000000
1026,Cr94Y31Zr,126,3,"Cr,Y,Zr",94,0.746031746032,0,0.000000000000,31,0.246031746032,1,0.007936507937
1027,Cr94Y31,125,2,"Cr,Y",94,0.752000000000,0,0.000000000000,31,0.248000000000,0,0.000000000000
1028,Cr94Y31,125,2,"Cr,Y",94,0.752000000000,0,0.000000000000,31,0.248000000000,0,0.000000000000
1029,Cr94Y31,125,2,"Cr,Y",94,0.752000000000,0,0.000000000000,31,0.248000000000,0,0.000000000000
1030,Cr94Y31,125,2,"Cr,Y",94,0.752000000000,0,0.000000000000,31,0.248000000000,0,0.000000000000
1031,Cr94Y31,125,2,"Cr,Y",94,0.752000000000,0,0.000000000000,31,0.248000000000,0,0.000000000000
1032,Cr89Y25,114,2,"Cr,Y",89,0.780701754386,0,0.000000000000,25,0.219298245614,0,0.000000000000
1033,Cr83Y31,114,2,"Cr,Y",83,0.728070175439,0,0.000000000000,31,0.271929824561,0,0.000000000000
1034,Cr94Y32Zr,127,3,"Cr,Y,Zr",94,0.740157480315,0,0.000000000000,32,0.251968503937,1,0.007874015748
1035,Cr94Y31,125,2,"Cr,Y",94,0.752000000000,0,0.000000000000,31,0.248000000000,0,0.000000000000
1036,Cr94Y31,125,2,"Cr,Y",94,0.752000000000,0,0.000000000000,31,0.248000000000,0,0.000000000000
1037,Cr94Y31,125,2,"Cr,Y",94,0.752000000000,0,0.000000000000,31,0.248000000000,0,0.000000000000
1038,Cr94Y31,125,2,"Cr,Y",94,0.752000000000,0,0.000000000000,31,0.248000000000,0,0.000000000000
1039,Cr94Y31,125,2,"Cr,Y",94,0.752000000000,0,0.000000000000,31,0.248000000000,0,0.000000000000
1040,Cr85Y29,114,2,"Cr,Y",85,0.745614035088,0,0.000000000000,29,0.254385964912,0,0.000000000000
1041,Cr94Y31,125,2,"Cr,Y",94,0.752000000000,0,0.000000000000,31,0.248000000000,0,0.000000000000
1042,Cr94Y31,125,2,"Cr,Y",94,0.752000000000,0,0.000000000000,31,0.248000000000,0,0.000000000000
1043,Cr90Y26,116,2,"Cr,Y",90,0.775862068966,0,0.000000000000,26,0.224137931034,0,0.000000000000
1044,Cr95Y31,126,2,"Cr,Y",95,0.753968253968,0,0.000000000000,31,0.246031746032,0,0.000000000000
1045,Cr94Y31,125,2,"Cr,Y",94,0.752000000000,0,0.000000000000,31,0.248000000000,0,0.000000000000
1046,Cr94Y31,125,2,"Cr,Y",94,0.752000000000,0,0.000000000000,31,0.248000000000,0,0.000000000000
1047,Cr94Y31,125,2,"Cr,Y",94,0.752000000000,0,0.000000000000,31,0.248000000000,0,0.000000000000
1048,Cr94Y31,125,2,"Cr,Y",94,0.752000000000,0,0.000000000000,31,0.248000000000,0,0.000000000000
1049,Cr94Y31,125,2,"Cr,Y",94,0.752000000000,0,0.000000000000,31,0.248000000000,0,0.000000000000
1050,Cr94Y31,125,2,"Cr,Y",94,0.752000000000,0,0.000000000000,31,0.248000000000,0,0.000000000000
1051,Cr94Y31,125,2,"Cr,Y",94,0.752000000000,0,0.000000000000,31,0.248000000000,0,0.000000000000
1052,Cr78Y47,125,2,"Cr,Y",78,0.624000000000,0,0.000000000000,47,0.376000000000,0,0.000000000000
1053,Cr78Y47,125,2,"Cr,Y",78,0.624000000000,0,0.000000000000,47,0.376000000000,0,0.000000000000
1054,Cr78Y47,125,2,"Cr,Y",78,0.624000000000,0,0.000000000000,47,0.376000000000,0,0.000000000000
1055,Cr78Y47,125,2,"Cr,Y",78,0.624000000000,0,0.000000000000,47,0.376000000000,0,0.000000000000
1056,Cr78Y47,125,2,"Cr,Y",78,0.624000000000,0,0.000000000000,47,0.376000000000,0,0.000000000000
1057,Cr78Y47,125,2,"Cr,Y",78,0.624000000000,0,0.000000000000,47,0.376000000000,0,0.000000000000
1058,Cr78Y47,125,2,"Cr,Y",78,0.624000000000,0,0.000000000000,47,0.376000000000,0,0.000000000000
1059,Cr78Y47,125,2,"Cr,Y",78,0.624000000000,0,0.000000000000,47,0.376000000000,0,0.000000000000
1060,Cr78Y47,125,2,"Cr,Y",78,0.624000000000,0,0.000000000000,47,0.376000000000,0,0.000000000000
1061,Cr70Y45,115,2,"Cr,Y",70,0.608695652174,0,0.000000000000,45,0.391304347826,0,0.000000000000
1062,Cr74Y44,118,2,"Cr,Y",74,0.627118644068,0,0.000000000000,44,0.372881355932,0,0.000000000000
1063,Cr76Y46,122,2,"Cr,Y",76,0.622950819672,0,0.000000000000,46,0.377049180328,0,0.000000000000
1064,Cr79Y47,126,2,"Cr,Y",79,0.626984126984,0,0.000000000000,47,0.373015873016,0,0.000000000000
1065,Cr78Y47Zr,126,3,"Cr,Y,Zr",78,0.619047619048,0,0.000000000000,47,0.373015873016,1,0.007936507937
1066,Cr31Y94,125,2,"Cr,Y",31,0.248000000000,0,0.000000000000,94,0.752000000000,0,0.000000000000
1067,Cr31Y94,125,2,"Cr,Y",31,0.248000000000,0,0.000000000000,94,0.752000000000,0,0.000000000000
1068,Cr30Y89,119,2,"Cr,Y",30,0.252100840336,0,0.000000000000,89,0.747899159664,0,0.000000000000
1069,Cr28Y85,113,2,"Cr,Y",28,0.247787610619,0,0.000000000000,85,0.752212389381,0,0.000000000000
1070,Cr31Y94,125,2,"Cr,Y",31,0.248000000000,0,0.000000000000,94,0.752000000000,0,0.000000000000
1071,Cr78Y47,125,2,"Cr,Y",78,0.624000000000,0,0.000000000000,47,0.376000000000,0,0.000000000000
1072,Cr78Y47,125,2,"Cr,Y",78,0.624000000000,0,0.000000000000,47,0.376000000000,0,0.000000000000
1073,Cr78Y47,125,2,"Cr,Y",78,0.624000000000,0,0.000000000000,47,0.376000000000,0,0.000000000000
1074,Cr78Y47,125,2,"Cr,Y",78,0.624000000000,0,0.000000000000,47,0.376000000000,0,0.000000000000
1075,Cr78Y47,125,2,"Cr,Y",78,0.624000000000,0,0.000000000000,47,0.376000000000,0,0.000000000000
1076,Cr70Y44,114,2,"Cr,Y",70,0.614035087719,0,0.000000000000,44,0.385964912281,0,0.000000000000
1077,Cr75Y45,120,2,"Cr,Y",75,0.625000000000,0,0.000000000000,45,0.375000000000,0,0.000000000000
1078,Cr71Y46,117,2,"Cr,Y",71,0.606837606838,0,0.000000000000,46,0.393162393162,0,0.000000000000
1079,Cr80Y47,127,2,"Cr,Y",80,0.629921259843,0,0.000000000000,47,0.370078740157,0,0.000000000000
1080,Cr78W2Y47,127,3,"Cr,W,Y",78,0.614173228346,2,0.015748031496,47,0.370078740157,0,0.000000000000
1081,Cr79W2Y47,128,3,"Cr,W,Y",79,0.617187500000,2,0.015625000000,47,0.367187500000,0,0.000000000000
1082,Cr79Y47,126,2,"Cr,Y",79,0.626984126984,0,0.000000000000,47,0.373015873016,0,0.000000000000
1083,Cr47Y78,125,2,"Cr,Y",47,0.376000000000,0,0.000000000000,78,0.624000000000,0,0.000000000000
1084,Cr47Y78,125,2,"Cr,Y",47,0.376000000000,0,0.000000000000,78,0.624000000000,0,0.000000000000
1085,Cr39Y75,114,2,"Cr,Y",39,0.342105263158,0,0.000000000000,75,0.657894736842,0,0.000000000000
1086,Cr47WY78,126,3,"Cr,W,Y",47,0.373015873016,1,0.007936507937,78,0.619047619048,0,0.000000000000
1087,Cr62Y63,125,2,"Cr,Y",62,0.496000000000,0,0.000000000000,63,0.504000000000,0,0.000000000000
1088,Cr62Y63,125,2,"Cr,Y",62,0.496000000000,0,0.000000000000,63,0.504000000000,0,0.000000000000
1089,Cr62Y63,125,2,"Cr,Y",62,0.496000000000,0,0.000000000000,63,0.504000000000,0,0.000000000000
1090,Cr61Y60,121,2,"Cr,Y",61,0.504132231405,0,0.000000000000,60,0.495867768595,0,0.000000000000
1091,Cr62Y63,125,2,"Cr,Y",62,0.496000000000,0,0.000000000000,63,0.504000000000,0,0.000000000000
1092,Cr78Y47,125,2,"Cr,Y",78,0.624000000000,0,0.000000000000,47,0.376000000000,0,0.000000000000
1093,Cr78Y47,125,2,"Cr,Y",78,0.624000000000,0,0.000000000000,47,0.376000000000,0,0.000000000000
1094,Cr78Y47,125,2,"Cr,Y",78,0.624000000000,0,0.000000000000,47,0.376000000000,0,0.000000000000
1095,Cr78Y47,125,2,"Cr,Y",78,0.624000000000,0,0.000000000000,47,0.376000000000,0,0.000000000000
1096,Cr78Y47,125,2,"Cr,Y",78,0.624000000000,0,0.000000000000,47,0.376000000000,0,0.000000000000
1097,Cr78Y47,125,2,"Cr,Y",78,0.624000000000,0,0.000000000000,47,0.376000000000,0,0.000000000000
1098,Cr78Y47,125,2,"Cr,Y",78,0.624000000000,0,0.000000000000,47,0.376000000000,0,0.000000000000
1099,Cr78Y47,125,2,"Cr,Y",78,0.624000000000,0,0.000000000000,47,0.376000000000,0,0.000000000000
1100,Cr78Y47,125,2,"Cr,Y",78,0.624000000000,0,0.000000000000,47,0.376000000000,0,0.000000000000
1101,Cr78Y47,125,2,"Cr,Y",78,0.624000000000,0,0.000000000000,47,0.376000000000,0,0.000000000000
1102,Cr78Y47,125,2,"Cr,Y",78,0.624000000000,0,0.000000000000,47,0.376000000000,0,0.000000000000
1103,Cr70Y44,114,2,"Cr,Y",70,0.614035087719,0,0.000000000000,44,0.385964912281,0,0.000000000000
1104,Cr74Y47,121,2,"Cr,Y",74,0.611570247934,0,0.000000000000,47,0.388429752066,0,0.000000000000
1105,Cr78Y45,123,2,"Cr,Y",78,0.634146341463,0,0.000000000000,45,0.365853658537,0,0.000000000000
1106,Cr75Y43,118,2,"Cr,Y",75,0.635593220339,0,0.000000000000,43,0.364406779661,0,0.000000000000
1107,Cr79Y47,126,2,"Cr,Y",79,0.626984126984,0,0.000000000000,47,0.373015873016,0,0.000000000000
1108,Cr78WY48,127,3,"Cr,W,Y",78,0.614173228346,1,0.007874015748,48,0.377952755906,0,0.000000000000
1109,Cr63Y62,125,2,"Cr,Y",63,0.504000000000,0,0.000000000000,62,0.496000000000,0,0.000000000000
1110,Cr63Y62,125,2,"Cr,Y",63,0.504000000000,0,0.000000000000,62,0.496000000000,0,0.000000000000
1111,Cr63Y62,125,2,"Cr,Y",63,0.504000000000,0,0.000000000000,62,0.496000000000,0,0.000000000000
1112,Cr63Y62,125,2,"Cr,Y",63,0.504000000000,0,0.000000000000,62,0.496000000000,0,0.000000000000
1113,Cr63Y62,125,2,"Cr,Y",63,0.504000000000,0,0.000000000000,62,0.496000000000,0,0.000000000000
1114,Cr63Y62,125,2,"Cr,Y",63,0.504000000000,0,0.000000000000,62,0.496000000000,0,0.000000000000
1115,Cr57Y56,113,2,"Cr,Y",57,0.504424778761,0,0.000000000000,56,0.495575221239,0,0.000000000000
1116,Cr63Y62,125,2,"Cr,Y",63,0.504000000000,0,0.000000000000,62,0.496000000000,0,0.000000000000
1117,Cr31Y94,125,2,"Cr,Y",31,0.248000000000,0,0.000000000000,94,0.752000000000,0,0.000000000000
1118,Cr26Y89,115,2,"Cr,Y",26,0.226086956522,0,0.000000000000,89,0.773913043478,0,0.000000000000
1119,Cr31Y94,125,2,"Cr,Y",31,0.248000000000,0,0.000000000000,94,0.752000000000,0,0.000000000000
1120,Cr47Y78,125,2,"Cr,Y",47,0.376000000000,0,0.000000000000,78,0.624000000000,0,0.000000000000
1121,Cr47Y78,125,2,"Cr,Y",47,0.376000000000,0,0.000000000000,78,0.624000000000,0,0.000000000000
1122,Cr46Y72,118,2,"Cr,Y",46,0.389830508475,0,0.000000000000,72,0.610169491525,0,0.000000000000
1123,Cr47Y78,125,2,"Cr,Y",47,0.376000000000,0,0.000000000000,78,0.624000000000,0,0.000000000000
1124,Cr31Y94,125,2,"Cr,Y",31,0.248000000000,0,0.000000000000,94,0.752000000000,0,0.000000000000
1125,Cr31Y94,125,2,"Cr,Y",31,0.248000000000,0,0.000000000000,94,0.752000000000,0,0.000000000000
1126,Cr26Y88,114,2,"Cr,Y",26,0.228070175439,0,0.000000000000,88,0.771929824561,0,0.000000000000
1127,Cr31Y90,121,2,"Cr,Y",31,0.256198347107,0,0.000000000000,90,0.743801652893,0,0.000000000000
1128,Cr31Y95,126,2,"Cr,Y",31,0.246031746032,0,0.000000000000,95,0.753968253968,0,0.000000000000
1129,Cr94Y31,125,2,"Cr,Y",94,0.752000000000,0,0.000000000000,31,0.248000000000,0,0.000000000000
1130,Cr94Y31,125,2,"Cr,Y",94,0.752000000000,0,0.000000000000,31,0.248000000000,0,0.000000000000
1131,Cr94Y31,125,2,"Cr,Y",94,0.752000000000,0,0.000000000000,31,0.248000000000,0,0.000000000000
1132,Cr94Y31Zr,126,3,"Cr,Y,Zr",94,0.746031746032,0,0.000000000000,31,0.246031746032,1,0.007936507937
1133,Cr63Y62,125,2,"Cr,Y",63,0.504000000000,0,0.000000000000,62,0.496000000000,0,0.000000000000
1134,Cr63Y62,125,2,"Cr,Y",63,0.504000000000,0,0.000000000000,62,0.496000000000,0,0.000000000000
1135,Cr63WY62,126,3,"Cr,W,Y",63,0.500000000000,1,0.007936507937,62,0.492063492063,0,0.000000000000
1136,Cr63Y62,125,2,"Cr,Y",63,0.504000000000,0,0.000000000000,62,0.496000000000,0,0.000000000000
1137,Cr63Y62,125,2,"Cr,Y",63,0.504000000000,0,0.000000000000,62,0.496000000000,0,0.000000000000
1138,Cr63Y62,125,2,"Cr,Y",63,0.504000000000,0,0.000000000000,62,0.496000000000,0,0.000000000000
1139,Cr63Y62,125,2,"Cr,Y",63,0.504000000000,0,0.000000000000,62,0.496000000000,0,0.000000000000
1140,Cr63Y62,125,2,"Cr,Y",63,0.504000000000,0,0.000000000000,62,0.496000000000,0,0.000000000000
1141,Cr63Y62,125,2,"Cr,Y",63,0.504000000000,0,0.000000000000,62,0.496000000000,0,0.000000000000
1142,Cr56Y60,116,2,"Cr,Y",56,0.482758620690,0,0.000000000000,60,0.517241379310,0,0.000000000000
1143,Cr63Y62Zr,126,3,"Cr,Y,Zr",63,0.500000000000,0,0.000000000000,62,0.492063492063,1,0.007936507937
1144,Cr62Y63,125,2,"Cr,Y",62,0.496000000000,0,0.000000000000,63,0.504000000000,0,0.000000000000
1145,Cr62Y63,125,2,"Cr,Y",62,0.496000000000,0,0.000000000000,63,0.504000000000,0,0.000000000000
1146,Cr62Y63,125,2,"Cr,Y",62,0.496000000000,0,0.000000000000,63,0.504000000000,0,0.000000000000
1147,Cr62Y63,125,2,"Cr,Y",62,0.496000000000,0,0.000000000000,63,0.504000000000,0,0.000000000000
1148,Cr62Y63,125,2,"Cr,Y",62,0.496000000000,0,0.000000000000,63,0.504000000000,0,0.000000000000
1149,Cr62Y63,125,2,"Cr,Y",62,0.496000000000,0,0.000000000000,63,0.504000000000,0,0.000000000000
1150,Cr47Y78,125,2,"Cr,Y",47,0.376000000000,0,0.000000000000,78,0.624000000000,0,0.000000000000
1151,Cr47Y78,125,2,"Cr,Y",47,0.376000000000,0,0.000000000000,78,0.624000000000,0,0.000000000000
1152,Cr47Y78,125,2,"Cr,Y",47,0.376000000000,0,0.000000000000,78,0.624000000000,0,0.000000000000
1153,Cr47Y78,125,2,"Cr,Y",47,0.376000000000,0,0.000000000000,78,0.624000000000,0,0.000000000000
1154,Cr46Y74,120,2,"Cr,Y",46,0.383333333333,0,0.000000000000,74,0.616666666667,0,0.000000000000
1155,Cr44Y71,115,2,"Cr,Y",44,0.382608695652,0,0.000000000000,71,0.617391304348,0,0.000000000000
1156,Cr47Y78Zr,126,3,"Cr,Y,Zr",47,0.373015873016,0,0.000000000000,78,0.619047619048,1,0.007936507937
1157,Cr78Y47,125,2,"Cr,Y",78,0.624000000000,0,0.000000000000,47,0.376000000000,0,0.000000000000
1158,Cr78Y47,125,2,"Cr,Y",78,0.624000000000,0,0.000000000000,47,0.376000000000,0,0.000000000000
1159,Cr78Y47,125,2,"Cr,Y",78,0.624000000000,0,0.000000000000,47,0.376000000000,0,0.000000000000
1160,Cr78Y47,125,2,"Cr,Y",78,0.624000000000,0,0.000000000000,47,0.376000000000,0,0.000000000000
1161,Cr78Y47,125,2,"Cr,Y",78,0.624000000000,0,0.000000000000,47,0.376000000000,0,0.000000000000
1162,Cr78Y47,125,2,"Cr,Y",78,0.624000000000,0,0.000000000000,47,0.376000000000,0,0.000000000000
1163,Cr72Y41,113,2,"Cr,Y",72,0.637168141593,0,0.000000000000,41,0.362831858407,0,0.000000000000
1164,Cr72Y44,116,2,"Cr,Y",72,0.620689655172,0,0.000000000000,44,0.379310344828,0,0.000000000000
1165,Cr76Y44,120,2,"Cr,Y",76,0.633333333333,0,0.000000000000,44,0.366666666667,0,0.000000000000
1166,Cr78W2Y47,127,3,"Cr,W,Y",78,0.614173228346,2,0.015748031496,47,0.370078740157,0,0.000000000000
1167,Cr78Y47,125,2,"Cr,Y",78,0.624000000000,0,0.000000000000,47,0.376000000000,0,0.000000000000
1168,Cr62Y63,125,2,"Cr,Y",62,0.496000000000,0,0.000000000000,63,0.504000000000,0,0.000000000000
1169,Cr61Y56,117,2,"Cr,Y",61,0.521367521368,0,0.000000000000,56,0.478632478632,0,0.000000000000
1170,Cr55Y58,113,2,"Cr,Y",55,0.486725663717,0,0.000000000000,58,0.513274336283,0,0.000000000000
1171,Cr55Y61,116,2,"Cr,Y",55,0.474137931034,0,0.000000000000,61,0.525862068966,0,0.000000000000
1172,Cr63WY64,128,3,"Cr,W,Y",63,0.492187500000,1,0.007812500000,64,0.500000000000,0,0.000000000000
1173,Cr62Y63,125,2,"Cr,Y",62,0.496000000000,0,0.000000000000,63,0.504000000000,0,0.000000000000
1174,Cr46Y67,113,2,"Cr,Y",46,0.407079646018,0,0.000000000000,67,0.592920353982,0,0.000000000000
1175,Cr48WY79,128,3,"Cr,W,Y",48,0.375000000000,1,0.007812500000,79,0.617187500000,0,0.000000000000
1176,Cr16Y109,125,2,"Cr,Y",16,0.128000000000,0,0.000000000000,109,0.872000000000,0,0.000000000000
1177,Cr16Y109,125,2,"Cr,Y",16,0.128000000000,0,0.000000000000,109,0.872000000000,0,0.000000000000
1178,Cr16WY111,128,3,"Cr,W,Y",16,0.125000000000,1,0.007812500000,111,0.867187500000,0,0.000000000000
1179,Cr17Y109,126,2,"Cr,Y",17,0.134920634921,0,0.000000000000,109,0.865079365079,0,0.000000000000
1180,Cr8Zr32,40,2,"Cr,Zr",8,0.200000000000,0,0.000000000000,0,0.000000000000,32,0.800000000000
1181,Cr8Zr32,40,2,"Cr,Zr",8,0.200000000000,0,0.000000000000,0,0.000000000000,32,0.800000000000
1182,Cr8Zr32,40,2,"Cr,Zr",8,0.200000000000,0,0.000000000000,0,0.000000000000,32,0.800000000000
1183,Cr8Zr32,40,2,"Cr,Zr",8,0.200000000000,0,0.000000000000,0,0.000000000000,32,0.800000000000
1184,Cr8Zr32,40,2,"Cr,Zr",8,0.200000000000,0,0.000000000000,0,0.000000000000,32,0.800000000000
1185,Cr8Zr32,40,2,"Cr,Zr",8,0.200000000000,0,0.000000000000,0,0.000000000000,32,0.800000000000
1186,Cr8Zr32,40,2,"Cr,Zr",8,0.200000000000,0,0.000000000000,0,0.000000000000,32,0.800000000000
1187,Cr8Zr32,40,2,"Cr,Zr",8,0.200000000000,0,0.000000000000,0,0.000000000000,32,0.800000000000
1188,Cr8Zr29,37,2,"Cr,Zr",8,0.216216216216,0,0.000000000000,0,0.000000000000,29,0.783783783784
1189,Cr10Zr33,43,2,"Cr,Zr",10,0.232558139535,0,0.000000000000,0,0.000000000000,33,0.767441860465
1190,Cr8Zr35,43,2,"Cr,Zr",8,0.186046511628,0,0.000000000000,0,0.000000000000,35,0.813953488372
1191,Cr9Zr34,43,2,"Cr,Zr",9,0.209302325581,0,0.000000000000,0,0.000000000000,34,0.790697674419
1192,Cr9Zr34,43,2,"Cr,Zr",9,0.209302325581,0,0.000000000000,0,0.000000000000,34,0.790697674419
1193,Cr9Zr33,42,2,"Cr,Zr",9,0.214285714286,0,0.000000000000,0,0.000000000000,33,0.785714285714
1194,Cr8Zr34,42,2,"Cr,Zr",8,0.190476190476,0,0.000000000000,0,0.000000000000,34,0.809523809524
1195,Cr78Y47,125,2,"Cr,Y",78,0.624000000000,0,0.000000000000,47,0.376000000000,0,0.000000000000
1196,Cr71Y45,116,2,"Cr,Y",71,0.612068965517,0,0.000000000000,45,0.387931034483,0,0.000000000000
1197,Cr72Y42,114,2,"Cr,Y",72,0.631578947368,0,0.000000000000,42,0.368421052632,0,0.000000000000
1198,Cr78Y49,127,2,"Cr,Y",78,0.614173228346,0,0.000000000000,49,0.385826771654,0,0.000000000000
1199,Cr78Y47,125,2,"Cr,Y",78,0.624000000000,0,0.000000000000,47,0.376000000000,0,0.000000000000
1200,Cr44Y73,117,2,"Cr,Y",44,0.376068376068,0,0.000000000000,73,0.623931623932,0,0.000000000000
1201,Cr47Y78,125,2,"Cr,Y",47,0.376000000000,0,0.000000000000,78,0.624000000000,0,0.000000000000
1202,Cr31Y94,125,2,"Cr,Y",31,0.248000000000,0,0.000000000000,94,0.752000000000,0,0.000000000000
1203,Cr31Y94,125,2,"Cr,Y",31,0.248000000000,0,0.000000000000,94,0.752000000000,0,0.000000000000
1204,Cr31Y83,114,2,"Cr,Y",31,0.271929824561,0,0.000000000000,83,0.728070175439,0,0.000000000000
1205,Cr31Y94,125,2,"Cr,Y",31,0.248000000000,0,0.000000000000,94,0.752000000000,0,0.000000000000
1206,Cr78Y47,125,2,"Cr,Y",78,0.624000000000,0,0.000000000000,47,0.376000000000,0,0.000000000000
1207,Cr78Y47,125,2,"Cr,Y",78,0.624000000000,0,0.000000000000,47,0.376000000000,0,0.000000000000
1208,Cr78Y47,125,2,"Cr,Y",78,0.624000000000,0,0.000000000000,47,0.376000000000,0,0.000000000000
1209,Cr78Y47,125,2,"Cr,Y",78,0.624000000000,0,0.000000000000,47,0.376000000000,0,0.000000000000
1210,Cr78Y47,125,2,"Cr,Y",78,0.624000000000,0,0.000000000000,47,0.376000000000,0,0.000000000000
1211,Cr78Y47,125,2,"Cr,Y",78,0.624000000000,0,0.000000000000,47,0.376000000000,0,0.000000000000
1212,Cr78Y47,125,2,"Cr,Y",78,0.624000000000,0,0.000000000000,47,0.376000000000,0,0.000000000000
1213,Cr78Y47,125,2,"Cr,Y",78,0.624000000000,0,0.000000000000,47,0.376000000000,0,0.000000000000
1214,Cr78Y47,125,2,"Cr,Y",78,0.624000000000,0,0.000000000000,47,0.376000000000,0,0.000000000000
1215,Cr69Y46,115,2,"Cr,Y",69,0.600000000000,0,0.000000000000,46,0.400000000000,0,0.000000000000
1216,Cr72Y46,118,2,"Cr,Y",72,0.610169491525,0,0.000000000000,46,0.389830508475,0,0.000000000000
1217,Cr74Y43,117,2,"Cr,Y",74,0.632478632479,0,0.000000000000,43,0.367521367521,0,0.000000000000
1218,Cr79Y47Zr,127,3,"Cr,Y,Zr",79,0.622047244094,0,0.000000000000,47,0.370078740157,1,0.007874015748
1219,Cr78Y47,125,2,"Cr,Y",78,0.624000000000,0,0.000000000000,47,0.376000000000,0,0.000000000000
1220,Cr31Y94,125,2,"Cr,Y",31,0.248000000000,0,0.000000000000,94,0.752000000000,0,0.000000000000
1221,Cr31Y94,125,2,"Cr,Y",31,0.248000000000,0,0.000000000000,94,0.752000000000,0,0.000000000000
1222,Cr31Y94,125,2,"Cr,Y",31,0.248000000000,0,0.000000000000,94,0.752000000000,0,0.000000000000
1223,Cr31WY94,126,3,"Cr,W,Y",31,0.246031746032,1,0.007936507937,94,0.746031746032,0,0.000000000000
1224,Cr63Y62,125,2,"Cr,Y",63,0.504000000000,0,0.000000000000,62,0.496000000000,0,0.000000000000
1225,Cr31Y94,125,2,"Cr,Y",31,0.248000000000,0,0.000000000000,94,0.752000000000,0,0.000000000000
1226,Cr31Y94,125,2,"Cr,Y",31,0.248000000000,0,0.000000000000,94,0.752000000000,0,0.000000000000
1227,Cr31Y94,125,2,"Cr,Y",31,0.248000000000,0,0.000000000000,94,0.752000000000,0,0.000000000000
1228,Cr31Y94,125,2,"Cr,Y",31,0.248000000000,0,0.000000000000,94,0.752000000000,0,0.000000000000
1229,Cr31WY94,126,3,"Cr,W,Y",31,0.246031746032,1,0.007936507937,94,0.746031746032,0,0.000000000000
1230,Cr109Zr16,125,2,"Cr,Zr",109,0.872000000000,0,0.000000000000,0,0.000000000000,16,0.128000000000
1231,Cr109Zr16,125,2,"Cr,Zr",109,0.872000000000,0,0.000000000000,0,0.000000000000,16,0.128000000000
1232,Cr109WYZr16,127,4,"Cr,W,Y,Zr",109,0.858267716535,1,0.007874015748,1,0.007874015748,16,0.125984251969
1233,Cr77Y45,122,2,"Cr,Y",77,0.631147540984,0,0.000000000000,45,0.368852459016,0,0.000000000000
1234,Cr69Y44,113,2,"Cr,Y",69,0.610619469027,0,0.000000000000,44,0.389380530973,0,0.000000000000
1235,Cr68Y45,113,2,"Cr,Y",68,0.601769911504,0,0.000000000000,45,0.398230088496,0,0.000000000000
1236,Cr75Y41,116,2,"Cr,Y",75,0.646551724138,0,0.000000000000,41,0.353448275862,0,0.000000000000
1237,Cr78Y47,125,2,"Cr,Y",78,0.624000000000,0,0.000000000000,47,0.376000000000,0,0.000000000000
1238,Cr16Y109Zr2,127,3,"Cr,Y,Zr",16,0.125984251969,0,0.000000000000,109,0.858267716535,2,0.015748031496
1239,Cr101Zr12,113,2,"Cr,Zr",101,0.893805309735,0,0.000000000000,0,0.000000000000,12,0.106194690265
1240,Cr109Zr16,125,2,"Cr,Zr",109,0.872000000000,0,0.000000000000,0,0.000000000000,16,0.128000000000
1241,Cr16Y109,125,2,"Cr,Y",16,0.128000000000,0,0.000000000000,109,0.872000000000,0,0.000000000000
1242,Cr16Y109,125,2,"Cr,Y",16,0.128000000000,0,0.000000000000,109,0.872000000000,0,0.000000000000
1243,Cr16Y109,125,2,"Cr,Y",16,0.128000000000,0,0.000000000000,109,0.872000000000,0,0.000000000000
1244,Cr14Y104,118,2,"Cr,Y",14,0.118644067797,0,0.000000000000,104,0.881355932203,0,0.000000000000
1245,Cr16Y109Zr,126,3,"Cr,Y,Zr",16,0.126984126984,0,0.000000000000,109,0.865079365079,1,0.007936507937
1246,Cr16Y109,125,2,"Cr,Y",16,0.128000000000,0,0.000000000000,109,0.872000000000,0,0.000000000000
1247,Cr16Y109,125,2,"Cr,Y",16,0.128000000000,0,0.000000000000,109,0.872000000000,0,0.000000000000
1248,Cr16Y109,125,2,"Cr,Y",16,0.128000000000,0,0.000000000000,109,0.872000000000,0,0.000000000000
1249,Cr16Y109,125,2,"Cr,Y",16,0.128000000000,0,0.000000000000,109,0.872000000000,0,0.000000000000
1250,Cr16Y109,125,2,"Cr,Y",16,0.128000000000,0,0.000000000000,109,0.872000000000,0,0.000000000000
1251,Cr16Y105,121,2,"Cr,Y",16,0.132231404959,0,0.000000000000,105,0.867768595041,0,0.000000000000
1252,Cr16Y97,113,2,"Cr,Y",16,0.141592920354,0,0.000000000000,97,0.858407079646,0,0.000000000000
1253,Cr16Y109Zr,126,3,"Cr,Y,Zr",16,0.126984126984,0,0.000000000000,109,0.865079365079,1,0.007936507937
1254,Cr109Zr16,125,2,"Cr,Zr",109,0.872000000000,0,0.000000000000,0,0.000000000000,16,0.128000000000
1255,Cr103Zr15,118,2,"Cr,Zr",103,0.872881355932,0,0.000000000000,0,0.000000000000,15,0.127118644068
1256,Cr109Zr16,125,2,"Cr,Zr",109,0.872000000000,0,0.000000000000,0,0.000000000000,16,0.128000000000
1257,Cr16Y109,125,2,"Cr,Y",16,0.128000000000,0,0.000000000000,109,0.872000000000,0,0.000000000000
1258,Cr16Y105,121,2,"Cr,Y",16,0.132231404959,0,0.000000000000,105,0.867768595041,0,0.000000000000
1259,Cr14Y100,114,2,"Cr,Y",14,0.122807017544,0,0.000000000000,100,0.877192982456,0,0.000000000000
1260,Cr16Y109,125,2,"Cr,Y",16,0.128000000000,0,0.000000000000,109,0.872000000000,0,0.000000000000
1261,Cr47Y78,125,2,"Cr,Y",47,0.376000000000,0,0.000000000000,78,0.624000000000,0,0.000000000000
1262,Cr47Y78,125,2,"Cr,Y",47,0.376000000000,0,0.000000000000,78,0.624000000000,0,0.000000000000
1263,Cr47Y78,125,2,"Cr,Y",47,0.376000000000,0,0.000000000000,78,0.624000000000,0,0.000000000000
1264,Cr47Y78,125,2,"Cr,Y",47,0.376000000000,0,0.000000000000,78,0.624000000000,0,0.000000000000
1265,Cr47Y78,125,2,"Cr,Y",47,0.376000000000,0,0.000000000000,78,0.624000000000,0,0.000000000000
1266,Cr46Y73,119,2,"Cr,Y",46,0.386554621849,0,0.000000000000,73,0.613445378151,0,0.000000000000
1267,Cr47Y80,127,2,"Cr,Y",47,0.370078740157,0,0.000000000000,80,0.629921259843,0,0.000000000000
1268,Cr47Y78,125,2,"Cr,Y",47,0.376000000000,0,0.000000000000,78,0.624000000000,0,0.000000000000
1269,Cr16Y111,127,2,"Cr,Y",16,0.125984251969,0,0.000000000000,111,0.874015748031,0,0.000000000000
1270,Cr16Y109,125,2,"Cr,Y",16,0.128000000000,0,0.000000000000,109,0.872000000000,0,0.000000000000
1271,Cr16Y109,125,2,"Cr,Y",16,0.128000000000,0,0.000000000000,109,0.872000000000,0,0.000000000000
1272,Cr16Y109,125,2,"Cr,Y",16,0.128000000000,0,0.000000000000,109,0.872000000000,0,0.000000000000
1273,Cr16Y109,125,2,"Cr,Y",16,0.128000000000,0,0.000000000000,109,0.872000000000,0,0.000000000000
1274,Cr16Y109,125,2,"Cr,Y",16,0.128000000000,0,0.000000000000,109,0.872000000000,0,0.000000000000
1275,Cr16Y109,125,2,"Cr,Y",16,0.128000000000,0,0.000000000000,109,0.872000000000,0,0.000000000000
1276,Cr16Y99,115,2,"Cr,Y",16,0.139130434783,0,0.000000000000,99,0.860869565217,0,0.000000000000
1277,Cr14Y102,116,2,"Cr,Y",14,0.120689655172,0,0.000000000000,102,0.879310344828,0,0.000000000000
1278,Cr17Y109,126,2,"Cr,Y",17,0.134920634921,0,0.000000000000,109,0.865079365079,0,0.000000000000
1279,Cr47Y78,125,2,"Cr,Y",47,0.376000000000,0,0.000000000000,78,0.624000000000,0,0.000000000000
1280,Cr47Y78,125,2,"Cr,Y",47,0.376000000000,0,0.000000000000,78,0.624000000000,0,0.000000000000
1281,Cr47Y78,125,2,"Cr,Y",47,0.376000000000,0,0.000000000000,78,0.624000000000,0,0.000000000000
1282,Cr47Y78,125,2,"Cr,Y",47,0.376000000000,0,0.000000000000,78,0.624000000000,0,0.000000000000
1283,Cr47Y78,125,2,"Cr,Y",47,0.376000000000,0,0.000000000000,78,0.624000000000,0,0.000000000000
1284,Cr43Y70,113,2,"Cr,Y",43,0.380530973451,0,0.000000000000,70,0.619469026549,0,0.000000000000
1285,Cr47Y78,125,2,"Cr,Y",47,0.376000000000,0,0.000000000000,78,0.624000000000,0,0.000000000000
1286,Cr109Zr16,125,2,"Cr,Zr",109,0.872000000000,0,0.000000000000,0,0.000000000000,16,0.128000000000
1287,Cr31Y94,125,2,"Cr,Y",31,0.248000000000,0,0.000000000000,94,0.752000000000,0,0.000000000000
1288,Cr31Y94,125,2,"Cr,Y",31,0.248000000000,0,0.000000000000,94,0.752000000000,0,0.000000000000
1289,Cr31Y94,125,2,"Cr,Y",31,0.248000000000,0,0.000000000000,94,0.752000000000,0,0.000000000000
1290,Cr109Zr16,125,2,"Cr,Zr",109,0.872000000000,0,0.000000000000,0,0.000000000000,16,0.128000000000
1291,Cr109Zr16,125,2,"Cr,Zr",109,0.872000000000,0,0.000000000000,0,0.000000000000,16,0.128000000000
1292,Cr109Zr16,125,2,"Cr,Zr",109,0.872000000000,0,0.000000000000,0,0.000000000000,16,0.128000000000
1293,Cr109Zr16,125,2,"Cr,Zr",109,0.872000000000,0,0.000000000000,0,0.000000000000,16,0.128000000000
1294,Cr109Zr16,125,2,"Cr,Zr",109,0.872000000000,0,0.000000000000,0,0.000000000000,16,0.128000000000
1295,Cr98Zr16,114,2,"Cr,Zr",98,0.859649122807,0,0.000000000000,0,0.000000000000,16,0.140350877193
1296,Cr110YZr17,128,3,"Cr,Y,Zr",110,0.859375000000,0,0.000000000000,1,0.007812500000,17,0.132812500000
1297,Cr109Zr16,125,2,"Cr,Zr",109,0.872000000000,0,0.000000000000,0,0.000000000000,16,0.128000000000
1298,Cr109Zr16,125,2,"Cr,Zr",109,0.872000000000,0,0.000000000000,0,0.000000000000,16,0.128000000000
1299,Cr109Zr16,125,2,"Cr,Zr",109,0.872000000000,0,0.000000000000,0,0.000000000000,16,0.128000000000
1300,Cr109Zr16,125,2,"Cr,Zr",109,0.872000000000,0,0.000000000000,0,0.000000000000,16,0.128000000000
1301,Cr109Zr16,125,2,"Cr,Zr",109,0.872000000000,0,0.000000000000,0,0.000000000000,16,0.128000000000
1302,Cr109Zr16,125,2,"Cr,Zr",109,0.872000000000,0,0.000000000000,0,0.000000000000,16,0.128000000000
1303,Cr109Zr16,125,2,"Cr,Zr",109,0.872000000000,0,0.000000000000,0,0.000000000000,16,0.128000000000
1304,Cr109Zr16,125,2,"Cr,Zr",109,0.872000000000,0,0.000000000000,0,0.000000000000,16,0.128000000000
1305,Cr135Zr67,202,2,"Cr,Zr",135,0.668316831683,0,0.000000000000,0,0.000000000000,67,0.331683168317
1306,Cr131Zr76,207,2,"Cr,Zr",131,0.632850241546,0,0.000000000000,0,0.000000000000,76,0.367149758454
1307,Cr136Zr73,209,2,"Cr,Zr",136,0.650717703349,0,0.000000000000,0,0.000000000000,73,0.349282296651
1308,Cr9Zr33,42,2,"Cr,Zr",9,0.214285714286,0,0.000000000000,0,0.000000000000,33,0.785714285714
1309,Cr94Zr31,125,2,"Cr,Zr",94,0.752000000000,0,0.000000000000,0,0.000000000000,31,0.248000000000
1310,Cr94Zr31,125,2,"Cr,Zr",94,0.752000000000,0,0.000000000000,0,0.000000000000,31,0.248000000000
1311,Cr95YZr31,127,3,"Cr,Y,Zr",95,0.748031496063,0,0.000000000000,1,0.007874015748,31,0.244094488189
1312,Cr9Zr34,43,2,"Cr,Zr",9,0.209302325581,0,0.000000000000,0,0.000000000000,34,0.790697674419
1313,Cr8Zr35,43,2,"Cr,Zr",8,0.186046511628,0,0.000000000000,0,0.000000000000,35,0.813953488372
1314,Cr94Zr31,125,2,"Cr,Zr",94,0.752000000000,0,0.000000000000,0,0.000000000000,31,0.248000000000
1315,Cr94Zr31,125,2,"Cr,Zr",94,0.752000000000,0,0.000000000000,0,0.000000000000,31,0.248000000000
1316,Cr86Zr27,113,2,"Cr,Zr",86,0.761061946903,0,0.000000000000,0,0.000000000000,27,0.238938053097
1317,Cr94Zr31,125,2,"Cr,Zr",94,0.752000000000,0,0.000000000000,0,0.000000000000,31,0.248000000000
1318,Cr8Zr35,43,2,"Cr,Zr",8,0.186046511628,0,0.000000000000,0,0.000000000000,35,0.813953488372
1319,Cr8Zr35,43,2,"Cr,Zr",8,0.186046511628,0,0.000000000000,0,0.000000000000,35,0.813953488372
1320,Cr10Zr32,42,2,"Cr,Zr",10,0.238095238095,0,0.000000000000,0,0.000000000000,32,0.761904761905
1321,Cr94Zr31,125,2,"Cr,Zr",94,0.752000000000,0,0.000000000000,0,0.000000000000,31,0.248000000000
1322,Cr139Zr70,209,2,"Cr,Zr",139,0.665071770335,0,0.000000000000,0,0.000000000000,70,0.334928229665
1323,Cr136Zr73,209,2,"Cr,Zr",136,0.650717703349,0,0.000000000000,0,0.000000000000,73,0.349282296651
1324,Cr64Zr32,96,2,"Cr,Zr",64,0.666666666667,0,0.000000000000,0,0.000000000000,32,0.333333333333
1325,Cr64Zr32,96,2,"Cr,Zr",64,0.666666666667,0,0.000000000000,0,0.000000000000,32,0.333333333333
1326,Cr64Zr32,96,2,"Cr,Zr",64,0.666666666667,0,0.000000000000,0,0.000000000000,32,0.333333333333
1327,Cr64Zr32,96,2,"Cr,Zr",64,0.666666666667,0,0.000000000000,0,0.000000000000,32,0.333333333333
1328,Cr64Zr40,104,2,"Cr,Zr",64,0.615384615385,0,0.000000000000,0,0.000000000000,40,0.384615384615
1329,Cr67Zr33,100,2,"Cr,Zr",67,0.670000000000,0,0.000000000000,0,0.000000000000,33,0.330000000000
1330,Cr69Zr32,101,2,"Cr,Zr",69,0.683168316832,0,0.000000000000,0,0.000000000000,32,0.316831683168
1331,Cr65Zr36,101,2,"Cr,Zr",65,0.643564356436,0,0.000000000000,0,0.000000000000,36,0.356435643564
1332,Cr67Zr36,103,2,"Cr,Zr",67,0.650485436893,0,0.000000000000,0,0.000000000000,36,0.349514563107
1333,Cr94Zr31,125,2,"Cr,Zr",94,0.752000000000,0,0.000000000000,0,0.000000000000,31,0.248000000000
1334,Cr94Zr31,125,2,"Cr,Zr",94,0.752000000000,0,0.000000000000,0,0.000000000000,31,0.248000000000
1335,Cr94Zr31,125,2,"Cr,Zr",94,0.752000000000,0,0.000000000000,0,0.000000000000,31,0.248000000000
1336,Cr94YZr31,126,3,"Cr,Y,Zr",94,0.746031746032,0,0.000000000000,1,0.007936507937,31,0.246031746032
1337,Cr67Zr36,103,2,"Cr,Zr",67,0.650485436893,0,0.000000000000,0,0.000000000000,36,0.349514563107
1338,Cr65Zr37,102,2,"Cr,Zr",65,0.637254901961,0,0.000000000000,0,0.000000000000,37,0.362745098039
1339,Cr67Zr38,105,2,"Cr,Zr",67,0.638095238095,0,0.000000000000,0,0.000000000000,38,0.361904761905
1340,Cr69Zr35,104,2,"Cr,Zr",69,0.663461538462,0,0.000000000000,0,0.000000000000,35,0.336538461538
1341,Cr94Zr31,125,2,"Cr,Zr",94,0.752000000000,0,0.000000000000,0,0.000000000000,31,0.248000000000
1342,Cr94Zr31,125,2,"Cr,Zr",94,0.752000000000,0,0.000000000000,0,0.000000000000,31,0.248000000000
1343,Cr94Zr31,125,2,"Cr,Zr",94,0.752000000000,0,0.000000000000,0,0.000000000000,31,0.248000000000
1344,Cr89Zr30,119,2,"Cr,Zr",89,0.747899159664,0,0.000000000000,0,0.000000000000,30,0.252100840336
1345,Cr94Zr31,125,2,"Cr,Zr",94,0.752000000000,0,0.000000000000,0,0.000000000000,31,0.248000000000
1346,Cr94Zr31,125,2,"Cr,Zr",94,0.752000000000,0,0.000000000000,0,0.000000000000,31,0.248000000000
1347,Cr84Zr30,114,2,"Cr,Zr",84,0.736842105263,0,0.000000000000,0,0.000000000000,30,0.263157894737
1348,Cr94YZr31,126,3,"Cr,Y,Zr",94,0.746031746032,0,0.000000000000,1,0.007936507937,31,0.246031746032
1349,Cr94Zr31,125,2,"Cr,Zr",94,0.752000000000,0,0.000000000000,0,0.000000000000,31,0.248000000000
1350,Cr94Zr31,125,2,"Cr,Zr",94,0.752000000000,0,0.000000000000,0,0.000000000000,31,0.248000000000
1351,Cr94Zr31,125,2,"Cr,Zr",94,0.752000000000,0,0.000000000000,0,0.000000000000,31,0.248000000000
1352,Cr94Zr32,126,2,"Cr,Zr",94,0.746031746032,0,0.000000000000,0,0.000000000000,32,0.253968253968
1353,Cr78Zr47,125,2,"Cr,Zr",78,0.624000000000,0,0.000000000000,0,0.000000000000,47,0.376000000000
1354,Cr78Zr47,125,2,"Cr,Zr",78,0.624000000000,0,0.000000000000,0,0.000000000000,47,0.376000000000
1355,Cr75Zr44,119,2,"Cr,Zr",75,0.630252100840,0,0.000000000000,0,0.000000000000,44,0.369747899160
1356,Cr78Zr47,125,2,"Cr,Zr",78,0.624000000000,0,0.000000000000,0,0.000000000000,47,0.376000000000
1357,Cr78Zr47,125,2,"Cr,Zr",78,0.624000000000,0,0.000000000000,0,0.000000000000,47,0.376000000000
1358,Cr78Zr47,125,2,"Cr,Zr",78,0.624000000000,0,0.000000000000,0,0.000000000000,47,0.376000000000
1359,Cr70Zr44,114,2,"Cr,Zr",70,0.614035087719,0,0.000000000000,0,0.000000000000,44,0.385964912281
1360,Cr78Zr47,125,2,"Cr,Zr",78,0.624000000000,0,0.000000000000,0,0.000000000000,47,0.376000000000
1361,Cr69Zr44,113,2,"Cr,Zr",69,0.610619469027,0,0.000000000000,0,0.000000000000,44,0.389380530973
1362,Cr72Zr45,117,2,"Cr,Zr",72,0.615384615385,0,0.000000000000,0,0.000000000000,45,0.384615384615
1363,Cr74Zr47,121,2,"Cr,Zr",74,0.611570247934,0,0.000000000000,0,0.000000000000,47,0.388429752066
1364,Cr79Zr47,126,2,"Cr,Zr",79,0.626984126984,0,0.000000000000,0,0.000000000000,47,0.373015873016
1365,Cr78Zr47,125,2,"Cr,Zr",78,0.624000000000,0,0.000000000000,0,0.000000000000,47,0.376000000000
1366,Cr78Zr47,125,2,"Cr,Zr",78,0.624000000000,0,0.000000000000,0,0.000000000000,47,0.376000000000
1367,Cr78Zr47,125,2,"Cr,Zr",78,0.624000000000,0,0.000000000000,0,0.000000000000,47,0.376000000000
1368,Cr78Zr47,125,2,"Cr,Zr",78,0.624000000000,0,0.000000000000,0,0.000000000000,47,0.376000000000
1369,Cr78Zr47,125,2,"Cr,Zr",78,0.624000000000,0,0.000000000000,0,0.000000000000,47,0.376000000000
1370,Cr78Zr47,125,2,"Cr,Zr",78,0.624000000000,0,0.000000000000,0,0.000000000000,47,0.376000000000
1371,Cr78Zr47,125,2,"Cr,Zr",78,0.624000000000,0,0.000000000000,0,0.000000000000,47,0.376000000000
1372,Cr78Zr47,125,2,"Cr,Zr",78,0.624000000000,0,0.000000000000,0,0.000000000000,47,0.376000000000
1373,Cr73Zr42,115,2,"Cr,Zr",73,0.634782608696,0,0.000000000000,0,0.000000000000,42,0.365217391304
1374,Cr78Zr48,126,2,"Cr,Zr",78,0.619047619048,0,0.000000000000,0,0.000000000000,48,0.380952380952
1375,Cr78Zr48,126,2,"Cr,Zr",78,0.619047619048,0,0.000000000000,0,0.000000000000,48,0.380952380952
1376,Cr78Zr47,125,2,"Cr,Zr",78,0.624000000000,0,0.000000000000,0,0.000000000000,47,0.376000000000
1377,Cr78Zr47,125,2,"Cr,Zr",78,0.624000000000,0,0.000000000000,0,0.000000000000,47,0.376000000000
1378,Cr78WZr49,128,3,"Cr,W,Zr",78,0.609375000000,1,0.007812500000,0,0.000000000000,49,0.382812500000
1379,Cr78WZr47,126,3,"Cr,W,Zr",78,0.619047619048,1,0.007936507937,0,0.000000000000,47,0.373015873016
1380,Cr78Zr47,125,2,"Cr,Zr",78,0.624000000000,0,0.000000000000,0,0.000000000000,47,0.376000000000
1381,Cr74Zr47,121,2,"Cr,Zr",74,0.611570247934,0,0.000000000000,0,0.000000000000,47,0.388429752066
1382,Cr72Zr41,113,2,"Cr,Zr",72,0.637168141593,0,0.000000000000,0,0.000000000000,41,0.362831858407
1383,Cr78Zr48,126,2,"Cr,Zr",78,0.619047619048,0,0.000000000000,0,0.000000000000,48,0.380952380952
1384,Cr128Zr64,192,2,"Cr,Zr",128,0.666666666667,0,0.000000000000,0,0.000000000000,64,0.333333333333
1385,Cr128Zr64,192,2,"Cr,Zr",128,0.666666666667,0,0.000000000000,0,0.000000000000,64,0.333333333333
1386,Cr128Zr64,192,2,"Cr,Zr",128,0.666666666667,0,0.000000000000,0,0.000000000000,64,0.333333333333
1387,Cr128Zr64,192,2,"Cr,Zr",128,0.666666666667,0,0.000000000000,0,0.000000000000,64,0.333333333333
1388,Cr128Zr64,192,2,"Cr,Zr",128,0.666666666667,0,0.000000000000,0,0.000000000000,64,0.333333333333
1389,Cr128Zr64,192,2,"Cr,Zr",128,0.666666666667,0,0.000000000000,0,0.000000000000,64,0.333333333333
1390,Cr128Zr64,192,2,"Cr,Zr",128,0.666666666667,0,0.000000000000,0,0.000000000000,64,0.333333333333
1391,Cr128Zr64,192,2,"Cr,Zr",128,0.666666666667,0,0.000000000000,0,0.000000000000,64,0.333333333333
1392,Cr128Zr64,192,2,"Cr,Zr",128,0.666666666667,0,0.000000000000,0,0.000000000000,64,0.333333333333
1393,Cr134Zr69,203,2,"Cr,Zr",134,0.660098522167,0,0.000000000000,0,0.000000000000,69,0.339901477833
1394,Cr124Zr60,184,2,"Cr,Zr",124,0.673913043478,0,0.000000000000,0,0.000000000000,60,0.326086956522
1395,Cr117Zr59,176,2,"Cr,Zr",117,0.664772727273,0,0.000000000000,0,0.000000000000,59,0.335227272727
1396,Cr139Zr66,205,2,"Cr,Zr",139,0.678048780488,0,0.000000000000,0,0.000000000000,66,0.321951219512
1397,Cr133Zr70,203,2,"Cr,Zr",133,0.655172413793,0,0.000000000000,0,0.000000000000,70,0.344827586207
1398,Cr78Zr47,125,2,"Cr,Zr",78,0.624000000000,0,0.000000000000,0,0.000000000000,47,0.376000000000
1399,Cr78Zr47,125,2,"Cr,Zr",78,0.624000000000,0,0.000000000000,0,0.000000000000,47,0.376000000000
1400,Cr78Zr47,125,2,"Cr,Zr",78,0.624000000000,0,0.000000000000,0,0.000000000000,47,0.376000000000
1401,Cr78Zr47,125,2,"Cr,Zr",78,0.624000000000,0,0.000000000000,0,0.000000000000,47,0.376000000000
1402,Cr78Zr47,125,2,"Cr,Zr",78,0.624000000000,0,0.000000000000,0,0.000000000000,47,0.376000000000
1403,Cr78Zr47,125,2,"Cr,Zr",78,0.624000000000,0,0.000000000000,0,0.000000000000,47,0.376000000000
1404,Cr78Zr47,125,2,"Cr,Zr",78,0.624000000000,0,0.000000000000,0,0.000000000000,47,0.376000000000
1405,Cr78Zr47,125,2,"Cr,Zr",78,0.624000000000,0,0.000000000000,0,0.000000000000,47,0.376000000000
1406,Cr76Zr43,119,2,"Cr,Zr",76,0.638655462185,0,0.000000000000,0,0.000000000000,43,0.361344537815
1407,Cr78Zr48,126,2,"Cr,Zr",78,0.619047619048,0,0.000000000000,0,0.000000000000,48,0.380952380952
1408,Cr80Zr48,128,2,"Cr,Zr",80,0.625000000000,0,0.000000000000,0,0.000000000000,48,0.375000000000
1409,Cr78WYZr47,127,4,"Cr,W,Y,Zr",78,0.614173228346,1,0.007874015748,1,0.007874015748,47,0.370078740157
1410,Cr64Zr62,126,2,"Cr,Zr",64,0.507936507937,0,0.000000000000,0,0.000000000000,62,0.492063492063
1411,Cr63Zr62,125,2,"Cr,Zr",63,0.504000000000,0,0.000000000000,0,0.000000000000,62,0.496000000000
1412,Cr63Zr62,125,2,"Cr,Zr",63,0.504000000000,0,0.000000000000,0,0.000000000000,62,0.496000000000
1413,Cr62Zr55,117,2,"Cr,Zr",62,0.529914529915,0,0.000000000000,0,0.000000000000,55,0.470085470085
1414,Cr63Zr62,125,2,"Cr,Zr",63,0.504000000000,0,0.000000000000,0,0.000000000000,62,0.496000000000
1415,Cr57Zr57,114,2,"Cr,Zr",57,0.500000000000,0,0.000000000000,0,0.000000000000,57,0.500000000000
1416,Cr62Zr64,126,2,"Cr,Zr",62,0.492063492063,0,0.000000000000,0,0.000000000000,64,0.507936507937
1417,Cr47Zr78,125,2,"Cr,Zr",47,0.376000000000,0,0.000000000000,0,0.000000000000,78,0.624000000000
1418,Cr47Zr78,125,2,"Cr,Zr",47,0.376000000000,0,0.000000000000,0,0.000000000000,78,0.624000000000
1419,Cr48Zr80,128,2,"Cr,Zr",48,0.375000000000,0,0.000000000000,0,0.000000000000,80,0.625000000000
1420,Cr47Zr78,125,2,"Cr,Zr",47,0.376000000000,0,0.000000000000,0,0.000000000000,78,0.624000000000
1421,Cr47Zr78,125,2,"Cr,Zr",47,0.376000000000,0,0.000000000000,0,0.000000000000,78,0.624000000000
1422,Cr47Zr79,126,2,"Cr,Zr",47,0.373015873016,0,0.000000000000,0,0.000000000000,79,0.626984126984
1423,Cr48W2Zr78,128,3,"Cr,W,Zr",48,0.375000000000,2,0.015625000000,0,0.000000000000,78,0.609375000000
1424,Cr63Zr62,125,2,"Cr,Zr",63,0.504000000000,0,0.000000000000,0,0.000000000000,62,0.496000000000
1425,Cr63Zr62,125,2,"Cr,Zr",63,0.504000000000,0,0.000000000000,0,0.000000000000,62,0.496000000000
1426,Cr63Zr62,125,2,"Cr,Zr",63,0.504000000000,0,0.000000000000,0,0.000000000000,62,0.496000000000
1427,Cr62Zr63,125,2,"Cr,Zr",62,0.496000000000,0,0.000000000000,0,0.000000000000,63,0.504000000000
1428,Cr47Zr78,125,2,"Cr,Zr",47,0.376000000000,0,0.000000000000,0,0.000000000000,78,0.624000000000
1429,Cr47Zr78,125,2,"Cr,Zr",47,0.376000000000,0,0.000000000000,0,0.000000000000,78,0.624000000000
1430,Cr47Zr78,125,2,"Cr,Zr",47,0.376000000000,0,0.000000000000,0,0.000000000000,78,0.624000000000
1431,Cr41Zr72,113,2,"Cr,Zr",41,0.362831858407,0,0.000000000000,0,0.000000000000,72,0.637168141593
1432,Cr48YZr79,128,3,"Cr,Y,Zr",48,0.375000000000,0,0.000000000000,1,0.007812500000,79,0.617187500000
1433,Cr47WZr78,126,3,"Cr,W,Zr",47,0.373015873016,1,0.007936507937,0,0.000000000000,78,0.619047619048
1434,Cr47Zr78,125,2,"Cr,Zr",47,0.376000000000,0,0.000000000000,0,0.000000000000,78,0.624000000000
1435,Cr47Zr78,125,2,"Cr,Zr",47,0.376000000000,0,0.000000000000,0,0.000000000000,78,0.624000000000
1436,Cr47Zr78,125,2,"Cr,Zr",47,0.376000000000,0,0.000000000000,0,0.000000000000,78,0.624000000000
1437,Cr47Zr78,125,2,"Cr,Zr",47,0.376000000000,0,0.000000000000,0,0.000000000000,78,0.624000000000
1438,Cr46Zr70,116,2,"Cr,Zr",46,0.396551724138,0,0.000000000000,0,0.000000000000,70,0.603448275862
1439,Cr47Zr78,125,2,"Cr,Zr",47,0.376000000000,0,0.000000000000,0,0.000000000000,78,0.624000000000
1440,Cr31YZr95,127,3,"Cr,Y,Zr",31,0.244094488189,0,0.000000000000,1,0.007874015748,95,0.748031496063
1441,Cr48Zr78,126,2,"Cr,Zr",48,0.380952380952,0,0.000000000000,0,0.000000000000,78,0.619047619048
1442,Cr63Zr62,125,2,"Cr,Zr",63,0.504000000000,0,0.000000000000,0,0.000000000000,62,0.496000000000
1443,Cr63Zr62,125,2,"Cr,Zr",63,0.504000000000,0,0.000000000000,0,0.000000000000,62,0.496000000000
1444,Cr63Zr62,125,2,"Cr,Zr",63,0.504000000000,0,0.000000000000,0,0.000000000000,62,0.496000000000
1445,Cr57Zr60,117,2,"Cr,Zr",57,0.487179487179,0,0.000000000000,0,0.000000000000,60,0.512820512821
1446,Cr63Zr62,125,2,"Cr,Zr",63,0.504000000000,0,0.000000000000,0,0.000000000000,62,0.496000000000
1447,Cr16Zr109,125,2,"Cr,Zr",16,0.128000000000,0,0.000000000000,0,0.000000000000,109,0.872000000000
1448,Cr16Zr109,125,2,"Cr,Zr",16,0.128000000000,0,0.000000000000,0,0.000000000000,109,0.872000000000
1449,Cr31Zr94,125,2,"Cr,Zr",31,0.248000000000,0,0.000000000000,0,0.000000000000,94,0.752000000000
1450,Cr31Zr94,125,2,"Cr,Zr",31,0.248000000000,0,0.000000000000,0,0.000000000000,94,0.752000000000
1451,Cr32Zr95,127,2,"Cr,Zr",32,0.251968503937,0,0.000000000000,0,0.000000000000,95,0.748031496063
1452,Cr31Zr94,125,2,"Cr,Zr",31,0.248000000000,0,0.000000000000,0,0.000000000000,94,0.752000000000
1453,Cr62Zr63,125,2,"Cr,Zr",62,0.496000000000,0,0.000000000000,0,0.000000000000,63,0.504000000000
1454,Cr62Zr63,125,2,"Cr,Zr",62,0.496000000000,0,0.000000000000,0,0.000000000000,63,0.504000000000
1455,Cr62Zr63,125,2,"Cr,Zr",62,0.496000000000,0,0.000000000000,0,0.000000000000,63,0.504000000000
1456,Cr62Zr63,125,2,"Cr,Zr",62,0.496000000000,0,0.000000000000,0,0.000000000000,63,0.504000000000
1457,Cr62Zr63,125,2,"Cr,Zr",62,0.496000000000,0,0.000000000000,0,0.000000000000,63,0.504000000000
1458,Cr62Zr63,125,2,"Cr,Zr",62,0.496000000000,0,0.000000000000,0,0.000000000000,63,0.504000000000
1459,Cr62Zr63,125,2,"Cr,Zr",62,0.496000000000,0,0.000000000000,0,0.000000000000,63,0.504000000000
1460,Cr62Zr63,125,2,"Cr,Zr",62,0.496000000000,0,0.000000000000,0,0.000000000000,63,0.504000000000
1461,Cr47WZr78,126,3,"Cr,W,Zr",47,0.373015873016,1,0.007936507937,0,0.000000000000,78,0.619047619048
1462,Cr31Zr94,125,2,"Cr,Zr",31,0.248000000000,0,0.000000000000,0,0.000000000000,94,0.752000000000
1463,Cr31Zr94,125,2,"Cr,Zr",31,0.248000000000,0,0.000000000000,0,0.000000000000,94,0.752000000000
1464,Cr30Zr83,113,2,"Cr,Zr",30,0.265486725664,0,0.000000000000,0,0.000000000000,83,0.734513274336
1465,Cr31Zr94,125,2,"Cr,Zr",31,0.248000000000,0,0.000000000000,0,0.000000000000,94,0.752000000000
1466,Cr47Zr78,125,2,"Cr,Zr",47,0.376000000000,0,0.000000000000,0,0.000000000000,78,0.624000000000
1467,Cr47Zr78,125,2,"Cr,Zr",47,0.376000000000,0,0.000000000000,0,0.000000000000,78,0.624000000000
1468,Cr47Zr78,125,2,"Cr,Zr",47,0.376000000000,0,0.000000000000,0,0.000000000000,78,0.624000000000
1469,Cr47Zr78,125,2,"Cr,Zr",47,0.376000000000,0,0.000000000000,0,0.000000000000,78,0.624000000000
1470,Cr41Zr76,117,2,"Cr,Zr",41,0.350427350427,0,0.000000000000,0,0.000000000000,76,0.649572649573
1471,Cr45Zr71,116,2,"Cr,Zr",45,0.387931034483,0,0.000000000000,0,0.000000000000,71,0.612068965517
1472,Cr47Zr78,125,2,"Cr,Zr",47,0.376000000000,0,0.000000000000,0,0.000000000000,78,0.624000000000
1473,Cr16Zr109,125,2,"Cr,Zr",16,0.128000000000,0,0.000000000000,0,0.000000000000,109,0.872000000000
1474,Cr16Zr109,125,2,"Cr,Zr",16,0.128000000000,0,0.000000000000,0,0.000000000000,109,0.872000000000
1475,Cr16Zr109,125,2,"Cr,Zr",16,0.128000000000,0,0.000000000000,0,0.000000000000,109,0.872000000000
1476,Cr16Zr109,125,2,"Cr,Zr",16,0.128000000000,0,0.000000000000,0,0.000000000000,109,0.872000000000
1477,Cr16Zr109,125,2,"Cr,Zr",16,0.128000000000,0,0.000000000000,0,0.000000000000,109,0.872000000000
1478,Cr16WZr111,128,3,"Cr,W,Zr",16,0.125000000000,1,0.007812500000,0,0.000000000000,111,0.867187500000
1479,Cr16Zr109,125,2,"Cr,Zr",16,0.128000000000,0,0.000000000000,0,0.000000000000,109,0.872000000000
1480,Cr31Zr94,125,2,"Cr,Zr",31,0.248000000000,0,0.000000000000,0,0.000000000000,94,0.752000000000
1481,Cr31Zr94,125,2,"Cr,Zr",31,0.248000000000,0,0.000000000000,0,0.000000000000,94,0.752000000000
1482,Cr16Zr109,125,2,"Cr,Zr",16,0.128000000000,0,0.000000000000,0,0.000000000000,109,0.872000000000
1483,Cr16Zr103,119,2,"Cr,Zr",16,0.134453781513,0,0.000000000000,0,0.000000000000,103,0.865546218487
1484,Cr16WZr109,126,3,"Cr,W,Zr",16,0.126984126984,1,0.007936507937,0,0.000000000000,109,0.865079365079
1485,Cr13Zr101,114,2,"Cr,Zr",13,0.114035087719,0,0.000000000000,0,0.000000000000,101,0.885964912281
1486,Cr17WZr110,128,3,"Cr,W,Zr",17,0.132812500000,1,0.007812500000,0,0.000000000000,110,0.859375000000
1487,Cr16Zr109,125,2,"Cr,Zr",16,0.128000000000,0,0.000000000000,0,0.000000000000,109,0.872000000000
1488,Cr31Zr94,125,2,"Cr,Zr",31,0.248000000000,0,0.000000000000,0,0.000000000000,94,0.752000000000
1489,Cr31Zr94,125,2,"Cr,Zr",31,0.248000000000,0,0.000000000000,0,0.000000000000,94,0.752000000000
1490,Cr31Zr94,125,2,"Cr,Zr",31,0.248000000000,0,0.000000000000,0,0.000000000000,94,0.752000000000
1491,Cr31Zr94,125,2,"Cr,Zr",31,0.248000000000,0,0.000000000000,0,0.000000000000,94,0.752000000000
1492,Cr31Zr94,125,2,"Cr,Zr",31,0.248000000000,0,0.000000000000,0,0.000000000000,94,0.752000000000
1493,Cr31Zr94,125,2,"Cr,Zr",31,0.248000000000,0,0.000000000000,0,0.000000000000,94,0.752000000000
1494,Cr31Zr94,125,2,"Cr,Zr",31,0.248000000000,0,0.000000000000,0,0.000000000000,94,0.752000000000
1495,Cr28Zr89,117,2,"Cr,Zr",28,0.239316239316,0,0.000000000000,0,0.000000000000,89,0.760683760684
1496,Cr25Zr88,113,2,"Cr,Zr",25,0.221238938053,0,0.000000000000,0,0.000000000000,88,0.778761061947
1497,Cr31Zr96,127,2,"Cr,Zr",31,0.244094488189,0,0.000000000000,0,0.000000000000,96,0.755905511811
1498,Cr31WZr94,126,3,"Cr,W,Zr",31,0.246031746032,1,0.007936507937,0,0.000000000000,94,0.746031746032
1499,Cr16Zr109,125,2,"Cr,Zr",16,0.128000000000,0,0.000000000000,0,0.000000000000,109,0.872000000000
1500,Cr16Zr109,125,2,"Cr,Zr",16,0.128000000000,0,0.000000000000,0,0.000000000000,109,0.872000000000
1501,Cr16Zr109,125,2,"Cr,Zr",16,0.128000000000,0,0.000000000000,0,0.000000000000,109,0.872000000000
1502,Cr16Zr105,121,2,"Cr,Zr",16,0.132231404959,0,0.000000000000,0,0.000000000000,105,0.867768595041
1503,Cr16YZr110,127,3,"Cr,Y,Zr",16,0.125984251969,0,0.000000000000,1,0.007874015748,110,0.866141732283
1504,Cr16Zr109,125,2,"Cr,Zr",16,0.128000000000,0,0.000000000000,0,0.000000000000,109,0.872000000000
1505,Cr31Zr94,125,2,"Cr,Zr",31,0.248000000000,0,0.000000000000,0,0.000000000000,94,0.752000000000
1506,Cr31Zr94,125,2,"Cr,Zr",31,0.248000000000,0,0.000000000000,0,0.000000000000,94,0.752000000000
1507,Cr31Zr94,125,2,"Cr,Zr",31,0.248000000000,0,0.000000000000,0,0.000000000000,94,0.752000000000
1508,Cr31Zr94,125,2,"Cr,Zr",31,0.248000000000,0,0.000000000000,0,0.000000000000,94,0.752000000000
1509,Cr26Zr88,114,2,"Cr,Zr",26,0.228070175439,0,0.000000000000,0,0.000000000000,88,0.771929824561
1510,Cr28Zr90,118,2,"Cr,Zr",28,0.237288135593,0,0.000000000000,0,0.000000000000,90,0.762711864407
1511,Cr32Zr94,126,2,"Cr,Zr",32,0.253968253968,0,0.000000000000,0,0.000000000000,94,0.746031746032
1512,Cr16Zr109,125,2,"Cr,Zr",16,0.128000000000,0,0.000000000000,0,0.000000000000,109,0.872000000000
1513,Cr16Zr109,125,2,"Cr,Zr",16,0.128000000000,0,0.000000000000,0,0.000000000000,109,0.872000000000
1514,Cr16Zr98,114,2,"Cr,Zr",16,0.140350877193,0,0.000000000000,0,0.000000000000,98,0.859649122807
1515,Cr14Zr103,117,2,"Cr,Zr",14,0.119658119658,0,0.000000000000,0,0.000000000000,103,0.880341880342
1516,Cr16Zr109,125,2,"Cr,Zr",16,0.128000000000,0,0.000000000000,0,0.000000000000,109,0.872000000000
1517,Cr31Zr87,118,2,"Cr,Zr",31,0.262711864407,0,0.000000000000,0,0.000000000000,87,0.737288135593
1518,Cr31Zr94,125,2,"Cr,Zr",31,0.248000000000,0,0.000000000000,0,0.000000000000,94,0.752000000000
1519,Cr139Zr70,209,2,"Cr,Zr",139,0.665071770335,0,0.000000000000,0,0.000000000000,70,0.334928229665
1520,Cr138Zr69,207,2,"Cr,Zr",138,0.666666666667,0,0.000000000000,0,0.000000000000,69,0.333333333333
1521,Cr137Zr72,209,2,"Cr,Zr",137,0.655502392344,0,0.000000000000,0,0.000000000000,72,0.344497607656
1522,Cr133Zr70,203,2,"Cr,Zr",133,0.655172413793,0,0.000000000000,0,0.000000000000,70,0.344827586207
1523,Cr136Zr69,205,2,"Cr,Zr",136,0.663414634146,0,0.000000000000,0,0.000000000000,69,0.336585365854
1524,Cr133Zr69,202,2,"Cr,Zr",133,0.658415841584,0,0.000000000000,0,0.000000000000,69,0.341584158416
1525,Cr134Zr70,204,2,"Cr,Zr",134,0.656862745098,0,0.000000000000,0,0.000000000000,70,0.343137254902
1526,W109Y16,125,2,"W,Y",0,0.000000000000,109,0.872000000000,16,0.128000000000,0,0.000000000000
1527,W109Y16,125,2,"W,Y",0,0.000000000000,109,0.872000000000,16,0.128000000000,0,0.000000000000
1528,W109Y16,125,2,"W,Y",0,0.000000000000,109,0.872000000000,16,0.128000000000,0,0.000000000000
1529,W109Y16,125,2,"W,Y",0,0.000000000000,109,0.872000000000,16,0.128000000000,0,0.000000000000
1530,W109Y16,125,2,"W,Y",0,0.000000000000,109,0.872000000000,16,0.128000000000,0,0.000000000000
1531,W109Y16,125,2,"W,Y",0,0.000000000000,109,0.872000000000,16,0.128000000000,0,0.000000000000
1532,W109Y16,125,2,"W,Y",0,0.000000000000,109,0.872000000000,16,0.128000000000,0,0.000000000000
1533,W103Y14,117,2,"W,Y",0,0.000000000000,103,0.880341880342,14,0.119658119658,0,0.000000000000
1534,W109Y16,125,2,"W,Y",0,0.000000000000,109,0.872000000000,16,0.128000000000,0,0.000000000000
1535,Cr140Zr70,210,2,"Cr,Zr",140,0.666666666667,0,0.000000000000,0,0.000000000000,70,0.333333333333
1536,Cr16Zr109,125,2,"Cr,Zr",16,0.128000000000,0,0.000000000000,0,0.000000000000,109,0.872000000000
1537,Cr16Zr109,125,2,"Cr,Zr",16,0.128000000000,0,0.000000000000,0,0.000000000000,109,0.872000000000
1538,Cr16Zr109,125,2,"Cr,Zr",16,0.128000000000,0,0.000000000000,0,0.000000000000,109,0.872000000000
1539,W109Y16,125,2,"W,Y",0,0.000000000000,109,0.872000000000,16,0.128000000000,0,0.000000000000
1540,W98Y16,114,2,"W,Y",0,0.000000000000,98,0.859649122807,16,0.140350877193,0,0.000000000000
1541,W109Y17,126,2,"W,Y",0,0.000000000000,109,0.865079365079,17,0.134920634921,0,0.000000000000
1542,W109Y16,125,2,"W,Y",0,0.000000000000,109,0.872000000000,16,0.128000000000,0,0.000000000000
1543,W109Y16,125,2,"W,Y",0,0.000000000000,109,0.872000000000,16,0.128000000000,0,0.000000000000
1544,W109Y16Zr,126,3,"W,Y,Zr",0,0.000000000000,109,0.865079365079,16,0.126984126984,1,0.007936507937
1545,W109Y16,125,2,"W,Y",0,0.000000000000,109,0.872000000000,16,0.128000000000,0,0.000000000000
1546,W109Y16,125,2,"W,Y",0,0.000000000000,109,0.872000000000,16,0.128000000000,0,0.000000000000
1547,W109Y16,125,2,"W,Y",0,0.000000000000,109,0.872000000000,16,0.128000000000,0,0.000000000000
1548,W99Y16,115,2,"W,Y",0,0.000000000000,99,0.860869565217,16,0.139130434783,0,0.000000000000
1549,W110Y16,126,2,"W,Y",0,0.000000000000,110,0.873015873016,16,0.126984126984,0,0.000000000000
1550,W109Y16,125,2,"W,Y",0,0.000000000000,109,0.872000000000,16,0.128000000000,0,0.000000000000
1551,W109Y16,125,2,"W,Y",0,0.000000000000,109,0.872000000000,16,0.128000000000,0,0.000000000000
1552,W109Y16,125,2,"W,Y",0,0.000000000000,109,0.872000000000,16,0.128000000000,0,0.000000000000
1553,W109Y16,125,2,"W,Y",0,0.000000000000,109,0.872000000000,16,0.128000000000,0,0.000000000000
1554,W109Y16,125,2,"W,Y",0,0.000000000000,109,0.872000000000,16,0.128000000000,0,0.000000000000
1555,W109Y16,125,2,"W,Y",0,0.000000000000,109,0.872000000000,16,0.128000000000,0,0.000000000000
1556,W109Y16,125,2,"W,Y",0,0.000000000000,109,0.872000000000,16,0.128000000000,0,0.000000000000
1557,W109Y16,125,2,"W,Y",0,0.000000000000,109,0.872000000000,16,0.128000000000,0,0.000000000000
1558,W100Y15,115,2,"W,Y",0,0.000000000000,100,0.869565217391,15,0.130434782609,0,0.000000000000
1559,CrW109Y16,126,3,"Cr,W,Y",1,0.007936507937,109,0.865079365079,16,0.126984126984,0,0.000000000000
1560,W109Y16,125,2,"W,Y",0,0.000000000000,109,0.872000000000,16,0.128000000000,0,0.000000000000
1561,W109Y16,125,2,"W,Y",0,0.000000000000,109,0.872000000000,16,0.128000000000,0,0.000000000000
1562,W103Y13,116,2,"W,Y",0,0.000000000000,103,0.887931034483,13,0.112068965517,0,0.000000000000
1563,W105Y16,121,2,"W,Y",0,0.000000000000,105,0.867768595041,16,0.132231404959,0,0.000000000000
1564,CrW109Y17,127,3,"Cr,W,Y",1,0.007874015748,109,0.858267716535,17,0.133858267717,0,0.000000000000
1565,W94Y31,125,2,"W,Y",0,0.000000000000,94,0.752000000000,31,0.248000000000,0,0.000000000000
1566,W10Zr32,42,2,"W,Zr",0,0.000000000000,10,0.238095238095,0,0.000000000000,32,0.761904761905
1567,W10Zr33,43,2,"W,Zr",0,0.000000000000,10,0.232558139535,0,0.000000000000,33,0.767441860465
1568,W9Zr34,43,2,"W,Zr",0,0.000000000000,9,0.209302325581,0,0.000000000000,34,0.790697674419
1569,W9Zr33,42,2,"W,Zr",0,0.000000000000,9,0.214285714286,0,0.000000000000,33,0.785714285714
1570,W94Y31,125,2,"W,Y",0,0.000000000000,94,0.752000000000,31,0.248000000000,0,0.000000000000
1571,W94Y31,125,2,"W,Y",0,0.000000000000,94,0.752000000000,31,0.248000000000,0,0.000000000000
1572,W94Y31,125,2,"W,Y",0,0.000000000000,94,0.752000000000,31,0.248000000000,0,0.000000000000
1573,W94Y31,125,2,"W,Y",0,0.000000000000,94,0.752000000000,31,0.248000000000,0,0.000000000000
1574,W94Y31,125,2,"W,Y",0,0.000000000000,94,0.752000000000,31,0.248000000000,0,0.000000000000
1575,W94Y31,125,2,"W,Y",0,0.000000000000,94,0.752000000000,31,0.248000000000,0,0.000000000000
1576,W94Y31,125,2,"W,Y",0,0.000000000000,94,0.752000000000,31,0.248000000000,0,0.000000000000
1577,W85Y29,114,2,"W,Y",0,0.000000000000,85,0.745614035088,29,0.254385964912,0,0.000000000000
1578,W90Y26,116,2,"W,Y",0,0.000000000000,90,0.775862068966,26,0.224137931034,0,0.000000000000
1579,W94Y32,126,2,"W,Y",0,0.000000000000,94,0.746031746032,32,0.253968253968,0,0.000000000000
1580,W94Y31,125,2,"W,Y",0,0.000000000000,94,0.752000000000,31,0.248000000000,0,0.000000000000
1581,W94Y31,125,2,"W,Y",0,0.000000000000,94,0.752000000000,31,0.248000000000,0,0.000000000000
1582,W94Y31,125,2,"W,Y",0,0.000000000000,94,0.752000000000,31,0.248000000000,0,0.000000000000
1583,CrW94Y31,126,3,"Cr,W,Y",1,0.007936507937,94,0.746031746032,31,0.246031746032,0,0.000000000000
1584,W94Y31,125,2,"W,Y",0,0.000000000000,94,0.752000000000,31,0.248000000000,0,0.000000000000
1585,W94Y31,125,2,"W,Y",0,0.000000000000,94,0.752000000000,31,0.248000000000,0,0.000000000000
1586,W94Y31,125,2,"W,Y",0,0.000000000000,94,0.752000000000,31,0.248000000000,0,0.000000000000
1587,W94Y31,125,2,"W,Y",0,0.000000000000,94,0.752000000000,31,0.248000000000,0,0.000000000000
1588,W94Y31,125,2,"W,Y",0,0.000000000000,94,0.752000000000,31,0.248000000000,0,0.000000000000
1589,W83Y30,113,2,"W,Y",0,0.000000000000,83,0.734513274336,30,0.265486725664,0,0.000000000000
1590,CrW95Y31,127,3,"Cr,W,Y",1,0.007874015748,95,0.748031496063,31,0.244094488189,0,0.000000000000
1591,W10Zr33,43,2,"W,Zr",0,0.000000000000,10,0.232558139535,0,0.000000000000,33,0.767441860465
1592,W8Zr32,40,2,"W,Zr",0,0.000000000000,8,0.200000000000,0,0.000000000000,32,0.800000000000
1593,W8Zr32,40,2,"W,Zr",0,0.000000000000,8,0.200000000000,0,0.000000000000,32,0.800000000000
1594,W8Zr32,40,2,"W,Zr",0,0.000000000000,8,0.200000000000,0,0.000000000000,32,0.800000000000
1595,W8Zr32,40,2,"W,Zr",0,0.000000000000,8,0.200000000000,0,0.000000000000,32,0.800000000000
1596,W8Zr32,40,2,"W,Zr",0,0.000000000000,8,0.200000000000,0,0.000000000000,32,0.800000000000
1597,W8Zr32,40,2,"W,Zr",0,0.000000000000,8,0.200000000000,0,0.000000000000,32,0.800000000000
1598,W8Zr35,43,2,"W,Zr",0,0.000000000000,8,0.186046511628,0,0.000000000000,35,0.813953488372
1599,W9Zr34,43,2,"W,Zr",0,0.000000000000,9,0.209302325581,0,0.000000000000,34,0.790697674419
1600,W8Zr35,43,2,"W,Zr",0,0.000000000000,8,0.186046511628,0,0.000000000000,35,0.813953488372
1601,W10Zr32,42,2,"W,Zr",0,0.000000000000,10,0.238095238095,0,0.000000000000,32,0.761904761905
1602,W9Zr33,42,2,"W,Zr",0,0.000000000000,9,0.214285714286,0,0.000000000000,33,0.785714285714
1603,W94Y31,125,2,"W,Y",0,0.000000000000,94,0.752000000000,31,0.248000000000,0,0.000000000000
1604,W94Y32,126,2,"W,Y",0,0.000000000000,94,0.746031746032,32,0.253968253968,0,0.000000000000
1605,W94Y31,125,2,"W,Y",0,0.000000000000,94,0.752000000000,31,0.248000000000,0,0.000000000000
1606,W88Y28,116,2,"W,Y",0,0.000000000000,88,0.758620689655,28,0.241379310345,0,0.000000000000
1607,W94Y31,125,2,"W,Y",0,0.000000000000,94,0.752000000000,31,0.248000000000,0,0.000000000000
1608,W78Y47,125,2,"W,Y",0,0.000000000000,78,0.624000000000,47,0.376000000000,0,0.000000000000
1609,W78Y47,125,2,"W,Y",0,0.000000000000,78,0.624000000000,47,0.376000000000,0,0.000000000000
1610,W78Y47,125,2,"W,Y",0,0.000000000000,78,0.624000000000,47,0.376000000000,0,0.000000000000
1611,W78Y47,125,2,"W,Y",0,0.000000000000,78,0.624000000000,47,0.376000000000,0,0.000000000000
1612,W76Y43,119,2,"W,Y",0,0.000000000000,76,0.638655462185,43,0.361344537815,0,0.000000000000
1613,W70Y46,116,2,"W,Y",0,0.000000000000,70,0.603448275862,46,0.396551724138,0,0.000000000000
1614,W78Y48Zr,127,3,"W,Y,Zr",0,0.000000000000,78,0.614173228346,48,0.377952755906,1,0.007874015748
1615,W79Y47,126,2,"W,Y",0,0.000000000000,79,0.626984126984,47,0.373015873016,0,0.000000000000
1616,W78Y47,125,2,"W,Y",0,0.000000000000,78,0.624000000000,47,0.376000000000,0,0.000000000000
1617,W78Y47,125,2,"W,Y",0,0.000000000000,78,0.624000000000,47,0.376000000000,0,0.000000000000
1618,W78Y47,125,2,"W,Y",0,0.000000000000,78,0.624000000000,47,0.376000000000,0,0.000000000000
1619,W78Y47,125,2,"W,Y",0,0.000000000000,78,0.624000000000,47,0.376000000000,0,0.000000000000
1620,W75Y44,119,2,"W,Y",0,0.000000000000,75,0.630252100840,44,0.369747899160,0,0.000000000000
1621,W76Y46,122,2,"W,Y",0,0.000000000000,76,0.622950819672,46,0.377049180328,0,0.000000000000
1622,W79Y47,126,2,"W,Y",0,0.000000000000,79,0.626984126984,47,0.373015873016,0,0.000000000000
1623,W64Zr32,96,2,"W,Zr",0,0.000000000000,64,0.666666666667,0,0.000000000000,32,0.333333333333
1624,W71Zr34,105,2,"W,Zr",0,0.000000000000,71,0.676190476190,0,0.000000000000,34,0.323809523810
1625,W70Zr34,104,2,"W,Zr",0,0.000000000000,70,0.673076923077,0,0.000000000000,34,0.326923076923
1626,W78Y47,125,2,"W,Y",0,0.000000000000,78,0.624000000000,47,0.376000000000,0,0.000000000000
1627,W78Y47,125,2,"W,Y",0,0.000000000000,78,0.624000000000,47,0.376000000000,0,0.000000000000
1628,W78Y47,125,2,"W,Y",0,0.000000000000,78,0.624000000000,47,0.376000000000,0,0.000000000000
1629,W78Y47,125,2,"W,Y",0,0.000000000000,78,0.624000000000,47,0.376000000000,0,0.000000000000
1630,W78Y47,125,2,"W,Y",0,0.000000000000,78,0.624000000000,47,0.376000000000,0,0.000000000000
1631,W78Y47,125,2,"W,Y",0,0.000000000000,78,0.624000000000,47,0.376000000000,0,0.000000000000
1632,W78Y47,125,2,"W,Y",0,0.000000000000,78,0.624000000000,47,0.376000000000,0,0.000000000000
1633,W78Y47,125,2,"W,Y",0,0.000000000000,78,0.624000000000,47,0.376000000000,0,0.000000000000
1634,W78Y47,125,2,"W,Y",0,0.000000000000,78,0.624000000000,47,0.376000000000,0,0.000000000000
1635,W74Y42,116,2,"W,Y",0,0.000000000000,74,0.637931034483,42,0.362068965517,0,0.000000000000
1636,W72Y42,114,2,"W,Y",0,0.000000000000,72,0.631578947368,42,0.368421052632,0,0.000000000000
1637,W76Y44,120,2,"W,Y",0,0.000000000000,76,0.633333333333,44,0.366666666667,0,0.000000000000
1638,W73Y45,118,2,"W,Y",0,0.000000000000,73,0.618644067797,45,0.381355932203,0,0.000000000000
1639,CrW78Y47Zr,127,4,"Cr,W,Y,Zr",1,0.007874015748,78,0.614173228346,47,0.370078740157,1,0.007874015748
1640,W79Y47,126,2,"W,Y",0,0.000000000000,79,0.626984126984,47,0.373015873016,0,0.000000000000
1641,W78Y47,125,2,"W,Y",0,0.000000000000,78,0.624000000000,47,0.376000000000,0,0.000000000000
1642,W78Y47,125,2,"W,Y",0,0.000000000000,78,0.624000000000,47,0.376000000000,0,0.000000000000
1643,W78Y47,125,2,"W,Y",0,0.000000000000,78,0.624000000000,47,0.376000000000,0,0.000000000000
1644,W78Y47,125,2,"W,Y",0,0.000000000000,78,0.624000000000,47,0.376000000000,0,0.000000000000
1645,W78Y47,125,2,"W,Y",0,0.000000000000,78,0.624000000000,47,0.376000000000,0,0.000000000000
1646,W78Y47,125,2,"W,Y",0,0.000000000000,78,0.624000000000,47,0.376000000000,0,0.000000000000
1647,W78Y47,125,2,"W,Y",0,0.000000000000,78,0.624000000000,47,0.376000000000,0,0.000000000000
1648,W78Y47,125,2,"W,Y",0,0.000000000000,78,0.624000000000,47,0.376000000000,0,0.000000000000
1649,W78Y47,125,2,"W,Y",0,0.000000000000,78,0.624000000000,47,0.376000000000,0,0.000000000000
1650,W78Y47,125,2,"W,Y",0,0.000000000000,78,0.624000000000,47,0.376000000000,0,0.000000000000
1651,W68Y45,113,2,"W,Y",0,0.000000000000,68,0.601769911504,45,0.398230088496,0,0.000000000000
1652,W75Y47,122,2,"W,Y",0,0.000000000000,75,0.614754098361,47,0.385245901639,0,0.000000000000
1653,W71Y44,115,2,"W,Y",0,0.000000000000,71,0.617391304348,44,0.382608695652,0,0.000000000000
1654,W71Y43,114,2,"W,Y",0,0.000000000000,71,0.622807017544,43,0.377192982456,0,0.000000000000
1655,W73Y41,114,2,"W,Y",0,0.000000000000,73,0.640350877193,41,0.359649122807,0,0.000000000000
1656,W72Y43,115,2,"W,Y",0,0.000000000000,72,0.626086956522,43,0.373913043478,0,0.000000000000
1657,W78Y44,122,2,"W,Y",0,0.000000000000,78,0.639344262295,44,0.360655737705,0,0.000000000000
1658,W79Y47Zr,127,3,"W,Y,Zr",0,0.000000000000,79,0.622047244094,47,0.370078740157,1,0.007874015748
1659,W78Y47,125,2,"W,Y",0,0.000000000000,78,0.624000000000,47,0.376000000000,0,0.000000000000
1660,W66Zr39,105,2,"W,Zr",0,0.000000000000,66,0.628571428571,0,0.000000000000,39,0.371428571429
1661,W69Zr36,105,2,"W,Zr",0,0.000000000000,69,0.657142857143,0,0.000000000000,36,0.342857142857
1662,W78Y47,125,2,"W,Y",0,0.000000000000,78,0.624000000000,47,0.376000000000,0,0.000000000000
1663,W78Y47,125,2,"W,Y",0,0.000000000000,78,0.624000000000,47,0.376000000000,0,0.000000000000
1664,W78Y47,125,2,"W,Y",0,0.000000000000,78,0.624000000000,47,0.376000000000,0,0.000000000000
1665,W78Y47,125,2,"W,Y",0,0.000000000000,78,0.624000000000,47,0.376000000000,0,0.000000000000
1666,W78Y47,125,2,"W,Y",0,0.000000000000,78,0.624000000000,47,0.376000000000,0,0.000000000000
1667,W73Y43,116,2,"W,Y",0,0.000000000000,73,0.629310344828,43,0.370689655172,0,0.000000000000
1668,W72Y44,116,2,"W,Y",0,0.000000000000,72,0.620689655172,44,0.379310344828,0,0.000000000000
1669,W71Y44,115,2,"W,Y",0,0.000000000000,71,0.617391304348,44,0.382608695652,0,0.000000000000
1670,W71Y43,114,2,"W,Y",0,0.000000000000,71,0.622807017544,43,0.377192982456,0,0.000000000000
1671,W75Y47,122,2,"W,Y",0,0.000000000000,75,0.614754098361,47,0.385245901639,0,0.000000000000
1672,W78Y47Zr,126,3,"W,Y,Zr",0,0.000000000000,78,0.619047619048,47,0.373015873016,1,0.007936507937
1673,W79Y47,126,2,"W,Y",0,0.000000000000,79,0.626984126984,47,0.373015873016,0,0.000000000000
1674,W78Y47,125,2,"W,Y",0,0.000000000000,78,0.624000000000,47,0.376000000000,0,0.000000000000
1675,W71Y42,113,2,"W,Y",0,0.000000000000,71,0.628318584071,42,0.371681415929,0,0.000000000000
1676,W71Y45,116,2,"W,Y",0,0.000000000000,71,0.612068965517,45,0.387931034483,0,0.000000000000
1677,CrW79Y47Zr,128,4,"Cr,W,Y,Zr",1,0.007812500000,79,0.617187500000,47,0.367187500000,1,0.007812500000
1678,W78Y47,125,2,"W,Y",0,0.000000000000,78,0.624000000000,47,0.376000000000,0,0.000000000000
1679,W63Y62,125,2,"W,Y",0,0.000000000000,63,0.504000000000,62,0.496000000000,0,0.000000000000
1680,W78Y47,125,2,"W,Y",0,0.000000000000,78,0.624000000000,47,0.376000000000,0,0.000000000000
1681,W78Y47,125,2,"W,Y",0,0.000000000000,78,0.624000000000,47,0.376000000000,0,0.000000000000
1682,W78Y47,125,2,"W,Y",0,0.000000000000,78,0.624000000000,47,0.376000000000,0,0.000000000000
1683,W78Y47,125,2,"W,Y",0,0.000000000000,78,0.624000000000,47,0.376000000000,0,0.000000000000
1684,W78Y47,125,2,"W,Y",0,0.000000000000,78,0.624000000000,47,0.376000000000,0,0.000000000000
1685,W78Y47,125,2,"W,Y",0,0.000000000000,78,0.624000000000,47,0.376000000000,0,0.000000000000
1686,W78Y47,125,2,"W,Y",0,0.000000000000,78,0.624000000000,47,0.376000000000,0,0.000000000000
1687,W78Y47,125,2,"W,Y",0,0.000000000000,78,0.624000000000,47,0.376000000000,0,0.000000000000
1688,W73Y46,119,2,"W,Y",0,0.000000000000,73,0.613445378151,46,0.386554621849,0,0.000000000000
1689,W76Y45,121,2,"W,Y",0,0.000000000000,76,0.628099173554,45,0.371900826446,0,0.000000000000
1690,W77Y44,121,2,"W,Y",0,0.000000000000,77,0.636363636364,44,0.363636363636,0,0.000000000000
1691,W74Y44,118,2,"W,Y",0,0.000000000000,74,0.627118644068,44,0.372881355932,0,0.000000000000
1692,W78Y47,125,2,"W,Y",0,0.000000000000,78,0.624000000000,47,0.376000000000,0,0.000000000000
1693,W63Y62,125,2,"W,Y",0,0.000000000000,63,0.504000000000,62,0.496000000000,0,0.000000000000
1694,W63Y62,125,2,"W,Y",0,0.000000000000,63,0.504000000000,62,0.496000000000,0,0.000000000000
1695,W64Zr32,96,2,"W,Zr",0,0.000000000000,64,0.666666666667,0,0.000000000000,32,0.333333333333
1696,W64Zr32,96,2,"W,Zr",0,0.000000000000,64,0.666666666667,0,0.000000000000,32,0.333333333333
1697,W64Zr32,96,2,"W,Zr",0,0.000000000000,64,0.666666666667,0,0.000000000000,32,0.333333333333
1698,W64Zr32,96,2,"W,Zr",0,0.000000000000,64,0.666666666667,0,0.000000000000,32,0.333333333333
1699,W64Zr32,96,2,"W,Zr",0,0.000000000000,64,0.666666666667,0,0.000000000000,32,0.333333333333
1700,W64Zr32,96,2,"W,Zr",0,0.000000000000,64,0.666666666667,0,0.000000000000,32,0.333333333333
1701,W64Zr32,96,2,"W,Zr",0,0.000000000000,64,0.666666666667,0,0.000000000000,32,0.333333333333
1702,W63Zr28,91,2,"W,Zr",0,0.000000000000,63,0.692307692308,0,0.000000000000,28,0.307692307692
1703,W59Zr32,91,2,"W,Zr",0,0.000000000000,59,0.648351648352,0,0.000000000000,32,0.351648351648
1704,W59Zr28,87,2,"W,Zr",0,0.000000000000,59,0.678160919540,0,0.000000000000,28,0.321839080460
1705,W66Zr35,101,2,"W,Zr",0,0.000000000000,66,0.653465346535,0,0.000000000000,35,0.346534653465
1706,W67Zr34,101,2,"W,Zr",0,0.000000000000,67,0.663366336634,0,0.000000000000,34,0.336633663366
1707,W69Zr32,101,2,"W,Zr",0,0.000000000000,69,0.683168316832,0,0.000000000000,32,0.316831683168
1708,W66Zr37,103,2,"W,Zr",0,0.000000000000,66,0.640776699029,0,0.000000000000,37,0.359223300971
1709,W63Y62,125,2,"W,Y",0,0.000000000000,63,0.504000000000,62,0.496000000000,0,0.000000000000
1710,W63Y62,125,2,"W,Y",0,0.000000000000,63,0.504000000000,62,0.496000000000,0,0.000000000000
1711,W59Y55,114,2,"W,Y",0,0.000000000000,59,0.517543859649,55,0.482456140351,0,0.000000000000
1712,W64Y64Zr,129,3,"W,Y,Zr",0,0.000000000000,64,0.496124031008,64,0.496124031008,1,0.007751937984
1713,W63Y63,126,2,"W,Y",0,0.000000000000,63,0.500000000000,63,0.500000000000,0,0.000000000000
1714,W63Y62,125,2,"W,Y",0,0.000000000000,63,0.504000000000,62,0.496000000000,0,0.000000000000
1715,W63Y62,125,2,"W,Y",0,0.000000000000,63,0.504000000000,62,0.496000000000,0,0.000000000000
1716,W63Y62,125,2,"W,Y",0,0.000000000000,63,0.504000000000,62,0.496000000000,0,0.000000000000
1717,W63Y57,120,2,"W,Y",0,0.000000000000,63,0.525000000000,57,0.475000000000,0,0.000000000000
1718,W55Y60,115,2,"W,Y",0,0.000000000000,55,0.478260869565,60,0.521739130435,0,0.000000000000
1719,CrW63Y62,126,3,"Cr,W,Y",1,0.007936507937,63,0.500000000000,62,0.492063492063,0,0.000000000000
1720,W140Zr68,208,2,"W,Zr",0,0.000000000000,140,0.673076923077,0,0.000000000000,68,0.326923076923
1721,W137Zr66,203,2,"W,Zr",0,0.000000000000,137,0.674876847291,0,0.000000000000,66,0.325123152709
1722,W136Zr70,206,2,"W,Zr",0,0.000000000000,136,0.660194174757,0,0.000000000000,70,0.339805825243
1723,W62Y63,125,2,"W,Y",0,0.000000000000,62,0.496000000000,63,0.504000000000,0,0.000000000000
1724,W62Y63,125,2,"W,Y",0,0.000000000000,62,0.496000000000,63,0.504000000000,0,0.000000000000
1725,W56Y62,118,2,"W,Y",0,0.000000000000,56,0.474576271186,62,0.525423728814,0,0.000000000000
1726,W58Y56,114,2,"W,Y",0,0.000000000000,58,0.508771929825,56,0.491228070175,0,0.000000000000
1727,W62Y63,125,2,"W,Y",0,0.000000000000,62,0.496000000000,63,0.504000000000,0,0.000000000000
1728,W62Y63,125,2,"W,Y",0,0.000000000000,62,0.496000000000,63,0.504000000000,0,0.000000000000
1729,W62Y63,125,2,"W,Y",0,0.000000000000,62,0.496000000000,63,0.504000000000,0,0.000000000000
1730,W55Y59,114,2,"W,Y",0,0.000000000000,55,0.482456140351,59,0.517543859649,0,0.000000000000
1731,CrW64Y63,128,3,"Cr,W,Y",1,0.007812500000,64,0.500000000000,63,0.492187500000,0,0.000000000000
1732,W62Y63,125,2,"W,Y",0,0.000000000000,62,0.496000000000,63,0.504000000000,0,0.000000000000
1733,W9Zr34,43,2,"W,Zr",0,0.000000000000,9,0.209302325581,0,0.000000000000,34,0.790697674419
1734,W11Zr32,43,2,"W,Zr",0,0.000000000000,11,0.255813953488,0,0.000000000000,32,0.744186046512
1735,W62Y63,125,2,"W,Y",0,0.000000000000,62,0.496000000000,63,0.504000000000,0,0.000000000000
1736,W62Y63,125,2,"W,Y",0,0.000000000000,62,0.496000000000,63,0.504000000000,0,0.000000000000
1737,W62Y63,125,2,"W,Y",0,0.000000000000,62,0.496000000000,63,0.504000000000,0,0.000000000000
1738,W47Y78,125,2,"W,Y",0,0.000000000000,47,0.376000000000,78,0.624000000000,0,0.000000000000
1739,W47Y78,125,2,"W,Y",0,0.000000000000,47,0.376000000000,78,0.624000000000,0,0.000000000000
1740,W46Y70,116,2,"W,Y",0,0.000000000000,46,0.396551724138,70,0.603448275862,0,0.000000000000
1741,W43Y76,119,2,"W,Y",0,0.000000000000,43,0.361344537815,76,0.638655462185,0,0.000000000000
1742,W47Y78,125,2,"W,Y",0,0.000000000000,47,0.376000000000,78,0.624000000000,0,0.000000000000
1743,W47Y78,125,2,"W,Y",0,0.000000000000,47,0.376000000000,78,0.624000000000,0,0.000000000000
1744,W47Y78,125,2,"W,Y",0,0.000000000000,47,0.376000000000,78,0.624000000000,0,0.000000000000
1745,W43Y71,114,2,"W,Y",0,0.000000000000,43,0.377192982456,71,0.622807017544,0,0.000000000000
1746,W44Y72,116,2,"W,Y",0,0.000000000000,44,0.379310344828,72,0.620689655172,0,0.000000000000
1747,W47Y80,127,2,"W,Y",0,0.000000000000,47,0.370078740157,80,0.629921259843,0,0.000000000000
1748,W48Y78,126,2,"W,Y",0,0.000000000000,48,0.380952380952,78,0.619047619048,0,0.000000000000
1749,W47Y78,125,2,"W,Y",0,0.000000000000,47,0.376000000000,78,0.624000000000,0,0.000000000000
1750,W47Y78,125,2,"W,Y",0,0.000000000000,47,0.376000000000,78,0.624000000000,0,0.000000000000
1751,W47Y78,125,2,"W,Y",0,0.000000000000,47,0.376000000000,78,0.624000000000,0,0.000000000000
1752,W47Y78,125,2,"W,Y",0,0.000000000000,47,0.376000000000,78,0.624000000000,0,0.000000000000
1753,CrW48Y78,127,3,"Cr,W,Y",1,0.007874015748,48,0.377952755906,78,0.614173228346,0,0.000000000000
1754,W47Y78,125,2,"W,Y",0,0.000000000000,47,0.376000000000,78,0.624000000000,0,0.000000000000
1755,W47Y78,125,2,"W,Y",0,0.000000000000,47,0.376000000000,78,0.624000000000,0,0.000000000000
1756,W47Y78,125,2,"W,Y",0,0.000000000000,47,0.376000000000,78,0.624000000000,0,0.000000000000
1757,W47Y78,125,2,"W,Y",0,0.000000000000,47,0.376000000000,78,0.624000000000,0,0.000000000000
1758,W47Y78Zr2,127,3,"W,Y,Zr",0,0.000000000000,47,0.370078740157,78,0.614173228346,2,0.015748031496
1759,W47Y78,125,2,"W,Y",0,0.000000000000,47,0.376000000000,78,0.624000000000,0,0.000000000000
1760,W47Y78,125,2,"W,Y",0,0.000000000000,47,0.376000000000,78,0.624000000000,0,0.000000000000
1761,W44Y74,118,2,"W,Y",0,0.000000000000,44,0.372881355932,74,0.627118644068,0,0.000000000000
1762,W47Y78,125,2,"W,Y",0,0.000000000000,47,0.376000000000,78,0.624000000000,0,0.000000000000
1763,W32Y94,126,2,"W,Y",0,0.000000000000,32,0.253968253968,94,0.746031746032,0,0.000000000000
1764,W131Zr71,202,2,"W,Zr",0,0.000000000000,131,0.648514851485,0,0.000000000000,71,0.351485148515
1765,W31Y94,125,2,"W,Y",0,0.000000000000,31,0.248000000000,94,0.752000000000,0,0.000000000000
1766,W31Y94,125,2,"W,Y",0,0.000000000000,31,0.248000000000,94,0.752000000000,0,0.000000000000
1767,W30Y89,119,2,"W,Y",0,0.000000000000,30,0.252100840336,89,0.747899159664,0,0.000000000000
1768,W29Y85,114,2,"W,Y",0,0.000000000000,29,0.254385964912,85,0.745614035088,0,0.000000000000
1769,W26Y90,116,2,"W,Y",0,0.000000000000,26,0.224137931034,90,0.775862068966,0,0.000000000000
1770,W32Y94Zr,127,3,"W,Y,Zr",0,0.000000000000,32,0.251968503937,94,0.740157480315,1,0.007874015748
1771,W16Y109,125,2,"W,Y",0,0.000000000000,16,0.128000000000,109,0.872000000000,0,0.000000000000
1772,W16Y109,125,2,"W,Y",0,0.000000000000,16,0.128000000000,109,0.872000000000,0,0.000000000000
1773,W16Y109,125,2,"W,Y",0,0.000000000000,16,0.128000000000,109,0.872000000000,0,0.000000000000
1774,W16Y109,125,2,"W,Y",0,0.000000000000,16,0.128000000000,109,0.872000000000,0,0.000000000000
1775,W16Y109,125,2,"W,Y",0,0.000000000000,16,0.128000000000,109,0.872000000000,0,0.000000000000
1776,W15Y101,116,2,"W,Y",0,0.000000000000,15,0.129310344828,101,0.870689655172,0,0.000000000000
1777,W16Y98,114,2,"W,Y",0,0.000000000000,16,0.140350877193,98,0.859649122807,0,0.000000000000
1778,W15Y103,118,2,"W,Y",0,0.000000000000,15,0.127118644068,103,0.872881355932,0,0.000000000000
1779,W16Y109,125,2,"W,Y",0,0.000000000000,16,0.128000000000,109,0.872000000000,0,0.000000000000
1780,W16Y109,125,2,"W,Y",0,0.000000000000,16,0.128000000000,109,0.872000000000,0,0.000000000000
1781,W16Y106,122,2,"W,Y",0,0.000000000000,16,0.131147540984,106,0.868852459016,0,0.000000000000
1782,W12Y102,114,2,"W,Y",0,0.000000000000,12,0.105263157895,102,0.894736842105,0,0.000000000000
1783,W16Y111,127,2,"W,Y",0,0.000000000000,16,0.125984251969,111,0.874015748031,0,0.000000000000
1784,W31Y94,125,2,"W,Y",0,0.000000000000,31,0.248000000000,94,0.752000000000,0,0.000000000000
1785,W31Y94,125,2,"W,Y",0,0.000000000000,31,0.248000000000,94,0.752000000000,0,0.000000000000
1786,CrW32Y94,127,3,"Cr,W,Y",1,0.007874015748,32,0.251968503937,94,0.740157480315,0,0.000000000000
1787,W31Y94,125,2,"W,Y",0,0.000000000000,31,0.248000000000,94,0.752000000000,0,0.000000000000
1788,W31Y94Zr,126,3,"W,Y,Zr",0,0.000000000000,31,0.246031746032,94,0.746031746032,1,0.007936507937
1789,W40Y74,114,2,"W,Y",0,0.000000000000,40,0.350877192982,74,0.649122807018,0,0.000000000000
1790,W47Y70,117,2,"W,Y",0,0.000000000000,47,0.401709401709,70,0.598290598291,0,0.000000000000
1791,W47Y78,125,2,"W,Y",0,0.000000000000,47,0.376000000000,78,0.624000000000,0,0.000000000000
1792,W14Y100,114,2,"W,Y",0,0.000000000000,14,0.122807017544,100,0.877192982456,0,0.000000000000
1793,CrW16Y109,126,3,"Cr,W,Y",1,0.007936507937,16,0.126984126984,109,0.865079365079,0,0.000000000000
1794,W16Y109,125,2,"W,Y",0,0.000000000000,16,0.128000000000,109,0.872000000000,0,0.000000000000
1795,W16Y109,125,2,"W,Y",0,0.000000000000,16,0.128000000000,109,0.872000000000,0,0.000000000000
1796,W17Y110,127,2,"W,Y",0,0.000000000000,17,0.133858267717,110,0.866141732283,0,0.000000000000
1797,W31Y94,125,2,"W,Y",0,0.000000000000,31,0.248000000000,94,0.752000000000,0,0.000000000000
1798,W31Y94,125,2,"W,Y",0,0.000000000000,31,0.248000000000,94,0.752000000000,0,0.000000000000
1799,W28Y89,117,2,"W,Y",0,0.000000000000,28,0.239316239316,89,0.760683760684,0,0.000000000000
1800,W33Y94,127,2,"W,Y",0,0.000000000000,33,0.259842519685,94,0.740157480315,0,0.000000000000
1801,W31Y94,125,2,"W,Y",0,0.000000000000,31,0.248000000000,94,0.752000000000,0,0.000000000000
1802,W31Y94,125,2,"W,Y",0,0.000000000000,31,0.248000000000,94,0.752000000000,0,0.000000000000
1803,W27Y93,120,2,"W,Y",0,0.000000000000,27,0.225000000000,93,0.775000000000,0,0.000000000000
1804,W31Y95,126,2,"W,Y",0,0.000000000000,31,0.246031746032,95,0.753968253968,0,0.000000000000
1805,W15Y101,116,2,"W,Y",0,0.000000000000,15,0.129310344828,101,0.870689655172,0,0.000000000000
1806,W15Y98,113,2,"W,Y",0,0.000000000000,15,0.132743362832,98,0.867256637168,0,0.000000000000
1807,W16Y109,125,2,"W,Y",0,0.000000000000,16,0.128000000000,109,0.872000000000,0,0.000000000000
1808,W16Y109,125,2,"W,Y",0,0.000000000000,16,0.128000000000,109,0.872000000000,0,0.000000000000
1809,W16Y109,125,2,"W,Y",0,0.000000000000,16,0.128000000000,109,0.872000000000,0,0.000000000000
1810,W16Y109,125,2,"W,Y",0,0.000000000000,16,0.128000000000,109,0.872000000000,0,0.000000000000
1811,W16Y109,125,2,"W,Y",0,0.000000000000,16,0.128000000000,109,0.872000000000,0,0.000000000000
1812,W16Y109,125,2,"W,Y",0,0.000000000000,16,0.128000000000,109,0.872000000000,0,0.000000000000
1813,W16Y109,125,2,"W,Y",0,0.000000000000,16,0.128000000000,109,0.872000000000,0,0.000000000000
1814,W31Y94,125,2,"W,Y",0,0.000000000000,31,0.248000000000,94,0.752000000000,0,0.000000000000
1815,W31Y94,125,2,"W,Y",0,0.000000000000,31,0.248000000000,94,0.752000000000,0,0.000000000000
1816,W31Y84,115,2,"W,Y",0,0.000000000000,31,0.269565217391,84,0.730434782609,0,0.000000000000
1817,W31Y94,125,2,"W,Y",0,0.000000000000,31,0.248000000000,94,0.752000000000,0,0.000000000000
1818,W16Y109,125,2,"W,Y",0,0.000000000000,16,0.128000000000,109,0.872000000000,0,0.000000000000
1819,W16Y109,125,2,"W,Y",0,0.000000000000,16,0.128000000000,109,0.872000000000,0,0.000000000000
1820,W14Y105,119,2,"W,Y",0,0.000000000000,14,0.117647058824,105,0.882352941176,0,0.000000000000
1821,W16Y105,121,2,"W,Y",0,0.000000000000,16,0.132231404959,105,0.867768595041,0,0.000000000000
1822,W17Y109Zr,127,3,"W,Y,Zr",0,0.000000000000,17,0.133858267717,109,0.858267716535,1,0.007874015748
1823,W109Zr16,125,2,"W,Zr",0,0.000000000000,109,0.872000000000,0,0.000000000000,16,0.128000000000
1824,Cr2W109Zr16,127,3,"Cr,W,Zr",2,0.015748031496,109,0.858267716535,0,0.000000000000,16,0.125984251969
1825,W109Zr16,125,2,"W,Zr",0,0.000000000000,109,0.872000000000,0,0.000000000000,16,0.128000000000
1826,W103Zr16,119,2,"W,Zr",0,0.000000000000,103,0.865546218487,0,0.000000000000,16,0.134453781513
1827,W104Zr12,116,2,"W,Zr",0,0.000000000000,104,0.896551724138,0,0.000000000000,12,0.103448275862
1828,W111Zr16,127,2,"W,Zr",0,0.000000000000,111,0.874015748031,0,0.000000000000,16,0.125984251969
1829,W109Zr16,125,2,"W,Zr",0,0.000000000000,109,0.872000000000,0,0.000000000000,16,0.128000000000
1830,W128Zr64,192,2,"W,Zr",0,0.000000000000,128,0.666666666667,0,0.000000000000,64,0.333333333333
1831,W128Zr64,192,2,"W,Zr",0,0.000000000000,128,0.666666666667,0,0.000000000000,64,0.333333333333
1832,W128Zr64,192,2,"W,Zr",0,0.000000000000,128,0.666666666667,0,0.000000000000,64,0.333333333333
1833,W128Zr64,192,2,"W,Zr",0,0.000000000000,128,0.666666666667,0,0.000000000000,64,0.333333333333
1834,W128Zr64,192,2,"W,Zr",0,0.000000000000,128,0.666666666667,0,0.000000000000,64,0.333333333333
1835,W128Zr64,192,2,"W,Zr",0,0.000000000000,128,0.666666666667,0,0.000000000000,64,0.333333333333
1836,W128Zr64,192,2,"W,Zr",0,0.000000000000,128,0.666666666667,0,0.000000000000,64,0.333333333333
1837,W116Zr57,173,2,"W,Zr",0,0.000000000000,116,0.670520231214,0,0.000000000000,57,0.329479768786
1838,W133Zr68,201,2,"W,Zr",0,0.000000000000,133,0.661691542289,0,0.000000000000,68,0.338308457711
1839,W133Zr73,206,2,"W,Zr",0,0.000000000000,133,0.645631067961,0,0.000000000000,73,0.354368932039
1840,W109Zr16,125,2,"W,Zr",0,0.000000000000,109,0.872000000000,0,0.000000000000,16,0.128000000000
1841,W101Zr14,115,2,"W,Zr",0,0.000000000000,101,0.878260869565,0,0.000000000000,14,0.121739130435
1842,CrW109Zr16,126,3,"Cr,W,Zr",1,0.007936507937,109,0.865079365079,0,0.000000000000,16,0.126984126984
1843,W109Zr16,125,2,"W,Zr",0,0.000000000000,109,0.872000000000,0,0.000000000000,16,0.128000000000
1844,W109Zr16,125,2,"W,Zr",0,0.000000000000,109,0.872000000000,0,0.000000000000,16,0.128000000000
1845,W109Zr16,125,2,"W,Zr",0,0.000000000000,109,0.872000000000,0,0.000000000000,16,0.128000000000
1846,W109Zr16,125,2,"W,Zr",0,0.000000000000,109,0.872000000000,0,0.000000000000,16,0.128000000000
1847,W110Zr17,127,2,"W,Zr",0,0.000000000000,110,0.866141732283,0,0.000000000000,17,0.133858267717
1848,CrW109Zr16,126,3,"Cr,W,Zr",1,0.007936507937,109,0.865079365079,0,0.000000000000,16,0.126984126984
1849,W8Zr34,42,2,"W,Zr",0,0.000000000000,8,0.190476190476,0,0.000000000000,34,0.809523809524
1850,W101Zr12,113,2,"W,Zr",0,0.000000000000,101,0.893805309735,0,0.000000000000,12,0.106194690265
1851,W109Y2Zr16,127,3,"W,Y,Zr",0,0.000000000000,109,0.858267716535,2,0.015748031496,16,0.125984251969
1852,W109Zr16,125,2,"W,Zr",0,0.000000000000,109,0.872000000000,0,0.000000000000,16,0.128000000000
1853,W109Zr16,125,2,"W,Zr",0,0.000000000000,109,0.872000000000,0,0.000000000000,16,0.128000000000
1854,W109Zr16,125,2,"W,Zr",0,0.000000000000,109,0.872000000000,0,0.000000000000,16,0.128000000000
1855,W97Zr16,113,2,"W,Zr",0,0.000000000000,97,0.858407079646,0,0.000000000000,16,0.141592920354
1856,W109Y2Zr16,127,3,"W,Y,Zr",0,0.000000000000,109,0.858267716535,2,0.015748031496,16,0.125984251969
1857,W109Zr16,125,2,"W,Zr",0,0.000000000000,109,0.872000000000,0,0.000000000000,16,0.128000000000
1858,W69Zr35,104,2,"W,Zr",0,0.000000000000,69,0.663461538462,0,0.000000000000,35,0.336538461538
1859,W65Zr38,103,2,"W,Zr",0,0.000000000000,65,0.631067961165,0,0.000000000000,38,0.368932038835
1860,W94Zr31,125,2,"W,Zr",0,0.000000000000,94,0.752000000000,0,0.000000000000,31,0.248000000000
1861,W95YZr32,128,3,"W,Y,Zr",0,0.000000000000,95,0.742187500000,1,0.007812500000,32,0.250000000000
1862,W94Zr31,125,2,"W,Zr",0,0.000000000000,94,0.752000000000,0,0.000000000000,31,0.248000000000
1863,W10Zr33,43,2,"W,Zr",0,0.000000000000,10,0.232558139535,0,0.000000000000,33,0.767441860465
1864,W9Zr33,42,2,"W,Zr",0,0.000000000000,9,0.214285714286,0,0.000000000000,33,0.785714285714
1865,W94Zr31,125,2,"W,Zr",0,0.000000000000,94,0.752000000000,0,0.000000000000,31,0.248000000000
1866,W89Zr27,116,2,"W,Zr",0,0.000000000000,89,0.767241379310,0,0.000000000000,27,0.232758620690
1867,W94YZr31,126,3,"W,Y,Zr",0,0.000000000000,94,0.746031746032,1,0.007936507937,31,0.246031746032
1868,W94Zr31,125,2,"W,Zr",0,0.000000000000,94,0.752000000000,0,0.000000000000,31,0.248000000000
1869,W94Zr31,125,2,"W,Zr",0,0.000000000000,94,0.752000000000,0,0.000000000000,31,0.248000000000
1870,W94Zr31,125,2,"W,Zr",0,0.000000000000,94,0.752000000000,0,0.000000000000,31,0.248000000000
1871,W87Zr31,118,2,"W,Zr",0,0.000000000000,87,0.737288135593,0,0.000000000000,31,0.262711864407
1872,W94Zr31,125,2,"W,Zr",0,0.000000000000,94,0.752000000000,0,0.000000000000,31,0.248000000000
1873,CrW94Zr31,126,3,"Cr,W,Zr",1,0.007936507937,94,0.746031746032,0,0.000000000000,31,0.246031746032
1874,W8Zr34,42,2,"W,Zr",0,0.000000000000,8,0.190476190476,0,0.000000000000,34,0.809523809524
1875,W94Zr32,126,2,"W,Zr",0,0.000000000000,94,0.746031746032,0,0.000000000000,32,0.253968253968
1876,W94Zr31,125,2,"W,Zr",0,0.000000000000,94,0.752000000000,0,0.000000000000,31,0.248000000000
1877,W94Zr31,125,2,"W,Zr",0,0.000000000000,94,0.752000000000,0,0.000000000000,31,0.248000000000
1878,W94Zr31,125,2,"W,Zr",0,0.000000000000,94,0.752000000000,0,0.000000000000,31,0.248000000000
1879,W94Zr31,125,2,"W,Zr",0,0.000000000000,94,0.752000000000,0,0.000000000000,31,0.248000000000
1880,W94Zr31,125,2,"W,Zr",0,0.000000000000,94,0.752000000000,0,0.000000000000,31,0.248000000000
1881,W85Zr29,114,2,"W,Zr",0,0.000000000000,85,0.745614035088,0,0.000000000000,29,0.254385964912
1882,Cr2W94YZr31,128,4,"Cr,W,Y,Zr",2,0.015625000000,94,0.734375000000,1,0.007812500000,31,0.242187500000
1883,W94Zr31,125,2,"W,Zr",0,0.000000000000,94,0.752000000000,0,0.000000000000,31,0.248000000000
1884,W94Zr31,125,2,"W,Zr",0,0.000000000000,94,0.752000000000,0,0.000000000000,31,0.248000000000
1885,W88Zr25,113,2,"W,Zr",0,0.000000000000,88,0.778761061947,0,0.000000000000,25,0.221238938053
1886,W94Zr31,125,2,"W,Zr",0,0.000000000000,94,0.752000000000,0,0.000000000000,31,0.248000000000
1887,Y69Zr71,140,2,"Y,Zr",0,0.000000000000,0,0.000000000000,69,0.492857142857,71,0.507142857143
1888,W78Zr47,125,2,"W,Zr",0,0.000000000000,78,0.624000000000,0,0.000000000000,47,0.376000000000
1889,W78Zr47,125,2,"W,Zr",0,0.000000000000,78,0.624000000000,0,0.000000000000,47,0.376000000000
1890,W78Zr47,125,2,"W,Zr",0,0.000000000000,78,0.624000000000,0,0.000000000000,47,0.376000000000
1891,W78Zr47,125,2,"W,Zr",0,0.000000000000,78,0.624000000000,0,0.000000000000,47,0.376000000000
1892,W74Zr45,119,2,"W,Zr",0,0.000000000000,74,0.621848739496,0,0.000000000000,45,0.378151260504
1893,W78Zr47,125,2,"W,Zr",0,0.000000000000,78,0.624000000000,0,0.000000000000,47,0.376000000000
1894,W78Zr47,125,2,"W,Zr",0,0.000000000000,78,0.624000000000,0,0.000000000000,47,0.376000000000
1895,W78Zr47,125,2,"W,Zr",0,0.000000000000,78,0.624000000000,0,0.000000000000,47,0.376000000000
1896,W73Zr42,115,2,"W,Zr",0,0.000000000000,73,0.634782608696,0,0.000000000000,42,0.365217391304
1897,W80Zr47,127,2,"W,Zr",0,0.000000000000,80,0.629921259843,0,0.000000000000,47,0.370078740157
1898,W78Zr47,125,2,"W,Zr",0,0.000000000000,78,0.624000000000,0,0.000000000000,47,0.376000000000
1899,Y67Zr69,136,2,"Y,Zr",0,0.000000000000,0,0.000000000000,67,0.492647058824,69,0.507352941176
1900,W67Zr34,101,2,"W,Zr",0,0.000000000000,67,0.663366336634,0,0.000000000000,34,0.336633663366
1901,W68Zr35,103,2,"W,Zr",0,0.000000000000,68,0.660194174757,0,0.000000000000,35,0.339805825243
1902,W65Zr36,101,2,"W,Zr",0,0.000000000000,65,0.643564356436,0,0.000000000000,36,0.356435643564
1903,W68Zr37,105,2,"W,Zr",0,0.000000000000,68,0.647619047619,0,0.000000000000,37,0.352380952381
1904,W133Zr74,207,2,"W,Zr",0,0.000000000000,133,0.642512077295,0,0.000000000000,74,0.357487922705
1905,W160Zr96,256,2,"W,Zr",0,0.000000000000,160,0.625000000000,0,0.000000000000,96,0.375000000000
1906,W173Zr106,279,2,"W,Zr",0,0.000000000000,173,0.620071684588,0,0.000000000000,106,0.379928315412
1907,W70Zr45,115,2,"W,Zr",0,0.000000000000,70,0.608695652174,0,0.000000000000,45,0.391304347826
1908,W72Zr43,115,2,"W,Zr",0,0.000000000000,72,0.626086956522,0,0.000000000000,43,0.373913043478
1909,W78Zr47,125,2,"W,Zr",0,0.000000000000,78,0.624000000000,0,0.000000000000,47,0.376000000000
1910,W68Zr34,102,2,"W,Zr",0,0.000000000000,68,0.666666666667,0,0.000000000000,34,0.333333333333
1911,Y64Zr64,128,2,"Y,Zr",0,0.000000000000,0,0.000000000000,64,0.500000000000,64,0.500000000000
1912,Y64Zr64,128,2,"Y,Zr",0,0.000000000000,0,0.000000000000,64,0.500000000000,64,0.500000000000
1913,Y64Zr64,128,2,"Y,Zr",0,0.000000000000,0,0.000000000000,64,0.500000000000,64,0.500000000000
1914,Y64Zr64,128,2,"Y,Zr",0,0.000000000000,0,0.000000000000,64,0.500000000000,64,0.500000000000
1915,Y64Zr64,128,2,"Y,Zr",0,0.000000000000,0,0.000000000000,64,0.500000000000,64,0.500000000000
1916,Y64Zr64,128,2,"Y,Zr",0,0.000000000000,0,0.000000000000,64,0.500000000000,64,0.500000000000
1917,Y64Zr64,128,2,"Y,Zr",0,0.000000000000,0,0.000000000000,64,0.500000000000,64,0.500000000000
1918,Y64Zr64,128,2,"Y,Zr",0,0.000000000000,0,0.000000000000,64,0.500000000000,64,0.500000000000
1919,Y58Zr62,120,2,"Y,Zr",0,0.000000000000,0,0.000000000000,58,0.483333333333,62,0.516666666667
1920,Y67Zr67,134,2,"Y,Zr",0,0.000000000000,0,0.000000000000,67,0.500000000000,67,0.500000000000
1921,Y69Zr71,140,2,"Y,Zr",0,0.000000000000,0,0.000000000000,69,0.492857142857,71,0.507142857143
1922,W78Zr47,125,2,"W,Zr",0,0.000000000000,78,0.624000000000,0,0.000000000000,47,0.376000000000
1923,W78Zr47,125,2,"W,Zr",0,0.000000000000,78,0.624000000000,0,0.000000000000,47,0.376000000000
1924,W78Zr47,125,2,"W,Zr",0,0.000000000000,78,0.624000000000,0,0.000000000000,47,0.376000000000
1925,W70Zr43,113,2,"W,Zr",0,0.000000000000,70,0.619469026549,0,0.000000000000,43,0.380530973451
1926,W77Zr42,119,2,"W,Zr",0,0.000000000000,77,0.647058823529,0,0.000000000000,42,0.352941176471
1927,W78Zr48,126,2,"W,Zr",0,0.000000000000,78,0.619047619048,0,0.000000000000,48,0.380952380952
1928,W78Zr47,125,2,"W,Zr",0,0.000000000000,78,0.624000000000,0,0.000000000000,47,0.376000000000
1929,W78Zr47,125,2,"W,Zr",0,0.000000000000,78,0.624000000000,0,0.000000000000,47,0.376000000000
1930,W78Zr47,125,2,"W,Zr",0,0.000000000000,78,0.624000000000,0,0.000000000000,47,0.376000000000
1931,W74Zr47,121,2,"W,Zr",0,0.000000000000,74,0.611570247934,0,0.000000000000,47,0.388429752066
1932,W73Zr40,113,2,"W,Zr",0,0.000000000000,73,0.646017699115,0,0.000000000000,40,0.353982300885
1933,W78Y2Zr47,127,3,"W,Y,Zr",0,0.000000000000,78,0.614173228346,2,0.015748031496,47,0.370078740157
1934,W68Zr37,105,2,"W,Zr",0,0.000000000000,68,0.647619047619,0,0.000000000000,37,0.352380952381
1935,W65Zr36,101,2,"W,Zr",0,0.000000000000,65,0.643564356436,0,0.000000000000,36,0.356435643564
1936,W68Zr37,105,2,"W,Zr",0,0.000000000000,68,0.647619047619,0,0.000000000000,37,0.352380952381
1937,W67Zr36,103,2,"W,Zr",0,0.000000000000,67,0.650485436893,0,0.000000000000,36,0.349514563107
1938,W78Zr47,125,2,"W,Zr",0,0.000000000000,78,0.624000000000,0,0.000000000000,47,0.376000000000
1939,W78Zr47,125,2,"W,Zr",0,0.000000000000,78,0.624000000000,0,0.000000000000,47,0.376000000000
1940,W78Zr47,125,2,"W,Zr",0,0.000000000000,78,0.624000000000,0,0.000000000000,47,0.376000000000
1941,W78Zr47,125,2,"W,Zr",0,0.000000000000,78,0.624000000000,0,0.000000000000,47,0.376000000000
1942,W78Zr47,125,2,"W,Zr",0,0.000000000000,78,0.624000000000,0,0.000000000000,47,0.376000000000
1943,W78Zr49,127,2,"W,Zr",0,0.000000000000,78,0.614173228346,0,0.000000000000,49,0.385826771654
1944,W78YZr47,126,3,"W,Y,Zr",0,0.000000000000,78,0.619047619048,1,0.007936507937,47,0.373015873016
1945,W171Zr103,274,2,"W,Zr",0,0.000000000000,171,0.624087591241,0,0.000000000000,103,0.375912408759
1946,W138Zr71,209,2,"W,Zr",0,0.000000000000,138,0.660287081340,0,0.000000000000,71,0.339712918660
1947,Y68Zr68,136,2,"Y,Zr",0,0.000000000000,0,0.000000000000,68,0.500000000000,68,0.500000000000
1948,W63Zr62,125,2,"W,Zr",0,0.000000000000,63,0.504000000000,0,0.000000000000,62,0.496000000000
1949,W63Zr62,125,2,"W,Zr",0,0.000000000000,63,0.504000000000,0,0.000000000000,62,0.496000000000
1950,W63Zr63,126,2,"W,Zr",0,0.000000000000,63,0.500000000000,0,0.000000000000,63,0.500000000000
1951,W160Zr96,256,2,"W,Zr",0,0.000000000000,160,0.625000000000,0,0.000000000000,96,0.375000000000
1952,W160Zr96,256,2,"W,Zr",0,0.000000000000,160,0.625000000000,0,0.000000000000,96,0.375000000000
1953,W160Zr96,256,2,"W,Zr",0,0.000000000000,160,0.625000000000,0,0.000000000000,96,0.375000000000
1954,W160Zr96,256,2,"W,Zr",0,0.000000000000,160,0.625000000000,0,0.000000000000,96,0.375000000000
1955,W156Zr90,246,2,"W,Zr",0,0.000000000000,156,0.634146341463,0,0.000000000000,90,0.365853658537
1956,W141Zr90,231,2,"W,Zr",0,0.000000000000,141,0.610389610390,0,0.000000000000,90,0.389610389610
1957,W165Zr104,269,2,"W,Zr",0,0.000000000000,165,0.613382899628,0,0.000000000000,104,0.386617100372
1958,W169Zr102,271,2,"W,Zr",0,0.000000000000,169,0.623616236162,0,0.000000000000,102,0.376383763838
1959,W133Zr71,204,2,"W,Zr",0,0.000000000000,133,0.651960784314,0,0.000000000000,71,0.348039215686
1960,W63Zr62,125,2,"W,Zr",0,0.000000000000,63,0.504000000000,0,0.000000000000,62,0.496000000000
1961,W54Zr59,113,2,"W,Zr",0,0.000000000000,54,0.477876106195,0,0.000000000000,59,0.522123893805
1962,W59Zr54,113,2,"W,Zr",0,0.000000000000,59,0.522123893805,0,0.000000000000,54,0.477876106195
1963,W63Zr63,126,2,"W,Zr",0,0.000000000000,63,0.500000000000,0,0.000000000000,63,0.500000000000
1964,W63Zr62,125,2,"W,Zr",0,0.000000000000,63,0.504000000000,0,0.000000000000,62,0.496000000000
1965,W63Zr62,125,2,"W,Zr",0,0.000000000000,63,0.504000000000,0,0.000000000000,62,0.496000000000
1966,W63Zr62,125,2,"W,Zr",0,0.000000000000,63,0.504000000000,0,0.000000000000,62,0.496000000000
1967,CrW64Zr62,127,3,"Cr,W,Zr",1,0.007874015748,64,0.503937007874,0,0.000000000000,62,0.488188976378
1968,W62Zr63,125,2,"W,Zr",0,0.000000000000,62,0.496000000000,0,0.000000000000,63,0.504000000000
1969,W62Zr63,125,2,"W,Zr",0,0.000000000000,62,0.496000000000,0,0.000000000000,63,0.504000000000
1970,W62Zr63,125,2,"W,Zr",0,0.000000000000,62,0.496000000000,0,0.000000000000,63,0.504000000000
1971,W58Zr63,121,2,"W,Zr",0,0.000000000000,58,0.479338842975,0,0.000000000000,63,0.520661157025
1972,W56Zr58,114,2,"W,Zr",0,0.000000000000,56,0.491228070175,0,0.000000000000,58,0.508771929825
1973,W62Zr63,125,2,"W,Zr",0,0.000000000000,62,0.496000000000,0,0.000000000000,63,0.504000000000
1974,W135Zr74,209,2,"W,Zr",0,0.000000000000,135,0.645933014354,0,0.000000000000,74,0.354066985646
1975,W61Zr59,120,2,"W,Zr",0,0.000000000000,61,0.508333333333,0,0.000000000000,59,0.491666666667
1976,W62Zr64,126,2,"W,Zr",0,0.000000000000,62,0.492063492063,0,0.000000000000,64,0.507936507937
1977,CrW62Zr63,126,3,"Cr,W,Zr",1,0.007936507937,62,0.492063492063,0,0.000000000000,63,0.500000000000
1978,W62Zr63,125,2,"W,Zr",0,0.000000000000,62,0.496000000000,0,0.000000000000,63,0.504000000000
1979,CrW62YZr65,129,4,"Cr,W,Y,Zr",1,0.007751937984,62,0.480620155039,1,0.007751937984,65,0.503875968992
1980,W63Zr63,126,2,"W,Zr",0,0.000000000000,63,0.500000000000,0,0.000000000000,63,0.500000000000
1981,Y67Zr68,135,2,"Y,Zr",0,0.000000000000,0,0.000000000000,67,0.496296296296,68,0.503703703704
1982,W47Zr78,125,2,"W,Zr",0,0.000000000000,47,0.376000000000,0,0.000000000000,78,0.624000000000
1983,W47Zr78,125,2,"W,Zr",0,0.000000000000,47,0.376000000000,0,0.000000000000,78,0.624000000000
1984,W47Zr78,125,2,"W,Zr",0,0.000000000000,47,0.376000000000,0,0.000000000000,78,0.624000000000
1985,W47Zr70,117,2,"W,Zr",0,0.000000000000,47,0.401709401709,0,0.000000000000,70,0.598290598291
1986,W47Zr78,125,2,"W,Zr",0,0.000000000000,47,0.376000000000,0,0.000000000000,78,0.624000000000
1987,W47Zr78,125,2,"W,Zr",0,0.000000000000,47,0.376000000000,0,0.000000000000,78,0.624000000000
1988,W43Zr72,115,2,"W,Zr",0,0.000000000000,43,0.373913043478,0,0.000000000000,72,0.626086956522
1989,W47Zr78,125,2,"W,Zr",0,0.000000000000,47,0.376000000000,0,0.000000000000,78,0.624000000000
1990,W41Zr77,118,2,"W,Zr",0,0.000000000000,41,0.347457627119,0,0.000000000000,77,0.652542372881
1991,W47Zr78,125,2,"W,Zr",0,0.000000000000,47,0.376000000000,0,0.000000000000,78,0.624000000000
1992,W47Zr78,125,2,"W,Zr",0,0.000000000000,47,0.376000000000,0,0.000000000000,78,0.624000000000
1993,W47Zr78,125,2,"W,Zr",0,0.000000000000,47,0.376000000000,0,0.000000000000,78,0.624000000000
1994,W47Zr78,125,2,"W,Zr",0,0.000000000000,47,0.376000000000,0,0.000000000000,78,0.624000000000
1995,W47Zr78,125,2,"W,Zr",0,0.000000000000,47,0.376000000000,0,0.000000000000,78,0.624000000000
1996,W47Zr78,125,2,"W,Zr",0,0.000000000000,47,0.376000000000,0,0.000000000000,78,0.624000000000
1997,W47Zr79,126,2,"W,Zr",0,0.000000000000,47,0.373015873016,0,0.000000000000,79,0.626984126984
1998,W47Zr78,125,2,"W,Zr",0,0.000000000000,47,0.376000000000,0,0.000000000000,78,0.624000000000
1999,W47Zr78,125,2,"W,Zr",0,0.000000000000,47,0.376000000000,0,0.000000000000,78,0.624000000000
2000,W43Zr70,113,2,"W,Zr",0,0.000000000000,43,0.380530973451,0,0.000000000000,70,0.619469026549
2001,CrW47Zr78,126,3,"Cr,W,Zr",1,0.007936507937,47,0.373015873016,0,0.000000000000,78,0.619047619048
2002,W31Zr94,125,2,"W,Zr",0,0.000000000000,31,0.248000000000,0,0.000000000000,94,0.752000000000
2003,W30Zr88,118,2,"W,Zr",0,0.000000000000,30,0.254237288136,0,0.000000000000,88,0.745762711864
2004,W33Zr95,128,2,"W,Zr",0,0.000000000000,33,0.257812500000,0,0.000000000000,95,0.742187500000
2005,W31Zr94,125,2,"W,Zr",0,0.000000000000,31,0.248000000000,0,0.000000000000,94,0.752000000000
2006,W31Zr94,125,2,"W,Zr",0,0.000000000000,31,0.248000000000,0,0.000000000000,94,0.752000000000
2007,W31Zr94,125,2,"W,Zr",0,0.000000000000,31,0.248000000000,0,0.000000000000,94,0.752000000000
2008,W26Zr91,117,2,"W,Zr",0,0.000000000000,26,0.222222222222,0,0.000000000000,91,0.777777777778
2009,W31Zr83,114,2,"W,Zr",0,0.000000000000,31,0.271929824561,0,0.000000000000,83,0.728070175439
2010,W31Zr95,126,2,"W,Zr",0,0.000000000000,31,0.246031746032,0,0.000000000000,95,0.753968253968
2011,W41Zr75,116,2,"W,Zr",0,0.000000000000,41,0.353448275862,0,0.000000000000,75,0.646551724138
2012,W44Zr69,113,2,"W,Zr",0,0.000000000000,44,0.389380530973,0,0.000000000000,69,0.610619469027
2013,W47Zr80,127,2,"W,Zr",0,0.000000000000,47,0.370078740157,0,0.000000000000,80,0.629921259843
2014,W47YZr79,127,3,"W,Y,Zr",0,0.000000000000,47,0.370078740157,1,0.007874015748,79,0.622047244094
2015,W31Zr94,125,2,"W,Zr",0,0.000000000000,31,0.248000000000,0,0.000000000000,94,0.752000000000
2016,W31Zr94,125,2,"W,Zr",0,0.000000000000,31,0.248000000000,0,0.000000000000,94,0.752000000000
2017,W31Zr94,125,2,"W,Zr",0,0.000000000000,31,0.248000000000,0,0.000000000000,94,0.752000000000
2018,W31YZr94,126,3,"W,Y,Zr",0,0.000000000000,31,0.246031746032,1,0.007936507937,94,0.746031746032
2019,W27Zr86,113,2,"W,Zr",0,0.000000000000,27,0.238938053097,0,0.000000000000,86,0.761061946903
2020,W30Zr84,114,2,"W,Zr",0,0.000000000000,30,0.263157894737,0,0.000000000000,84,0.736842105263
2021,W31Zr96,127,2,"W,Zr",0,0.000000000000,31,0.244094488189,0,0.000000000000,96,0.755905511811
2022,W31Zr94,125,2,"W,Zr",0,0.000000000000,31,0.248000000000,0,0.000000000000,94,0.752000000000
2023,W31Zr94,125,2,"W,Zr",0,0.000000000000,31,0.248000000000,0,0.000000000000,94,0.752000000000
2024,W31Zr94,125,2,"W,Zr",0,0.000000000000,31,0.248000000000,0,0.000000000000,94,0.752000000000
2025,W31Zr94,125,2,"W,Zr",0,0.000000000000,31,0.248000000000,0,0.000000000000,94,0.752000000000
2026,W31Zr94,125,2,"W,Zr",0,0.000000000000,31,0.248000000000,0,0.000000000000,94,0.752000000000
2027,W16Zr109,125,2,"W,Zr",0,0.000000000000,16,0.128000000000,0,0.000000000000,109,0.872000000000
2028,W16Zr109,125,2,"W,Zr",0,0.000000000000,16,0.128000000000,0,0.000000000000,109,0.872000000000
2029,W16Zr104,120,2,"W,Zr",0,0.000000000000,16,0.133333333333,0,0.000000000000,104,0.866666666667
2030,W16Zr109,125,2,"W,Zr",0,0.000000000000,16,0.128000000000,0,0.000000000000,109,0.872000000000
2031,Y68Zr72,140,2,"Y,Zr",0,0.000000000000,0,0.000000000000,68,0.485714285714,72,0.514285714286
2032,W16Zr109,125,2,"W,Zr",0,0.000000000000,16,0.128000000000,0,0.000000000000,109,0.872000000000
2033,W15Zr100,115,2,"W,Zr",0,0.000000000000,15,0.130434782609,0,0.000000000000,100,0.869565217391
2034,W16YZr110,127,3,"W,Y,Zr",0,0.000000000000,16,0.125984251969,1,0.007874015748,110,0.866141732283
2035,W16Zr109,125,2,"W,Zr",0,0.000000000000,16,0.128000000000,0,0.000000000000,109,0.872000000000
2036,W16YZr110,127,3,"W,Y,Zr",0,0.000000000000,16,0.125984251969,1,0.007874015748,110,0.866141732283
2037,W171Zr103,274,2,"W,Zr",0,0.000000000000,171,0.624087591241,0,0.000000000000,103,0.375912408759
2038,W16Zr109,125,2,"W,Zr",0,0.000000000000,16,0.128000000000,0,0.000000000000,109,0.872000000000
2039,W16Zr109,125,2,"W,Zr",0,0.000000000000,16,0.128000000000,0,0.000000000000,109,0.872000000000
2040,W31Zr94,125,2,"W,Zr",0,0.000000000000,31,0.248000000000,0,0.000000000000,94,0.752000000000
2041,W31Zr94,125,2,"W,Zr",0,0.000000000000,31,0.248000000000,0,0.000000000000,94,0.752000000000
2042,W31Zr94,125,2,"W,Zr",0,0.000000000000,31,0.248000000000,0,0.000000000000,94,0.752000000000
2043,W16Zr109,125,2,"W,Zr",0,0.000000000000,16,0.128000000000,0,0.000000000000,109,0.872000000000
2044,W16Zr109,125,2,"W,Zr",0,0.000000000000,16,0.128000000000,0,0.000000000000,109,0.872000000000
2045,W16Zr109,125,2,"W,Zr",0,0.000000000000,16,0.128000000000,0,0.000000000000,109,0.872000000000
2046,W16Zr109,125,2,"W,Zr",0,0.000000000000,16,0.128000000000,0,0.000000000000,109,0.872000000000
2047,W17Zr110,127,2,"W,Zr",0,0.000000000000,17,0.133858267717,0,0.000000000000,110,0.866141732283
2048,Y66Zr69,135,2,"Y,Zr",0,0.000000000000,0,0.000000000000,66,0.488888888889,69,0.511111111111
2049,W16Zr109,125,2,"W,Zr",0,0.000000000000,16,0.128000000000,0,0.000000000000,109,0.872000000000
2050,W16Zr109,125,2,"W,Zr",0,0.000000000000,16,0.128000000000,0,0.000000000000,109,0.872000000000
2051,W16Zr109,125,2,"W,Zr",0,0.000000000000,16,0.128000000000,0,0.000000000000,109,0.872000000000
2052,W16Zr109,125,2,"W,Zr",0,0.000000000000,16,0.128000000000,0,0.000000000000,109,0.872000000000
2053,W16Zr97,113,2,"W,Zr",0,0.000000000000,16,0.141592920354,0,0.000000000000,97,0.858407079646
2054,W13Zr102,115,2,"W,Zr",0,0.000000000000,13,0.113043478261,0,0.000000000000,102,0.886956521739
2055,W16Zr110,126,2,"W,Zr",0,0.000000000000,16,0.126984126984,0,0.000000000000,110,0.873015873016
2056,Y109Zr16,125,2,"Y,Zr",0,0.000000000000,0,0.000000000000,109,0.872000000000,16,0.128000000000
2057,Y109Zr16,125,2,"Y,Zr",0,0.000000000000,0,0.000000000000,109,0.872000000000,16,0.128000000000
2058,Y109Zr16,125,2,"Y,Zr",0,0.000000000000,0,0.000000000000,109,0.872000000000,16,0.128000000000
2059,Y109Zr16,125,2,"Y,Zr",0,0.000000000000,0,0.000000000000,109,0.872000000000,16,0.128000000000
2060,Y109Zr16,125,2,"Y,Zr",0,0.000000000000,0,0.000000000000,109,0.872000000000,16,0.128000000000
2061,Y109Zr16,125,2,"Y,Zr",0,0.000000000000,0,0.000000000000,109,0.872000000000,16,0.128000000000
2062,Y109Zr16,125,2,"Y,Zr",0,0.000000000000,0,0.000000000000,109,0.872000000000,16,0.128000000000
2063,Y109Zr16,125,2,"Y,Zr",0,0.000000000000,0,0.000000000000,109,0.872000000000,16,0.128000000000
2064,Y98Zr15,113,2,"Y,Zr",0,0.000000000000,0,0.000000000000,98,0.867256637168,15,0.132743362832
2065,Y102Zr13,115,2,"Y,Zr",0,0.000000000000,0,0.000000000000,102,0.886956521739,13,0.113043478261
2066,Y107Zr14,121,2,"Y,Zr",0,0.000000000000,0,0.000000000000,107,0.884297520661,14,0.115702479339
2067,Y102Zr16,118,2,"Y,Zr",0,0.000000000000,0,0.000000000000,102,0.864406779661,16,0.135593220339
2068,Y111Zr16,127,2,"Y,Zr",0,0.000000000000,0,0.000000000000,111,0.874015748031,16,0.125984251969
2069,Y109Zr16,125,2,"Y,Zr",0,0.000000000000,0,0.000000000000,109,0.872000000000,16,0.128000000000
2070,Y109Zr16,125,2,"Y,Zr",0,0.000000000000,0,0.000000000000,109,0.872000000000,16,0.128000000000
2071,Y109Zr16,125,2,"Y,Zr",0,0.000000000000,0,0.000000000000,109,0.872000000000,16,0.128000000000
2072,Y109Zr16,125,2,"Y,Zr",0,0.000000000000,0,0.000000000000,109,0.872000000000,16,0.128000000000
2073,Y109Zr16,125,2,"Y,Zr",0,0.000000000000,0,0.000000000000,109,0.872000000000,16,0.128000000000
2074,Y106Zr16,122,2,"Y,Zr",0,0.000000000000,0,0.000000000000,106,0.868852459016,16,0.131147540984
2075,Y109Zr16,125,2,"Y,Zr",0,0.000000000000,0,0.000000000000,109,0.872000000000,16,0.128000000000
2076,Y109Zr16,125,2,"Y,Zr",0,0.000000000000,0,0.000000000000,109,0.872000000000,16,0.128000000000
2077,Y109Zr16,125,2,"Y,Zr",0,0.000000000000,0,0.000000000000,109,0.872000000000,16,0.128000000000
2078,Y109Zr16,125,2,"Y,Zr",0,0.000000000000,0,0.000000000000,109,0.872000000000,16,0.128000000000
2079,Y109Zr16,125,2,"Y,Zr",0,0.000000000000,0,0.000000000000,109,0.872000000000,16,0.128000000000
2080,Y109Zr16,125,2,"Y,Zr",0,0.000000000000,0,0.000000000000,109,0.872000000000,16,0.128000000000
2081,Y98Zr16,114,2,"Y,Zr",0,0.000000000000,0,0.000000000000,98,0.859649122807,16,0.140350877193
2082,Y105Zr14,119,2,"Y,Zr",0,0.000000000000,0,0.000000000000,105,0.882352941176,14,0.117647058824
2083,Y109Zr18,127,2,"Y,Zr",0,0.000000000000,0,0.000000000000,109,0.858267716535,18,0.141732283465
2084,Y109Zr16,125,2,"Y,Zr",0,0.000000000000,0,0.000000000000,109,0.872000000000,16,0.128000000000
2085,Y94Zr31,125,2,"Y,Zr",0,0.000000000000,0,0.000000000000,94,0.752000000000,31,0.248000000000
2086,Y94Zr31,125,2,"Y,Zr",0,0.000000000000,0,0.000000000000,94,0.752000000000,31,0.248000000000
2087,Y94Zr31,125,2,"Y,Zr",0,0.000000000000,0,0.000000000000,94,0.752000000000,31,0.248000000000
2088,Y94Zr31,125,2,"Y,Zr",0,0.000000000000,0,0.000000000000,94,0.752000000000,31,0.248000000000
2089,Y94Zr31,125,2,"Y,Zr",0,0.000000000000,0,0.000000000000,94,0.752000000000,31,0.248000000000
2090,Y94Zr31,125,2,"Y,Zr",0,0.000000000000,0,0.000000000000,94,0.752000000000,31,0.248000000000
2091,Y86Zr31,117,2,"Y,Zr",0,0.000000000000,0,0.000000000000,86,0.735042735043,31,0.264957264957
2092,CrY94Zr31,126,3,"Cr,Y,Zr",1,0.007936507937,0,0.000000000000,94,0.746031746032,31,0.246031746032
2093,Y109Zr16,125,2,"Y,Zr",0,0.000000000000,0,0.000000000000,109,0.872000000000,16,0.128000000000
2094,Y102Zr16,118,2,"Y,Zr",0,0.000000000000,0,0.000000000000,102,0.864406779661,16,0.135593220339
2095,CrY109Zr16,126,3,"Cr,Y,Zr",1,0.007936507937,0,0.000000000000,109,0.865079365079,16,0.126984126984
2096,Y94Zr31,125,2,"Y,Zr",0,0.000000000000,0,0.000000000000,94,0.752000000000,31,0.248000000000
2097,Y87Zr27,114,2,"Y,Zr",0,0.000000000000,0,0.000000000000,87,0.763157894737,27,0.236842105263
2098,Y94Zr31,125,2,"Y,Zr",0,0.000000000000,0,0.000000000000,94,0.752000000000,31,0.248000000000
2099,Y94Zr31,125,2,"Y,Zr",0,0.000000000000,0,0.000000000000,94,0.752000000000,31,0.248000000000
2100,Y94Zr31,125,2,"Y,Zr",0,0.000000000000,0,0.000000000000,94,0.752000000000,31,0.248000000000
2101,Y94Zr31,125,2,"Y,Zr",0,0.000000000000,0,0.000000000000,94,0.752000000000,31,0.248000000000
2102,Y84Zr30,114,2,"Y,Zr",0,0.000000000000,0,0.000000000000,84,0.736842105263,30,0.263157894737
2103,Y90Zr30,120,2,"Y,Zr",0,0.000000000000,0,0.000000000000,90,0.750000000000,30,0.250000000000
2104,Y94Zr31,125,2,"Y,Zr",0,0.000000000000,0,0.000000000000,94,0.752000000000,31,0.248000000000
2105,Y94Zr31,125,2,"Y,Zr",0,0.000000000000,0,0.000000000000,94,0.752000000000,31,0.248000000000
2106,Y95Zr31,126,2,"Y,Zr",0,0.000000000000,0,0.000000000000,95,0.753968253968,31,0.246031746032
2107,W170Zr101,271,2,"W,Zr",0,0.000000000000,170,0.627306273063,0,0.000000000000,101,0.372693726937
2108,Y91Zr29,120,2,"Y,Zr",0,0.000000000000,0,0.000000000000,91,0.758333333333,29,0.241666666667
2109,Y90Zr24,114,2,"Y,Zr",0,0.000000000000,0,0.000000000000,90,0.789473684211,24,0.210526315789
2110,Y94Zr31,125,2,"Y,Zr",0,0.000000000000,0,0.000000000000,94,0.752000000000,31,0.248000000000
2111,Y94Zr31,125,2,"Y,Zr",0,0.000000000000,0,0.000000000000,94,0.752000000000,31,0.248000000000
2112,Y94Zr31,125,2,"Y,Zr",0,0.000000000000,0,0.000000000000,94,0.752000000000,31,0.248000000000
2113,Y78Zr47,125,2,"Y,Zr",0,0.000000000000,0,0.000000000000,78,0.624000000000,47,0.376000000000
2114,Y78Zr47,125,2,"Y,Zr",0,0.000000000000,0,0.000000000000,78,0.624000000000,47,0.376000000000
2115,Y78Zr47,125,2,"Y,Zr",0,0.000000000000,0,0.000000000000,78,0.624000000000,47,0.376000000000
2116,Y75Zr47,122,2,"Y,Zr",0,0.000000000000,0,0.000000000000,75,0.614754098361,47,0.385245901639
2117,Y78Zr48,126,2,"Y,Zr",0,0.000000000000,0,0.000000000000,78,0.619047619048,48,0.380952380952
2118,Y78Zr47,125,2,"Y,Zr",0,0.000000000000,0,0.000000000000,78,0.624000000000,47,0.376000000000
2119,Y78Zr47,125,2,"Y,Zr",0,0.000000000000,0,0.000000000000,78,0.624000000000,47,0.376000000000
2120,Y78Zr47,125,2,"Y,Zr",0,0.000000000000,0,0.000000000000,78,0.624000000000,47,0.376000000000
2121,Y78Zr47,125,2,"Y,Zr",0,0.000000000000,0,0.000000000000,78,0.624000000000,47,0.376000000000
2122,Y78Zr47,125,2,"Y,Zr",0,0.000000000000,0,0.000000000000,78,0.624000000000,47,0.376000000000
2123,Y77Zr45,122,2,"Y,Zr",0,0.000000000000,0,0.000000000000,77,0.631147540984,45,0.368852459016
2124,Y72Zr42,114,2,"Y,Zr",0,0.000000000000,0,0.000000000000,72,0.631578947368,42,0.368421052632
2125,Y71Zr44,115,2,"Y,Zr",0,0.000000000000,0,0.000000000000,71,0.617391304348,44,0.382608695652
2126,Y73Zr40,113,2,"Y,Zr",0,0.000000000000,0,0.000000000000,73,0.646017699115,40,0.353982300885
2127,Y78Zr47,125,2,"Y,Zr",0,0.000000000000,0,0.000000000000,78,0.624000000000,47,0.376000000000
2128,Y78Zr47,125,2,"Y,Zr",0,0.000000000000,0,0.000000000000,78,0.624000000000,47,0.376000000000
2129,Y78Zr47,125,2,"Y,Zr",0,0.000000000000,0,0.000000000000,78,0.624000000000,47,0.376000000000
2130,Y78Zr47,125,2,"Y,Zr",0,0.000000000000,0,0.000000000000,78,0.624000000000,47,0.376000000000
2131,Y77Zr42,119,2,"Y,Zr",0,0.000000000000,0,0.000000000000,77,0.647058823529,42,0.352941176471
2132,Y74Zr44,118,2,"Y,Zr",0,0.000000000000,0,0.000000000000,74,0.627118644068,44,0.372881355932
2133,Y78Zr49,127,2,"Y,Zr",0,0.000000000000,0,0.000000000000,78,0.614173228346,49,0.385826771654
2134,WY79Zr47,127,3,"W,Y,Zr",0,0.000000000000,1,0.007874015748,79,0.622047244094,47,0.370078740157
2135,WY78Zr47,126,3,"W,Y,Zr",0,0.000000000000,1,0.007936507937,78,0.619047619048,47,0.373015873016
2136,W172Zr102,274,2,"W,Zr",0,0.000000000000,172,0.627737226277,0,0.000000000000,102,0.372262773723
2137,Y78Zr47,125,2,"Y,Zr",0,0.000000000000,0,0.000000000000,78,0.624000000000,47,0.376000000000
2138,Y78Zr47,125,2,"Y,Zr",0,0.000000000000,0,0.000000000000,78,0.624000000000,47,0.376000000000
2139,Y78Zr47,125,2,"Y,Zr",0,0.000000000000,0,0.000000000000,78,0.624000000000,47,0.376000000000
2140,Y78Zr47,125,2,"Y,Zr",0,0.000000000000,0,0.000000000000,78,0.624000000000,47,0.376000000000
2141,Y78Zr47,125,2,"Y,Zr",0,0.000000000000,0,0.000000000000,78,0.624000000000,47,0.376000000000
2142,Y78Zr47,125,2,"Y,Zr",0,0.000000000000,0,0.000000000000,78,0.624000000000,47,0.376000000000
2143,Y74Zr44,118,2,"Y,Zr",0,0.000000000000,0,0.000000000000,74,0.627118644068,44,0.372881355932
2144,Y76Zr44,120,2,"Y,Zr",0,0.000000000000,0,0.000000000000,76,0.633333333333,44,0.366666666667
2145,Y79Zr49,128,2,"Y,Zr",0,0.000000000000,0,0.000000000000,79,0.617187500000,49,0.382812500000
2146,Y79Zr47,126,2,"Y,Zr",0,0.000000000000,0,0.000000000000,79,0.626984126984,47,0.373015873016
2147,W169Zr106,275,2,"W,Zr",0,0.000000000000,169,0.614545454545,0,0.000000000000,106,0.385454545455
2148,Y78Zr47,125,2,"Y,Zr",0,0.000000000000,0,0.000000000000,78,0.624000000000,47,0.376000000000
2149,Y78Zr47,125,2,"Y,Zr",0,0.000000000000,0,0.000000000000,78,0.624000000000,47,0.376000000000
2150,Y71Zr44,115,2,"Y,Zr",0,0.000000000000,0,0.000000000000,71,0.617391304348,44,0.382608695652
2151,Y74Zr42,116,2,"Y,Zr",0,0.000000000000,0,0.000000000000,74,0.637931034483,42,0.362068965517
2152,Y77Zr44,121,2,"Y,Zr",0,0.000000000000,0,0.000000000000,77,0.636363636364,44,0.363636363636
2153,Y78Zr48,126,2,"Y,Zr",0,0.000000000000,0,0.000000000000,78,0.619047619048,48,0.380952380952
2154,WY78Zr47,126,3,"W,Y,Zr",0,0.000000000000,1,0.007936507937,78,0.619047619048,47,0.373015873016
2155,Y78Zr47,125,2,"Y,Zr",0,0.000000000000,0,0.000000000000,78,0.624000000000,47,0.376000000000
2156,Y78Zr47,125,2,"Y,Zr",0,0.000000000000,0,0.000000000000,78,0.624000000000,47,0.376000000000
2157,Y78Zr47,125,2,"Y,Zr",0,0.000000000000,0,0.000000000000,78,0.624000000000,47,0.376000000000
2158,Y78Zr47,125,2,"Y,Zr",0,0.000000000000,0,0.000000000000,78,0.624000000000,47,0.376000000000
2159,Y78Zr47,125,2,"Y,Zr",0,0.000000000000,0,0.000000000000,78,0.624000000000,47,0.376000000000
2160,Y71Zr42,113,2,"Y,Zr",0,0.000000000000,0,0.000000000000,71,0.628318584071,42,0.371681415929
2161,Y72Zr46,118,2,"Y,Zr",0,0.000000000000,0,0.000000000000,72,0.610169491525,46,0.389830508475
2162,Y79Zr47,126,2,"Y,Zr",0,0.000000000000,0,0.000000000000,79,0.626984126984,47,0.373015873016
2163,Y78Zr47,125,2,"Y,Zr",0,0.000000000000,0,0.000000000000,78,0.624000000000,47,0.376000000000
2164,Y78Zr47,125,2,"Y,Zr",0,0.000000000000,0,0.000000000000,78,0.624000000000,47,0.376000000000
2165,Y78Zr47,125,2,"Y,Zr",0,0.000000000000,0,0.000000000000,78,0.624000000000,47,0.376000000000
2166,Y78Zr47,125,2,"Y,Zr",0,0.000000000000,0,0.000000000000,78,0.624000000000,47,0.376000000000
2167,Y78Zr47,125,2,"Y,Zr",0,0.000000000000,0,0.000000000000,78,0.624000000000,47,0.376000000000
2168,Y78Zr47,125,2,"Y,Zr",0,0.000000000000,0,0.000000000000,78,0.624000000000,47,0.376000000000
2169,Y68Zr46,114,2,"Y,Zr",0,0.000000000000,0,0.000000000000,68,0.596491228070,46,0.403508771930
2170,Y75Zr47,122,2,"Y,Zr",0,0.000000000000,0,0.000000000000,75,0.614754098361,47,0.385245901639
2171,Y75Zr44,119,2,"Y,Zr",0,0.000000000000,0,0.000000000000,75,0.630252100840,44,0.369747899160
2172,WY78Zr48,127,3,"W,Y,Zr",0,0.000000000000,1,0.007874015748,78,0.614173228346,48,0.377952755906
2173,Y78Zr47,125,2,"Y,Zr",0,0.000000000000,0,0.000000000000,78,0.624000000000,47,0.376000000000
2174,Y63Zr62,125,2,"Y,Zr",0,0.000000000000,0,0.000000000000,63,0.504000000000,62,0.496000000000
2175,Y63Zr62,125,2,"Y,Zr",0,0.000000000000,0,0.000000000000,63,0.504000000000,62,0.496000000000
2176,Y58Zr61,119,2,"Y,Zr",0,0.000000000000,0,0.000000000000,58,0.487394957983,61,0.512605042017
2177,Y63Zr62,125,2,"Y,Zr",0,0.000000000000,0,0.000000000000,63,0.504000000000,62,0.496000000000
2178,Y63Zr62,125,2,"Y,Zr",0,0.000000000000,0,0.000000000000,63,0.504000000000,62,0.496000000000
2179,Y63Zr62,125,2,"Y,Zr",0,0.000000000000,0,0.000000000000,63,0.504000000000,62,0.496000000000
2180,Y63Zr62,125,2,"Y,Zr",0,0.000000000000,0,0.000000000000,63,0.504000000000,62,0.496000000000
2181,Y63Zr62,125,2,"Y,Zr",0,0.000000000000,0,0.000000000000,63,0.504000000000,62,0.496000000000
2182,W2Y64Zr62,128,3,"W,Y,Zr",0,0.000000000000,2,0.015625000000,64,0.500000000000,62,0.484375000000
2183,Y63Zr62,125,2,"Y,Zr",0,0.000000000000,0,0.000000000000,63,0.504000000000,62,0.496000000000
2184,Y63Zr62,125,2,"Y,Zr",0,0.000000000000,0,0.000000000000,63,0.504000000000,62,0.496000000000
2185,Y59Zr55,114,2,"Y,Zr",0,0.000000000000,0,0.000000000000,59,0.517543859649,55,0.482456140351
2186,Y63Zr62,125,2,"Y,Zr",0,0.000000000000,0,0.000000000000,63,0.504000000000,62,0.496000000000
2187,Y63Zr62,125,2,"Y,Zr",0,0.000000000000,0,0.000000000000,63,0.504000000000,62,0.496000000000
2188,Y63Zr62,125,2,"Y,Zr",0,0.000000000000,0,0.000000000000,63,0.504000000000,62,0.496000000000
2189,Y62Zr63,125,2,"Y,Zr",0,0.000000000000,0,0.000000000000,62,0.496000000000,63,0.504000000000
2190,Y62Zr63,125,2,"Y,Zr",0,0.000000000000,0,0.000000000000,62,0.496000000000,63,0.504000000000
2191,Y62Zr63,125,2,"Y,Zr",0,0.000000000000,0,0.000000000000,62,0.496000000000,63,0.504000000000
2192,Y62Zr63,125,2,"Y,Zr",0,0.000000000000,0,0.000000000000,62,0.496000000000,63,0.504000000000
2193,Y62Zr63,125,2,"Y,Zr",0,0.000000000000,0,0.000000000000,62,0.496000000000,63,0.504000000000
2194,Y62Zr63,125,2,"Y,Zr",0,0.000000000000,0,0.000000000000,62,0.496000000000,63,0.504000000000
2195,Y62Zr63,125,2,"Y,Zr",0,0.000000000000,0,0.000000000000,62,0.496000000000,63,0.504000000000
2196,Y62Zr63,125,2,"Y,Zr",0,0.000000000000,0,0.000000000000,62,0.496000000000,63,0.504000000000
2197,Y58Zr60,118,2,"Y,Zr",0,0.000000000000,0,0.000000000000,58,0.491525423729,60,0.508474576271
2198,Y62Zr63,125,2,"Y,Zr",0,0.000000000000,0,0.000000000000,62,0.496000000000,63,0.504000000000
2199,Y55Zr58,113,2,"Y,Zr",0,0.000000000000,0,0.000000000000,55,0.486725663717,58,0.513274336283
2200,Y59Zr56,115,2,"Y,Zr",0,0.000000000000,0,0.000000000000,59,0.513043478261,56,0.486956521739
2201,Y62Zr64,126,2,"Y,Zr",0,0.000000000000,0,0.000000000000,62,0.492063492063,64,0.507936507937
2202,Y47Zr78,125,2,"Y,Zr",0,0.000000000000,0,0.000000000000,47,0.376000000000,78,0.624000000000
2203,Y47Zr78,125,2,"Y,Zr",0,0.000000000000,0,0.000000000000,47,0.376000000000,78,0.624000000000
2204,Y47Zr78,125,2,"Y,Zr",0,0.000000000000,0,0.000000000000,47,0.376000000000,78,0.624000000000
2205,CrY48Zr79,128,3,"Cr,Y,Zr",1,0.007812500000,0,0.000000000000,48,0.375000000000,79,0.617187500000
2206,CrY47Zr78,126,3,"Cr,Y,Zr",1,0.007936507937,0,0.000000000000,47,0.373015873016,78,0.619047619048
2207,Y47Zr78,125,2,"Y,Zr",0,0.000000000000,0,0.000000000000,47,0.376000000000,78,0.624000000000
2208,Y47Zr78,125,2,"Y,Zr",0,0.000000000000,0,0.000000000000,47,0.376000000000,78,0.624000000000
2209,Y48Zr78,126,2,"Y,Zr",0,0.000000000000,0,0.000000000000,48,0.380952380952,78,0.619047619048
2210,Y47Zr78,125,2,"Y,Zr",0,0.000000000000,0,0.000000000000,47,0.376000000000,78,0.624000000000
2211,Y47Zr78,125,2,"Y,Zr",0,0.000000000000,0,0.000000000000,47,0.376000000000,78,0.624000000000
2212,Y47Zr78,125,2,"Y,Zr",0,0.000000000000,0,0.000000000000,47,0.376000000000,78,0.624000000000
2213,W2Y47Zr78,127,3,"W,Y,Zr",0,0.000000000000,2,0.015748031496,47,0.370078740157,78,0.614173228346
2214,Y47Zr78,125,2,"Y,Zr",0,0.000000000000,0,0.000000000000,47,0.376000000000,78,0.624000000000
2215,Y47Zr78,125,2,"Y,Zr",0,0.000000000000,0,0.000000000000,47,0.376000000000,78,0.624000000000
2216,Y47Zr78,125,2,"Y,Zr",0,0.000000000000,0,0.000000000000,47,0.376000000000,78,0.624000000000
2217,Y45Zr74,119,2,"Y,Zr",0,0.000000000000,0,0.000000000000,45,0.378151260504,74,0.621848739496
2218,Y43Zr70,113,2,"Y,Zr",0,0.000000000000,0,0.000000000000,43,0.380530973451,70,0.619469026549
2219,Y47Zr78,125,2,"Y,Zr",0,0.000000000000,0,0.000000000000,47,0.376000000000,78,0.624000000000
2220,Y47Zr78,125,2,"Y,Zr",0,0.000000000000,0,0.000000000000,47,0.376000000000,78,0.624000000000
2221,Y46Zr69,115,2,"Y,Zr",0,0.000000000000,0,0.000000000000,46,0.400000000000,69,0.600000000000
2222,W2Y47Zr80,129,3,"W,Y,Zr",0,0.000000000000,2,0.015503875969,47,0.364341085271,80,0.620155038760
2223,Y47Zr78,125,2,"Y,Zr",0,0.000000000000,0,0.000000000000,47,0.376000000000,78,0.624000000000
2224,Y47Zr78,125,2,"Y,Zr",0,0.000000000000,0,0.000000000000,47,0.376000000000,78,0.624000000000
2225,Y47Zr78,125,2,"Y,Zr",0,0.000000000000,0,0.000000000000,47,0.376000000000,78,0.624000000000
2226,Y47Zr78,125,2,"Y,Zr",0,0.000000000000,0,0.000000000000,47,0.376000000000,78,0.624000000000
2227,Y47Zr78,125,2,"Y,Zr",0,0.000000000000,0,0.000000000000,47,0.376000000000,78,0.624000000000
2228,Y47Zr78,125,2,"Y,Zr",0,0.000000000000,0,0.000000000000,47,0.376000000000,78,0.624000000000
2229,Y47Zr78,125,2,"Y,Zr",0,0.000000000000,0,0.000000000000,47,0.376000000000,78,0.624000000000
2230,Y47Zr78,125,2,"Y,Zr",0,0.000000000000,0,0.000000000000,47,0.376000000000,78,0.624000000000
2231,Y47Zr72,119,2,"Y,Zr",0,0.000000000000,0,0.000000000000,47,0.394957983193,72,0.605042016807
2232,Y41Zr74,115,2,"Y,Zr",0,0.000000000000,0,0.000000000000,41,0.356521739130,74,0.643478260870
2233,WY47Zr79,127,3,"W,Y,Zr",0,0.000000000000,1,0.007874015748,47,0.370078740157,79,0.622047244094
2234,Y47Zr78,125,2,"Y,Zr",0,0.000000000000,0,0.000000000000,47,0.376000000000,78,0.624000000000
2235,Y47Zr78,125,2,"Y,Zr",0,0.000000000000,0,0.000000000000,47,0.376000000000,78,0.624000000000
2236,Y46Zr76,122,2,"Y,Zr",0,0.000000000000,0,0.000000000000,46,0.377049180328,76,0.622950819672
2237,CrY47Zr78,126,3,"Cr,Y,Zr",1,0.007936507937,0,0.000000000000,47,0.373015873016,78,0.619047619048
2238,Y31Zr94,125,2,"Y,Zr",0,0.000000000000,0,0.000000000000,31,0.248000000000,94,0.752000000000
2239,Y31Zr94,125,2,"Y,Zr",0,0.000000000000,0,0.000000000000,31,0.248000000000,94,0.752000000000
2240,Y32Zr94,126,2,"Y,Zr",0,0.000000000000,0,0.000000000000,32,0.253968253968,94,0.746031746032
2241,Y16Zr109,125,2,"Y,Zr",0,0.000000000000,0,0.000000000000,16,0.128000000000,109,0.872000000000
2242,Y31Zr94,125,2,"Y,Zr",0,0.000000000000,0,0.000000000000,31,0.248000000000,94,0.752000000000
2243,Y31Zr94,125,2,"Y,Zr",0,0.000000000000,0,0.000000000000,31,0.248000000000,94,0.752000000000
2244,Y31Zr94,125,2,"Y,Zr",0,0.000000000000,0,0.000000000000,31,0.248000000000,94,0.752000000000
2245,Y31Zr94,125,2,"Y,Zr",0,0.000000000000,0,0.000000000000,31,0.248000000000,94,0.752000000000
2246,Y29Zr86,115,2,"Y,Zr",0,0.000000000000,0,0.000000000000,29,0.252173913043,86,0.747826086957
2247,CrY31Zr94,126,3,"Cr,Y,Zr",1,0.007936507937,0,0.000000000000,31,0.246031746032,94,0.746031746032
2248,Y28Zr91,119,2,"Y,Zr",0,0.000000000000,0,0.000000000000,28,0.235294117647,91,0.764705882353
2249,Y31Zr94,125,2,"Y,Zr",0,0.000000000000,0,0.000000000000,31,0.248000000000,94,0.752000000000
2250,Y31Zr94,125,2,"Y,Zr",0,0.000000000000,0,0.000000000000,31,0.248000000000,94,0.752000000000
2251,Y31Zr94,125,2,"Y,Zr",0,0.000000000000,0,0.000000000000,31,0.248000000000,94,0.752000000000
2252,Y31Zr94,125,2,"Y,Zr",0,0.000000000000,0,0.000000000000,31,0.248000000000,94,0.752000000000
2253,Y31Zr94,125,2,"Y,Zr",0,0.000000000000,0,0.000000000000,31,0.248000000000,94,0.752000000000
2254,Y31Zr94,125,2,"Y,Zr",0,0.000000000000,0,0.000000000000,31,0.248000000000,94,0.752000000000
2255,Y31Zr94,125,2,"Y,Zr",0,0.000000000000,0,0.000000000000,31,0.248000000000,94,0.752000000000
2256,Y31Zr94,125,2,"Y,Zr",0,0.000000000000,0,0.000000000000,31,0.248000000000,94,0.752000000000
2257,Y29Zr87,116,2,"Y,Zr",0,0.000000000000,0,0.000000000000,29,0.250000000000,87,0.750000000000
2258,Y31Zr94,125,2,"Y,Zr",0,0.000000000000,0,0.000000000000,31,0.248000000000,94,0.752000000000
2259,Y31Zr94,125,2,"Y,Zr",0,0.000000000000,0,0.000000000000,31,0.248000000000,94,0.752000000000
2260,Y31Zr94,125,2,"Y,Zr",0,0.000000000000,0,0.000000000000,31,0.248000000000,94,0.752000000000
2261,Y30Zr83,113,2,"Y,Zr",0,0.000000000000,0,0.000000000000,30,0.265486725664,83,0.734513274336
2262,Y31Zr94,125,2,"Y,Zr",0,0.000000000000,0,0.000000000000,31,0.248000000000,94,0.752000000000
2263,CrY32Zr95,128,3,"Cr,Y,Zr",1,0.007812500000,0,0.000000000000,32,0.250000000000,95,0.742187500000
2264,Y31Zr94,125,2,"Y,Zr",0,0.000000000000,0,0.000000000000,31,0.248000000000,94,0.752000000000
2265,Y31Zr94,125,2,"Y,Zr",0,0.000000000000,0,0.000000000000,31,0.248000000000,94,0.752000000000
2266,Y31Zr94,125,2,"Y,Zr",0,0.000000000000,0,0.000000000000,31,0.248000000000,94,0.752000000000
2267,CrY31Zr94,126,3,"Cr,Y,Zr",1,0.007936507937,0,0.000000000000,31,0.246031746032,94,0.746031746032
2268,Y16Zr109,125,2,"Y,Zr",0,0.000000000000,0,0.000000000000,16,0.128000000000,109,0.872000000000
2269,Y16Zr110,126,2,"Y,Zr",0,0.000000000000,0,0.000000000000,16,0.126984126984,110,0.873015873016
2270,Y16Zr109,125,2,"Y,Zr",0,0.000000000000,0,0.000000000000,16,0.128000000000,109,0.872000000000
2271,Y14Zr101,115,2,"Y,Zr",0,0.000000000000,0,0.000000000000,14,0.121739130435,101,0.878260869565
2272,Y17Zr109,126,2,"Y,Zr",0,0.000000000000,0,0.000000000000,17,0.134920634921,109,0.865079365079
2273,Cr94W16Y15,125,3,"Cr,W,Y",94,0.752000000000,16,0.128000000000,15,0.120000000000,0,0.000000000000
2274,Cr94W16Y15,125,3,"Cr,W,Y",94,0.752000000000,16,0.128000000000,15,0.120000000000,0,0.000000000000
2275,Cr82W16Y15,113,3,"Cr,W,Y",82,0.725663716814,16,0.141592920354,15,0.132743362832,0,0.000000000000
2276,Cr94W16Y15Zr,126,4,"Cr,W,Y,Zr",94,0.746031746032,16,0.126984126984,15,0.119047619048,1,0.007936507937
2277,Y16Zr109,125,2,"Y,Zr",0,0.000000000000,0,0.000000000000,16,0.128000000000,109,0.872000000000
2278,Y16Zr109,125,2,"Y,Zr",0,0.000000000000,0,0.000000000000,16,0.128000000000,109,0.872000000000
2279,Y14Zr102,116,2,"Y,Zr",0,0.000000000000,0,0.000000000000,14,0.120689655172,102,0.879310344828
2280,Y16Zr109,125,2,"Y,Zr",0,0.000000000000,0,0.000000000000,16,0.128000000000,109,0.872000000000
2281,Y16Zr109,125,2,"Y,Zr",0,0.000000000000,0,0.000000000000,16,0.128000000000,109,0.872000000000
2282,Y16Zr109,125,2,"Y,Zr",0,0.000000000000,0,0.000000000000,16,0.128000000000,109,0.872000000000
2283,Y16Zr109,125,2,"Y,Zr",0,0.000000000000,0,0.000000000000,16,0.128000000000,109,0.872000000000
2284,Y16Zr109,125,2,"Y,Zr",0,0.000000000000,0,0.000000000000,16,0.128000000000,109,0.872000000000
2285,Y16Zr109,125,2,"Y,Zr",0,0.000000000000,0,0.000000000000,16,0.128000000000,109,0.872000000000
2286,Y16Zr109,125,2,"Y,Zr",0,0.000000000000,0,0.000000000000,16,0.128000000000,109,0.872000000000
2287,Y16Zr109,125,2,"Y,Zr",0,0.000000000000,0,0.000000000000,16,0.128000000000,109,0.872000000000
2288,Y16Zr103,119,2,"Y,Zr",0,0.000000000000,0,0.000000000000,16,0.134453781513,103,0.865546218487
2289,Y16Zr110,126,2,"Y,Zr",0,0.000000000000,0,0.000000000000,16,0.126984126984,110,0.873015873016
2290,W2Y16Zr109,127,3,"W,Y,Zr",0,0.000000000000,2,0.015748031496,16,0.125984251969,109,0.858267716535
2291,Y16Zr109,125,2,"Y,Zr",0,0.000000000000,0,0.000000000000,16,0.128000000000,109,0.872000000000
2292,Y16Zr109,125,2,"Y,Zr",0,0.000000000000,0,0.000000000000,16,0.128000000000,109,0.872000000000
2293,Y16Zr109,125,2,"Y,Zr",0,0.000000000000,0,0.000000000000,16,0.128000000000,109,0.872000000000
2294,Y16Zr109,125,2,"Y,Zr",0,0.000000000000,0,0.000000000000,16,0.128000000000,109,0.872000000000
2295,Y16Zr109,125,2,"Y,Zr",0,0.000000000000,0,0.000000000000,16,0.128000000000,109,0.872000000000
2296,Y16Zr109,125,2,"Y,Zr",0,0.000000000000,0,0.000000000000,16,0.128000000000,109,0.872000000000
2297,Y16Zr109,125,2,"Y,Zr",0,0.000000000000,0,0.000000000000,16,0.128000000000,109,0.872000000000
2298,Y16Zr105,121,2,"Y,Zr",0,0.000000000000,0,0.000000000000,16,0.132231404959,105,0.867768595041
2299,CrY16Zr111,128,3,"Cr,Y,Zr",1,0.007812500000,0,0.000000000000,16,0.125000000000,111,0.867187500000
2300,Y16Zr109,125,2,"Y,Zr",0,0.000000000000,0,0.000000000000,16,0.128000000000,109,0.872000000000
2301,Y16Zr109,125,2,"Y,Zr",0,0.000000000000,0,0.000000000000,16,0.128000000000,109,0.872000000000
2302,Y16Zr109,125,2,"Y,Zr",0,0.000000000000,0,0.000000000000,16,0.128000000000,109,0.872000000000
2303,Y16Zr97,113,2,"Y,Zr",0,0.000000000000,0,0.000000000000,16,0.141592920354,97,0.858407079646
2304,W2Y16Zr110,128,3,"W,Y,Zr",0,0.000000000000,2,0.015625000000,16,0.125000000000,110,0.859375000000
2305,Y16Zr109,125,2,"Y,Zr",0,0.000000000000,0,0.000000000000,16,0.128000000000,109,0.872000000000
2306,Cr94W16Y15,125,3,"Cr,W,Y",94,0.752000000000,16,0.128000000000,15,0.120000000000,0,0.000000000000
2307,Cr94W16Y15,125,3,"Cr,W,Y",94,0.752000000000,16,0.128000000000,15,0.120000000000,0,0.000000000000
2308,Cr94W16Y15,125,3,"Cr,W,Y",94,0.752000000000,16,0.128000000000,15,0.120000000000,0,0.000000000000
2309,Cr94W16Y15,125,3,"Cr,W,Y",94,0.752000000000,16,0.128000000000,15,0.120000000000,0,0.000000000000
2310,Cr94W16Y15,125,3,"Cr,W,Y",94,0.752000000000,16,0.128000000000,15,0.120000000000,0,0.000000000000
2311,Cr94W16Y15,125,3,"Cr,W,Y",94,0.752000000000,16,0.128000000000,15,0.120000000000,0,0.000000000000
2312,Cr94W16Y15,125,3,"Cr,W,Y",94,0.752000000000,16,0.128000000000,15,0.120000000000,0,0.000000000000
2313,Cr94W16Y15,125,3,"Cr,W,Y",94,0.752000000000,16,0.128000000000,15,0.120000000000,0,0.000000000000
2314,Cr89W16Y13,118,3,"Cr,W,Y",89,0.754237288136,16,0.135593220339,13,0.110169491525,0,0.000000000000
2315,Cr94W17Y15Zr2,128,4,"Cr,W,Y,Zr",94,0.734375000000,17,0.132812500000,15,0.117187500000,2,0.015625000000
2316,Cr94W16Y15,125,3,"Cr,W,Y",94,0.752000000000,16,0.128000000000,15,0.120000000000,0,0.000000000000
2317,Cr94W16Y15,125,3,"Cr,W,Y",94,0.752000000000,16,0.128000000000,15,0.120000000000,0,0.000000000000
2318,Cr94W16Y15,125,3,"Cr,W,Y",94,0.752000000000,16,0.128000000000,15,0.120000000000,0,0.000000000000
2319,Cr94W16Y15,125,3,"Cr,W,Y",94,0.752000000000,16,0.128000000000,15,0.120000000000,0,0.000000000000
2320,Cr94W16Y15,125,3,"Cr,W,Y",94,0.752000000000,16,0.128000000000,15,0.120000000000,0,0.000000000000
2321,Cr94W16Y15Zr,126,4,"Cr,W,Y,Zr",94,0.746031746032,16,0.126984126984,15,0.119047619048,1,0.007936507937
2322,Cr94W16Y15,125,3,"Cr,W,Y",94,0.752000000000,16,0.128000000000,15,0.120000000000,0,0.000000000000
2323,Cr94W16Y15,125,3,"Cr,W,Y",94,0.752000000000,16,0.128000000000,15,0.120000000000,0,0.000000000000
2324,Cr94W16Y15,125,3,"Cr,W,Y",94,0.752000000000,16,0.128000000000,15,0.120000000000,0,0.000000000000
2325,Cr94W16Y15,125,3,"Cr,W,Y",94,0.752000000000,16,0.128000000000,15,0.120000000000,0,0.000000000000
2326,Cr88W16Y11,115,3,"Cr,W,Y",88,0.765217391304,16,0.139130434783,11,0.095652173913,0,0.000000000000
2327,Cr94W16Y15,125,3,"Cr,W,Y",94,0.752000000000,16,0.128000000000,15,0.120000000000,0,0.000000000000
2328,Cr94W16Y15,125,3,"Cr,W,Y",94,0.752000000000,16,0.128000000000,15,0.120000000000,0,0.000000000000
2329,Cr83W15Y15,113,3,"Cr,W,Y",83,0.734513274336,15,0.132743362832,15,0.132743362832,0,0.000000000000
2330,Cr94W16Y15,125,3,"Cr,W,Y",94,0.752000000000,16,0.128000000000,15,0.120000000000,0,0.000000000000
2331,Cr78W16Y31,125,3,"Cr,W,Y",78,0.624000000000,16,0.128000000000,31,0.248000000000,0,0.000000000000
2332,Cr78W16Y31,125,3,"Cr,W,Y",78,0.624000000000,16,0.128000000000,31,0.248000000000,0,0.000000000000
2333,Cr78W16Y31,125,3,"Cr,W,Y",78,0.624000000000,16,0.128000000000,31,0.248000000000,0,0.000000000000
2334,Cr78W16Y31,125,3,"Cr,W,Y",78,0.624000000000,16,0.128000000000,31,0.248000000000,0,0.000000000000
2335,Cr78W16Y31,125,3,"Cr,W,Y",78,0.624000000000,16,0.128000000000,31,0.248000000000,0,0.000000000000
2336,Cr78W16Y31,125,3,"Cr,W,Y",78,0.624000000000,16,0.128000000000,31,0.248000000000,0,0.000000000000
2337,Cr78W16Y31,125,3,"Cr,W,Y",78,0.624000000000,16,0.128000000000,31,0.248000000000,0,0.000000000000
2338,Cr78W16Y31,125,3,"Cr,W,Y",78,0.624000000000,16,0.128000000000,31,0.248000000000,0,0.000000000000
2339,Cr78W16Y31,125,3,"Cr,W,Y",78,0.624000000000,16,0.128000000000,31,0.248000000000,0,0.000000000000
2340,Cr78W16Y31,125,3,"Cr,W,Y",78,0.624000000000,16,0.128000000000,31,0.248000000000,0,0.000000000000
2341,Cr78W16Y31,125,3,"Cr,W,Y",78,0.624000000000,16,0.128000000000,31,0.248000000000,0,0.000000000000
2342,Cr67W15Y31,113,3,"Cr,W,Y",67,0.592920353982,15,0.132743362832,31,0.274336283186,0,0.000000000000
2343,Cr78W16Y31,125,3,"Cr,W,Y",78,0.624000000000,16,0.128000000000,31,0.248000000000,0,0.000000000000
2344,Cr71W14Y29,114,3,"Cr,W,Y",71,0.622807017544,14,0.122807017544,29,0.254385964912,0,0.000000000000
2345,Cr74W16Y28,118,3,"Cr,W,Y",74,0.627118644068,16,0.135593220339,28,0.237288135593,0,0.000000000000
2346,Cr78W16Y31,125,3,"Cr,W,Y",78,0.624000000000,16,0.128000000000,31,0.248000000000,0,0.000000000000
2347,Cr78W16Y31,125,3,"Cr,W,Y",78,0.624000000000,16,0.128000000000,31,0.248000000000,0,0.000000000000
2348,Cr78W16Y31,125,3,"Cr,W,Y",78,0.624000000000,16,0.128000000000,31,0.248000000000,0,0.000000000000
2349,Cr78W16Y31,125,3,"Cr,W,Y",78,0.624000000000,16,0.128000000000,31,0.248000000000,0,0.000000000000
2350,Cr73W13Y31,117,3,"Cr,W,Y",73,0.623931623932,13,0.111111111111,31,0.264957264957,0,0.000000000000
2351,Cr78W16Y31,125,3,"Cr,W,Y",78,0.624000000000,16,0.128000000000,31,0.248000000000,0,0.000000000000
2352,Cr78W16Y31,125,3,"Cr,W,Y",78,0.624000000000,16,0.128000000000,31,0.248000000000,0,0.000000000000
2353,Cr78W16Y31,125,3,"Cr,W,Y",78,0.624000000000,16,0.128000000000,31,0.248000000000,0,0.000000000000
2354,Cr78W16Y31,125,3,"Cr,W,Y",78,0.624000000000,16,0.128000000000,31,0.248000000000,0,0.000000000000
2355,Cr78W16Y31,125,3,"Cr,W,Y",78,0.624000000000,16,0.128000000000,31,0.248000000000,0,0.000000000000
2356,Cr78W16Y31,125,3,"Cr,W,Y",78,0.624000000000,16,0.128000000000,31,0.248000000000,0,0.000000000000
2357,Cr78W16Y31,125,3,"Cr,W,Y",78,0.624000000000,16,0.128000000000,31,0.248000000000,0,0.000000000000
2358,Cr78W16Y31,125,3,"Cr,W,Y",78,0.624000000000,16,0.128000000000,31,0.248000000000,0,0.000000000000
2359,Cr73W11Y29,113,3,"Cr,W,Y",73,0.646017699115,11,0.097345132743,29,0.256637168142,0,0.000000000000
2360,Cr79W17Y31,127,3,"Cr,W,Y",79,0.622047244094,17,0.133858267717,31,0.244094488189,0,0.000000000000
2361,Cr78W16Y31,125,3,"Cr,W,Y",78,0.624000000000,16,0.128000000000,31,0.248000000000,0,0.000000000000
2362,Cr78W16Y31,125,3,"Cr,W,Y",78,0.624000000000,16,0.128000000000,31,0.248000000000,0,0.000000000000
2363,Cr78W16Y31,125,3,"Cr,W,Y",78,0.624000000000,16,0.128000000000,31,0.248000000000,0,0.000000000000
2364,Cr78W16Y31,125,3,"Cr,W,Y",78,0.624000000000,16,0.128000000000,31,0.248000000000,0,0.000000000000
2365,Cr68W16Y30,114,3,"Cr,W,Y",68,0.596491228070,16,0.140350877193,30,0.263157894737,0,0.000000000000
2366,Cr78W16Y31,125,3,"Cr,W,Y",78,0.624000000000,16,0.128000000000,31,0.248000000000,0,0.000000000000
2367,Cr62W16Y47,125,3,"Cr,W,Y",62,0.496000000000,16,0.128000000000,47,0.376000000000,0,0.000000000000
2368,Cr62W16Y47,125,3,"Cr,W,Y",62,0.496000000000,16,0.128000000000,47,0.376000000000,0,0.000000000000
2369,Cr62W16Y47,125,3,"Cr,W,Y",62,0.496000000000,16,0.128000000000,47,0.376000000000,0,0.000000000000
2370,Cr62W16Y47,125,3,"Cr,W,Y",62,0.496000000000,16,0.128000000000,47,0.376000000000,0,0.000000000000
2371,Cr59W16Y40,115,3,"Cr,W,Y",59,0.513043478261,16,0.139130434783,40,0.347826086957,0,0.000000000000
2372,Cr53W15Y45,113,3,"Cr,W,Y",53,0.469026548673,15,0.132743362832,45,0.398230088496,0,0.000000000000
2373,Cr62W16Y47,125,3,"Cr,W,Y",62,0.496000000000,16,0.128000000000,47,0.376000000000,0,0.000000000000
2374,Cr62W16Y47,125,3,"Cr,W,Y",62,0.496000000000,16,0.128000000000,47,0.376000000000,0,0.000000000000
2375,Cr62W16Y47,125,3,"Cr,W,Y",62,0.496000000000,16,0.128000000000,47,0.376000000000,0,0.000000000000
2376,Cr57W16Y46,119,3,"Cr,W,Y",57,0.478991596639,16,0.134453781513,46,0.386554621849,0,0.000000000000
2377,Cr62W16Y47,125,3,"Cr,W,Y",62,0.496000000000,16,0.128000000000,47,0.376000000000,0,0.000000000000
2378,Cr78W16Y31,125,3,"Cr,W,Y",78,0.624000000000,16,0.128000000000,31,0.248000000000,0,0.000000000000
2379,Cr78W16Y31,125,3,"Cr,W,Y",78,0.624000000000,16,0.128000000000,31,0.248000000000,0,0.000000000000
2380,Cr78W16Y31,125,3,"Cr,W,Y",78,0.624000000000,16,0.128000000000,31,0.248000000000,0,0.000000000000
2381,Cr78W16Y31,125,3,"Cr,W,Y",78,0.624000000000,16,0.128000000000,31,0.248000000000,0,0.000000000000
2382,Cr78W16Y31,125,3,"Cr,W,Y",78,0.624000000000,16,0.128000000000,31,0.248000000000,0,0.000000000000
2383,Cr75W16Y27,118,3,"Cr,W,Y",75,0.635593220339,16,0.135593220339,27,0.228813559322,0,0.000000000000
2384,Cr75W13Y28,116,3,"Cr,W,Y",75,0.646551724138,13,0.112068965517,28,0.241379310345,0,0.000000000000
2385,Cr72W13Y28,113,3,"Cr,W,Y",72,0.637168141593,13,0.115044247788,28,0.247787610619,0,0.000000000000
2386,Cr78W16Y31,125,3,"Cr,W,Y",78,0.624000000000,16,0.128000000000,31,0.248000000000,0,0.000000000000
2387,Cr62W16Y47,125,3,"Cr,W,Y",62,0.496000000000,16,0.128000000000,47,0.376000000000,0,0.000000000000
2388,Cr62W16Y47,125,3,"Cr,W,Y",62,0.496000000000,16,0.128000000000,47,0.376000000000,0,0.000000000000
2389,Cr62W16Y47,125,3,"Cr,W,Y",62,0.496000000000,16,0.128000000000,47,0.376000000000,0,0.000000000000
2390,Cr62W17Y47,126,3,"Cr,W,Y",62,0.492063492063,17,0.134920634921,47,0.373015873016,0,0.000000000000
2391,Cr62W16Y47,125,3,"Cr,W,Y",62,0.496000000000,16,0.128000000000,47,0.376000000000,0,0.000000000000
2392,Cr62W16Y47,125,3,"Cr,W,Y",62,0.496000000000,16,0.128000000000,47,0.376000000000,0,0.000000000000
2393,Cr62W16Y47,125,3,"Cr,W,Y",62,0.496000000000,16,0.128000000000,47,0.376000000000,0,0.000000000000
2394,Cr62W16Y47,125,3,"Cr,W,Y",62,0.496000000000,16,0.128000000000,47,0.376000000000,0,0.000000000000
2395,Cr62W16Y47,125,3,"Cr,W,Y",62,0.496000000000,16,0.128000000000,47,0.376000000000,0,0.000000000000
2396,Cr62W16Y47,125,3,"Cr,W,Y",62,0.496000000000,16,0.128000000000,47,0.376000000000,0,0.000000000000
2397,Cr57W16Y44,117,3,"Cr,W,Y",57,0.487179487179,16,0.136752136752,44,0.376068376068,0,0.000000000000
2398,Cr57W12Y44,113,3,"Cr,W,Y",57,0.504424778761,12,0.106194690265,44,0.389380530973,0,0.000000000000
2399,Cr62W16Y47,125,3,"Cr,W,Y",62,0.496000000000,16,0.128000000000,47,0.376000000000,0,0.000000000000
2400,Cr47W16Y62,125,3,"Cr,W,Y",47,0.376000000000,16,0.128000000000,62,0.496000000000,0,0.000000000000
2401,Cr47W16Y62,125,3,"Cr,W,Y",47,0.376000000000,16,0.128000000000,62,0.496000000000,0,0.000000000000
2402,Cr47W16Y62,125,3,"Cr,W,Y",47,0.376000000000,16,0.128000000000,62,0.496000000000,0,0.000000000000
2403,Cr47W16Y62,125,3,"Cr,W,Y",47,0.376000000000,16,0.128000000000,62,0.496000000000,0,0.000000000000
2404,Cr47W16Y62,125,3,"Cr,W,Y",47,0.376000000000,16,0.128000000000,62,0.496000000000,0,0.000000000000
2405,Cr43W14Y62,119,3,"Cr,W,Y",43,0.361344537815,14,0.117647058824,62,0.521008403361,0,0.000000000000
2406,Cr42W15Y60,117,3,"Cr,W,Y",42,0.358974358974,15,0.128205128205,60,0.512820512821,0,0.000000000000
2407,Cr47W16Y62,125,3,"Cr,W,Y",47,0.376000000000,16,0.128000000000,62,0.496000000000,0,0.000000000000
2408,Cr62W16Y47,125,3,"Cr,W,Y",62,0.496000000000,16,0.128000000000,47,0.376000000000,0,0.000000000000
2409,Cr60W16Y40,116,3,"Cr,W,Y",60,0.517241379310,16,0.137931034483,40,0.344827586207,0,0.000000000000
2410,Cr62W16Y47,125,3,"Cr,W,Y",62,0.496000000000,16,0.128000000000,47,0.376000000000,0,0.000000000000
2411,Cr47W16Y62,125,3,"Cr,W,Y",47,0.376000000000,16,0.128000000000,62,0.496000000000,0,0.000000000000
2412,Cr42W15Y58,115,3,"Cr,W,Y",42,0.365217391304,15,0.130434782609,58,0.504347826087,0,0.000000000000
2413,Cr46W16Y59,121,3,"Cr,W,Y",46,0.380165289256,16,0.132231404959,59,0.487603305785,0,0.000000000000
2414,Cr47W17Y62,126,3,"Cr,W,Y",47,0.373015873016,17,0.134920634921,62,0.492063492063,0,0.000000000000
2415,Cr62W16Y47,125,3,"Cr,W,Y",62,0.496000000000,16,0.128000000000,47,0.376000000000,0,0.000000000000
2416,Cr62W16Y47,125,3,"Cr,W,Y",62,0.496000000000,16,0.128000000000,47,0.376000000000,0,0.000000000000
2417,Cr62W16Y47,125,3,"Cr,W,Y",62,0.496000000000,16,0.128000000000,47,0.376000000000,0,0.000000000000
2418,Cr62W16Y47,125,3,"Cr,W,Y",62,0.496000000000,16,0.128000000000,47,0.376000000000,0,0.000000000000
2419,Cr59W12Y42,113,3,"Cr,W,Y",59,0.522123893805,12,0.106194690265,42,0.371681415929,0,0.000000000000
2420,Cr53W16Y45,114,3,"Cr,W,Y",53,0.464912280702,16,0.140350877193,45,0.394736842105,0,0.000000000000
2421,Cr58W16Y44,118,3,"Cr,W,Y",58,0.491525423729,16,0.135593220339,44,0.372881355932,0,0.000000000000
2422,Cr63W17Y47,127,3,"Cr,W,Y",63,0.496062992126,17,0.133858267717,47,0.370078740157,0,0.000000000000
2423,Cr62W17Y48,127,3,"Cr,W,Y",62,0.488188976378,17,0.133858267717,48,0.377952755906,0,0.000000000000
2424,Cr62W16Y47,125,3,"Cr,W,Y",62,0.496000000000,16,0.128000000000,47,0.376000000000,0,0.000000000000
2425,Cr62W16Y47,125,3,"Cr,W,Y",62,0.496000000000,16,0.128000000000,47,0.376000000000,0,0.000000000000
2426,Cr62W16Y47,125,3,"Cr,W,Y",62,0.496000000000,16,0.128000000000,47,0.376000000000,0,0.000000000000
2427,Cr62W16Y47,125,3,"Cr,W,Y",62,0.496000000000,16,0.128000000000,47,0.376000000000,0,0.000000000000
2428,Cr62W16Y47,125,3,"Cr,W,Y",62,0.496000000000,16,0.128000000000,47,0.376000000000,0,0.000000000000
2429,Cr56W15Y47,118,3,"Cr,W,Y",56,0.474576271186,15,0.127118644068,47,0.398305084746,0,0.000000000000
2430,Cr62W16Y47,125,3,"Cr,W,Y",62,0.496000000000,16,0.128000000000,47,0.376000000000,0,0.000000000000
2431,Cr47W16Y62,125,3,"Cr,W,Y",47,0.376000000000,16,0.128000000000,62,0.496000000000,0,0.000000000000
2432,Cr47W16Y62,125,3,"Cr,W,Y",47,0.376000000000,16,0.128000000000,62,0.496000000000,0,0.000000000000
2433,Cr47W16Y62,125,3,"Cr,W,Y",47,0.376000000000,16,0.128000000000,62,0.496000000000,0,0.000000000000
2434,Cr47W16Y62,125,3,"Cr,W,Y",47,0.376000000000,16,0.128000000000,62,0.496000000000,0,0.000000000000
2435,Cr47W16Y62,125,3,"Cr,W,Y",47,0.376000000000,16,0.128000000000,62,0.496000000000,0,0.000000000000
2436,Cr43W16Y59,118,3,"Cr,W,Y",43,0.364406779661,16,0.135593220339,59,0.500000000000,0,0.000000000000
2437,Cr44W15Y55,114,3,"Cr,W,Y",44,0.385964912281,15,0.131578947368,55,0.482456140351,0,0.000000000000
2438,Cr47W16Y63,126,3,"Cr,W,Y",47,0.373015873016,16,0.126984126984,63,0.500000000000,0,0.000000000000
2439,Cr47W16Y62,125,3,"Cr,W,Y",47,0.376000000000,16,0.128000000000,62,0.496000000000,0,0.000000000000
2440,Cr45W15Y54,114,3,"Cr,W,Y",45,0.394736842105,15,0.131578947368,54,0.473684210526,0,0.000000000000
2441,Cr47W16Y62,125,3,"Cr,W,Y",47,0.376000000000,16,0.128000000000,62,0.496000000000,0,0.000000000000
2442,Cr47W16Y62,125,3,"Cr,W,Y",47,0.376000000000,16,0.128000000000,62,0.496000000000,0,0.000000000000
2443,Cr47W16Y62,125,3,"Cr,W,Y",47,0.376000000000,16,0.128000000000,62,0.496000000000,0,0.000000000000
2444,Cr41W14Y60,115,3,"Cr,W,Y",41,0.356521739130,14,0.121739130435,60,0.521739130435,0,0.000000000000
2445,Cr44W16Y56,116,3,"Cr,W,Y",44,0.379310344828,16,0.137931034483,56,0.482758620690,0,0.000000000000
2446,Cr44W13Y59,116,3,"Cr,W,Y",44,0.379310344828,13,0.112068965517,59,0.508620689655,0,0.000000000000
2447,Cr47W16Y62,125,3,"Cr,W,Y",47,0.376000000000,16,0.128000000000,62,0.496000000000,0,0.000000000000
2448,Cr47W16Y62,125,3,"Cr,W,Y",47,0.376000000000,16,0.128000000000,62,0.496000000000,0,0.000000000000
2449,Cr47W16Y62,125,3,"Cr,W,Y",47,0.376000000000,16,0.128000000000,62,0.496000000000,0,0.000000000000
2450,Cr47W16Y62,125,3,"Cr,W,Y",47,0.376000000000,16,0.128000000000,62,0.496000000000,0,0.000000000000
2451,Cr47W16Y62,125,3,"Cr,W,Y",47,0.376000000000,16,0.128000000000,62,0.496000000000,0,0.000000000000
2452,Cr47W16Y62,125,3,"Cr,W,Y",47,0.376000000000,16,0.128000000000,62,0.496000000000,0,0.000000000000
2453,Cr47W16Y62,125,3,"Cr,W,Y",47,0.376000000000,16,0.128000000000,62,0.496000000000,0,0.000000000000
2454,Cr42W16Y62,120,3,"Cr,W,Y",42,0.350000000000,16,0.133333333333,62,0.516666666667,0,0.000000000000
2455,Cr47W16Y63Zr,127,4,"Cr,W,Y,Zr",47,0.370078740157,16,0.125984251969,63,0.496062992126,1,0.007874015748
2456,Cr47W18Y62,127,3,"Cr,W,Y",47,0.370078740157,18,0.141732283465,62,0.488188976378,0,0.000000000000
2457,Cr31W16Y78,125,3,"Cr,W,Y",31,0.248000000000,16,0.128000000000,78,0.624000000000,0,0.000000000000
2458,Cr31W16Y78,125,3,"Cr,W,Y",31,0.248000000000,16,0.128000000000,78,0.624000000000,0,0.000000000000
2459,Cr31W16Y78,125,3,"Cr,W,Y",31,0.248000000000,16,0.128000000000,78,0.624000000000,0,0.000000000000
2460,Cr31W16Y78,125,3,"Cr,W,Y",31,0.248000000000,16,0.128000000000,78,0.624000000000,0,0.000000000000
2461,Cr47W16Y62,125,3,"Cr,W,Y",47,0.376000000000,16,0.128000000000,62,0.496000000000,0,0.000000000000
2462,Cr47W16Y62,125,3,"Cr,W,Y",47,0.376000000000,16,0.128000000000,62,0.496000000000,0,0.000000000000
2463,Cr45W16Y60,121,3,"Cr,W,Y",45,0.371900826446,16,0.132231404959,60,0.495867768595,0,0.000000000000
2464,Cr43W15Y58,116,3,"Cr,W,Y",43,0.370689655172,15,0.129310344828,58,0.500000000000,0,0.000000000000
2465,Cr47W16Y64,127,3,"Cr,W,Y",47,0.370078740157,16,0.125984251969,64,0.503937007874,0,0.000000000000
2466,Cr31W16Y78,125,3,"Cr,W,Y",31,0.248000000000,16,0.128000000000,78,0.624000000000,0,0.000000000000
2467,Cr31W16Y78,125,3,"Cr,W,Y",31,0.248000000000,16,0.128000000000,78,0.624000000000,0,0.000000000000
2468,Cr31W16Y78,125,3,"Cr,W,Y",31,0.248000000000,16,0.128000000000,78,0.624000000000,0,0.000000000000
2469,Cr31W16Y78,125,3,"Cr,W,Y",31,0.248000000000,16,0.128000000000,78,0.624000000000,0,0.000000000000
2470,Cr29W16Y76,121,3,"Cr,W,Y",29,0.239669421488,16,0.132231404959,76,0.628099173554,0,0.000000000000
2471,Cr31W12Y76,119,3,"Cr,W,Y",31,0.260504201681,12,0.100840336134,76,0.638655462185,0,0.000000000000
2472,Cr30W16Y68,114,3,"Cr,W,Y",30,0.263157894737,16,0.140350877193,68,0.596491228070,0,0.000000000000
2473,Cr31W16Y78Zr,126,4,"Cr,W,Y,Zr",31,0.246031746032,16,0.126984126984,78,0.619047619048,1,0.007936507937
2474,Cr31W16Y78,125,3,"Cr,W,Y",31,0.248000000000,16,0.128000000000,78,0.624000000000,0,0.000000000000
2475,Cr31W16Y78,125,3,"Cr,W,Y",31,0.248000000000,16,0.128000000000,78,0.624000000000,0,0.000000000000
2476,Cr30W15Y73,118,3,"Cr,W,Y",30,0.254237288136,15,0.127118644068,73,0.618644067797,0,0.000000000000
2477,Cr31W16Y79,126,3,"Cr,W,Y",31,0.246031746032,16,0.126984126984,79,0.626984126984,0,0.000000000000
2478,Cr31W16Y78,125,3,"Cr,W,Y",31,0.248000000000,16,0.128000000000,78,0.624000000000,0,0.000000000000
2479,Cr31W16Y78,125,3,"Cr,W,Y",31,0.248000000000,16,0.128000000000,78,0.624000000000,0,0.000000000000
2480,Cr27W15Y73,115,3,"Cr,W,Y",27,0.234782608696,15,0.130434782609,73,0.634782608696,0,0.000000000000
2481,Cr31W16Y78Zr,126,4,"Cr,W,Y,Zr",31,0.246031746032,16,0.126984126984,78,0.619047619048,1,0.007936507937
2482,Cr31W16Y78,125,3,"Cr,W,Y",31,0.248000000000,16,0.128000000000,78,0.624000000000,0,0.000000000000
2483,Cr31W16Y78,125,3,"Cr,W,Y",31,0.248000000000,16,0.128000000000,78,0.624000000000,0,0.000000000000
2484,Cr31W16Y78,125,3,"Cr,W,Y",31,0.248000000000,16,0.128000000000,78,0.624000000000,0,0.000000000000
2485,Cr31W16Y78,125,3,"Cr,W,Y",31,0.248000000000,16,0.128000000000,78,0.624000000000,0,0.000000000000
2486,Cr30W14Y75,119,3,"Cr,W,Y",30,0.252100840336,14,0.117647058824,75,0.630252100840,0,0.000000000000
2487,Cr31W16Y73,120,3,"Cr,W,Y",31,0.258333333333,16,0.133333333333,73,0.608333333333,0,0.000000000000
2488,Cr28W16Y70,114,3,"Cr,W,Y",28,0.245614035088,16,0.140350877193,70,0.614035087719,0,0.000000000000
2489,Cr33W16Y79,128,3,"Cr,W,Y",33,0.257812500000,16,0.125000000000,79,0.617187500000,0,0.000000000000
2490,Cr31W16Y79,126,3,"Cr,W,Y",31,0.246031746032,16,0.126984126984,79,0.626984126984,0,0.000000000000
2491,Cr31W16Y78,125,3,"Cr,W,Y",31,0.248000000000,16,0.128000000000,78,0.624000000000,0,0.000000000000
2492,Cr31W16Y78,125,3,"Cr,W,Y",31,0.248000000000,16,0.128000000000,78,0.624000000000,0,0.000000000000
2493,Cr31W16Y78,125,3,"Cr,W,Y",31,0.248000000000,16,0.128000000000,78,0.624000000000,0,0.000000000000
2494,Cr31W15Y70,116,3,"Cr,W,Y",31,0.267241379310,15,0.129310344828,70,0.603448275862,0,0.000000000000
2495,Cr26W15Y74,115,3,"Cr,W,Y",26,0.226086956522,15,0.130434782609,74,0.643478260870,0,0.000000000000
2496,Cr31W16Y78,125,3,"Cr,W,Y",31,0.248000000000,16,0.128000000000,78,0.624000000000,0,0.000000000000
2497,Cr31W16Y78,125,3,"Cr,W,Y",31,0.248000000000,16,0.128000000000,78,0.624000000000,0,0.000000000000
2498,Cr33W16Y79,128,3,"Cr,W,Y",33,0.257812500000,16,0.125000000000,79,0.617187500000,0,0.000000000000
2499,Cr31W17Y78,126,3,"Cr,W,Y",31,0.246031746032,17,0.134920634921,78,0.619047619048,0,0.000000000000
2500,Cr16W15Y94,125,3,"Cr,W,Y",16,0.128000000000,15,0.120000000000,94,0.752000000000,0,0.000000000000
2501,Cr13W15Y85,113,3,"Cr,W,Y",13,0.115044247788,15,0.132743362832,85,0.752212389381,0,0.000000000000
2502,Cr16W15Y94,125,3,"Cr,W,Y",16,0.128000000000,15,0.120000000000,94,0.752000000000,0,0.000000000000
2503,Cr16W15Y94,125,3,"Cr,W,Y",16,0.128000000000,15,0.120000000000,94,0.752000000000,0,0.000000000000
2504,Cr15W15Y90,120,3,"Cr,W,Y",15,0.125000000000,15,0.125000000000,90,0.750000000000,0,0.000000000000
2505,Cr16W15Y94,125,3,"Cr,W,Y",16,0.128000000000,15,0.120000000000,94,0.752000000000,0,0.000000000000
2506,Cr16W15Y94,125,3,"Cr,W,Y",16,0.128000000000,15,0.120000000000,94,0.752000000000,0,0.000000000000
2507,Cr16W15Y94,125,3,"Cr,W,Y",16,0.128000000000,15,0.120000000000,94,0.752000000000,0,0.000000000000
2508,Cr15W14Y85,114,3,"Cr,W,Y",15,0.131578947368,14,0.122807017544,85,0.745614035088,0,0.000000000000
2509,Cr14W13Y88,115,3,"Cr,W,Y",14,0.121739130435,13,0.113043478261,88,0.765217391304,0,0.000000000000
2510,Cr16W15Y94,125,3,"Cr,W,Y",16,0.128000000000,15,0.120000000000,94,0.752000000000,0,0.000000000000
2511,Cr16W15Y94,125,3,"Cr,W,Y",16,0.128000000000,15,0.120000000000,94,0.752000000000,0,0.000000000000
2512,Cr16W15Y94,125,3,"Cr,W,Y",16,0.128000000000,15,0.120000000000,94,0.752000000000,0,0.000000000000
2513,Cr16W14Y86,116,3,"Cr,W,Y",16,0.137931034483,14,0.120689655172,86,0.741379310345,0,0.000000000000
2514,Cr16W15Y94,125,3,"Cr,W,Y",16,0.128000000000,15,0.120000000000,94,0.752000000000,0,0.000000000000
2515,Cr16W16Y93,125,3,"Cr,W,Y",16,0.128000000000,16,0.128000000000,93,0.744000000000,0,0.000000000000
2516,Cr16W16Y93,125,3,"Cr,W,Y",16,0.128000000000,16,0.128000000000,93,0.744000000000,0,0.000000000000
2517,Cr15W15Y84,114,3,"Cr,W,Y",15,0.131578947368,15,0.131578947368,84,0.736842105263,0,0.000000000000
2518,Cr16W16Y93Zr,126,4,"Cr,W,Y,Zr",16,0.126984126984,16,0.126984126984,93,0.738095238095,1,0.007936507937
2519,Cr16W16Y93,125,3,"Cr,W,Y",16,0.128000000000,16,0.128000000000,93,0.744000000000,0,0.000000000000
2520,Cr16W16Y93,125,3,"Cr,W,Y",16,0.128000000000,16,0.128000000000,93,0.744000000000,0,0.000000000000
2521,Cr15W16Y89,120,3,"Cr,W,Y",15,0.125000000000,16,0.133333333333,89,0.741666666667,0,0.000000000000
2522,Cr15W13Y85,113,3,"Cr,W,Y",15,0.132743362832,13,0.115044247788,85,0.752212389381,0,0.000000000000
2523,Cr15W16Y82,113,3,"Cr,W,Y",15,0.132743362832,16,0.141592920354,82,0.725663716814,0,0.000000000000
2524,Cr16W16Y93,125,3,"Cr,W,Y",16,0.128000000000,16,0.128000000000,93,0.744000000000,0,0.000000000000
2525,Cr16W16Y93,125,3,"Cr,W,Y",16,0.128000000000,16,0.128000000000,93,0.744000000000,0,0.000000000000
2526,Cr17W16Y95,128,3,"Cr,W,Y",17,0.132812500000,16,0.125000000000,95,0.742187500000,0,0.000000000000
2527,Cr16W16Y93,125,3,"Cr,W,Y",16,0.128000000000,16,0.128000000000,93,0.744000000000,0,0.000000000000
2528,Cr78W31Y16,125,3,"Cr,W,Y",78,0.624000000000,31,0.248000000000,16,0.128000000000,0,0.000000000000
2529,Cr78W31Y16,125,3,"Cr,W,Y",78,0.624000000000,31,0.248000000000,16,0.128000000000,0,0.000000000000
2530,Cr78W31Y16,125,3,"Cr,W,Y",78,0.624000000000,31,0.248000000000,16,0.128000000000,0,0.000000000000
2531,Cr78W31Y16,125,3,"Cr,W,Y",78,0.624000000000,31,0.248000000000,16,0.128000000000,0,0.000000000000
2532,Cr78W31Y16,125,3,"Cr,W,Y",78,0.624000000000,31,0.248000000000,16,0.128000000000,0,0.000000000000
2533,Cr78W31Y16,125,3,"Cr,W,Y",78,0.624000000000,31,0.248000000000,16,0.128000000000,0,0.000000000000
2534,Cr78W31Y16,125,3,"Cr,W,Y",78,0.624000000000,31,0.248000000000,16,0.128000000000,0,0.000000000000
2535,Cr71W30Y13,114,3,"Cr,W,Y",71,0.622807017544,30,0.263157894737,13,0.114035087719,0,0.000000000000
2536,Cr72W30Y16,118,3,"Cr,W,Y",72,0.610169491525,30,0.254237288136,16,0.135593220339,0,0.000000000000
2537,Cr75W27Y16,118,3,"Cr,W,Y",75,0.635593220339,27,0.228813559322,16,0.135593220339,0,0.000000000000
2538,Cr78W31Y16,125,3,"Cr,W,Y",78,0.624000000000,31,0.248000000000,16,0.128000000000,0,0.000000000000
2539,Cr78W31Y16,125,3,"Cr,W,Y",78,0.624000000000,31,0.248000000000,16,0.128000000000,0,0.000000000000
2540,Cr73W25Y15,113,3,"Cr,W,Y",73,0.646017699115,25,0.221238938053,15,0.132743362832,0,0.000000000000
2541,Cr78W31Y16,125,3,"Cr,W,Y",78,0.624000000000,31,0.248000000000,16,0.128000000000,0,0.000000000000
2542,Cr78W31Y16,125,3,"Cr,W,Y",78,0.624000000000,31,0.248000000000,16,0.128000000000,0,0.000000000000
2543,Cr78W31Y16,125,3,"Cr,W,Y",78,0.624000000000,31,0.248000000000,16,0.128000000000,0,0.000000000000
2544,Cr78W31Y16,125,3,"Cr,W,Y",78,0.624000000000,31,0.248000000000,16,0.128000000000,0,0.000000000000
2545,Cr78W31Y16,125,3,"Cr,W,Y",78,0.624000000000,31,0.248000000000,16,0.128000000000,0,0.000000000000
2546,Cr73W28Y13,114,3,"Cr,W,Y",73,0.640350877193,28,0.245614035088,13,0.114035087719,0,0.000000000000
2547,Cr78W32Y16Zr,127,4,"Cr,W,Y,Zr",78,0.614173228346,32,0.251968503937,16,0.125984251969,1,0.007874015748
2548,Cr78W31Y16,125,3,"Cr,W,Y",78,0.624000000000,31,0.248000000000,16,0.128000000000,0,0.000000000000
2549,Cr78W31Y16,125,3,"Cr,W,Y",78,0.624000000000,31,0.248000000000,16,0.128000000000,0,0.000000000000
2550,Cr78W31Y16,125,3,"Cr,W,Y",78,0.624000000000,31,0.248000000000,16,0.128000000000,0,0.000000000000
2551,Cr78W31Y16,125,3,"Cr,W,Y",78,0.624000000000,31,0.248000000000,16,0.128000000000,0,0.000000000000
2552,Cr78W31Y16,125,3,"Cr,W,Y",78,0.624000000000,31,0.248000000000,16,0.128000000000,0,0.000000000000
2553,Cr78W31Y16,125,3,"Cr,W,Y",78,0.624000000000,31,0.248000000000,16,0.128000000000,0,0.000000000000
2554,Cr74W24Y16,114,3,"Cr,W,Y",74,0.649122807018,24,0.210526315789,16,0.140350877193,0,0.000000000000
2555,Cr75W28Y11,114,3,"Cr,W,Y",75,0.657894736842,28,0.245614035088,11,0.096491228070,0,0.000000000000
2556,Cr79W32Y17,128,3,"Cr,W,Y",79,0.617187500000,32,0.250000000000,17,0.132812500000,0,0.000000000000
2557,Cr78W31Y16,125,3,"Cr,W,Y",78,0.624000000000,31,0.248000000000,16,0.128000000000,0,0.000000000000
2558,Cr78W31Y16,125,3,"Cr,W,Y",78,0.624000000000,31,0.248000000000,16,0.128000000000,0,0.000000000000
2559,Cr78W31Y16,125,3,"Cr,W,Y",78,0.624000000000,31,0.248000000000,16,0.128000000000,0,0.000000000000
2560,Cr78W31Y16,125,3,"Cr,W,Y",78,0.624000000000,31,0.248000000000,16,0.128000000000,0,0.000000000000
2561,Cr78W31Y16,125,3,"Cr,W,Y",78,0.624000000000,31,0.248000000000,16,0.128000000000,0,0.000000000000
2562,Cr69W28Y16,113,3,"Cr,W,Y",69,0.610619469027,28,0.247787610619,16,0.141592920354,0,0.000000000000
2563,Cr80W32Y16,128,3,"Cr,W,Y",80,0.625000000000,32,0.250000000000,16,0.125000000000,0,0.000000000000
2564,Cr78W31Y16,125,3,"Cr,W,Y",78,0.624000000000,31,0.248000000000,16,0.128000000000,0,0.000000000000
2565,Cr78W31Y16,125,3,"Cr,W,Y",78,0.624000000000,31,0.248000000000,16,0.128000000000,0,0.000000000000
2566,Cr78W31Y16,125,3,"Cr,W,Y",78,0.624000000000,31,0.248000000000,16,0.128000000000,0,0.000000000000
2567,Cr76W28Y14,118,3,"Cr,W,Y",76,0.644067796610,28,0.237288135593,14,0.118644067797,0,0.000000000000
2568,Cr72W27Y14,113,3,"Cr,W,Y",72,0.637168141593,27,0.238938053097,14,0.123893805310,0,0.000000000000
2569,Cr73W31Y15,119,3,"Cr,W,Y",73,0.613445378151,31,0.260504201681,15,0.126050420168,0,0.000000000000
2570,Cr78W31Y18Zr,128,4,"Cr,W,Y,Zr",78,0.609375000000,31,0.242187500000,18,0.140625000000,1,0.007812500000
2571,Cr79W31Y16,126,3,"Cr,W,Y",79,0.626984126984,31,0.246031746032,16,0.126984126984,0,0.000000000000
2572,Cr58W30Y27,115,3,"Cr,W,Y",58,0.504347826087,30,0.260869565217,27,0.234782608696,0,0.000000000000
2573,Cr63W31Y31,125,3,"Cr,W,Y",63,0.504000000000,31,0.248000000000,31,0.248000000000,0,0.000000000000
2574,Cr78W31Y16,125,3,"Cr,W,Y",78,0.624000000000,31,0.248000000000,16,0.128000000000,0,0.000000000000
2575,Cr78W31Y16,125,3,"Cr,W,Y",78,0.624000000000,31,0.248000000000,16,0.128000000000,0,0.000000000000
2576,Cr70W29Y14,113,3,"Cr,W,Y",70,0.619469026549,29,0.256637168142,14,0.123893805310,0,0.000000000000
2577,Cr78W31Y16,125,3,"Cr,W,Y",78,0.624000000000,31,0.248000000000,16,0.128000000000,0,0.000000000000
2578,Cr63W31Y31,125,3,"Cr,W,Y",63,0.504000000000,31,0.248000000000,31,0.248000000000,0,0.000000000000
2579,Cr63W31Y31,125,3,"Cr,W,Y",63,0.504000000000,31,0.248000000000,31,0.248000000000,0,0.000000000000
2580,Cr63W31Y31,125,3,"Cr,W,Y",63,0.504000000000,31,0.248000000000,31,0.248000000000,0,0.000000000000
2581,Cr63W31Y31,125,3,"Cr,W,Y",63,0.504000000000,31,0.248000000000,31,0.248000000000,0,0.000000000000
2582,Cr62W31Y32,125,3,"Cr,W,Y",62,0.496000000000,31,0.248000000000,32,0.256000000000,0,0.000000000000
2583,Cr62W31Y32,125,3,"Cr,W,Y",62,0.496000000000,31,0.248000000000,32,0.256000000000,0,0.000000000000
2584,Cr62W31Y32,125,3,"Cr,W,Y",62,0.496000000000,31,0.248000000000,32,0.256000000000,0,0.000000000000
2585,Cr62W31Y32,125,3,"Cr,W,Y",62,0.496000000000,31,0.248000000000,32,0.256000000000,0,0.000000000000
2586,Cr62W31Y32,125,3,"Cr,W,Y",62,0.496000000000,31,0.248000000000,32,0.256000000000,0,0.000000000000
2587,Cr63W31Y32,126,3,"Cr,W,Y",63,0.500000000000,31,0.246031746032,32,0.253968253968,0,0.000000000000
2588,Cr55W29Y29,113,3,"Cr,W,Y",55,0.486725663717,29,0.256637168142,29,0.256637168142,0,0.000000000000
2589,Cr62W31Y32,125,3,"Cr,W,Y",62,0.496000000000,31,0.248000000000,32,0.256000000000,0,0.000000000000
2590,Cr63W31Y31,125,3,"Cr,W,Y",63,0.504000000000,31,0.248000000000,31,0.248000000000,0,0.000000000000
2591,Cr63W31Y31,125,3,"Cr,W,Y",63,0.504000000000,31,0.248000000000,31,0.248000000000,0,0.000000000000
2592,Cr64W33Y31,128,3,"Cr,W,Y",64,0.500000000000,33,0.257812500000,31,0.242187500000,0,0.000000000000
2593,Cr64W31Y31,126,3,"Cr,W,Y",64,0.507936507937,31,0.246031746032,31,0.246031746032,0,0.000000000000
2594,Cr63W31Y31,125,3,"Cr,W,Y",63,0.504000000000,31,0.248000000000,31,0.248000000000,0,0.000000000000
2595,Cr63W31Y31,125,3,"Cr,W,Y",63,0.504000000000,31,0.248000000000,31,0.248000000000,0,0.000000000000
2596,Cr57W26Y30,113,3,"Cr,W,Y",57,0.504424778761,26,0.230088495575,30,0.265486725664,0,0.000000000000
2597,Cr65W31Y32Zr,129,4,"Cr,W,Y,Zr",65,0.503875968992,31,0.240310077519,32,0.248062015504,1,0.007751937984
2598,Cr63W31Y31,125,3,"Cr,W,Y",63,0.504000000000,31,0.248000000000,31,0.248000000000,0,0.000000000000
2599,Cr47W31Y47,125,3,"Cr,W,Y",47,0.376000000000,31,0.248000000000,47,0.376000000000,0,0.000000000000
2600,Cr47W31Y47,125,3,"Cr,W,Y",47,0.376000000000,31,0.248000000000,47,0.376000000000,0,0.000000000000
2601,Cr47W31Y47,125,3,"Cr,W,Y",47,0.376000000000,31,0.248000000000,47,0.376000000000,0,0.000000000000
2602,Cr62W31Y32,125,3,"Cr,W,Y",62,0.496000000000,31,0.248000000000,32,0.256000000000,0,0.000000000000
2603,Cr62W31Y32,125,3,"Cr,W,Y",62,0.496000000000,31,0.248000000000,32,0.256000000000,0,0.000000000000
2604,Cr62W31Y32,125,3,"Cr,W,Y",62,0.496000000000,31,0.248000000000,32,0.256000000000,0,0.000000000000
2605,Cr57W26Y30,113,3,"Cr,W,Y",57,0.504424778761,26,0.230088495575,30,0.265486725664,0,0.000000000000
2606,Cr62W31Y32Zr,126,4,"Cr,W,Y,Zr",62,0.492063492063,31,0.246031746032,32,0.253968253968,1,0.007936507937
2607,Cr47W31Y47,125,3,"Cr,W,Y",47,0.376000000000,31,0.248000000000,47,0.376000000000,0,0.000000000000
2608,Cr43W27Y43,113,3,"Cr,W,Y",43,0.380530973451,27,0.238938053097,43,0.380530973451,0,0.000000000000
2609,Cr48W31Y47,126,3,"Cr,W,Y",48,0.380952380952,31,0.246031746032,47,0.373015873016,0,0.000000000000
2610,Cr47W31Y47,125,3,"Cr,W,Y",47,0.376000000000,31,0.248000000000,47,0.376000000000,0,0.000000000000
2611,Cr47W31Y47,125,3,"Cr,W,Y",47,0.376000000000,31,0.248000000000,47,0.376000000000,0,0.000000000000
2612,Cr47W31Y47,125,3,"Cr,W,Y",47,0.376000000000,31,0.248000000000,47,0.376000000000,0,0.000000000000
2613,Cr47W31Y47,125,3,"Cr,W,Y",47,0.376000000000,31,0.248000000000,47,0.376000000000,0,0.000000000000
2614,Cr47W31Y47Zr,126,4,"Cr,W,Y,Zr",47,0.373015873016,31,0.246031746032,47,0.373015873016,1,0.007936507937
2615,Cr47W31Y47,125,3,"Cr,W,Y",47,0.376000000000,31,0.248000000000,47,0.376000000000,0,0.000000000000
2616,Cr47W31Y47,125,3,"Cr,W,Y",47,0.376000000000,31,0.248000000000,47,0.376000000000,0,0.000000000000
2617,Cr47W31Y47,125,3,"Cr,W,Y",47,0.376000000000,31,0.248000000000,47,0.376000000000,0,0.000000000000
2618,Cr44W26Y44,114,3,"Cr,W,Y",44,0.385964912281,26,0.228070175439,44,0.385964912281,0,0.000000000000
2619,Cr47W31Y47,125,3,"Cr,W,Y",47,0.376000000000,31,0.248000000000,47,0.376000000000,0,0.000000000000
2620,Cr47W31Y47,125,3,"Cr,W,Y",47,0.376000000000,31,0.248000000000,47,0.376000000000,0,0.000000000000
2621,Cr47W31Y47,125,3,"Cr,W,Y",47,0.376000000000,31,0.248000000000,47,0.376000000000,0,0.000000000000
2622,Cr44W31Y39,114,3,"Cr,W,Y",44,0.385964912281,31,0.271929824561,39,0.342105263158,0,0.000000000000
2623,Cr49W31Y47,127,3,"Cr,W,Y",49,0.385826771654,31,0.244094488189,47,0.370078740157,0,0.000000000000
2624,Cr40W30Y44,114,3,"Cr,W,Y",40,0.350877192982,30,0.263157894737,44,0.385964912281,0,0.000000000000
2625,Cr47W29Y41,117,3,"Cr,W,Y",47,0.401709401709,29,0.247863247863,41,0.350427350427,0,0.000000000000
2626,Cr47W31Y49,127,3,"Cr,W,Y",47,0.370078740157,31,0.244094488189,49,0.385826771654,0,0.000000000000
2627,Cr47W33Y47,127,3,"Cr,W,Y",47,0.370078740157,33,0.259842519685,47,0.370078740157,0,0.000000000000
2628,Cr47W31Y47,125,3,"Cr,W,Y",47,0.376000000000,31,0.248000000000,47,0.376000000000,0,0.000000000000
2629,Cr47W31Y47,125,3,"Cr,W,Y",47,0.376000000000,31,0.248000000000,47,0.376000000000,0,0.000000000000
2630,Cr47W31Y47,125,3,"Cr,W,Y",47,0.376000000000,31,0.248000000000,47,0.376000000000,0,0.000000000000
2631,Cr47W31Y47,125,3,"Cr,W,Y",47,0.376000000000,31,0.248000000000,47,0.376000000000,0,0.000000000000
2632,Cr31W31Y63,125,3,"Cr,W,Y",31,0.248000000000,31,0.248000000000,63,0.504000000000,0,0.000000000000
2633,Cr31W31Y63,125,3,"Cr,W,Y",31,0.248000000000,31,0.248000000000,63,0.504000000000,0,0.000000000000
2634,Cr31W31Y63,125,3,"Cr,W,Y",31,0.248000000000,31,0.248000000000,63,0.504000000000,0,0.000000000000
2635,Cr29W27Y57,113,3,"Cr,W,Y",29,0.256637168142,27,0.238938053097,57,0.504424778761,0,0.000000000000
2636,Cr29W31Y55,115,3,"Cr,W,Y",29,0.252173913043,31,0.269565217391,55,0.478260869565,0,0.000000000000
2637,Cr31W31Y63,125,3,"Cr,W,Y",31,0.248000000000,31,0.248000000000,63,0.504000000000,0,0.000000000000
2638,Cr31W31Y63,125,3,"Cr,W,Y",31,0.248000000000,31,0.248000000000,63,0.504000000000,0,0.000000000000
2639,Cr31W31Y63,125,3,"Cr,W,Y",31,0.248000000000,31,0.248000000000,63,0.504000000000,0,0.000000000000
2640,Cr31W31Y63,125,3,"Cr,W,Y",31,0.248000000000,31,0.248000000000,63,0.504000000000,0,0.000000000000
2641,Cr31W31Y63,125,3,"Cr,W,Y",31,0.248000000000,31,0.248000000000,63,0.504000000000,0,0.000000000000
2642,Cr31W31Y63Zr,126,4,"Cr,W,Y,Zr",31,0.246031746032,31,0.246031746032,63,0.500000000000,1,0.007936507937
2643,Cr31W31Y63,125,3,"Cr,W,Y",31,0.248000000000,31,0.248000000000,63,0.504000000000,0,0.000000000000
2644,Cr31W31Y63,125,3,"Cr,W,Y",31,0.248000000000,31,0.248000000000,63,0.504000000000,0,0.000000000000
2645,Cr31W31Y63,125,3,"Cr,W,Y",31,0.248000000000,31,0.248000000000,63,0.504000000000,0,0.000000000000
2646,Cr26W27Y62,115,3,"Cr,W,Y",26,0.226086956522,27,0.234782608696,62,0.539130434783,0,0.000000000000
2647,Cr31W31Y63Zr,126,4,"Cr,W,Y,Zr",31,0.246031746032,31,0.246031746032,63,0.500000000000,1,0.007936507937
2648,Cr16W31Y78,125,3,"Cr,W,Y",16,0.128000000000,31,0.248000000000,78,0.624000000000,0,0.000000000000
2649,Cr16W31Y78,125,3,"Cr,W,Y",16,0.128000000000,31,0.248000000000,78,0.624000000000,0,0.000000000000
2650,Cr16W31Y78,125,3,"Cr,W,Y",16,0.128000000000,31,0.248000000000,78,0.624000000000,0,0.000000000000
2651,Cr16W31Y78,125,3,"Cr,W,Y",16,0.128000000000,31,0.248000000000,78,0.624000000000,0,0.000000000000
2652,Cr16W31Y70,117,3,"Cr,W,Y",16,0.136752136752,31,0.264957264957,70,0.598290598291,0,0.000000000000
2653,Cr15W31Y75,121,3,"Cr,W,Y",15,0.123966942149,31,0.256198347107,75,0.619834710744,0,0.000000000000
2654,Cr16W28Y71,115,3,"Cr,W,Y",16,0.139130434783,28,0.243478260870,71,0.617391304348,0,0.000000000000
2655,Cr16W31Y78,125,3,"Cr,W,Y",16,0.128000000000,31,0.248000000000,78,0.624000000000,0,0.000000000000
2656,Cr26W30Y57,113,3,"Cr,W,Y",26,0.230088495575,30,0.265486725664,57,0.504424778761,0,0.000000000000
2657,Cr31W31Y63,125,3,"Cr,W,Y",31,0.248000000000,31,0.248000000000,63,0.504000000000,0,0.000000000000
2658,Cr16W31Y78,125,3,"Cr,W,Y",16,0.128000000000,31,0.248000000000,78,0.624000000000,0,0.000000000000
2659,Cr16W31Y78,125,3,"Cr,W,Y",16,0.128000000000,31,0.248000000000,78,0.624000000000,0,0.000000000000
2660,Cr16W31Y78,125,3,"Cr,W,Y",16,0.128000000000,31,0.248000000000,78,0.624000000000,0,0.000000000000
2661,Cr16W31Y78,125,3,"Cr,W,Y",16,0.128000000000,31,0.248000000000,78,0.624000000000,0,0.000000000000
2662,Cr16W31Y78,125,3,"Cr,W,Y",16,0.128000000000,31,0.248000000000,78,0.624000000000,0,0.000000000000
2663,Cr16W31Y78,125,3,"Cr,W,Y",16,0.128000000000,31,0.248000000000,78,0.624000000000,0,0.000000000000
2664,Cr14W31Y73,118,3,"Cr,W,Y",14,0.118644067797,31,0.262711864407,73,0.618644067797,0,0.000000000000
2665,Cr14W28Y74,116,3,"Cr,W,Y",14,0.120689655172,28,0.241379310345,74,0.637931034483,0,0.000000000000
2666,Cr16W32Y78,126,3,"Cr,W,Y",16,0.126984126984,32,0.253968253968,78,0.619047619048,0,0.000000000000
2667,Cr31W31Y63,125,3,"Cr,W,Y",31,0.248000000000,31,0.248000000000,63,0.504000000000,0,0.000000000000
2668,Cr31W31Y63,125,3,"Cr,W,Y",31,0.248000000000,31,0.248000000000,63,0.504000000000,0,0.000000000000
2669,Cr31W31Y63,125,3,"Cr,W,Y",31,0.248000000000,31,0.248000000000,63,0.504000000000,0,0.000000000000
2670,Cr31W31Y63,125,3,"Cr,W,Y",31,0.248000000000,31,0.248000000000,63,0.504000000000,0,0.000000000000
2671,Cr31W28Y56,115,3,"Cr,W,Y",31,0.269565217391,28,0.243478260870,56,0.486956521739,0,0.000000000000
2672,Cr31W31Y64,126,3,"Cr,W,Y",31,0.246031746032,31,0.246031746032,64,0.507936507937,0,0.000000000000
2673,Cr31W31Y63,125,3,"Cr,W,Y",31,0.248000000000,31,0.248000000000,63,0.504000000000,0,0.000000000000
2674,Cr29W31Y59,119,3,"Cr,W,Y",29,0.243697478992,31,0.260504201681,59,0.495798319328,0,0.000000000000
2675,Cr31W31Y63,125,3,"Cr,W,Y",31,0.248000000000,31,0.248000000000,63,0.504000000000,0,0.000000000000
2676,Cr16W31Y78,125,3,"Cr,W,Y",16,0.128000000000,31,0.248000000000,78,0.624000000000,0,0.000000000000
2677,Cr13W29Y71,113,3,"Cr,W,Y",13,0.115044247788,29,0.256637168142,71,0.628318584071,0,0.000000000000
2678,Cr16W32Y78,126,3,"Cr,W,Y",16,0.126984126984,32,0.253968253968,78,0.619047619048,0,0.000000000000
2679,Cr16W31Y78,125,3,"Cr,W,Y",16,0.128000000000,31,0.248000000000,78,0.624000000000,0,0.000000000000
2680,Cr16W31Y78,125,3,"Cr,W,Y",16,0.128000000000,31,0.248000000000,78,0.624000000000,0,0.000000000000
2681,Cr15W28Y73,116,3,"Cr,W,Y",15,0.129310344828,28,0.241379310345,73,0.629310344828,0,0.000000000000
2682,Cr16W29Y68,113,3,"Cr,W,Y",16,0.141592920354,29,0.256637168142,68,0.601769911504,0,0.000000000000
2683,Cr18W31Y79,128,3,"Cr,W,Y",18,0.140625000000,31,0.242187500000,79,0.617187500000,0,0.000000000000
2684,Cr17W33Y78,128,3,"Cr,W,Y",17,0.132812500000,33,0.257812500000,78,0.609375000000,0,0.000000000000
2685,Cr16W31Y80,127,3,"Cr,W,Y",16,0.125984251969,31,0.244094488189,80,0.629921259843,0,0.000000000000
2686,Cr16W31Y78,125,3,"Cr,W,Y",16,0.128000000000,31,0.248000000000,78,0.624000000000,0,0.000000000000
2687,Cr16W31Y78,125,3,"Cr,W,Y",16,0.128000000000,31,0.248000000000,78,0.624000000000,0,0.000000000000
2688,Cr14W24Y76,114,3,"Cr,W,Y",14,0.122807017544,24,0.210526315789,76,0.666666666667,0,0.000000000000
2689,Cr16W31Y78,125,3,"Cr,W,Y",16,0.128000000000,31,0.248000000000,78,0.624000000000,0,0.000000000000
2690,Cr62W47Y16,125,3,"Cr,W,Y",62,0.496000000000,47,0.376000000000,16,0.128000000000,0,0.000000000000
2691,Cr59W46Y16,121,3,"Cr,W,Y",59,0.487603305785,46,0.380165289256,16,0.132231404959,0,0.000000000000
2692,Cr57W46Y14,117,3,"Cr,W,Y",57,0.487179487179,46,0.393162393162,14,0.119658119658,0,0.000000000000
2693,Cr63W47Y16,126,3,"Cr,W,Y",63,0.500000000000,47,0.373015873016,16,0.126984126984,0,0.000000000000
2694,Cr62W47Y16,125,3,"Cr,W,Y",62,0.496000000000,47,0.376000000000,16,0.128000000000,0,0.000000000000
2695,Cr55W43Y16,114,3,"Cr,W,Y",55,0.482456140351,43,0.377192982456,16,0.140350877193,0,0.000000000000
2696,Cr63W47Y16,126,3,"Cr,W,Y",63,0.500000000000,47,0.373015873016,16,0.126984126984,0,0.000000000000
2697,Cr16W31Y78,125,3,"Cr,W,Y",16,0.128000000000,31,0.248000000000,78,0.624000000000,0,0.000000000000
2698,Cr16W31Y78,125,3,"Cr,W,Y",16,0.128000000000,31,0.248000000000,78,0.624000000000,0,0.000000000000
2699,Cr16W31Y78,125,3,"Cr,W,Y",16,0.128000000000,31,0.248000000000,78,0.624000000000,0,0.000000000000
2700,Cr16W31Y78,125,3,"Cr,W,Y",16,0.128000000000,31,0.248000000000,78,0.624000000000,0,0.000000000000
2701,Cr16W31Y78,125,3,"Cr,W,Y",16,0.128000000000,31,0.248000000000,78,0.624000000000,0,0.000000000000
2702,Cr16W31Y73,120,3,"Cr,W,Y",16,0.133333333333,31,0.258333333333,73,0.608333333333,0,0.000000000000
2703,Cr14W28Y75,117,3,"Cr,W,Y",14,0.119658119658,28,0.239316239316,75,0.641025641026,0,0.000000000000
2704,Cr14W28Y72,114,3,"Cr,W,Y",14,0.122807017544,28,0.245614035088,72,0.631578947368,0,0.000000000000
2705,Cr16W31Y78,125,3,"Cr,W,Y",16,0.128000000000,31,0.248000000000,78,0.624000000000,0,0.000000000000
2706,Cr62W47Y16,125,3,"Cr,W,Y",62,0.496000000000,47,0.376000000000,16,0.128000000000,0,0.000000000000
2707,Cr62W47Y16,125,3,"Cr,W,Y",62,0.496000000000,47,0.376000000000,16,0.128000000000,0,0.000000000000
2708,Cr62W47Y16,125,3,"Cr,W,Y",62,0.496000000000,47,0.376000000000,16,0.128000000000,0,0.000000000000
2709,Cr62W47Y16,125,3,"Cr,W,Y",62,0.496000000000,47,0.376000000000,16,0.128000000000,0,0.000000000000
2710,Cr59W40Y14,113,3,"Cr,W,Y",59,0.522123893805,40,0.353982300885,14,0.123893805310,0,0.000000000000
2711,Cr62W47Y16,125,3,"Cr,W,Y",62,0.496000000000,47,0.376000000000,16,0.128000000000,0,0.000000000000
2712,Cr62W47Y16,125,3,"Cr,W,Y",62,0.496000000000,47,0.376000000000,16,0.128000000000,0,0.000000000000
2713,Cr62W47Y16,125,3,"Cr,W,Y",62,0.496000000000,47,0.376000000000,16,0.128000000000,0,0.000000000000
2714,Cr62W47Y16,125,3,"Cr,W,Y",62,0.496000000000,47,0.376000000000,16,0.128000000000,0,0.000000000000
2715,Cr62W47Y16,125,3,"Cr,W,Y",62,0.496000000000,47,0.376000000000,16,0.128000000000,0,0.000000000000
2716,Cr59W43Y16,118,3,"Cr,W,Y",59,0.500000000000,43,0.364406779661,16,0.135593220339,0,0.000000000000
2717,Cr61W39Y15,115,3,"Cr,W,Y",61,0.530434782609,39,0.339130434783,15,0.130434782609,0,0.000000000000
2718,Cr62W47Y16,125,3,"Cr,W,Y",62,0.496000000000,47,0.376000000000,16,0.128000000000,0,0.000000000000
2719,Cr62W47Y16,125,3,"Cr,W,Y",62,0.496000000000,47,0.376000000000,16,0.128000000000,0,0.000000000000
2720,Cr62W47Y16,125,3,"Cr,W,Y",62,0.496000000000,47,0.376000000000,16,0.128000000000,0,0.000000000000
2721,Cr58W47Y14,119,3,"Cr,W,Y",58,0.487394957983,47,0.394957983193,14,0.117647058824,0,0.000000000000
2722,Cr62W44Y16,122,3,"Cr,W,Y",62,0.508196721311,44,0.360655737705,16,0.131147540984,0,0.000000000000
2723,Cr63W47Y16,126,3,"Cr,W,Y",63,0.500000000000,47,0.373015873016,16,0.126984126984,0,0.000000000000
2724,Cr62W47Y16,125,3,"Cr,W,Y",62,0.496000000000,47,0.376000000000,16,0.128000000000,0,0.000000000000
2725,Cr62W47Y16,125,3,"Cr,W,Y",62,0.496000000000,47,0.376000000000,16,0.128000000000,0,0.000000000000
2726,Cr62W47Y16,125,3,"Cr,W,Y",62,0.496000000000,47,0.376000000000,16,0.128000000000,0,0.000000000000
2727,Cr62W47Y16,125,3,"Cr,W,Y",62,0.496000000000,47,0.376000000000,16,0.128000000000,0,0.000000000000
2728,Cr62W47Y16,125,3,"Cr,W,Y",62,0.496000000000,47,0.376000000000,16,0.128000000000,0,0.000000000000
2729,Cr62W47Y16,125,3,"Cr,W,Y",62,0.496000000000,47,0.376000000000,16,0.128000000000,0,0.000000000000
2730,Cr62W47Y16,125,3,"Cr,W,Y",62,0.496000000000,47,0.376000000000,16,0.128000000000,0,0.000000000000
2731,Cr55W42Y16,113,3,"Cr,W,Y",55,0.486725663717,42,0.371681415929,16,0.141592920354,0,0.000000000000
2732,Cr59W45Y16,120,3,"Cr,W,Y",59,0.491666666667,45,0.375000000000,16,0.133333333333,0,0.000000000000
2733,Cr62W47Y16,125,3,"Cr,W,Y",62,0.496000000000,47,0.376000000000,16,0.128000000000,0,0.000000000000
2734,Cr62W47Y16,125,3,"Cr,W,Y",62,0.496000000000,47,0.376000000000,16,0.128000000000,0,0.000000000000
2735,Cr62W47Y16,125,3,"Cr,W,Y",62,0.496000000000,47,0.376000000000,16,0.128000000000,0,0.000000000000
2736,Cr56W46Y16,118,3,"Cr,W,Y",56,0.474576271186,46,0.389830508475,16,0.135593220339,0,0.000000000000
2737,Cr59W43Y14,116,3,"Cr,W,Y",59,0.508620689655,43,0.370689655172,14,0.120689655172,0,0.000000000000
2738,Cr62W47Y16,125,3,"Cr,W,Y",62,0.496000000000,47,0.376000000000,16,0.128000000000,0,0.000000000000
2739,Cr47W47Y31,125,3,"Cr,W,Y",47,0.376000000000,47,0.376000000000,31,0.248000000000,0,0.000000000000
2740,Cr42W44Y27,113,3,"Cr,W,Y",42,0.371681415929,44,0.389380530973,27,0.238938053097,0,0.000000000000
2741,Cr47W41Y31,119,3,"Cr,W,Y",47,0.394957983193,41,0.344537815126,31,0.260504201681,0,0.000000000000
2742,Cr48W47Y31,126,3,"Cr,W,Y",48,0.380952380952,47,0.373015873016,31,0.246031746032,0,0.000000000000
2743,Cr47W47Y31,125,3,"Cr,W,Y",47,0.376000000000,47,0.376000000000,31,0.248000000000,0,0.000000000000
2744,Cr47W47Y31,125,3,"Cr,W,Y",47,0.376000000000,47,0.376000000000,31,0.248000000000,0,0.000000000000
2745,Cr47W47Y31,125,3,"Cr,W,Y",47,0.376000000000,47,0.376000000000,31,0.248000000000,0,0.000000000000
2746,Cr47W47Y31,125,3,"Cr,W,Y",47,0.376000000000,47,0.376000000000,31,0.248000000000,0,0.000000000000
2747,Cr47W47Y31,125,3,"Cr,W,Y",47,0.376000000000,47,0.376000000000,31,0.248000000000,0,0.000000000000
2748,Cr47W47Y31,125,3,"Cr,W,Y",47,0.376000000000,47,0.376000000000,31,0.248000000000,0,0.000000000000
2749,Cr47W47Y31,125,3,"Cr,W,Y",47,0.376000000000,47,0.376000000000,31,0.248000000000,0,0.000000000000
2750,Cr41W46Y26,113,3,"Cr,W,Y",41,0.362831858407,46,0.407079646018,26,0.230088495575,0,0.000000000000
2751,Cr50W47Y31,128,3,"Cr,W,Y",50,0.390625000000,47,0.367187500000,31,0.242187500000,0,0.000000000000
2752,Cr47W47Y31,125,3,"Cr,W,Y",47,0.376000000000,47,0.376000000000,31,0.248000000000,0,0.000000000000
2753,Cr47W47Y31,125,3,"Cr,W,Y",47,0.376000000000,47,0.376000000000,31,0.248000000000,0,0.000000000000
2754,Cr48W47Y31,126,3,"Cr,W,Y",48,0.380952380952,47,0.373015873016,31,0.246031746032,0,0.000000000000
2755,Cr47W47Y31,125,3,"Cr,W,Y",47,0.376000000000,47,0.376000000000,31,0.248000000000,0,0.000000000000
2756,Cr47W47Y31Zr,126,4,"Cr,W,Y,Zr",47,0.373015873016,47,0.373015873016,31,0.246031746032,1,0.007936507937
2757,Cr45W42Y26,113,3,"Cr,W,Y",45,0.398230088496,42,0.371681415929,26,0.230088495575,0,0.000000000000
2758,Cr48W48Y31,127,3,"Cr,W,Y",48,0.377952755906,48,0.377952755906,31,0.244094488189,0,0.000000000000
2759,Cr47W47Y31,125,3,"Cr,W,Y",47,0.376000000000,47,0.376000000000,31,0.248000000000,0,0.000000000000
2760,Cr47W47Y31,125,3,"Cr,W,Y",47,0.376000000000,47,0.376000000000,31,0.248000000000,0,0.000000000000
2761,Cr47W47Y31,125,3,"Cr,W,Y",47,0.376000000000,47,0.376000000000,31,0.248000000000,0,0.000000000000
2762,Cr40W46Y31,117,3,"Cr,W,Y",40,0.341880341880,46,0.393162393162,31,0.264957264957,0,0.000000000000
2763,Cr47W47Y31,125,3,"Cr,W,Y",47,0.376000000000,47,0.376000000000,31,0.248000000000,0,0.000000000000
2764,Cr31W47Y47,125,3,"Cr,W,Y",31,0.248000000000,47,0.376000000000,47,0.376000000000,0,0.000000000000
2765,Cr31W48Y47Zr,127,4,"Cr,W,Y,Zr",31,0.244094488189,48,0.377952755906,47,0.370078740157,1,0.007874015748
2766,Cr31W47Y47,125,3,"Cr,W,Y",31,0.248000000000,47,0.376000000000,47,0.376000000000,0,0.000000000000
2767,Cr31W47Y47,125,3,"Cr,W,Y",31,0.248000000000,47,0.376000000000,47,0.376000000000,0,0.000000000000
2768,Cr30W43Y41,114,3,"Cr,W,Y",30,0.263157894737,43,0.377192982456,41,0.359649122807,0,0.000000000000
2769,Cr31W47Y47,125,3,"Cr,W,Y",31,0.248000000000,47,0.376000000000,47,0.376000000000,0,0.000000000000
2770,Cr31W47Y47,125,3,"Cr,W,Y",31,0.248000000000,47,0.376000000000,47,0.376000000000,0,0.000000000000
2771,Cr31W47Y47,125,3,"Cr,W,Y",31,0.248000000000,47,0.376000000000,47,0.376000000000,0,0.000000000000
2772,Cr31W47Y47,125,3,"Cr,W,Y",31,0.248000000000,47,0.376000000000,47,0.376000000000,0,0.000000000000
2773,Cr31W47Y48,126,3,"Cr,W,Y",31,0.246031746032,47,0.373015873016,48,0.380952380952,0,0.000000000000
2774,Cr31W47Y47,125,3,"Cr,W,Y",31,0.248000000000,47,0.376000000000,47,0.376000000000,0,0.000000000000
2775,Cr26W46Y42,114,3,"Cr,W,Y",26,0.228070175439,46,0.403508771930,42,0.368421052632,0,0.000000000000
2776,Cr31W39Y43,113,3,"Cr,W,Y",31,0.274336283186,39,0.345132743363,43,0.380530973451,0,0.000000000000
2777,Cr31W47Y47,125,3,"Cr,W,Y",31,0.248000000000,47,0.376000000000,47,0.376000000000,0,0.000000000000
2778,Cr25W45Y46,116,3,"Cr,W,Y",25,0.215517241379,45,0.387931034483,46,0.396551724138,0,0.000000000000
2779,Cr31W48Y47,126,3,"Cr,W,Y",31,0.246031746032,48,0.380952380952,47,0.373015873016,0,0.000000000000
2780,Cr31W47Y47,125,3,"Cr,W,Y",31,0.248000000000,47,0.376000000000,47,0.376000000000,0,0.000000000000
2781,Cr31W47Y47,125,3,"Cr,W,Y",31,0.248000000000,47,0.376000000000,47,0.376000000000,0,0.000000000000
2782,Cr29W44Y42,115,3,"Cr,W,Y",29,0.252173913043,44,0.382608695652,42,0.365217391304,0,0.000000000000
2783,Cr31W47Y47,125,3,"Cr,W,Y",31,0.248000000000,47,0.376000000000,47,0.376000000000,0,0.000000000000
2784,Cr31W47Y47,125,3,"Cr,W,Y",31,0.248000000000,47,0.376000000000,47,0.376000000000,0,0.000000000000
2785,Cr31W47Y47,125,3,"Cr,W,Y",31,0.248000000000,47,0.376000000000,47,0.376000000000,0,0.000000000000
2786,Cr31W47Y47,125,3,"Cr,W,Y",31,0.248000000000,47,0.376000000000,47,0.376000000000,0,0.000000000000
2787,Cr30W42Y44,116,3,"Cr,W,Y",30,0.258620689655,42,0.362068965517,44,0.379310344828,0,0.000000000000
2788,Cr31W47Y47,125,3,"Cr,W,Y",31,0.248000000000,47,0.376000000000,47,0.376000000000,0,0.000000000000
2789,Cr16W47Y62,125,3,"Cr,W,Y",16,0.128000000000,47,0.376000000000,62,0.496000000000,0,0.000000000000
2790,Cr16W47Y62,125,3,"Cr,W,Y",16,0.128000000000,47,0.376000000000,62,0.496000000000,0,0.000000000000
2791,Cr13W45Y59,117,3,"Cr,W,Y",13,0.111111111111,45,0.384615384615,59,0.504273504274,0,0.000000000000
2792,Cr15W43Y60,118,3,"Cr,W,Y",15,0.127118644068,43,0.364406779661,60,0.508474576271,0,0.000000000000
2793,Cr16W47Y63,126,3,"Cr,W,Y",16,0.126984126984,47,0.373015873016,63,0.500000000000,0,0.000000000000
2794,Cr16W47Y62,125,3,"Cr,W,Y",16,0.128000000000,47,0.376000000000,62,0.496000000000,0,0.000000000000
2795,Cr16W47Y62,125,3,"Cr,W,Y",16,0.128000000000,47,0.376000000000,62,0.496000000000,0,0.000000000000
2796,Cr16W47Y62,125,3,"Cr,W,Y",16,0.128000000000,47,0.376000000000,62,0.496000000000,0,0.000000000000
2797,Cr16W47Y62,125,3,"Cr,W,Y",16,0.128000000000,47,0.376000000000,62,0.496000000000,0,0.000000000000
2798,Cr16W47Y62,125,3,"Cr,W,Y",16,0.128000000000,47,0.376000000000,62,0.496000000000,0,0.000000000000
2799,Cr16W47Y62,125,3,"Cr,W,Y",16,0.128000000000,47,0.376000000000,62,0.496000000000,0,0.000000000000
2800,Cr15W47Y57,119,3,"Cr,W,Y",15,0.126050420168,47,0.394957983193,57,0.478991596639,0,0.000000000000
2801,Cr12W45Y61,118,3,"Cr,W,Y",12,0.101694915254,45,0.381355932203,61,0.516949152542,0,0.000000000000
2802,Cr17W48Y62Zr2,129,4,"Cr,W,Y,Zr",17,0.131782945736,48,0.372093023256,62,0.480620155039,2,0.015503875969
2803,Cr17W47Y62,126,3,"Cr,W,Y",17,0.134920634921,47,0.373015873016,62,0.492063492063,0,0.000000000000
2804,Cr15W41Y58,114,3,"Cr,W,Y",15,0.131578947368,41,0.359649122807,58,0.508771929825,0,0.000000000000
2805,Cr16W47Y62,125,3,"Cr,W,Y",16,0.128000000000,47,0.376000000000,62,0.496000000000,0,0.000000000000
2806,Cr16W47Y62,125,3,"Cr,W,Y",16,0.128000000000,47,0.376000000000,62,0.496000000000,0,0.000000000000
2807,Cr16W47Y62,125,3,"Cr,W,Y",16,0.128000000000,47,0.376000000000,62,0.496000000000,0,0.000000000000
2808,Cr16W47Y62,125,3,"Cr,W,Y",16,0.128000000000,47,0.376000000000,62,0.496000000000,0,0.000000000000
2809,Cr15W43Y56,114,3,"Cr,W,Y",15,0.131578947368,43,0.377192982456,56,0.491228070175,0,0.000000000000
2810,Cr18W47Y62,127,3,"Cr,W,Y",18,0.141732283465,47,0.370078740157,62,0.488188976378,0,0.000000000000
2811,Cr16W47Y62,125,3,"Cr,W,Y",16,0.128000000000,47,0.376000000000,62,0.496000000000,0,0.000000000000
2812,Cr16W47Y62,125,3,"Cr,W,Y",16,0.128000000000,47,0.376000000000,62,0.496000000000,0,0.000000000000
2813,Cr15W47Y58,120,3,"Cr,W,Y",15,0.125000000000,47,0.391666666667,58,0.483333333333,0,0.000000000000
2814,Cr14W46Y55,115,3,"Cr,W,Y",14,0.121739130435,46,0.400000000000,55,0.478260869565,0,0.000000000000
2815,Cr14W41Y59,114,3,"Cr,W,Y",14,0.122807017544,41,0.359649122807,59,0.517543859649,0,0.000000000000
2816,Cr16W47Y62,125,3,"Cr,W,Y",16,0.128000000000,47,0.376000000000,62,0.496000000000,0,0.000000000000
2817,Cr16W47Y62,125,3,"Cr,W,Y",16,0.128000000000,47,0.376000000000,62,0.496000000000,0,0.000000000000
2818,Cr16W47Y62,125,3,"Cr,W,Y",16,0.128000000000,47,0.376000000000,62,0.496000000000,0,0.000000000000
2819,Cr16W47Y62,125,3,"Cr,W,Y",16,0.128000000000,47,0.376000000000,62,0.496000000000,0,0.000000000000
2820,Cr16W47Y62,125,3,"Cr,W,Y",16,0.128000000000,47,0.376000000000,62,0.496000000000,0,0.000000000000
2821,Cr15W44Y54,113,3,"Cr,W,Y",15,0.132743362832,44,0.389380530973,54,0.477876106195,0,0.000000000000
2822,Cr16W49Y62,127,3,"Cr,W,Y",16,0.125984251969,49,0.385826771654,62,0.488188976378,0,0.000000000000
2823,Cr16W48Y62,126,3,"Cr,W,Y",16,0.126984126984,48,0.380952380952,62,0.492063492063,0,0.000000000000
2824,Cr16W47Y62,125,3,"Cr,W,Y",16,0.128000000000,47,0.376000000000,62,0.496000000000,0,0.000000000000
2825,Cr47W62Y16,125,3,"Cr,W,Y",47,0.376000000000,62,0.496000000000,16,0.128000000000,0,0.000000000000
2826,Cr47W62Y16,125,3,"Cr,W,Y",47,0.376000000000,62,0.496000000000,16,0.128000000000,0,0.000000000000
2827,Cr43W59Y13,115,3,"Cr,W,Y",43,0.373913043478,59,0.513043478261,13,0.113043478261,0,0.000000000000
2828,Cr46W61Y13,120,3,"Cr,W,Y",46,0.383333333333,61,0.508333333333,13,0.108333333333,0,0.000000000000
2829,Cr48W62Y16,126,3,"Cr,W,Y",48,0.380952380952,62,0.492063492063,16,0.126984126984,0,0.000000000000
2830,Cr16W47Y62,125,3,"Cr,W,Y",16,0.128000000000,47,0.376000000000,62,0.496000000000,0,0.000000000000
2831,Cr16W47Y62,125,3,"Cr,W,Y",16,0.128000000000,47,0.376000000000,62,0.496000000000,0,0.000000000000
2832,Cr16W42Y57,115,3,"Cr,W,Y",16,0.139130434783,42,0.365217391304,57,0.495652173913,0,0.000000000000
2833,Cr13W43Y60,116,3,"Cr,W,Y",13,0.112068965517,43,0.370689655172,60,0.517241379310,0,0.000000000000
2834,Cr17W47Y63,127,3,"Cr,W,Y",17,0.133858267717,47,0.370078740157,63,0.496062992126,0,0.000000000000
2835,Cr16W47Y63Zr2,128,4,"Cr,W,Y,Zr",16,0.125000000000,47,0.367187500000,63,0.492187500000,2,0.015625000000
2836,Cr47W62Y16,125,3,"Cr,W,Y",47,0.376000000000,62,0.496000000000,16,0.128000000000,0,0.000000000000
2837,Cr47W58Y15,120,3,"Cr,W,Y",47,0.391666666667,58,0.483333333333,15,0.125000000000,0,0.000000000000
2838,Cr48W63Y16,127,3,"Cr,W,Y",48,0.377952755906,63,0.496062992126,16,0.125984251969,0,0.000000000000
2839,Cr48W62Y16,126,3,"Cr,W,Y",48,0.380952380952,62,0.492063492063,16,0.126984126984,0,0.000000000000
2840,Cr36W33Zr34,103,3,"Cr,W,Zr",36,0.349514563107,33,0.320388349515,0,0.000000000000,34,0.330097087379
2841,Cr47W62Y16,125,3,"Cr,W,Y",47,0.376000000000,62,0.496000000000,16,0.128000000000,0,0.000000000000
2842,Cr47W62Y16,125,3,"Cr,W,Y",47,0.376000000000,62,0.496000000000,16,0.128000000000,0,0.000000000000
2843,Cr40W58Y15,113,3,"Cr,W,Y",40,0.353982300885,58,0.513274336283,15,0.132743362832,0,0.000000000000
2844,Cr47W62Y17,126,3,"Cr,W,Y",47,0.373015873016,62,0.492063492063,17,0.134920634921,0,0.000000000000
2845,Cr47W62Y16,125,3,"Cr,W,Y",47,0.376000000000,62,0.496000000000,16,0.128000000000,0,0.000000000000
2846,Cr47W62Y16,125,3,"Cr,W,Y",47,0.376000000000,62,0.496000000000,16,0.128000000000,0,0.000000000000
2847,Cr47W62Y16,125,3,"Cr,W,Y",47,0.376000000000,62,0.496000000000,16,0.128000000000,0,0.000000000000
2848,Cr43W61Y16,120,3,"Cr,W,Y",43,0.358333333333,61,0.508333333333,16,0.133333333333,0,0.000000000000
2849,Cr45W56Y16,117,3,"Cr,W,Y",45,0.384615384615,56,0.478632478632,16,0.136752136752,0,0.000000000000
2850,Cr48W62Y17Zr,128,4,"Cr,W,Y,Zr",48,0.375000000000,62,0.484375000000,17,0.132812500000,1,0.007812500000
2851,Cr47W62Y16,125,3,"Cr,W,Y",47,0.376000000000,62,0.496000000000,16,0.128000000000,0,0.000000000000
2852,Cr47W62Y16,125,3,"Cr,W,Y",47,0.376000000000,62,0.496000000000,16,0.128000000000,0,0.000000000000
2853,Cr47W62Y16,125,3,"Cr,W,Y",47,0.376000000000,62,0.496000000000,16,0.128000000000,0,0.000000000000
2854,Cr47W62Y16,125,3,"Cr,W,Y",47,0.376000000000,62,0.496000000000,16,0.128000000000,0,0.000000000000
2855,Cr47W62Y16,125,3,"Cr,W,Y",47,0.376000000000,62,0.496000000000,16,0.128000000000,0,0.000000000000
2856,Cr47W62Y16,125,3,"Cr,W,Y",47,0.376000000000,62,0.496000000000,16,0.128000000000,0,0.000000000000
2857,Cr47W62Y16,125,3,"Cr,W,Y",47,0.376000000000,62,0.496000000000,16,0.128000000000,0,0.000000000000
2858,Cr47W62Y16,125,3,"Cr,W,Y",47,0.376000000000,62,0.496000000000,16,0.128000000000,0,0.000000000000
2859,Cr43W57Y14,114,3,"Cr,W,Y",43,0.377192982456,57,0.500000000000,14,0.122807017544,0,0.000000000000
2860,Cr47W62Y17,126,3,"Cr,W,Y",47,0.373015873016,62,0.492063492063,17,0.134920634921,0,0.000000000000
2861,Cr37W33Zr35,105,3,"Cr,W,Zr",37,0.352380952381,33,0.314285714286,0,0.000000000000,35,0.333333333333
2862,Cr47W62Y16,125,3,"Cr,W,Y",47,0.376000000000,62,0.496000000000,16,0.128000000000,0,0.000000000000
2863,Cr47W62Y16,125,3,"Cr,W,Y",47,0.376000000000,62,0.496000000000,16,0.128000000000,0,0.000000000000
2864,Cr44W60Y16,120,3,"Cr,W,Y",44,0.366666666667,60,0.500000000000,16,0.133333333333,0,0.000000000000
2865,Cr41W57Y16,114,3,"Cr,W,Y",41,0.359649122807,57,0.500000000000,16,0.140350877193,0,0.000000000000
2866,Cr48W62Y16,126,3,"Cr,W,Y",48,0.380952380952,62,0.492063492063,16,0.126984126984,0,0.000000000000
2867,Cr47W62Y16,125,3,"Cr,W,Y",47,0.376000000000,62,0.496000000000,16,0.128000000000,0,0.000000000000
2868,Cr47W62Y16,125,3,"Cr,W,Y",47,0.376000000000,62,0.496000000000,16,0.128000000000,0,0.000000000000
2869,Cr43W55Y16,114,3,"Cr,W,Y",43,0.377192982456,55,0.482456140351,16,0.140350877193,0,0.000000000000
2870,Cr46W57Y12,115,3,"Cr,W,Y",46,0.400000000000,57,0.495652173913,12,0.104347826087,0,0.000000000000
2871,Cr45W57Y16,118,3,"Cr,W,Y",45,0.381355932203,57,0.483050847458,16,0.135593220339,0,0.000000000000
2872,Cr47W63Y16,126,3,"Cr,W,Y",47,0.373015873016,63,0.500000000000,16,0.126984126984,0,0.000000000000
2873,Cr47W62Y16,125,3,"Cr,W,Y",47,0.376000000000,62,0.496000000000,16,0.128000000000,0,0.000000000000
2874,Cr28W58Y27,113,3,"Cr,W,Y",28,0.247787610619,58,0.513274336283,27,0.238938053097,0,0.000000000000
2875,Cr31W65Y32,128,3,"Cr,W,Y",31,0.242187500000,65,0.507812500000,32,0.250000000000,0,0.000000000000
2876,Cr31W63Y31,125,3,"Cr,W,Y",31,0.248000000000,63,0.504000000000,31,0.248000000000,0,0.000000000000
2877,Cr31W63Y31,125,3,"Cr,W,Y",31,0.248000000000,63,0.504000000000,31,0.248000000000,0,0.000000000000
2878,Cr31W63Y32,126,3,"Cr,W,Y",31,0.246031746032,63,0.500000000000,32,0.253968253968,0,0.000000000000
2879,Cr16W62Y47,125,3,"Cr,W,Y",16,0.128000000000,62,0.496000000000,47,0.376000000000,0,0.000000000000
2880,Cr16W53Y46,115,3,"Cr,W,Y",16,0.139130434783,53,0.460869565217,46,0.400000000000,0,0.000000000000
2881,Cr16W62Y47,125,3,"Cr,W,Y",16,0.128000000000,62,0.496000000000,47,0.376000000000,0,0.000000000000
2882,Cr31W63Y31,125,3,"Cr,W,Y",31,0.248000000000,63,0.504000000000,31,0.248000000000,0,0.000000000000
2883,Cr31W63Y31,125,3,"Cr,W,Y",31,0.248000000000,63,0.504000000000,31,0.248000000000,0,0.000000000000
2884,Cr31W63Y31,125,3,"Cr,W,Y",31,0.248000000000,63,0.504000000000,31,0.248000000000,0,0.000000000000
2885,Cr31W63Y31,125,3,"Cr,W,Y",31,0.248000000000,63,0.504000000000,31,0.248000000000,0,0.000000000000
2886,Cr31W63Y31,125,3,"Cr,W,Y",31,0.248000000000,63,0.504000000000,31,0.248000000000,0,0.000000000000
2887,Cr31W63Y31,125,3,"Cr,W,Y",31,0.248000000000,63,0.504000000000,31,0.248000000000,0,0.000000000000
2888,Cr31W62Y32,125,3,"Cr,W,Y",31,0.248000000000,62,0.496000000000,32,0.256000000000,0,0.000000000000
2889,Cr16W62Y47,125,3,"Cr,W,Y",16,0.128000000000,62,0.496000000000,47,0.376000000000,0,0.000000000000
2890,Cr16W62Y47,125,3,"Cr,W,Y",16,0.128000000000,62,0.496000000000,47,0.376000000000,0,0.000000000000
2891,Cr15W56Y42,113,3,"Cr,W,Y",15,0.132743362832,56,0.495575221239,42,0.371681415929,0,0.000000000000
2892,Cr17W62Y47,126,3,"Cr,W,Y",17,0.134920634921,62,0.492063492063,47,0.373015873016,0,0.000000000000
2893,Cr31W56Y29,116,3,"Cr,W,Y",31,0.267241379310,56,0.482758620690,29,0.250000000000,0,0.000000000000
2894,Cr32W63Y31,126,3,"Cr,W,Y",32,0.253968253968,63,0.500000000000,31,0.246031746032,0,0.000000000000
2895,Cr31W62Y32,125,3,"Cr,W,Y",31,0.248000000000,62,0.496000000000,32,0.256000000000,0,0.000000000000
2896,Cr31W62Y32,125,3,"Cr,W,Y",31,0.248000000000,62,0.496000000000,32,0.256000000000,0,0.000000000000
2897,Cr31W62Y32,125,3,"Cr,W,Y",31,0.248000000000,62,0.496000000000,32,0.256000000000,0,0.000000000000
2898,Cr31W62Y32,125,3,"Cr,W,Y",31,0.248000000000,62,0.496000000000,32,0.256000000000,0,0.000000000000
2899,Cr30W56Y31,117,3,"Cr,W,Y",30,0.256410256410,56,0.478632478632,31,0.264957264957,0,0.000000000000
2900,Cr32W63Y33,128,3,"Cr,W,Y",32,0.250000000000,63,0.492187500000,33,0.257812500000,0,0.000000000000
2901,Cr31W62Y32,125,3,"Cr,W,Y",31,0.248000000000,62,0.496000000000,32,0.256000000000,0,0.000000000000
2902,Cr31W62Y32,125,3,"Cr,W,Y",31,0.248000000000,62,0.496000000000,32,0.256000000000,0,0.000000000000
2903,Cr27W56Y30,113,3,"Cr,W,Y",27,0.238938053097,56,0.495575221239,30,0.265486725664,0,0.000000000000
2904,Cr28W61Y29,118,3,"Cr,W,Y",28,0.237288135593,61,0.516949152542,29,0.245762711864,0,0.000000000000
2905,Cr31W62Y32,125,3,"Cr,W,Y",31,0.248000000000,62,0.496000000000,32,0.256000000000,0,0.000000000000
2906,Cr16W62Y47,125,3,"Cr,W,Y",16,0.128000000000,62,0.496000000000,47,0.376000000000,0,0.000000000000
2907,Cr33W38Zr34,105,3,"Cr,W,Zr",33,0.314285714286,38,0.361904761905,0,0.000000000000,34,0.323809523810
2908,Cr37W32Zr34,103,3,"Cr,W,Zr",37,0.359223300971,32,0.310679611650,0,0.000000000000,34,0.330097087379
2909,Cr16W62Y47,125,3,"Cr,W,Y",16,0.128000000000,62,0.496000000000,47,0.376000000000,0,0.000000000000
2910,Cr16W62Y47,125,3,"Cr,W,Y",16,0.128000000000,62,0.496000000000,47,0.376000000000,0,0.000000000000
2911,Cr16W62Y47,125,3,"Cr,W,Y",16,0.128000000000,62,0.496000000000,47,0.376000000000,0,0.000000000000
2912,Cr16W62Y47,125,3,"Cr,W,Y",16,0.128000000000,62,0.496000000000,47,0.376000000000,0,0.000000000000
2913,Cr16W62Y47,125,3,"Cr,W,Y",16,0.128000000000,62,0.496000000000,47,0.376000000000,0,0.000000000000
2914,Cr16W62Y47,125,3,"Cr,W,Y",16,0.128000000000,62,0.496000000000,47,0.376000000000,0,0.000000000000
2915,Cr14W60Y39,113,3,"Cr,W,Y",14,0.123893805310,60,0.530973451327,39,0.345132743363,0,0.000000000000
2916,Cr16W57Y46,119,3,"Cr,W,Y",16,0.134453781513,57,0.478991596639,46,0.386554621849,0,0.000000000000
2917,Cr16W64Y47,127,3,"Cr,W,Y",16,0.125984251969,64,0.503937007874,47,0.370078740157,0,0.000000000000
2918,Cr16W62Y47,125,3,"Cr,W,Y",16,0.128000000000,62,0.496000000000,47,0.376000000000,0,0.000000000000
2919,Cr31W78Y16,125,3,"Cr,W,Y",31,0.248000000000,78,0.624000000000,16,0.128000000000,0,0.000000000000
2920,Cr31W78Y16,125,3,"Cr,W,Y",31,0.248000000000,78,0.624000000000,16,0.128000000000,0,0.000000000000
2921,Cr31W78Y16,125,3,"Cr,W,Y",31,0.248000000000,78,0.624000000000,16,0.128000000000,0,0.000000000000
2922,Cr31W78Y16,125,3,"Cr,W,Y",31,0.248000000000,78,0.624000000000,16,0.128000000000,0,0.000000000000
2923,Cr28W70Y16,114,3,"Cr,W,Y",28,0.245614035088,70,0.614035087719,16,0.140350877193,0,0.000000000000
2924,Cr26W72Y16,114,3,"Cr,W,Y",26,0.228070175439,72,0.631578947368,16,0.140350877193,0,0.000000000000
2925,Cr31W78Y17,126,3,"Cr,W,Y",31,0.246031746032,78,0.619047619048,17,0.134920634921,0,0.000000000000
2926,Cr31W78Y16,125,3,"Cr,W,Y",31,0.248000000000,78,0.624000000000,16,0.128000000000,0,0.000000000000
2927,Cr28W76Y15,119,3,"Cr,W,Y",28,0.235294117647,76,0.638655462185,15,0.126050420168,0,0.000000000000
2928,Cr29W69Y16,114,3,"Cr,W,Y",29,0.254385964912,69,0.605263157895,16,0.140350877193,0,0.000000000000
2929,Cr30W73Y16,119,3,"Cr,W,Y",30,0.252100840336,73,0.613445378151,16,0.134453781513,0,0.000000000000
2930,Cr31W78Y16,125,3,"Cr,W,Y",31,0.248000000000,78,0.624000000000,16,0.128000000000,0,0.000000000000
2931,Cr31W78Y16,125,3,"Cr,W,Y",31,0.248000000000,78,0.624000000000,16,0.128000000000,0,0.000000000000
2932,Cr31W78Y16,125,3,"Cr,W,Y",31,0.248000000000,78,0.624000000000,16,0.128000000000,0,0.000000000000
2933,Cr31W78Y16,125,3,"Cr,W,Y",31,0.248000000000,78,0.624000000000,16,0.128000000000,0,0.000000000000
2934,Cr28W77Y16,121,3,"Cr,W,Y",28,0.231404958678,77,0.636363636364,16,0.132231404959,0,0.000000000000
2935,Cr28W74Y14,116,3,"Cr,W,Y",28,0.241379310345,74,0.637931034483,14,0.120689655172,0,0.000000000000
2936,Cr31W78Y16,125,3,"Cr,W,Y",31,0.248000000000,78,0.624000000000,16,0.128000000000,0,0.000000000000
2937,Cr31W78Y16,125,3,"Cr,W,Y",31,0.248000000000,78,0.624000000000,16,0.128000000000,0,0.000000000000
2938,Cr31W78Y16,125,3,"Cr,W,Y",31,0.248000000000,78,0.624000000000,16,0.128000000000,0,0.000000000000
2939,Cr31W78Y16,125,3,"Cr,W,Y",31,0.248000000000,78,0.624000000000,16,0.128000000000,0,0.000000000000
2940,Cr31W74Y13,118,3,"Cr,W,Y",31,0.262711864407,74,0.627118644068,13,0.110169491525,0,0.000000000000
2941,Cr32W78Y16Zr,127,4,"Cr,W,Y,Zr",32,0.251968503937,78,0.614173228346,16,0.125984251969,1,0.007874015748
2942,Cr32W79Y16,127,3,"Cr,W,Y",32,0.251968503937,79,0.622047244094,16,0.125984251969,0,0.000000000000
2943,Cr31W78Y16Zr,126,4,"Cr,W,Y,Zr",31,0.246031746032,78,0.619047619048,16,0.126984126984,1,0.007936507937
2944,Cr16W62Y47,125,3,"Cr,W,Y",16,0.128000000000,62,0.496000000000,47,0.376000000000,0,0.000000000000
2945,Cr16W62Y47,125,3,"Cr,W,Y",16,0.128000000000,62,0.496000000000,47,0.376000000000,0,0.000000000000
2946,Cr15W58Y43,116,3,"Cr,W,Y",15,0.129310344828,58,0.500000000000,43,0.370689655172,0,0.000000000000
2947,Cr14W60Y40,114,3,"Cr,W,Y",14,0.122807017544,60,0.526315789474,40,0.350877192982,0,0.000000000000
2948,Cr16W63Y47,126,3,"Cr,W,Y",16,0.126984126984,63,0.500000000000,47,0.373015873016,0,0.000000000000
2949,Cr31W78Y16,125,3,"Cr,W,Y",31,0.248000000000,78,0.624000000000,16,0.128000000000,0,0.000000000000
2950,Cr28W73Y15,116,3,"Cr,W,Y",28,0.241379310345,73,0.629310344828,15,0.129310344828,0,0.000000000000
2951,Cr31W78Y16,125,3,"Cr,W,Y",31,0.248000000000,78,0.624000000000,16,0.128000000000,0,0.000000000000
2952,Cr31W78Y16,125,3,"Cr,W,Y",31,0.248000000000,78,0.624000000000,16,0.128000000000,0,0.000000000000
2953,Cr31W78Y16,125,3,"Cr,W,Y",31,0.248000000000,78,0.624000000000,16,0.128000000000,0,0.000000000000
2954,Cr31W78Y16,125,3,"Cr,W,Y",31,0.248000000000,78,0.624000000000,16,0.128000000000,0,0.000000000000
2955,Cr26W75Y14,115,3,"Cr,W,Y",26,0.226086956522,75,0.652173913043,14,0.121739130435,0,0.000000000000
2956,Cr32W79Y16,127,3,"Cr,W,Y",32,0.251968503937,79,0.622047244094,16,0.125984251969,0,0.000000000000
2957,Cr31W78Y16,125,3,"Cr,W,Y",31,0.248000000000,78,0.624000000000,16,0.128000000000,0,0.000000000000
2958,Cr16W62Y47,125,3,"Cr,W,Y",16,0.128000000000,62,0.496000000000,47,0.376000000000,0,0.000000000000
2959,Cr16W62Y47,125,3,"Cr,W,Y",16,0.128000000000,62,0.496000000000,47,0.376000000000,0,0.000000000000
2960,Cr16W62Y47,125,3,"Cr,W,Y",16,0.128000000000,62,0.496000000000,47,0.376000000000,0,0.000000000000
2961,Cr16W53Y44,113,3,"Cr,W,Y",16,0.141592920354,53,0.469026548673,44,0.389380530973,0,0.000000000000
2962,Cr16W63Y47,126,3,"Cr,W,Y",16,0.126984126984,63,0.500000000000,47,0.373015873016,0,0.000000000000
2963,Cr31W78Y16,125,3,"Cr,W,Y",31,0.248000000000,78,0.624000000000,16,0.128000000000,0,0.000000000000
2964,Cr31W78Y16,125,3,"Cr,W,Y",31,0.248000000000,78,0.624000000000,16,0.128000000000,0,0.000000000000
2965,Cr31W78Y16,125,3,"Cr,W,Y",31,0.248000000000,78,0.624000000000,16,0.128000000000,0,0.000000000000
2966,Cr31W78Y16,125,3,"Cr,W,Y",31,0.248000000000,78,0.624000000000,16,0.128000000000,0,0.000000000000
2967,Cr31W78Y16,125,3,"Cr,W,Y",31,0.248000000000,78,0.624000000000,16,0.128000000000,0,0.000000000000
2968,Cr31W71Y15,117,3,"Cr,W,Y",31,0.264957264957,71,0.606837606838,15,0.128205128205,0,0.000000000000
2969,Cr31W78Y16Zr,126,4,"Cr,W,Y,Zr",31,0.246031746032,78,0.619047619048,16,0.126984126984,1,0.007936507937
2970,Cr16W78Y31,125,3,"Cr,W,Y",16,0.128000000000,78,0.624000000000,31,0.248000000000,0,0.000000000000
2971,Cr16W78Y31,125,3,"Cr,W,Y",16,0.128000000000,78,0.624000000000,31,0.248000000000,0,0.000000000000
2972,Cr16W78Y31,125,3,"Cr,W,Y",16,0.128000000000,78,0.624000000000,31,0.248000000000,0,0.000000000000
2973,Cr14W75Y28,117,3,"Cr,W,Y",14,0.119658119658,75,0.641025641026,28,0.239316239316,0,0.000000000000
2974,Cr16W78Y31,125,3,"Cr,W,Y",16,0.128000000000,78,0.624000000000,31,0.248000000000,0,0.000000000000
2975,Cr16W78Y31,125,3,"Cr,W,Y",16,0.128000000000,78,0.624000000000,31,0.248000000000,0,0.000000000000
2976,Cr16W78Y31,125,3,"Cr,W,Y",16,0.128000000000,78,0.624000000000,31,0.248000000000,0,0.000000000000
2977,Cr15W73Y29,117,3,"Cr,W,Y",15,0.128205128205,73,0.623931623932,29,0.247863247863,0,0.000000000000
2978,Cr16W78Y31,125,3,"Cr,W,Y",16,0.128000000000,78,0.624000000000,31,0.248000000000,0,0.000000000000
2979,Cr34W33Zr36,103,3,"Cr,W,Zr",34,0.330097087379,33,0.320388349515,0,0.000000000000,36,0.349514563107
2980,Cr36W34Zr32,102,3,"Cr,W,Zr",36,0.352941176471,34,0.333333333333,0,0.000000000000,32,0.313725490196
2981,Cr36W33Zr32,101,3,"Cr,W,Zr",36,0.356435643564,33,0.326732673267,0,0.000000000000,32,0.316831683168
2982,Cr34W35Zr33,102,3,"Cr,W,Zr",34,0.333333333333,35,0.343137254902,0,0.000000000000,33,0.323529411765
2983,Cr16W78Y31,125,3,"Cr,W,Y",16,0.128000000000,78,0.624000000000,31,0.248000000000,0,0.000000000000
2984,Cr16W69Y29,114,3,"Cr,W,Y",16,0.140350877193,69,0.605263157895,29,0.254385964912,0,0.000000000000
2985,Cr17W78Y31Zr,127,4,"Cr,W,Y,Zr",17,0.133858267717,78,0.614173228346,31,0.244094488189,1,0.007874015748
2986,Cr16W78Y31,125,3,"Cr,W,Y",16,0.128000000000,78,0.624000000000,31,0.248000000000,0,0.000000000000
2987,Cr16W78Y31,125,3,"Cr,W,Y",16,0.128000000000,78,0.624000000000,31,0.248000000000,0,0.000000000000
2988,Cr13W74Y27,114,3,"Cr,W,Y",13,0.114035087719,74,0.649122807018,27,0.236842105263,0,0.000000000000
2989,Cr16W80Y31,127,3,"Cr,W,Y",16,0.125984251969,80,0.629921259843,31,0.244094488189,0,0.000000000000
2990,Cr16W78Y31,125,3,"Cr,W,Y",16,0.128000000000,78,0.624000000000,31,0.248000000000,0,0.000000000000
2991,Cr16W78Y31,125,3,"Cr,W,Y",16,0.128000000000,78,0.624000000000,31,0.248000000000,0,0.000000000000
2992,Cr16W78Y31,125,3,"Cr,W,Y",16,0.128000000000,78,0.624000000000,31,0.248000000000,0,0.000000000000
2993,Cr16W78Y31,125,3,"Cr,W,Y",16,0.128000000000,78,0.624000000000,31,0.248000000000,0,0.000000000000
2994,Cr16W78Y31,125,3,"Cr,W,Y",16,0.128000000000,78,0.624000000000,31,0.248000000000,0,0.000000000000
2995,Cr16W78Y31,125,3,"Cr,W,Y",16,0.128000000000,78,0.624000000000,31,0.248000000000,0,0.000000000000
2996,Cr16W66Y31,113,3,"Cr,W,Y",16,0.141592920354,66,0.584070796460,31,0.274336283186,0,0.000000000000
2997,Cr16W78Y31Zr,126,4,"Cr,W,Y,Zr",16,0.126984126984,78,0.619047619048,31,0.246031746032,1,0.007936507937
2998,Cr16W78Y31,125,3,"Cr,W,Y",16,0.128000000000,78,0.624000000000,31,0.248000000000,0,0.000000000000
2999,Cr16W71Y27,114,3,"Cr,W,Y",16,0.140350877193,71,0.622807017544,27,0.236842105263,0,0.000000000000
3000,Cr16W78Y32,126,3,"Cr,W,Y",16,0.126984126984,78,0.619047619048,32,0.253968253968,0,0.000000000000
3001,Cr16W94Y15,125,3,"Cr,W,Y",16,0.128000000000,94,0.752000000000,15,0.120000000000,0,0.000000000000
3002,Cr16W84Y13,113,3,"Cr,W,Y",16,0.141592920354,84,0.743362831858,13,0.115044247788,0,0.000000000000
3003,Cr16W94Y15,125,3,"Cr,W,Y",16,0.128000000000,94,0.752000000000,15,0.120000000000,0,0.000000000000
3004,Cr16W94Y15,125,3,"Cr,W,Y",16,0.128000000000,94,0.752000000000,15,0.120000000000,0,0.000000000000
3005,Cr16W94Y16,126,3,"Cr,W,Y",16,0.126984126984,94,0.746031746032,16,0.126984126984,0,0.000000000000
3006,Cr16W94Y15,125,3,"Cr,W,Y",16,0.128000000000,94,0.752000000000,15,0.120000000000,0,0.000000000000
3007,Cr16W94Y15,125,3,"Cr,W,Y",16,0.128000000000,94,0.752000000000,15,0.120000000000,0,0.000000000000
3008,Cr16W94Y15,125,3,"Cr,W,Y",16,0.128000000000,94,0.752000000000,15,0.120000000000,0,0.000000000000
3009,Cr16W94Y15,125,3,"Cr,W,Y",16,0.128000000000,94,0.752000000000,15,0.120000000000,0,0.000000000000
3010,Cr16W94Y15,125,3,"Cr,W,Y",16,0.128000000000,94,0.752000000000,15,0.120000000000,0,0.000000000000
3011,Cr16W94Y15,125,3,"Cr,W,Y",16,0.128000000000,94,0.752000000000,15,0.120000000000,0,0.000000000000
3012,Cr16W94Y15,125,3,"Cr,W,Y",16,0.128000000000,94,0.752000000000,15,0.120000000000,0,0.000000000000
3013,Cr13W88Y13,114,3,"Cr,W,Y",13,0.114035087719,88,0.771929824561,13,0.114035087719,0,0.000000000000
3014,Cr16W94Y15Zr2,127,4,"Cr,W,Y,Zr",16,0.125984251969,94,0.740157480315,15,0.118110236220,2,0.015748031496
3015,Cr16W94Y15,125,3,"Cr,W,Y",16,0.128000000000,94,0.752000000000,15,0.120000000000,0,0.000000000000
3016,Cr16W94Y15,125,3,"Cr,W,Y",16,0.128000000000,94,0.752000000000,15,0.120000000000,0,0.000000000000
3017,Cr14W90Y11,115,3,"Cr,W,Y",14,0.121739130435,90,0.782608695652,11,0.095652173913,0,0.000000000000
3018,Cr15W87Y14,116,3,"Cr,W,Y",15,0.129310344828,87,0.750000000000,14,0.120689655172,0,0.000000000000
3019,Cr16W94Y16Zr,127,4,"Cr,W,Y,Zr",16,0.125984251969,94,0.740157480315,16,0.125984251969,1,0.007874015748
3020,Cr17W94Y15,126,3,"Cr,W,Y",17,0.134920634921,94,0.746031746032,15,0.119047619048,0,0.000000000000
3021,Cr16W94Y15,125,3,"Cr,W,Y",16,0.128000000000,94,0.752000000000,15,0.120000000000,0,0.000000000000
3022,Cr16W94Y15,125,3,"Cr,W,Y",16,0.128000000000,94,0.752000000000,15,0.120000000000,0,0.000000000000
3023,Cr16W94Y15,125,3,"Cr,W,Y",16,0.128000000000,94,0.752000000000,15,0.120000000000,0,0.000000000000
3024,Cr16W94Y15,125,3,"Cr,W,Y",16,0.128000000000,94,0.752000000000,15,0.120000000000,0,0.000000000000
3025,Cr29W28Zr30,87,3,"Cr,W,Zr",29,0.333333333333,28,0.321839080460,0,0.000000000000,30,0.344827586207
3026,Cr35W36Zr32,103,3,"Cr,W,Zr",35,0.339805825243,36,0.349514563107,0,0.000000000000,32,0.310679611650
3027,Cr32W34Zr36,102,3,"Cr,W,Zr",32,0.313725490196,34,0.333333333333,0,0.000000000000,36,0.352941176471
3028,Cr33W32Zr35,100,3,"Cr,W,Zr",33,0.330000000000,32,0.320000000000,0,0.000000000000,35,0.350000000000
3029,Cr94W16Zr16,126,3,"Cr,W,Zr",94,0.746031746032,16,0.126984126984,0,0.000000000000,16,0.126984126984
3030,Cr94W16Zr15,125,3,"Cr,W,Zr",94,0.752000000000,16,0.128000000000,0,0.000000000000,15,0.120000000000
3031,Cr94W16Zr15,125,3,"Cr,W,Zr",94,0.752000000000,16,0.128000000000,0,0.000000000000,15,0.120000000000
3032,Cr94W16Zr15,125,3,"Cr,W,Zr",94,0.752000000000,16,0.128000000000,0,0.000000000000,15,0.120000000000
3033,Cr94W16Zr15,125,3,"Cr,W,Zr",94,0.752000000000,16,0.128000000000,0,0.000000000000,15,0.120000000000
3034,Cr94W16Zr15,125,3,"Cr,W,Zr",94,0.752000000000,16,0.128000000000,0,0.000000000000,15,0.120000000000
3035,Cr94W16Zr15,125,3,"Cr,W,Zr",94,0.752000000000,16,0.128000000000,0,0.000000000000,15,0.120000000000
3036,Cr94W16Zr15,125,3,"Cr,W,Zr",94,0.752000000000,16,0.128000000000,0,0.000000000000,15,0.120000000000
3037,Cr94W16Zr15,125,3,"Cr,W,Zr",94,0.752000000000,16,0.128000000000,0,0.000000000000,15,0.120000000000
3038,Cr94W19YZr15,129,4,"Cr,W,Y,Zr",94,0.728682170543,19,0.147286821705,1,0.007751937984,15,0.116279069767
3039,Cr94W16Zr15,125,3,"Cr,W,Zr",94,0.752000000000,16,0.128000000000,0,0.000000000000,15,0.120000000000
3040,Cr94W16Zr15,125,3,"Cr,W,Zr",94,0.752000000000,16,0.128000000000,0,0.000000000000,15,0.120000000000
3041,Cr94W16Zr15,125,3,"Cr,W,Zr",94,0.752000000000,16,0.128000000000,0,0.000000000000,15,0.120000000000
3042,Cr88W14Zr13,115,3,"Cr,W,Zr",88,0.765217391304,14,0.121739130435,0,0.000000000000,13,0.113043478261
3043,Cr95W16Zr15,126,3,"Cr,W,Zr",95,0.753968253968,16,0.126984126984,0,0.000000000000,15,0.119047619048
3044,Cr35W33Zr34,102,3,"Cr,W,Zr",35,0.343137254902,33,0.323529411765,0,0.000000000000,34,0.333333333333
3045,Cr94W16Zr15,125,3,"Cr,W,Zr",94,0.752000000000,16,0.128000000000,0,0.000000000000,15,0.120000000000
3046,Cr94W16Zr15,125,3,"Cr,W,Zr",94,0.752000000000,16,0.128000000000,0,0.000000000000,15,0.120000000000
3047,Cr94W16Zr15,125,3,"Cr,W,Zr",94,0.752000000000,16,0.128000000000,0,0.000000000000,15,0.120000000000
3048,Cr84W16Zr14,114,3,"Cr,W,Zr",84,0.736842105263,16,0.140350877193,0,0.000000000000,14,0.122807017544
3049,Cr95W16Zr15,126,3,"Cr,W,Zr",95,0.753968253968,16,0.126984126984,0,0.000000000000,15,0.119047619048
3050,Cr94W16Zr15,125,3,"Cr,W,Zr",94,0.752000000000,16,0.128000000000,0,0.000000000000,15,0.120000000000
3051,Cr94W16Zr15,125,3,"Cr,W,Zr",94,0.752000000000,16,0.128000000000,0,0.000000000000,15,0.120000000000
3052,Cr78W16Zr31,125,3,"Cr,W,Zr",78,0.624000000000,16,0.128000000000,0,0.000000000000,31,0.248000000000
3053,Cr78W16Zr31,125,3,"Cr,W,Zr",78,0.624000000000,16,0.128000000000,0,0.000000000000,31,0.248000000000
3054,Cr78W16Zr32,126,3,"Cr,W,Zr",78,0.619047619048,16,0.126984126984,0,0.000000000000,32,0.253968253968
3055,Cr78W16Zr31,125,3,"Cr,W,Zr",78,0.624000000000,16,0.128000000000,0,0.000000000000,31,0.248000000000
3056,Cr78W16Zr31,125,3,"Cr,W,Zr",78,0.624000000000,16,0.128000000000,0,0.000000000000,31,0.248000000000
3057,Cr72W16Zr29,117,3,"Cr,W,Zr",72,0.615384615385,16,0.136752136752,0,0.000000000000,29,0.247863247863
3058,Cr78W16Zr31,125,3,"Cr,W,Zr",78,0.624000000000,16,0.128000000000,0,0.000000000000,31,0.248000000000
3059,Cr36W35Zr34,105,3,"Cr,W,Zr",36,0.342857142857,35,0.333333333333,0,0.000000000000,34,0.323809523810
3060,Cr32W34Zr35,101,3,"Cr,W,Zr",32,0.316831683168,34,0.336633663366,0,0.000000000000,35,0.346534653465
3061,Cr78W16Zr31,125,3,"Cr,W,Zr",78,0.624000000000,16,0.128000000000,0,0.000000000000,31,0.248000000000
3062,Cr69W13Zr31,113,3,"Cr,W,Zr",69,0.610619469027,13,0.115044247788,0,0.000000000000,31,0.274336283186
3063,Cr78W16YZr32,127,4,"Cr,W,Y,Zr",78,0.614173228346,16,0.125984251969,1,0.007874015748,32,0.251968503937
3064,Cr78W16Zr32,126,3,"Cr,W,Zr",78,0.619047619048,16,0.126984126984,0,0.000000000000,32,0.253968253968
3065,Cr78W16Zr31,125,3,"Cr,W,Zr",78,0.624000000000,16,0.128000000000,0,0.000000000000,31,0.248000000000
3066,Cr78W16Zr31,125,3,"Cr,W,Zr",78,0.624000000000,16,0.128000000000,0,0.000000000000,31,0.248000000000
3067,Cr78W16Zr31,125,3,"Cr,W,Zr",78,0.624000000000,16,0.128000000000,0,0.000000000000,31,0.248000000000
3068,Cr78W16Zr31,125,3,"Cr,W,Zr",78,0.624000000000,16,0.128000000000,0,0.000000000000,31,0.248000000000
3069,Cr78W16Zr31,125,3,"Cr,W,Zr",78,0.624000000000,16,0.128000000000,0,0.000000000000,31,0.248000000000
3070,Cr78W16Zr31,125,3,"Cr,W,Zr",78,0.624000000000,16,0.128000000000,0,0.000000000000,31,0.248000000000
3071,Cr78W17Zr31,126,3,"Cr,W,Zr",78,0.619047619048,17,0.134920634921,0,0.000000000000,31,0.246031746032
3072,Cr78W16Zr31,125,3,"Cr,W,Zr",78,0.624000000000,16,0.128000000000,0,0.000000000000,31,0.248000000000
3073,Cr78W16Zr31,125,3,"Cr,W,Zr",78,0.624000000000,16,0.128000000000,0,0.000000000000,31,0.248000000000
3074,Cr78W16Zr31,125,3,"Cr,W,Zr",78,0.624000000000,16,0.128000000000,0,0.000000000000,31,0.248000000000
3075,Cr78W16Zr31,125,3,"Cr,W,Zr",78,0.624000000000,16,0.128000000000,0,0.000000000000,31,0.248000000000
3076,Cr78W16Zr31,125,3,"Cr,W,Zr",78,0.624000000000,16,0.128000000000,0,0.000000000000,31,0.248000000000
3077,Cr74W16Zr29,119,3,"Cr,W,Zr",74,0.621848739496,16,0.134453781513,0,0.000000000000,29,0.243697478992
3078,Cr78W16Zr31,125,3,"Cr,W,Zr",78,0.624000000000,16,0.128000000000,0,0.000000000000,31,0.248000000000
3079,Cr37W33Zr35,105,3,"Cr,W,Zr",37,0.352380952381,33,0.314285714286,0,0.000000000000,35,0.333333333333
3080,Cr78W16Zr31,125,3,"Cr,W,Zr",78,0.624000000000,16,0.128000000000,0,0.000000000000,31,0.248000000000
3081,Cr78W16Zr31,125,3,"Cr,W,Zr",78,0.624000000000,16,0.128000000000,0,0.000000000000,31,0.248000000000
3082,Cr78W16Zr31,125,3,"Cr,W,Zr",78,0.624000000000,16,0.128000000000,0,0.000000000000,31,0.248000000000
3083,Cr78W16Zr31,125,3,"Cr,W,Zr",78,0.624000000000,16,0.128000000000,0,0.000000000000,31,0.248000000000
3084,Cr70W16Zr29,115,3,"Cr,W,Zr",70,0.608695652174,16,0.139130434783,0,0.000000000000,29,0.252173913043
3085,Cr73W14Zr26,113,3,"Cr,W,Zr",73,0.646017699115,14,0.123893805310,0,0.000000000000,26,0.230088495575
3086,Cr78W16Zr31,125,3,"Cr,W,Zr",78,0.624000000000,16,0.128000000000,0,0.000000000000,31,0.248000000000
3087,Cr62W16Zr47,125,3,"Cr,W,Zr",62,0.496000000000,16,0.128000000000,0,0.000000000000,47,0.376000000000
3088,Cr62W16YZr47,126,4,"Cr,W,Y,Zr",62,0.492063492063,16,0.126984126984,1,0.007936507937,47,0.373015873016
3089,Cr62W16Zr47,125,3,"Cr,W,Zr",62,0.496000000000,16,0.128000000000,0,0.000000000000,47,0.376000000000
3090,Cr62W16Zr47,125,3,"Cr,W,Zr",62,0.496000000000,16,0.128000000000,0,0.000000000000,47,0.376000000000
3091,Cr62W16Zr47,125,3,"Cr,W,Zr",62,0.496000000000,16,0.128000000000,0,0.000000000000,47,0.376000000000
3092,Cr62W16Zr47,125,3,"Cr,W,Zr",62,0.496000000000,16,0.128000000000,0,0.000000000000,47,0.376000000000
3093,Cr62W16Zr47,125,3,"Cr,W,Zr",62,0.496000000000,16,0.128000000000,0,0.000000000000,47,0.376000000000
3094,Cr62W16Zr47,125,3,"Cr,W,Zr",62,0.496000000000,16,0.128000000000,0,0.000000000000,47,0.376000000000
3095,Cr57W15Zr42,114,3,"Cr,W,Zr",57,0.500000000000,15,0.131578947368,0,0.000000000000,42,0.368421052632
3096,Cr56W15Zr47,118,3,"Cr,W,Zr",56,0.474576271186,15,0.127118644068,0,0.000000000000,47,0.398305084746
3097,Cr62W16Zr47,125,3,"Cr,W,Zr",62,0.496000000000,16,0.128000000000,0,0.000000000000,47,0.376000000000
3098,Cr35W34Zr33,102,3,"Cr,W,Zr",35,0.343137254902,34,0.333333333333,0,0.000000000000,33,0.323529411765
3099,Cr62W17Zr49,128,3,"Cr,W,Zr",62,0.484375000000,17,0.132812500000,0,0.000000000000,49,0.382812500000
3100,Cr62W17Zr47,126,3,"Cr,W,Zr",62,0.492063492063,17,0.134920634921,0,0.000000000000,47,0.373015873016
3101,Cr62W16Zr47,125,3,"Cr,W,Zr",62,0.496000000000,16,0.128000000000,0,0.000000000000,47,0.376000000000
3102,Cr62W16Zr47,125,3,"Cr,W,Zr",62,0.496000000000,16,0.128000000000,0,0.000000000000,47,0.376000000000
3103,Cr62W16Zr47,125,3,"Cr,W,Zr",62,0.496000000000,16,0.128000000000,0,0.000000000000,47,0.376000000000
3104,Cr62W16Zr47,125,3,"Cr,W,Zr",62,0.496000000000,16,0.128000000000,0,0.000000000000,47,0.376000000000
3105,Cr62W16Zr49,127,3,"Cr,W,Zr",62,0.488188976378,16,0.125984251969,0,0.000000000000,49,0.385826771654
3106,Cr62W16Zr47,125,3,"Cr,W,Zr",62,0.496000000000,16,0.128000000000,0,0.000000000000,47,0.376000000000
3107,Cr63W16Y2Zr47,128,4,"Cr,W,Y,Zr",63,0.492187500000,16,0.125000000000,2,0.015625000000,47,0.367187500000
3108,Cr62W16Zr47,125,3,"Cr,W,Zr",62,0.496000000000,16,0.128000000000,0,0.000000000000,47,0.376000000000
3109,Cr62W16Zr47,125,3,"Cr,W,Zr",62,0.496000000000,16,0.128000000000,0,0.000000000000,47,0.376000000000
3110,Cr62W16Zr47,125,3,"Cr,W,Zr",62,0.496000000000,16,0.128000000000,0,0.000000000000,47,0.376000000000
3111,Cr60W16Zr41,117,3,"Cr,W,Zr",60,0.512820512821,16,0.136752136752,0,0.000000000000,41,0.350427350427
3112,Cr53W16Zr44,113,3,"Cr,W,Zr",53,0.469026548673,16,0.141592920354,0,0.000000000000,44,0.389380530973
3113,Cr57W14Zr46,117,3,"Cr,W,Zr",57,0.487179487179,14,0.119658119658,0,0.000000000000,46,0.393162393162
3114,Cr63W16Y2Zr47,128,4,"Cr,W,Y,Zr",63,0.492187500000,16,0.125000000000,2,0.015625000000,47,0.367187500000
3115,Cr62W18Zr48,128,3,"Cr,W,Zr",62,0.484375000000,18,0.140625000000,0,0.000000000000,48,0.375000000000
3116,Cr62W16Zr48,126,3,"Cr,W,Zr",62,0.492063492063,16,0.126984126984,0,0.000000000000,48,0.380952380952
3117,Cr62W16Zr47,125,3,"Cr,W,Zr",62,0.496000000000,16,0.128000000000,0,0.000000000000,47,0.376000000000
3118,Cr62W16Zr47,125,3,"Cr,W,Zr",62,0.496000000000,16,0.128000000000,0,0.000000000000,47,0.376000000000
3119,Cr62W16Zr47,125,3,"Cr,W,Zr",62,0.496000000000,16,0.128000000000,0,0.000000000000,47,0.376000000000
3120,Cr62W16Zr47,125,3,"Cr,W,Zr",62,0.496000000000,16,0.128000000000,0,0.000000000000,47,0.376000000000
3121,Cr47W16Zr62,125,3,"Cr,W,Zr",47,0.376000000000,16,0.128000000000,0,0.000000000000,62,0.496000000000
3122,Cr47W16Zr62,125,3,"Cr,W,Zr",47,0.376000000000,16,0.128000000000,0,0.000000000000,62,0.496000000000
3123,Cr45W13Zr55,113,3,"Cr,W,Zr",45,0.398230088496,13,0.115044247788,0,0.000000000000,55,0.486725663717
3124,Cr47W16Zr62,125,3,"Cr,W,Zr",47,0.376000000000,16,0.128000000000,0,0.000000000000,62,0.496000000000
3125,Cr47W16Zr62,125,3,"Cr,W,Zr",47,0.376000000000,16,0.128000000000,0,0.000000000000,62,0.496000000000
3126,Cr47W16Zr62,125,3,"Cr,W,Zr",47,0.376000000000,16,0.128000000000,0,0.000000000000,62,0.496000000000
3127,Cr47W16Zr63,126,3,"Cr,W,Zr",47,0.373015873016,16,0.126984126984,0,0.000000000000,63,0.500000000000
3128,Cr35W35Zr34,104,3,"Cr,W,Zr",35,0.336538461538,35,0.336538461538,0,0.000000000000,34,0.326923076923
3129,Cr47W16Zr62,125,3,"Cr,W,Zr",47,0.376000000000,16,0.128000000000,0,0.000000000000,62,0.496000000000
3130,Cr47W16Zr62,125,3,"Cr,W,Zr",47,0.376000000000,16,0.128000000000,0,0.000000000000,62,0.496000000000
3131,Cr47W16Zr62,125,3,"Cr,W,Zr",47,0.376000000000,16,0.128000000000,0,0.000000000000,62,0.496000000000
3132,Cr42W14Zr59,115,3,"Cr,W,Zr",42,0.365217391304,14,0.121739130435,0,0.000000000000,59,0.513043478261
3133,Cr45W16Zr57,118,3,"Cr,W,Zr",45,0.381355932203,16,0.135593220339,0,0.000000000000,57,0.483050847458
3134,Cr42W16Zr56,114,3,"Cr,W,Zr",42,0.368421052632,16,0.140350877193,0,0.000000000000,56,0.491228070175
3135,Cr43W16Zr62,121,3,"Cr,W,Zr",43,0.355371900826,16,0.132231404959,0,0.000000000000,62,0.512396694215
3136,Cr47W16YZr62,126,4,"Cr,W,Y,Zr",47,0.373015873016,16,0.126984126984,1,0.007936507937,62,0.492063492063
3137,Cr47W16Zr62,125,3,"Cr,W,Zr",47,0.376000000000,16,0.128000000000,0,0.000000000000,62,0.496000000000
3138,Cr40W16Zr59,115,3,"Cr,W,Zr",40,0.347826086957,16,0.139130434783,0,0.000000000000,59,0.513043478261
3139,Cr48W16Zr63,127,3,"Cr,W,Zr",48,0.377952755906,16,0.125984251969,0,0.000000000000,63,0.496062992126
3140,Cr47W16Zr62,125,3,"Cr,W,Zr",47,0.376000000000,16,0.128000000000,0,0.000000000000,62,0.496000000000
3141,Cr45W12Zr58,115,3,"Cr,W,Zr",45,0.391304347826,12,0.104347826087,0,0.000000000000,58,0.504347826087
3142,Cr46W16Zr58,120,3,"Cr,W,Zr",46,0.383333333333,16,0.133333333333,0,0.000000000000,58,0.483333333333
3143,Cr44W16Zr54,114,3,"Cr,W,Zr",44,0.385964912281,16,0.140350877193,0,0.000000000000,54,0.473684210526
3144,Cr41W14Zr58,113,3,"Cr,W,Zr",41,0.362831858407,14,0.123893805310,0,0.000000000000,58,0.513274336283
3145,Cr42W15Zr61,118,3,"Cr,W,Zr",42,0.355932203390,15,0.127118644068,0,0.000000000000,61,0.516949152542
3146,Cr48W18Zr62,128,3,"Cr,W,Zr",48,0.375000000000,18,0.140625000000,0,0.000000000000,62,0.484375000000
3147,Cr47W16Zr62,125,3,"Cr,W,Zr",47,0.376000000000,16,0.128000000000,0,0.000000000000,62,0.496000000000
3148,Cr47W16Zr62,125,3,"Cr,W,Zr",47,0.376000000000,16,0.128000000000,0,0.000000000000,62,0.496000000000
3149,Cr47W16Zr62,125,3,"Cr,W,Zr",47,0.376000000000,16,0.128000000000,0,0.000000000000,62,0.496000000000
3150,Cr47W16Zr62,125,3,"Cr,W,Zr",47,0.376000000000,16,0.128000000000,0,0.000000000000,62,0.496000000000
3151,Cr43W16Zr56,115,3,"Cr,W,Zr",43,0.373913043478,16,0.139130434783,0,0.000000000000,56,0.486956521739
3152,Cr47W17Zr63,127,3,"Cr,W,Zr",47,0.370078740157,17,0.133858267717,0,0.000000000000,63,0.496062992126
3153,Cr47W16Zr62,125,3,"Cr,W,Zr",47,0.376000000000,16,0.128000000000,0,0.000000000000,62,0.496000000000
3154,Cr47W16Zr62,125,3,"Cr,W,Zr",47,0.376000000000,16,0.128000000000,0,0.000000000000,62,0.496000000000
3155,Cr47W16Zr62,125,3,"Cr,W,Zr",47,0.376000000000,16,0.128000000000,0,0.000000000000,62,0.496000000000
3156,Cr47W16Zr62,125,3,"Cr,W,Zr",47,0.376000000000,16,0.128000000000,0,0.000000000000,62,0.496000000000
3157,Cr47W16Zr62,125,3,"Cr,W,Zr",47,0.376000000000,16,0.128000000000,0,0.000000000000,62,0.496000000000
3158,Cr44W14Zr61,119,3,"Cr,W,Zr",44,0.369747899160,14,0.117647058824,0,0.000000000000,61,0.512605042017
3159,Cr47W16Zr62,125,3,"Cr,W,Zr",47,0.376000000000,16,0.128000000000,0,0.000000000000,62,0.496000000000
3160,Cr32W32Zr32,96,3,"Cr,W,Zr",32,0.333333333333,32,0.333333333333,0,0.000000000000,32,0.333333333333
3161,Cr34W32Zr38,104,3,"Cr,W,Zr",34,0.326923076923,32,0.307692307692,0,0.000000000000,38,0.365384615385
3162,Cr33W35Zr34,102,3,"Cr,W,Zr",33,0.323529411765,35,0.343137254902,0,0.000000000000,34,0.333333333333
3163,Cr31W16Zr78,125,3,"Cr,W,Zr",31,0.248000000000,16,0.128000000000,0,0.000000000000,78,0.624000000000
3164,Cr31W16Zr78,125,3,"Cr,W,Zr",31,0.248000000000,16,0.128000000000,0,0.000000000000,78,0.624000000000
3165,Cr31W16Zr78,125,3,"Cr,W,Zr",31,0.248000000000,16,0.128000000000,0,0.000000000000,78,0.624000000000
3166,Cr31W15Zr74,120,3,"Cr,W,Zr",31,0.258333333333,15,0.125000000000,0,0.000000000000,74,0.616666666667
3167,Cr25W16Zr73,114,3,"Cr,W,Zr",25,0.219298245614,16,0.140350877193,0,0.000000000000,73,0.640350877193
3168,Cr29W16Zr74,119,3,"Cr,W,Zr",29,0.243697478992,16,0.134453781513,0,0.000000000000,74,0.621848739496
3169,Cr31W17YZr78,127,4,"Cr,W,Y,Zr",31,0.244094488189,17,0.133858267717,1,0.007874015748,78,0.614173228346
3170,Cr31W16Zr78,125,3,"Cr,W,Zr",31,0.248000000000,16,0.128000000000,0,0.000000000000,78,0.624000000000
3171,Cr31W16Zr78,125,3,"Cr,W,Zr",31,0.248000000000,16,0.128000000000,0,0.000000000000,78,0.624000000000
3172,Cr31W16Zr78,125,3,"Cr,W,Zr",31,0.248000000000,16,0.128000000000,0,0.000000000000,78,0.624000000000
3173,Cr31W16Zr78,125,3,"Cr,W,Zr",31,0.248000000000,16,0.128000000000,0,0.000000000000,78,0.624000000000
3174,Cr26W16Zr71,113,3,"Cr,W,Zr",26,0.230088495575,16,0.141592920354,0,0.000000000000,71,0.628318584071
3175,Cr31W14Zr73,118,3,"Cr,W,Zr",31,0.262711864407,14,0.118644067797,0,0.000000000000,73,0.618644067797
3176,Cr31W16Zr79,126,3,"Cr,W,Zr",31,0.246031746032,16,0.126984126984,0,0.000000000000,79,0.626984126984
3177,Cr31W16Zr78,125,3,"Cr,W,Zr",31,0.248000000000,16,0.128000000000,0,0.000000000000,78,0.624000000000
3178,Cr29W13Zr71,113,3,"Cr,W,Zr",29,0.256637168142,13,0.115044247788,0,0.000000000000,71,0.628318584071
3179,Cr31W16Zr78,125,3,"Cr,W,Zr",31,0.248000000000,16,0.128000000000,0,0.000000000000,78,0.624000000000
3180,Cr31W16Zr78,125,3,"Cr,W,Zr",31,0.248000000000,16,0.128000000000,0,0.000000000000,78,0.624000000000
3181,Cr31W16Zr78,125,3,"Cr,W,Zr",31,0.248000000000,16,0.128000000000,0,0.000000000000,78,0.624000000000
3182,Cr31W16Zr78,125,3,"Cr,W,Zr",31,0.248000000000,16,0.128000000000,0,0.000000000000,78,0.624000000000
3183,Cr31W16Zr78,125,3,"Cr,W,Zr",31,0.248000000000,16,0.128000000000,0,0.000000000000,78,0.624000000000
3184,Cr31W16Zr78,125,3,"Cr,W,Zr",31,0.248000000000,16,0.128000000000,0,0.000000000000,78,0.624000000000
3185,Cr29W16Zr69,114,3,"Cr,W,Zr",29,0.254385964912,16,0.140350877193,0,0.000000000000,69,0.605263157895
3186,Cr31W16Zr78,125,3,"Cr,W,Zr",31,0.248000000000,16,0.128000000000,0,0.000000000000,78,0.624000000000
3187,Cr31W16Zr78,125,3,"Cr,W,Zr",31,0.248000000000,16,0.128000000000,0,0.000000000000,78,0.624000000000
3188,Cr31W16Zr78,125,3,"Cr,W,Zr",31,0.248000000000,16,0.128000000000,0,0.000000000000,78,0.624000000000
3189,Cr31W16Zr78,125,3,"Cr,W,Zr",31,0.248000000000,16,0.128000000000,0,0.000000000000,78,0.624000000000
3190,Cr31W16Zr78,125,3,"Cr,W,Zr",31,0.248000000000,16,0.128000000000,0,0.000000000000,78,0.624000000000
3191,Cr31W16Zr78,125,3,"Cr,W,Zr",31,0.248000000000,16,0.128000000000,0,0.000000000000,78,0.624000000000
3192,Cr31W16Zr78,125,3,"Cr,W,Zr",31,0.248000000000,16,0.128000000000,0,0.000000000000,78,0.624000000000
3193,Cr29W15Zr70,114,3,"Cr,W,Zr",29,0.254385964912,15,0.131578947368,0,0.000000000000,70,0.614035087719
3194,Cr28W14Zr72,114,3,"Cr,W,Zr",28,0.245614035088,14,0.122807017544,0,0.000000000000,72,0.631578947368
3195,Cr29W14Zr76,119,3,"Cr,W,Zr",29,0.243697478992,14,0.117647058824,0,0.000000000000,76,0.638655462185
3196,Cr30W16Zr73,119,3,"Cr,W,Zr",30,0.252100840336,16,0.134453781513,0,0.000000000000,73,0.613445378151
3197,Cr32W16YZr78,127,4,"Cr,W,Y,Zr",32,0.251968503937,16,0.125984251969,1,0.007874015748,78,0.614173228346
3198,Cr31W17Zr80,128,3,"Cr,W,Zr",31,0.242187500000,17,0.132812500000,0,0.000000000000,80,0.625000000000
3199,Cr31W16Zr78,125,3,"Cr,W,Zr",31,0.248000000000,16,0.128000000000,0,0.000000000000,78,0.624000000000
3200,Cr14W15Zr89,118,3,"Cr,W,Zr",14,0.118644067797,15,0.127118644068,0,0.000000000000,89,0.754237288136
3201,Cr16W15Zr94,125,3,"Cr,W,Zr",16,0.128000000000,15,0.120000000000,0,0.000000000000,94,0.752000000000
3202,Cr16W16Zr93,125,3,"Cr,W,Zr",16,0.128000000000,16,0.128000000000,0,0.000000000000,93,0.744000000000
3203,Cr16W16Zr93,125,3,"Cr,W,Zr",16,0.128000000000,16,0.128000000000,0,0.000000000000,93,0.744000000000
3204,Cr16W15Zr83,114,3,"Cr,W,Zr",16,0.140350877193,15,0.131578947368,0,0.000000000000,83,0.728070175439
3205,Cr16W16Zr93,125,3,"Cr,W,Zr",16,0.128000000000,16,0.128000000000,0,0.000000000000,93,0.744000000000
3206,Cr16W15Zr94,125,3,"Cr,W,Zr",16,0.128000000000,15,0.120000000000,0,0.000000000000,94,0.752000000000
3207,Cr16W15Zr94,125,3,"Cr,W,Zr",16,0.128000000000,15,0.120000000000,0,0.000000000000,94,0.752000000000
3208,Cr16W15Zr94,125,3,"Cr,W,Zr",16,0.128000000000,15,0.120000000000,0,0.000000000000,94,0.752000000000
3209,Cr16W15Zr94,125,3,"Cr,W,Zr",16,0.128000000000,15,0.120000000000,0,0.000000000000,94,0.752000000000
3210,Cr16W15Zr94,125,3,"Cr,W,Zr",16,0.128000000000,15,0.120000000000,0,0.000000000000,94,0.752000000000
3211,Cr16W15Zr94,125,3,"Cr,W,Zr",16,0.128000000000,15,0.120000000000,0,0.000000000000,94,0.752000000000
3212,Cr16W15Zr94,125,3,"Cr,W,Zr",16,0.128000000000,15,0.120000000000,0,0.000000000000,94,0.752000000000
3213,Cr16W15Zr94,125,3,"Cr,W,Zr",16,0.128000000000,15,0.120000000000,0,0.000000000000,94,0.752000000000
3214,Cr33W39Zr33,105,3,"Cr,W,Zr",33,0.314285714286,39,0.371428571429,0,0.000000000000,33,0.314285714286
3215,Cr38W34Zr33,105,3,"Cr,W,Zr",38,0.361904761905,34,0.323809523810,0,0.000000000000,33,0.314285714286
3216,Cr33W36Zr34,103,3,"Cr,W,Zr",33,0.320388349515,36,0.349514563107,0,0.000000000000,34,0.330097087379
3217,Cr17W15Zr94,126,3,"Cr,W,Zr",17,0.134920634921,15,0.119047619048,0,0.000000000000,94,0.746031746032
3218,Cr16W16Zr93,125,3,"Cr,W,Zr",16,0.128000000000,16,0.128000000000,0,0.000000000000,93,0.744000000000
3219,Cr15W13Zr88,116,3,"Cr,W,Zr",15,0.129310344828,13,0.112068965517,0,0.000000000000,88,0.758620689655
3220,Cr16W16Zr94,126,3,"Cr,W,Zr",16,0.126984126984,16,0.126984126984,0,0.000000000000,94,0.746031746032
3221,Cr16W16Zr93,125,3,"Cr,W,Zr",16,0.128000000000,16,0.128000000000,0,0.000000000000,93,0.744000000000
3222,Cr78W31Zr16,125,3,"Cr,W,Zr",78,0.624000000000,31,0.248000000000,0,0.000000000000,16,0.128000000000
3223,Cr78W31Zr16,125,3,"Cr,W,Zr",78,0.624000000000,31,0.248000000000,0,0.000000000000,16,0.128000000000
3224,Cr70W31Zr15,116,3,"Cr,W,Zr",70,0.603448275862,31,0.267241379310,0,0.000000000000,15,0.129310344828
3225,Cr78W31Zr16,125,3,"Cr,W,Zr",78,0.624000000000,31,0.248000000000,0,0.000000000000,16,0.128000000000
3226,Cr78W31Zr16,125,3,"Cr,W,Zr",78,0.624000000000,31,0.248000000000,0,0.000000000000,16,0.128000000000
3227,Cr78W31Zr16,125,3,"Cr,W,Zr",78,0.624000000000,31,0.248000000000,0,0.000000000000,16,0.128000000000
3228,Cr73W28Zr16,117,3,"Cr,W,Zr",73,0.623931623932,28,0.239316239316,0,0.000000000000,16,0.136752136752
3229,Cr71W30Zr14,115,3,"Cr,W,Zr",71,0.617391304348,30,0.260869565217,0,0.000000000000,14,0.121739130435
3230,Cr79W31Zr17,127,3,"Cr,W,Zr",79,0.622047244094,31,0.244094488189,0,0.000000000000,17,0.133858267717
3231,Cr78W31Zr16,125,3,"Cr,W,Zr",78,0.624000000000,31,0.248000000000,0,0.000000000000,16,0.128000000000
3232,Cr78W31Zr16,125,3,"Cr,W,Zr",78,0.624000000000,31,0.248000000000,0,0.000000000000,16,0.128000000000
3233,Cr78W31Zr16,125,3,"Cr,W,Zr",78,0.624000000000,31,0.248000000000,0,0.000000000000,16,0.128000000000
3234,Cr78W31Zr16,125,3,"Cr,W,Zr",78,0.624000000000,31,0.248000000000,0,0.000000000000,16,0.128000000000
3235,Cr78W31Zr16,125,3,"Cr,W,Zr",78,0.624000000000,31,0.248000000000,0,0.000000000000,16,0.128000000000
3236,Cr78W31Zr16,125,3,"Cr,W,Zr",78,0.624000000000,31,0.248000000000,0,0.000000000000,16,0.128000000000
3237,Cr78W31Zr16,125,3,"Cr,W,Zr",78,0.624000000000,31,0.248000000000,0,0.000000000000,16,0.128000000000
3238,Cr71W28Zr16,115,3,"Cr,W,Zr",71,0.617391304348,28,0.243478260870,0,0.000000000000,16,0.139130434783
3239,Cr73W31Zr16,120,3,"Cr,W,Zr",73,0.608333333333,31,0.258333333333,0,0.000000000000,16,0.133333333333
3240,Cr78W31Zr16,125,3,"Cr,W,Zr",78,0.624000000000,31,0.248000000000,0,0.000000000000,16,0.128000000000
3241,Cr16W16Zr93,125,3,"Cr,W,Zr",16,0.128000000000,16,0.128000000000,0,0.000000000000,93,0.744000000000
3242,Cr16W16Zr93,125,3,"Cr,W,Zr",16,0.128000000000,16,0.128000000000,0,0.000000000000,93,0.744000000000
3243,Cr78W31Zr16,125,3,"Cr,W,Zr",78,0.624000000000,31,0.248000000000,0,0.000000000000,16,0.128000000000
3244,Cr78W31Zr16,125,3,"Cr,W,Zr",78,0.624000000000,31,0.248000000000,0,0.000000000000,16,0.128000000000
3245,Cr75W26Zr14,115,3,"Cr,W,Zr",75,0.652173913043,26,0.226086956522,0,0.000000000000,14,0.121739130435
3246,Cr78W31Zr16,125,3,"Cr,W,Zr",78,0.624000000000,31,0.248000000000,0,0.000000000000,16,0.128000000000
3247,Cr63W31Zr31,125,3,"Cr,W,Zr",63,0.504000000000,31,0.248000000000,0,0.000000000000,31,0.248000000000
3248,Cr60W29Zr25,114,3,"Cr,W,Zr",60,0.526315789474,29,0.254385964912,0,0.000000000000,25,0.219298245614
3249,Cr63W31Zr31,125,3,"Cr,W,Zr",63,0.504000000000,31,0.248000000000,0,0.000000000000,31,0.248000000000
3250,Cr73W30Zr12,115,3,"Cr,W,Zr",73,0.634782608696,30,0.260869565217,0,0.000000000000,12,0.104347826087
3251,Cr79W33YZr16,129,4,"Cr,W,Y,Zr",79,0.612403100775,33,0.255813953488,1,0.007751937984,16,0.124031007752
3252,Cr78W32Zr17,127,3,"Cr,W,Zr",78,0.614173228346,32,0.251968503937,0,0.000000000000,17,0.133858267717
3253,Cr78W31Zr16,125,3,"Cr,W,Zr",78,0.624000000000,31,0.248000000000,0,0.000000000000,16,0.128000000000
3254,Cr78W31Zr16,125,3,"Cr,W,Zr",78,0.624000000000,31,0.248000000000,0,0.000000000000,16,0.128000000000
3255,Cr78W31Zr16,125,3,"Cr,W,Zr",78,0.624000000000,31,0.248000000000,0,0.000000000000,16,0.128000000000
3256,Cr78W31Zr16,125,3,"Cr,W,Zr",78,0.624000000000,31,0.248000000000,0,0.000000000000,16,0.128000000000
3257,Cr78W31Zr16,125,3,"Cr,W,Zr",78,0.624000000000,31,0.248000000000,0,0.000000000000,16,0.128000000000
3258,Cr78W31Zr16,125,3,"Cr,W,Zr",78,0.624000000000,31,0.248000000000,0,0.000000000000,16,0.128000000000
3259,Cr74W31Zr15,120,3,"Cr,W,Zr",74,0.616666666667,31,0.258333333333,0,0.000000000000,15,0.125000000000
3260,Cr78W31Zr17,126,3,"Cr,W,Zr",78,0.619047619048,31,0.246031746032,0,0.000000000000,17,0.134920634921
3261,Cr78W31Zr16,125,3,"Cr,W,Zr",78,0.624000000000,31,0.248000000000,0,0.000000000000,16,0.128000000000
3262,Cr63W31Zr31,125,3,"Cr,W,Zr",63,0.504000000000,31,0.248000000000,0,0.000000000000,31,0.248000000000
3263,Cr63W31Zr31,125,3,"Cr,W,Zr",63,0.504000000000,31,0.248000000000,0,0.000000000000,31,0.248000000000
3264,Cr63W31Zr32,126,3,"Cr,W,Zr",63,0.500000000000,31,0.246031746032,0,0.000000000000,32,0.253968253968
3265,Cr63W31Zr31,125,3,"Cr,W,Zr",63,0.504000000000,31,0.248000000000,0,0.000000000000,31,0.248000000000
3266,Cr63W31Zr31,125,3,"Cr,W,Zr",63,0.504000000000,31,0.248000000000,0,0.000000000000,31,0.248000000000
3267,Cr56W29Zr29,114,3,"Cr,W,Zr",56,0.491228070175,29,0.254385964912,0,0.000000000000,29,0.254385964912
3268,Cr63W31Zr31,125,3,"Cr,W,Zr",63,0.504000000000,31,0.248000000000,0,0.000000000000,31,0.248000000000
3269,Cr62W31Zr32,125,3,"Cr,W,Zr",62,0.496000000000,31,0.248000000000,0,0.000000000000,32,0.256000000000
3270,Cr62W31Zr32,125,3,"Cr,W,Zr",62,0.496000000000,31,0.248000000000,0,0.000000000000,32,0.256000000000
3271,Cr62W31Zr32,125,3,"Cr,W,Zr",62,0.496000000000,31,0.248000000000,0,0.000000000000,32,0.256000000000
3272,Cr62W31Zr32,125,3,"Cr,W,Zr",62,0.496000000000,31,0.248000000000,0,0.000000000000,32,0.256000000000
3273,Cr62W31Zr32,125,3,"Cr,W,Zr",62,0.496000000000,31,0.248000000000,0,0.000000000000,32,0.256000000000
3274,Cr59W29Zr29,117,3,"Cr,W,Zr",59,0.504273504274,29,0.247863247863,0,0.000000000000,29,0.247863247863
3275,Cr62W33YZr32,128,4,"Cr,W,Y,Zr",62,0.484375000000,33,0.257812500000,1,0.007812500000,32,0.250000000000
3276,Cr62W31Zr32,125,3,"Cr,W,Zr",62,0.496000000000,31,0.248000000000,0,0.000000000000,32,0.256000000000
3277,Cr62W31Zr32,125,3,"Cr,W,Zr",62,0.496000000000,31,0.248000000000,0,0.000000000000,32,0.256000000000
3278,Cr56W31Zr29,116,3,"Cr,W,Zr",56,0.482758620690,31,0.267241379310,0,0.000000000000,29,0.250000000000
3279,Cr62W31Zr32,125,3,"Cr,W,Zr",62,0.496000000000,31,0.248000000000,0,0.000000000000,32,0.256000000000
3280,Cr53W28Zr32,113,3,"Cr,W,Zr",53,0.469026548673,28,0.247787610619,0,0.000000000000,32,0.283185840708
3281,Cr62W31YZr32,126,4,"Cr,W,Y,Zr",62,0.492063492063,31,0.246031746032,1,0.007936507937,32,0.253968253968
3282,Cr36W34Zr34,104,3,"Cr,W,Zr",36,0.346153846154,34,0.326923076923,0,0.000000000000,34,0.326923076923
3283,Cr47W31Zr47,125,3,"Cr,W,Zr",47,0.376000000000,31,0.248000000000,0,0.000000000000,47,0.376000000000
3284,Cr48W31Y2Zr47,128,4,"Cr,W,Y,Zr",48,0.375000000000,31,0.242187500000,2,0.015625000000,47,0.367187500000
3285,Cr41W30Zr43,114,3,"Cr,W,Zr",41,0.359649122807,30,0.263157894737,0,0.000000000000,43,0.377192982456
3286,Cr44W26Zr46,116,3,"Cr,W,Zr",44,0.379310344828,26,0.224137931034,0,0.000000000000,46,0.396551724138
3287,Cr47W31YZr47,126,4,"Cr,W,Y,Zr",47,0.373015873016,31,0.246031746032,1,0.007936507937,47,0.373015873016
3288,Cr47W31Zr47,125,3,"Cr,W,Zr",47,0.376000000000,31,0.248000000000,0,0.000000000000,47,0.376000000000
3289,Cr47W31Zr47,125,3,"Cr,W,Zr",47,0.376000000000,31,0.248000000000,0,0.000000000000,47,0.376000000000
3290,Cr47W31Zr47,125,3,"Cr,W,Zr",47,0.376000000000,31,0.248000000000,0,0.000000000000,47,0.376000000000
3291,Cr46W27Zr42,115,3,"Cr,W,Zr",46,0.400000000000,27,0.234782608696,0,0.000000000000,42,0.365217391304
3292,Cr48W32Zr47,127,3,"Cr,W,Zr",48,0.377952755906,32,0.251968503937,0,0.000000000000,47,0.370078740157
3293,Cr32W35Zr33,100,3,"Cr,W,Zr",32,0.320000000000,35,0.350000000000,0,0.000000000000,33,0.330000000000
3294,Cr29W28Zr57,114,3,"Cr,W,Zr",29,0.254385964912,28,0.245614035088,0,0.000000000000,57,0.500000000000
3295,Cr31W31YZr63,126,4,"Cr,W,Y,Zr",31,0.246031746032,31,0.246031746032,1,0.007936507937,63,0.500000000000
3296,Cr42W31Zr43,116,3,"Cr,W,Zr",42,0.362068965517,31,0.267241379310,0,0.000000000000,43,0.370689655172
3297,Cr47W31Zr47,125,3,"Cr,W,Zr",47,0.376000000000,31,0.248000000000,0,0.000000000000,47,0.376000000000
3298,Cr33W31YZr64,129,4,"Cr,W,Y,Zr",33,0.255813953488,31,0.240310077519,1,0.007751937984,64,0.496124031008
3299,Cr31W31Zr63,125,3,"Cr,W,Zr",31,0.248000000000,31,0.248000000000,0,0.000000000000,63,0.504000000000
3300,Cr47W31Zr47,125,3,"Cr,W,Zr",47,0.376000000000,31,0.248000000000,0,0.000000000000,47,0.376000000000
3301,Cr47W31Zr47,125,3,"Cr,W,Zr",47,0.376000000000,31,0.248000000000,0,0.000000000000,47,0.376000000000
3302,Cr42W28Zr46,116,3,"Cr,W,Zr",42,0.362068965517,28,0.241379310345,0,0.000000000000,46,0.396551724138
3303,Cr47W31YZr47,126,4,"Cr,W,Y,Zr",47,0.373015873016,31,0.246031746032,1,0.007936507937,47,0.373015873016
3304,Cr31W31Zr63,125,3,"Cr,W,Zr",31,0.248000000000,31,0.248000000000,0,0.000000000000,63,0.504000000000
3305,Cr32W31Zr63,126,3,"Cr,W,Zr",32,0.253968253968,31,0.246031746032,0,0.000000000000,63,0.500000000000
3306,Cr31W31Zr63,125,3,"Cr,W,Zr",31,0.248000000000,31,0.248000000000,0,0.000000000000,63,0.504000000000
3307,Cr31W31Zr63,125,3,"Cr,W,Zr",31,0.248000000000,31,0.248000000000,0,0.000000000000,63,0.504000000000
3308,Cr28W31Zr55,114,3,"Cr,W,Zr",28,0.245614035088,31,0.271929824561,0,0.000000000000,55,0.482456140351
3309,Cr31W31Zr64,126,3,"Cr,W,Zr",31,0.246031746032,31,0.246031746032,0,0.000000000000,64,0.507936507937
3310,Cr47W31Zr47,125,3,"Cr,W,Zr",47,0.376000000000,31,0.248000000000,0,0.000000000000,47,0.376000000000
3311,Cr47W31Zr47,125,3,"Cr,W,Zr",47,0.376000000000,31,0.248000000000,0,0.000000000000,47,0.376000000000
3312,Cr47W31Zr47,125,3,"Cr,W,Zr",47,0.376000000000,31,0.248000000000,0,0.000000000000,47,0.376000000000
3313,Cr47W31Zr47,125,3,"Cr,W,Zr",47,0.376000000000,31,0.248000000000,0,0.000000000000,47,0.376000000000
3314,Cr31W31Zr63,125,3,"Cr,W,Zr",31,0.248000000000,31,0.248000000000,0,0.000000000000,63,0.504000000000
3315,Cr27W31Zr61,119,3,"Cr,W,Zr",27,0.226890756303,31,0.260504201681,0,0.000000000000,61,0.512605042017
3316,Cr31W31Zr63,125,3,"Cr,W,Zr",31,0.248000000000,31,0.248000000000,0,0.000000000000,63,0.504000000000
3317,Cr31W31Zr63,125,3,"Cr,W,Zr",31,0.248000000000,31,0.248000000000,0,0.000000000000,63,0.504000000000
3318,Cr31W31Zr63,125,3,"Cr,W,Zr",31,0.248000000000,31,0.248000000000,0,0.000000000000,63,0.504000000000
3319,Cr31W31Zr63,125,3,"Cr,W,Zr",31,0.248000000000,31,0.248000000000,0,0.000000000000,63,0.504000000000
3320,Cr31W30Zr55,116,3,"Cr,W,Zr",31,0.267241379310,30,0.258620689655,0,0.000000000000,55,0.474137931034
3321,Cr31W31Zr63,125,3,"Cr,W,Zr",31,0.248000000000,31,0.248000000000,0,0.000000000000,63,0.504000000000
3322,Cr26W30Zr31,87,3,"Cr,W,Zr",26,0.298850574713,30,0.344827586207,0,0.000000000000,31,0.356321839080
3323,Cr38W35Zr32,105,3,"Cr,W,Zr",38,0.361904761905,35,0.333333333333,0,0.000000000000,32,0.304761904762
3324,Cr35W36Zr33,104,3,"Cr,W,Zr",35,0.336538461538,36,0.346153846154,0,0.000000000000,33,0.317307692308
3325,Cr34W35Zr35,104,3,"Cr,W,Zr",34,0.326923076923,35,0.336538461538,0,0.000000000000,35,0.336538461538
3326,Cr16W29Zr70,115,3,"Cr,W,Zr",16,0.139130434783,29,0.252173913043,0,0.000000000000,70,0.608695652174
3327,Cr16W33Zr78,127,3,"Cr,W,Zr",16,0.125984251969,33,0.259842519685,0,0.000000000000,78,0.614173228346
3328,Cr16W31Zr78,125,3,"Cr,W,Zr",16,0.128000000000,31,0.248000000000,0,0.000000000000,78,0.624000000000
3329,Cr28W26Zr60,114,3,"Cr,W,Zr",28,0.245614035088,26,0.228070175439,0,0.000000000000,60,0.526315789474
3330,Cr31W32Zr63,126,3,"Cr,W,Zr",31,0.246031746032,32,0.253968253968,0,0.000000000000,63,0.500000000000
3331,Cr32W32Zr32,96,3,"Cr,W,Zr",32,0.333333333333,32,0.333333333333,0,0.000000000000,32,0.333333333333
3332,Cr31W29Zr27,87,3,"Cr,W,Zr",31,0.356321839080,29,0.333333333333,0,0.000000000000,27,0.310344827586
3333,Cr35W34Zr35,104,3,"Cr,W,Zr",35,0.336538461538,34,0.326923076923,0,0.000000000000,35,0.336538461538
3334,Cr34W33Zr35,102,3,"Cr,W,Zr",34,0.333333333333,33,0.323529411765,0,0.000000000000,35,0.343137254902
3335,Cr16W31Zr78,125,3,"Cr,W,Zr",16,0.128000000000,31,0.248000000000,0,0.000000000000,78,0.624000000000
3336,Cr16W31Zr78,125,3,"Cr,W,Zr",16,0.128000000000,31,0.248000000000,0,0.000000000000,78,0.624000000000
3337,Cr15W30Zr68,113,3,"Cr,W,Zr",15,0.132743362832,30,0.265486725664,0,0.000000000000,68,0.601769911504
3338,Cr14W28Zr72,114,3,"Cr,W,Zr",14,0.122807017544,28,0.245614035088,0,0.000000000000,72,0.631578947368
3339,Cr17W31YZr79,128,4,"Cr,W,Y,Zr",17,0.132812500000,31,0.242187500000,1,0.007812500000,79,0.617187500000
3340,Cr16W31Zr79,126,3,"Cr,W,Zr",16,0.126984126984,31,0.246031746032,0,0.000000000000,79,0.626984126984
3341,Cr16W31Zr78,125,3,"Cr,W,Zr",16,0.128000000000,31,0.248000000000,0,0.000000000000,78,0.624000000000
3342,Cr16W31Zr78,125,3,"Cr,W,Zr",16,0.128000000000,31,0.248000000000,0,0.000000000000,78,0.624000000000
3343,Cr16W31Zr78,125,3,"Cr,W,Zr",16,0.128000000000,31,0.248000000000,0,0.000000000000,78,0.624000000000
3344,Cr16W31Zr78,125,3,"Cr,W,Zr",16,0.128000000000,31,0.248000000000,0,0.000000000000,78,0.624000000000
3345,Cr16W27Zr76,119,3,"Cr,W,Zr",16,0.134453781513,27,0.226890756303,0,0.000000000000,76,0.638655462185
3346,Cr12W28Zr75,115,3,"Cr,W,Zr",12,0.104347826087,28,0.243478260870,0,0.000000000000,75,0.652173913043
3347,Cr16W31Zr78,125,3,"Cr,W,Zr",16,0.128000000000,31,0.248000000000,0,0.000000000000,78,0.624000000000
3348,Cr16W31Zr78,125,3,"Cr,W,Zr",16,0.128000000000,31,0.248000000000,0,0.000000000000,78,0.624000000000
3349,Cr16W26Zr72,114,3,"Cr,W,Zr",16,0.140350877193,26,0.228070175439,0,0.000000000000,72,0.631578947368
3350,Cr16W31YZr78,126,4,"Cr,W,Y,Zr",16,0.126984126984,31,0.246031746032,1,0.007936507937,78,0.619047619048
3351,Cr16W31Zr78,125,3,"Cr,W,Zr",16,0.128000000000,31,0.248000000000,0,0.000000000000,78,0.624000000000
3352,Cr16W31Zr78,125,3,"Cr,W,Zr",16,0.128000000000,31,0.248000000000,0,0.000000000000,78,0.624000000000
3353,Cr16W32Zr79,127,3,"Cr,W,Zr",16,0.125984251969,32,0.251968503937,0,0.000000000000,79,0.622047244094
3354,Cr16W31Zr78,125,3,"Cr,W,Zr",16,0.128000000000,31,0.248000000000,0,0.000000000000,78,0.624000000000
3355,Cr33W35Zr34,102,3,"Cr,W,Zr",33,0.323529411765,35,0.343137254902,0,0.000000000000,34,0.333333333333
3356,Cr16W31Zr78,125,3,"Cr,W,Zr",16,0.128000000000,31,0.248000000000,0,0.000000000000,78,0.624000000000
3357,Cr16W31Zr78,125,3,"Cr,W,Zr",16,0.128000000000,31,0.248000000000,0,0.000000000000,78,0.624000000000
3358,Cr16W28Zr69,113,3,"Cr,W,Zr",16,0.141592920354,28,0.247787610619,0,0.000000000000,69,0.610619469027
3359,Cr16W28Zr77,121,3,"Cr,W,Zr",16,0.132231404959,28,0.231404958678,0,0.000000000000,77,0.636363636364
3360,Cr16W31Zr78,125,3,"Cr,W,Zr",16,0.128000000000,31,0.248000000000,0,0.000000000000,78,0.624000000000
3361,Cr62W47Zr16,125,3,"Cr,W,Zr",62,0.496000000000,47,0.376000000000,0,0.000000000000,16,0.128000000000
3362,Cr16W31Zr78,125,3,"Cr,W,Zr",16,0.128000000000,31,0.248000000000,0,0.000000000000,78,0.624000000000
3363,Cr16W31Zr78,125,3,"Cr,W,Zr",16,0.128000000000,31,0.248000000000,0,0.000000000000,78,0.624000000000
3364,Cr16W31Zr78,125,3,"Cr,W,Zr",16,0.128000000000,31,0.248000000000,0,0.000000000000,78,0.624000000000
3365,Cr16W31Zr78,125,3,"Cr,W,Zr",16,0.128000000000,31,0.248000000000,0,0.000000000000,78,0.624000000000
3366,Cr16W31Zr78,125,3,"Cr,W,Zr",16,0.128000000000,31,0.248000000000,0,0.000000000000,78,0.624000000000
3367,Cr16W29Zr73,118,3,"Cr,W,Zr",16,0.135593220339,29,0.245762711864,0,0.000000000000,73,0.618644067797
3368,Cr13W31Zr74,118,3,"Cr,W,Zr",13,0.110169491525,31,0.262711864407,0,0.000000000000,74,0.627118644068
3369,Cr16W31Zr78,125,3,"Cr,W,Zr",16,0.128000000000,31,0.248000000000,0,0.000000000000,78,0.624000000000
3370,Cr62W47Zr16,125,3,"Cr,W,Zr",62,0.496000000000,47,0.376000000000,0,0.000000000000,16,0.128000000000
3371,Cr62W47Zr16,125,3,"Cr,W,Zr",62,0.496000000000,47,0.376000000000,0,0.000000000000,16,0.128000000000
3372,Cr57W42Zr16,115,3,"Cr,W,Zr",57,0.495652173913,42,0.365217391304,0,0.000000000000,16,0.139130434783
3373,Cr53W45Zr16,114,3,"Cr,W,Zr",53,0.464912280702,45,0.394736842105,0,0.000000000000,16,0.140350877193
3374,Cr60W41Zr14,115,3,"Cr,W,Zr",60,0.521739130435,41,0.356521739130,0,0.000000000000,14,0.121739130435
3375,Cr59W46Zr11,116,3,"Cr,W,Zr",59,0.508620689655,46,0.396551724138,0,0.000000000000,11,0.094827586207
3376,Cr63W47Zr16,126,3,"Cr,W,Zr",63,0.500000000000,47,0.373015873016,0,0.000000000000,16,0.126984126984
3377,Cr62W47Zr16,125,3,"Cr,W,Zr",62,0.496000000000,47,0.376000000000,0,0.000000000000,16,0.128000000000
3378,Cr62W47Zr16,125,3,"Cr,W,Zr",62,0.496000000000,47,0.376000000000,0,0.000000000000,16,0.128000000000
3379,Cr62W47Zr16,125,3,"Cr,W,Zr",62,0.496000000000,47,0.376000000000,0,0.000000000000,16,0.128000000000
3380,Cr56W44Zr14,114,3,"Cr,W,Zr",56,0.491228070175,44,0.385964912281,0,0.000000000000,14,0.122807017544
3381,Cr62W47Zr16,125,3,"Cr,W,Zr",62,0.496000000000,47,0.376000000000,0,0.000000000000,16,0.128000000000
3382,Cr62W47Zr16,125,3,"Cr,W,Zr",62,0.496000000000,47,0.376000000000,0,0.000000000000,16,0.128000000000
3383,Cr62W47Zr16,125,3,"Cr,W,Zr",62,0.496000000000,47,0.376000000000,0,0.000000000000,16,0.128000000000
3384,Cr62W48Zr16,126,3,"Cr,W,Zr",62,0.492063492063,48,0.380952380952,0,0.000000000000,16,0.126984126984
3385,Cr62W47Zr16,125,3,"Cr,W,Zr",62,0.496000000000,47,0.376000000000,0,0.000000000000,16,0.128000000000
3386,Cr62W47Zr16,125,3,"Cr,W,Zr",62,0.496000000000,47,0.376000000000,0,0.000000000000,16,0.128000000000
3387,Cr62W47Zr16,125,3,"Cr,W,Zr",62,0.496000000000,47,0.376000000000,0,0.000000000000,16,0.128000000000
3388,Cr62W47Zr16,125,3,"Cr,W,Zr",62,0.496000000000,47,0.376000000000,0,0.000000000000,16,0.128000000000
3389,Cr62W47Zr16,125,3,"Cr,W,Zr",62,0.496000000000,47,0.376000000000,0,0.000000000000,16,0.128000000000
3390,Cr62W47Zr16,125,3,"Cr,W,Zr",62,0.496000000000,47,0.376000000000,0,0.000000000000,16,0.128000000000
3391,Cr59W46Zr14,119,3,"Cr,W,Zr",59,0.495798319328,46,0.386554621849,0,0.000000000000,14,0.117647058824
3392,Cr62W48Zr16,126,3,"Cr,W,Zr",62,0.492063492063,48,0.380952380952,0,0.000000000000,16,0.126984126984
3393,Cr63W47Y2Zr16,128,4,"Cr,W,Y,Zr",63,0.492187500000,47,0.367187500000,2,0.015625000000,16,0.125000000000
3394,Cr62W47Zr16,125,3,"Cr,W,Zr",62,0.496000000000,47,0.376000000000,0,0.000000000000,16,0.128000000000
3395,Cr35W32Zr34,101,3,"Cr,W,Zr",35,0.346534653465,32,0.316831683168,0,0.000000000000,34,0.336633663366
3396,Cr62W47Zr16,125,3,"Cr,W,Zr",62,0.496000000000,47,0.376000000000,0,0.000000000000,16,0.128000000000
3397,Cr62W47Zr16,125,3,"Cr,W,Zr",62,0.496000000000,47,0.376000000000,0,0.000000000000,16,0.128000000000
3398,Cr57W44Zr16,117,3,"Cr,W,Zr",57,0.487179487179,44,0.376068376068,0,0.000000000000,16,0.136752136752
3399,Cr62W43Zr16,121,3,"Cr,W,Zr",62,0.512396694215,43,0.355371900826,0,0.000000000000,16,0.132231404959
3400,Cr55W45Zr14,114,3,"Cr,W,Zr",55,0.482456140351,45,0.394736842105,0,0.000000000000,14,0.122807017544
3401,Cr62W47Zr16,125,3,"Cr,W,Zr",62,0.496000000000,47,0.376000000000,0,0.000000000000,16,0.128000000000
3402,Cr32W32Zr32,96,3,"Cr,W,Zr",32,0.333333333333,32,0.333333333333,0,0.000000000000,32,0.333333333333
3403,Cr32W32Zr32,96,3,"Cr,W,Zr",32,0.333333333333,32,0.333333333333,0,0.000000000000,32,0.333333333333
3404,Cr32W32Zr32,96,3,"Cr,W,Zr",32,0.333333333333,32,0.333333333333,0,0.000000000000,32,0.333333333333
3405,Cr32W32Zr32,96,3,"Cr,W,Zr",32,0.333333333333,32,0.333333333333,0,0.000000000000,32,0.333333333333
3406,Cr32W32Zr32,96,3,"Cr,W,Zr",32,0.333333333333,32,0.333333333333,0,0.000000000000,32,0.333333333333
3407,Cr34W33Zr33,100,3,"Cr,W,Zr",34,0.340000000000,33,0.330000000000,0,0.000000000000,33,0.330000000000
3408,Cr43W40Zr30,113,3,"Cr,W,Zr",43,0.380530973451,40,0.353982300885,0,0.000000000000,30,0.265486725664
3409,Cr47W47Zr31,125,3,"Cr,W,Zr",47,0.376000000000,47,0.376000000000,0,0.000000000000,31,0.248000000000
3410,Cr47W47Zr31,125,3,"Cr,W,Zr",47,0.376000000000,47,0.376000000000,0,0.000000000000,31,0.248000000000
3411,Cr47W47Zr31,125,3,"Cr,W,Zr",47,0.376000000000,47,0.376000000000,0,0.000000000000,31,0.248000000000
3412,Cr47W47Zr31,125,3,"Cr,W,Zr",47,0.376000000000,47,0.376000000000,0,0.000000000000,31,0.248000000000
3413,Cr43W42Zr28,113,3,"Cr,W,Zr",43,0.380530973451,42,0.371681415929,0,0.000000000000,28,0.247787610619
3414,Cr48W47Zr31,126,3,"Cr,W,Zr",48,0.380952380952,47,0.373015873016,0,0.000000000000,31,0.246031746032
3415,Cr47W47Zr31,125,3,"Cr,W,Zr",47,0.376000000000,47,0.376000000000,0,0.000000000000,31,0.248000000000
3416,Cr47W47Zr31,125,3,"Cr,W,Zr",47,0.376000000000,47,0.376000000000,0,0.000000000000,31,0.248000000000
3417,Cr45W47Zr27,119,3,"Cr,W,Zr",45,0.378151260504,47,0.394957983193,0,0.000000000000,27,0.226890756303
3418,Cr47W47Zr32,126,3,"Cr,W,Zr",47,0.373015873016,47,0.373015873016,0,0.000000000000,32,0.253968253968
3419,Cr48W47Zr31,126,3,"Cr,W,Zr",48,0.380952380952,47,0.373015873016,0,0.000000000000,31,0.246031746032
3420,Cr47W47Zr31,125,3,"Cr,W,Zr",47,0.376000000000,47,0.376000000000,0,0.000000000000,31,0.248000000000
3421,Cr48W47Zr31,126,3,"Cr,W,Zr",48,0.380952380952,47,0.373015873016,0,0.000000000000,31,0.246031746032
3422,Cr30W41Zr44,115,3,"Cr,W,Zr",30,0.260869565217,41,0.356521739130,0,0.000000000000,44,0.382608695652
3423,Cr32W49Zr47,128,3,"Cr,W,Zr",32,0.250000000000,49,0.382812500000,0,0.000000000000,47,0.367187500000
3424,Cr33W47YZr47,128,4,"Cr,W,Y,Zr",33,0.257812500000,47,0.367187500000,1,0.007812500000,47,0.367187500000
3425,Cr31W47Zr47,125,3,"Cr,W,Zr",31,0.248000000000,47,0.376000000000,0,0.000000000000,47,0.376000000000
3426,Cr34W34Zr34,102,3,"Cr,W,Zr",34,0.333333333333,34,0.333333333333,0,0.000000000000,34,0.333333333333
3427,Cr47W47Zr31,125,3,"Cr,W,Zr",47,0.376000000000,47,0.376000000000,0,0.000000000000,31,0.248000000000
3428,Cr41W47Zr28,116,3,"Cr,W,Zr",41,0.353448275862,47,0.405172413793,0,0.000000000000,28,0.241379310345
3429,Cr47W47Zr31,125,3,"Cr,W,Zr",47,0.376000000000,47,0.376000000000,0,0.000000000000,31,0.248000000000
3430,Cr31W47Zr47,125,3,"Cr,W,Zr",31,0.248000000000,47,0.376000000000,0,0.000000000000,47,0.376000000000
3431,Cr31W48Zr48,127,3,"Cr,W,Zr",31,0.244094488189,48,0.377952755906,0,0.000000000000,48,0.377952755906
3432,Cr31W47Zr47,125,3,"Cr,W,Zr",31,0.248000000000,47,0.376000000000,0,0.000000000000,47,0.376000000000
3433,Cr31W47Zr47,125,3,"Cr,W,Zr",31,0.248000000000,47,0.376000000000,0,0.000000000000,47,0.376000000000
3434,Cr31W47Zr47,125,3,"Cr,W,Zr",31,0.248000000000,47,0.376000000000,0,0.000000000000,47,0.376000000000
3435,Cr23W44Zr46,113,3,"Cr,W,Zr",23,0.203539823009,44,0.389380530973,0,0.000000000000,46,0.407079646018
3436,Cr31W48Zr49,128,3,"Cr,W,Zr",31,0.242187500000,48,0.375000000000,0,0.000000000000,49,0.382812500000
3437,Cr31W47Zr47,125,3,"Cr,W,Zr",31,0.248000000000,47,0.376000000000,0,0.000000000000,47,0.376000000000
3438,Cr28W47Zr42,117,3,"Cr,W,Zr",28,0.239316239316,47,0.401709401709,0,0.000000000000,42,0.358974358974
3439,Cr31W47YZr47,126,4,"Cr,W,Y,Zr",31,0.246031746032,47,0.373015873016,1,0.007936507937,47,0.373015873016
3440,Cr31W47Zr47,125,3,"Cr,W,Zr",31,0.248000000000,47,0.376000000000,0,0.000000000000,47,0.376000000000
3441,Cr25W45Zr43,113,3,"Cr,W,Zr",25,0.221238938053,45,0.398230088496,0,0.000000000000,43,0.380530973451
3442,Cr31W47Zr49,127,3,"Cr,W,Zr",31,0.244094488189,47,0.370078740157,0,0.000000000000,49,0.385826771654
3443,Cr31W48Zr47,126,3,"Cr,W,Zr",31,0.246031746032,48,0.380952380952,0,0.000000000000,47,0.373015873016
3444,Cr16W47Zr62,125,3,"Cr,W,Zr",16,0.128000000000,47,0.376000000000,0,0.000000000000,62,0.496000000000
3445,Cr13W44Zr56,113,3,"Cr,W,Zr",13,0.115044247788,44,0.389380530973,0,0.000000000000,56,0.495575221239
3446,Cr16W40Zr58,114,3,"Cr,W,Zr",16,0.140350877193,40,0.350877192982,0,0.000000000000,58,0.508771929825
3447,Cr16W47YZr62,126,4,"Cr,W,Y,Zr",16,0.126984126984,47,0.373015873016,1,0.007936507937,62,0.492063492063
3448,Cr31W47Zr47,125,3,"Cr,W,Zr",31,0.248000000000,47,0.376000000000,0,0.000000000000,47,0.376000000000
3449,Cr31W48Zr47,126,3,"Cr,W,Zr",31,0.246031746032,48,0.380952380952,0,0.000000000000,47,0.373015873016
3450,Cr13W43Zr57,113,3,"Cr,W,Zr",13,0.115044247788,43,0.380530973451,0,0.000000000000,57,0.504424778761
3451,Cr16W46Zr58,120,3,"Cr,W,Zr",16,0.133333333333,46,0.383333333333,0,0.000000000000,58,0.483333333333
3452,Cr14W45Zr56,115,3,"Cr,W,Zr",14,0.121739130435,45,0.391304347826,0,0.000000000000,56,0.486956521739
3453,Cr16W47Zr53,116,3,"Cr,W,Zr",16,0.137931034483,47,0.405172413793,0,0.000000000000,53,0.456896551724
3454,Cr16W47Zr62,125,3,"Cr,W,Zr",16,0.128000000000,47,0.376000000000,0,0.000000000000,62,0.496000000000
3455,Cr41W57Zr16,114,3,"Cr,W,Zr",41,0.359649122807,57,0.500000000000,0,0.000000000000,16,0.140350877193
3456,Cr48W62YZr18,129,4,"Cr,W,Y,Zr",48,0.372093023256,62,0.480620155039,1,0.007751937984,18,0.139534883721
3457,Cr16W47Zr62,125,3,"Cr,W,Zr",16,0.128000000000,47,0.376000000000,0,0.000000000000,62,0.496000000000
3458,Cr16W47Zr62,125,3,"Cr,W,Zr",16,0.128000000000,47,0.376000000000,0,0.000000000000,62,0.496000000000
3459,Cr13W45Zr60,118,3,"Cr,W,Zr",13,0.110169491525,45,0.381355932203,0,0.000000000000,60,0.508474576271
3460,Cr17W48Zr62,127,3,"Cr,W,Zr",17,0.133858267717,48,0.377952755906,0,0.000000000000,62,0.488188976378
3461,Cr16W47Zr62,125,3,"Cr,W,Zr",16,0.128000000000,47,0.376000000000,0,0.000000000000,62,0.496000000000
3462,Cr16W47Zr62,125,3,"Cr,W,Zr",16,0.128000000000,47,0.376000000000,0,0.000000000000,62,0.496000000000
3463,Cr16W47Zr62,125,3,"Cr,W,Zr",16,0.128000000000,47,0.376000000000,0,0.000000000000,62,0.496000000000
3464,Cr15W44Zr59,118,3,"Cr,W,Zr",15,0.127118644068,44,0.372881355932,0,0.000000000000,59,0.500000000000
3465,Cr16W47Zr62,125,3,"Cr,W,Zr",16,0.128000000000,47,0.376000000000,0,0.000000000000,62,0.496000000000
3466,Cr16W47Zr62,125,3,"Cr,W,Zr",16,0.128000000000,47,0.376000000000,0,0.000000000000,62,0.496000000000
3467,Cr16W47Zr62,125,3,"Cr,W,Zr",16,0.128000000000,47,0.376000000000,0,0.000000000000,62,0.496000000000
3468,Cr16W43Zr55,114,3,"Cr,W,Zr",16,0.140350877193,43,0.377192982456,0,0.000000000000,55,0.482456140351
3469,Cr16W47YZr63,127,4,"Cr,W,Y,Zr",16,0.125984251969,47,0.370078740157,1,0.007874015748,63,0.496062992126
3470,Cr18W48Zr62,128,3,"Cr,W,Zr",18,0.140625000000,48,0.375000000000,0,0.000000000000,62,0.484375000000
3471,Cr16W47Zr62,125,3,"Cr,W,Zr",16,0.128000000000,47,0.376000000000,0,0.000000000000,62,0.496000000000
3472,Cr16W47Zr62,125,3,"Cr,W,Zr",16,0.128000000000,47,0.376000000000,0,0.000000000000,62,0.496000000000
3473,Cr16W47Zr62,125,3,"Cr,W,Zr",16,0.128000000000,47,0.376000000000,0,0.000000000000,62,0.496000000000
3474,Cr16W47Zr62,125,3,"Cr,W,Zr",16,0.128000000000,47,0.376000000000,0,0.000000000000,62,0.496000000000
3475,Cr16W47Zr62,125,3,"Cr,W,Zr",16,0.128000000000,47,0.376000000000,0,0.000000000000,62,0.496000000000
3476,Cr16W47Zr62,125,3,"Cr,W,Zr",16,0.128000000000,47,0.376000000000,0,0.000000000000,62,0.496000000000
3477,Cr16W44Zr61,121,3,"Cr,W,Zr",16,0.132231404959,44,0.363636363636,0,0.000000000000,61,0.504132231405
3478,Cr13W44Zr60,117,3,"Cr,W,Zr",13,0.111111111111,44,0.376068376068,0,0.000000000000,60,0.512820512821
3479,Cr16W40Zr59,115,3,"Cr,W,Zr",16,0.139130434783,40,0.347826086957,0,0.000000000000,59,0.513043478261
3480,Cr16W48Zr62,126,3,"Cr,W,Zr",16,0.126984126984,48,0.380952380952,0,0.000000000000,62,0.492063492063
3481,Cr47W62Zr16,125,3,"Cr,W,Zr",47,0.376000000000,62,0.496000000000,0,0.000000000000,16,0.128000000000
3482,Cr47W62Zr16,125,3,"Cr,W,Zr",47,0.376000000000,62,0.496000000000,0,0.000000000000,16,0.128000000000
3483,Cr46W58Zr16,120,3,"Cr,W,Zr",46,0.383333333333,58,0.483333333333,0,0.000000000000,16,0.133333333333
3484,Cr46W55Zr13,114,3,"Cr,W,Zr",46,0.403508771930,55,0.482456140351,0,0.000000000000,13,0.114035087719
3485,Cr47W62Zr16,125,3,"Cr,W,Zr",47,0.376000000000,62,0.496000000000,0,0.000000000000,16,0.128000000000
3486,Cr35W34Zr36,105,3,"Cr,W,Zr",35,0.333333333333,34,0.323809523810,0,0.000000000000,36,0.342857142857
3487,Cr43W54Zr16,113,3,"Cr,W,Zr",43,0.380530973451,54,0.477876106195,0,0.000000000000,16,0.141592920354
3488,Cr49W62Zr16,127,3,"Cr,W,Zr",49,0.385826771654,62,0.488188976378,0,0.000000000000,16,0.125984251969
3489,Cr47W62Zr16,125,3,"Cr,W,Zr",47,0.376000000000,62,0.496000000000,0,0.000000000000,16,0.128000000000
3490,Cr16W47Zr62,125,3,"Cr,W,Zr",16,0.128000000000,47,0.376000000000,0,0.000000000000,62,0.496000000000
3491,Cr16W47Zr62,125,3,"Cr,W,Zr",16,0.128000000000,47,0.376000000000,0,0.000000000000,62,0.496000000000
3492,Cr16W47Zr62,125,3,"Cr,W,Zr",16,0.128000000000,47,0.376000000000,0,0.000000000000,62,0.496000000000
3493,Cr18W47Zr62,127,3,"Cr,W,Zr",18,0.141732283465,47,0.370078740157,0,0.000000000000,62,0.488188976378
3494,Cr47W62Zr16,125,3,"Cr,W,Zr",47,0.376000000000,62,0.496000000000,0,0.000000000000,16,0.128000000000
3495,Cr44W59Zr11,114,3,"Cr,W,Zr",44,0.385964912281,59,0.517543859649,0,0.000000000000,11,0.096491228070
3496,Cr41W58Zr16,115,3,"Cr,W,Zr",41,0.356521739130,58,0.504347826087,0,0.000000000000,16,0.139130434783
3497,Cr45W61Zr14,120,3,"Cr,W,Zr",45,0.375000000000,61,0.508333333333,0,0.000000000000,14,0.116666666667
3498,Cr45W56Zr14,115,3,"Cr,W,Zr",45,0.391304347826,56,0.486956521739,0,0.000000000000,14,0.121739130435
3499,Cr43W57Zr13,113,3,"Cr,W,Zr",43,0.380530973451,57,0.504424778761,0,0.000000000000,13,0.115044247788
3500,Cr47W63YZr17,128,4,"Cr,W,Y,Zr",47,0.367187500000,63,0.492187500000,1,0.007812500000,17,0.132812500000
3501,Cr47W62Zr16,125,3,"Cr,W,Zr",47,0.376000000000,62,0.496000000000,0,0.000000000000,16,0.128000000000
3502,Cr47W62Zr16,125,3,"Cr,W,Zr",47,0.376000000000,62,0.496000000000,0,0.000000000000,16,0.128000000000
3503,Cr47W62Zr16,125,3,"Cr,W,Zr",47,0.376000000000,62,0.496000000000,0,0.000000000000,16,0.128000000000
3504,Cr47W62Zr16,125,3,"Cr,W,Zr",47,0.376000000000,62,0.496000000000,0,0.000000000000,16,0.128000000000
3505,Cr47W62Zr16,125,3,"Cr,W,Zr",47,0.376000000000,62,0.496000000000,0,0.000000000000,16,0.128000000000
3506,Cr46W59Zr14,119,3,"Cr,W,Zr",46,0.386554621849,59,0.495798319328,0,0.000000000000,14,0.117647058824
3507,Cr43W59Zr15,117,3,"Cr,W,Zr",43,0.367521367521,59,0.504273504274,0,0.000000000000,15,0.128205128205
3508,Cr47W62Zr16,125,3,"Cr,W,Zr",47,0.376000000000,62,0.496000000000,0,0.000000000000,16,0.128000000000
3509,Cr47W62Zr16,125,3,"Cr,W,Zr",47,0.376000000000,62,0.496000000000,0,0.000000000000,16,0.128000000000
3510,Cr47W62Zr16,125,3,"Cr,W,Zr",47,0.376000000000,62,0.496000000000,0,0.000000000000,16,0.128000000000
3511,Cr47W62Zr16,125,3,"Cr,W,Zr",47,0.376000000000,62,0.496000000000,0,0.000000000000,16,0.128000000000
3512,Cr47W62Zr16,125,3,"Cr,W,Zr",47,0.376000000000,62,0.496000000000,0,0.000000000000,16,0.128000000000
3513,Cr47W62Zr16,125,3,"Cr,W,Zr",47,0.376000000000,62,0.496000000000,0,0.000000000000,16,0.128000000000
3514,Cr47W62Zr16,125,3,"Cr,W,Zr",47,0.376000000000,62,0.496000000000,0,0.000000000000,16,0.128000000000
3515,Cr44W60Zr16,120,3,"Cr,W,Zr",44,0.366666666667,60,0.500000000000,0,0.000000000000,16,0.133333333333
3516,Cr47W62Zr16,125,3,"Cr,W,Zr",47,0.376000000000,62,0.496000000000,0,0.000000000000,16,0.128000000000
3517,Cr32W63Zr31,126,3,"Cr,W,Zr",32,0.253968253968,63,0.500000000000,0,0.000000000000,31,0.246031746032
3518,Cr31W63Zr32,126,3,"Cr,W,Zr",31,0.246031746032,63,0.500000000000,0,0.000000000000,32,0.253968253968
3519,Cr31W63Zr31,125,3,"Cr,W,Zr",31,0.248000000000,63,0.504000000000,0,0.000000000000,31,0.248000000000
3520,Cr32W63Zr31,126,3,"Cr,W,Zr",32,0.253968253968,63,0.500000000000,0,0.000000000000,31,0.246031746032
3521,Cr31W63Zr32,126,3,"Cr,W,Zr",31,0.246031746032,63,0.500000000000,0,0.000000000000,32,0.253968253968
3522,Cr31W62Zr32,125,3,"Cr,W,Zr",31,0.248000000000,62,0.496000000000,0,0.000000000000,32,0.256000000000
3523,Cr26W58Zr31,115,3,"Cr,W,Zr",26,0.226086956522,58,0.504347826087,0,0.000000000000,31,0.269565217391
3524,Cr30W53Zr30,113,3,"Cr,W,Zr",30,0.265486725664,53,0.469026548673,0,0.000000000000,30,0.265486725664
3525,Cr31W58Zr24,113,3,"Cr,W,Zr",31,0.274336283186,58,0.513274336283,0,0.000000000000,24,0.212389380531
3526,Cr32W63Zr32,127,3,"Cr,W,Zr",32,0.251968503937,63,0.496062992126,0,0.000000000000,32,0.251968503937
3527,Cr31W63Zr31,125,3,"Cr,W,Zr",31,0.248000000000,63,0.504000000000,0,0.000000000000,31,0.248000000000
3528,Cr31W63Zr31,125,3,"Cr,W,Zr",31,0.248000000000,63,0.504000000000,0,0.000000000000,31,0.248000000000
3529,Cr31W63Zr31,125,3,"Cr,W,Zr",31,0.248000000000,63,0.504000000000,0,0.000000000000,31,0.248000000000
3530,Cr31W63Zr31,125,3,"Cr,W,Zr",31,0.248000000000,63,0.504000000000,0,0.000000000000,31,0.248000000000
3531,Cr27W61Zr31,119,3,"Cr,W,Zr",27,0.226890756303,61,0.512605042017,0,0.000000000000,31,0.260504201681
3532,Cr30W55Zr29,114,3,"Cr,W,Zr",30,0.263157894737,55,0.482456140351,0,0.000000000000,29,0.254385964912
3533,Cr32W64Zr31,127,3,"Cr,W,Zr",32,0.251968503937,64,0.503937007874,0,0.000000000000,31,0.244094488189
3534,Cr31W62Zr32,125,3,"Cr,W,Zr",31,0.248000000000,62,0.496000000000,0,0.000000000000,32,0.256000000000
3535,Cr31W62Zr32,125,3,"Cr,W,Zr",31,0.248000000000,62,0.496000000000,0,0.000000000000,32,0.256000000000
3536,Cr15W54Zr45,114,3,"Cr,W,Zr",15,0.131578947368,54,0.473684210526,0,0.000000000000,45,0.394736842105
3537,Cr17W62Zr48,127,3,"Cr,W,Zr",17,0.133858267717,62,0.488188976378,0,0.000000000000,48,0.377952755906
3538,Cr16W62Zr47,125,3,"Cr,W,Zr",16,0.128000000000,62,0.496000000000,0,0.000000000000,47,0.376000000000
3539,Cr16W62Zr47,125,3,"Cr,W,Zr",16,0.128000000000,62,0.496000000000,0,0.000000000000,47,0.376000000000
3540,Cr15W61Zr39,115,3,"Cr,W,Zr",15,0.130434782609,61,0.530434782609,0,0.000000000000,39,0.339130434783
3541,Cr16W62Zr48,126,3,"Cr,W,Zr",16,0.126984126984,62,0.492063492063,0,0.000000000000,48,0.380952380952
3542,Cr16W62Zr47,125,3,"Cr,W,Zr",16,0.128000000000,62,0.496000000000,0,0.000000000000,47,0.376000000000
3543,Cr16W57Zr41,114,3,"Cr,W,Zr",16,0.140350877193,57,0.500000000000,0,0.000000000000,41,0.359649122807
3544,Cr16W62Zr47,125,3,"Cr,W,Zr",16,0.128000000000,62,0.496000000000,0,0.000000000000,47,0.376000000000
3545,Cr16W62Zr47,125,3,"Cr,W,Zr",16,0.128000000000,62,0.496000000000,0,0.000000000000,47,0.376000000000
3546,Cr16W62Zr48,126,3,"Cr,W,Zr",16,0.126984126984,62,0.492063492063,0,0.000000000000,48,0.380952380952
3547,Cr16W62Zr47,125,3,"Cr,W,Zr",16,0.128000000000,62,0.496000000000,0,0.000000000000,47,0.376000000000
3548,Cr16W62Zr47,125,3,"Cr,W,Zr",16,0.128000000000,62,0.496000000000,0,0.000000000000,47,0.376000000000
3549,Cr16W62Zr47,125,3,"Cr,W,Zr",16,0.128000000000,62,0.496000000000,0,0.000000000000,47,0.376000000000
3550,Cr16W62Zr48,126,3,"Cr,W,Zr",16,0.126984126984,62,0.492063492063,0,0.000000000000,48,0.380952380952
3551,Cr16W62Zr47,125,3,"Cr,W,Zr",16,0.128000000000,62,0.496000000000,0,0.000000000000,47,0.376000000000
3552,Cr16W53Zr44,113,3,"Cr,W,Zr",16,0.141592920354,53,0.469026548673,0,0.000000000000,44,0.389380530973
3553,Cr13W59Zr44,116,3,"Cr,W,Zr",13,0.112068965517,59,0.508620689655,0,0.000000000000,44,0.379310344828
3554,Cr16W64Zr47,127,3,"Cr,W,Zr",16,0.125984251969,64,0.503937007874,0,0.000000000000,47,0.370078740157
3555,Cr31W78Zr16,125,3,"Cr,W,Zr",31,0.248000000000,78,0.624000000000,0,0.000000000000,16,0.128000000000
3556,Cr31W78Zr16,125,3,"Cr,W,Zr",31,0.248000000000,78,0.624000000000,0,0.000000000000,16,0.128000000000
3557,Cr31W78Zr16,125,3,"Cr,W,Zr",31,0.248000000000,78,0.624000000000,0,0.000000000000,16,0.128000000000
3558,Cr31W78Zr16,125,3,"Cr,W,Zr",31,0.248000000000,78,0.624000000000,0,0.000000000000,16,0.128000000000
3559,Cr31W78Zr16,125,3,"Cr,W,Zr",31,0.248000000000,78,0.624000000000,0,0.000000000000,16,0.128000000000
3560,Cr30W70Zr14,114,3,"Cr,W,Zr",30,0.263157894737,70,0.614035087719,0,0.000000000000,14,0.122807017544
3561,Cr31W78YZr16,126,4,"Cr,W,Y,Zr",31,0.246031746032,78,0.619047619048,1,0.007936507937,16,0.126984126984
3562,Cr26W73Zr14,113,3,"Cr,W,Zr",26,0.230088495575,73,0.646017699115,0,0.000000000000,14,0.123893805310
3563,Cr31W79Zr16,126,3,"Cr,W,Zr",31,0.246031746032,79,0.626984126984,0,0.000000000000,16,0.126984126984
3564,Cr31W78Zr16,125,3,"Cr,W,Zr",31,0.248000000000,78,0.624000000000,0,0.000000000000,16,0.128000000000
3565,Cr31W78Zr16,125,3,"Cr,W,Zr",31,0.248000000000,78,0.624000000000,0,0.000000000000,16,0.128000000000
3566,Cr29W73Zr16,118,3,"Cr,W,Zr",29,0.245762711864,73,0.618644067797,0,0.000000000000,16,0.135593220339
3567,Cr30W72Zr13,115,3,"Cr,W,Zr",30,0.260869565217,72,0.626086956522,0,0.000000000000,13,0.113043478261
3568,Cr31W78Zr16,125,3,"Cr,W,Zr",31,0.248000000000,78,0.624000000000,0,0.000000000000,16,0.128000000000
3569,Cr31W78Zr16,125,3,"Cr,W,Zr",31,0.248000000000,78,0.624000000000,0,0.000000000000,16,0.128000000000
3570,Cr31W78Zr16,125,3,"Cr,W,Zr",31,0.248000000000,78,0.624000000000,0,0.000000000000,16,0.128000000000
3571,Cr31W78Zr16,125,3,"Cr,W,Zr",31,0.248000000000,78,0.624000000000,0,0.000000000000,16,0.128000000000
3572,Cr31W78Zr16,125,3,"Cr,W,Zr",31,0.248000000000,78,0.624000000000,0,0.000000000000,16,0.128000000000
3573,Cr28W75Zr15,118,3,"Cr,W,Zr",28,0.237288135593,75,0.635593220339,0,0.000000000000,15,0.127118644068
3574,Cr32W78Zr16,126,3,"Cr,W,Zr",32,0.253968253968,78,0.619047619048,0,0.000000000000,16,0.126984126984
3575,Cr31W78Zr16,125,3,"Cr,W,Zr",31,0.248000000000,78,0.624000000000,0,0.000000000000,16,0.128000000000
3576,Cr31W78Zr16,125,3,"Cr,W,Zr",31,0.248000000000,78,0.624000000000,0,0.000000000000,16,0.128000000000
3577,Cr27W71Zr15,113,3,"Cr,W,Zr",27,0.238938053097,71,0.628318584071,0,0.000000000000,15,0.132743362832
3578,Cr31W78Zr16,125,3,"Cr,W,Zr",31,0.248000000000,78,0.624000000000,0,0.000000000000,16,0.128000000000
3579,Cr29W74Zr13,116,3,"Cr,W,Zr",29,0.250000000000,74,0.637931034483,0,0.000000000000,13,0.112068965517
3580,Cr31W78Zr18,127,3,"Cr,W,Zr",31,0.244094488189,78,0.614173228346,0,0.000000000000,18,0.141732283465
3581,Cr31W79Zr17,127,3,"Cr,W,Zr",31,0.244094488189,79,0.622047244094,0,0.000000000000,17,0.133858267717
3582,Cr14W72Zr30,116,3,"Cr,W,Zr",14,0.120689655172,72,0.620689655172,0,0.000000000000,30,0.258620689655
3583,Cr16W78Zr31,125,3,"Cr,W,Zr",16,0.128000000000,78,0.624000000000,0,0.000000000000,31,0.248000000000
3584,Cr16W78Zr31,125,3,"Cr,W,Zr",16,0.128000000000,78,0.624000000000,0,0.000000000000,31,0.248000000000
3585,Cr16W78Zr31,125,3,"Cr,W,Zr",16,0.128000000000,78,0.624000000000,0,0.000000000000,31,0.248000000000
3586,Cr16W78Zr31,125,3,"Cr,W,Zr",16,0.128000000000,78,0.624000000000,0,0.000000000000,31,0.248000000000
3587,Cr31W75Zr16,122,3,"Cr,W,Zr",31,0.254098360656,75,0.614754098361,0,0.000000000000,16,0.131147540984
3588,Cr31W74Zr14,119,3,"Cr,W,Zr",31,0.260504201681,74,0.621848739496,0,0.000000000000,14,0.117647058824
3589,Cr30W70Zr15,115,3,"Cr,W,Zr",30,0.260869565217,70,0.608695652174,0,0.000000000000,15,0.130434782609
3590,Cr31W78Zr16,125,3,"Cr,W,Zr",31,0.248000000000,78,0.624000000000,0,0.000000000000,16,0.128000000000
3591,Cr12W73Zr29,114,3,"Cr,W,Zr",12,0.105263157895,73,0.640350877193,0,0.000000000000,29,0.254385964912
3592,Cr16W78Zr31,125,3,"Cr,W,Zr",16,0.128000000000,78,0.624000000000,0,0.000000000000,31,0.248000000000
3593,Cr16W78Zr31,125,3,"Cr,W,Zr",16,0.128000000000,78,0.624000000000,0,0.000000000000,31,0.248000000000
3594,Cr14W68Zr31,113,3,"Cr,W,Zr",14,0.123893805310,68,0.601769911504,0,0.000000000000,31,0.274336283186
3595,Cr16W78YZr32,127,4,"Cr,W,Y,Zr",16,0.125984251969,78,0.614173228346,1,0.007874015748,32,0.251968503937
3596,Cr16W78Zr31,125,3,"Cr,W,Zr",16,0.128000000000,78,0.624000000000,0,0.000000000000,31,0.248000000000
3597,Cr16W78Zr31,125,3,"Cr,W,Zr",16,0.128000000000,78,0.624000000000,0,0.000000000000,31,0.248000000000
3598,Cr15W71Zr27,113,3,"Cr,W,Zr",15,0.132743362832,71,0.628318584071,0,0.000000000000,27,0.238938053097
3599,Cr17W79Zr31,127,3,"Cr,W,Zr",17,0.133858267717,79,0.622047244094,0,0.000000000000,31,0.244094488189
3600,Cr16W73Zr31,120,3,"Cr,W,Zr",16,0.133333333333,73,0.608333333333,0,0.000000000000,31,0.258333333333
3601,Cr13W77Zr28,118,3,"Cr,W,Zr",13,0.110169491525,77,0.652542372881,0,0.000000000000,28,0.237288135593
3602,Cr16W78Zr31,125,3,"Cr,W,Zr",16,0.128000000000,78,0.624000000000,0,0.000000000000,31,0.248000000000
3603,Cr16W78Zr31,125,3,"Cr,W,Zr",16,0.128000000000,78,0.624000000000,0,0.000000000000,31,0.248000000000
3604,Cr16W78Zr31,125,3,"Cr,W,Zr",16,0.128000000000,78,0.624000000000,0,0.000000000000,31,0.248000000000
3605,Cr16W78Zr31,125,3,"Cr,W,Zr",16,0.128000000000,78,0.624000000000,0,0.000000000000,31,0.248000000000
3606,Cr16W94Zr15,125,3,"Cr,W,Zr",16,0.128000000000,94,0.752000000000,0,0.000000000000,15,0.120000000000
3607,Cr16W94Zr15,125,3,"Cr,W,Zr",16,0.128000000000,94,0.752000000000,0,0.000000000000,15,0.120000000000
3608,Cr16W94Zr15,125,3,"Cr,W,Zr",16,0.128000000000,94,0.752000000000,0,0.000000000000,15,0.120000000000
3609,Cr16W94Zr15,125,3,"Cr,W,Zr",16,0.128000000000,94,0.752000000000,0,0.000000000000,15,0.120000000000
3610,Cr14W87Zr13,114,3,"Cr,W,Zr",14,0.122807017544,87,0.763157894737,0,0.000000000000,13,0.114035087719
3611,Cr16W94Zr16,126,3,"Cr,W,Zr",16,0.126984126984,94,0.746031746032,0,0.000000000000,16,0.126984126984
3612,Cr16W94Zr15,125,3,"Cr,W,Zr",16,0.128000000000,94,0.752000000000,0,0.000000000000,15,0.120000000000
3613,Cr17W94Zr15,126,3,"Cr,W,Zr",17,0.134920634921,94,0.746031746032,0,0.000000000000,15,0.119047619048
3614,Cr16W94Zr15,125,3,"Cr,W,Zr",16,0.128000000000,94,0.752000000000,0,0.000000000000,15,0.120000000000
3615,Cr16W94Zr15,125,3,"Cr,W,Zr",16,0.128000000000,94,0.752000000000,0,0.000000000000,15,0.120000000000
3616,Cr16W94Zr15,125,3,"Cr,W,Zr",16,0.128000000000,94,0.752000000000,0,0.000000000000,15,0.120000000000
3617,Cr16W84Zr15,115,3,"Cr,W,Zr",16,0.139130434783,84,0.730434782609,0,0.000000000000,15,0.130434782609
3618,Cr16W89Zr15,120,3,"Cr,W,Zr",16,0.133333333333,89,0.741666666667,0,0.000000000000,15,0.125000000000
3619,Cr16W94Zr15,125,3,"Cr,W,Zr",16,0.128000000000,94,0.752000000000,0,0.000000000000,15,0.120000000000
3620,Cr94Y16Zr15,125,3,"Cr,Y,Zr",94,0.752000000000,0,0.000000000000,16,0.128000000000,15,0.120000000000
3621,Cr94Y16Zr15,125,3,"Cr,Y,Zr",94,0.752000000000,0,0.000000000000,16,0.128000000000,15,0.120000000000
3622,Cr95Y16Zr15,126,3,"Cr,Y,Zr",95,0.753968253968,0,0.000000000000,16,0.126984126984,15,0.119047619048
3623,Cr94Y16Zr15,125,3,"Cr,Y,Zr",94,0.752000000000,0,0.000000000000,16,0.128000000000,15,0.120000000000
3624,Cr94Y16Zr15,125,3,"Cr,Y,Zr",94,0.752000000000,0,0.000000000000,16,0.128000000000,15,0.120000000000
3625,Cr84Y16Zr14,114,3,"Cr,Y,Zr",84,0.736842105263,0,0.000000000000,16,0.140350877193,14,0.122807017544
3626,Cr94Y16Zr15,125,3,"Cr,Y,Zr",94,0.752000000000,0,0.000000000000,16,0.128000000000,15,0.120000000000
3627,Cr94Y16Zr15,125,3,"Cr,Y,Zr",94,0.752000000000,0,0.000000000000,16,0.128000000000,15,0.120000000000
3628,Cr94Y16Zr15,125,3,"Cr,Y,Zr",94,0.752000000000,0,0.000000000000,16,0.128000000000,15,0.120000000000
3629,Cr94Y16Zr15,125,3,"Cr,Y,Zr",94,0.752000000000,0,0.000000000000,16,0.128000000000,15,0.120000000000
3630,Cr16W94Zr15,125,3,"Cr,W,Zr",16,0.128000000000,94,0.752000000000,0,0.000000000000,15,0.120000000000
3631,Cr16W94YZr15,126,4,"Cr,W,Y,Zr",16,0.126984126984,94,0.746031746032,1,0.007936507937,15,0.119047619048
3632,Cr94Y16Zr15,125,3,"Cr,Y,Zr",94,0.752000000000,0,0.000000000000,16,0.128000000000,15,0.120000000000
3633,Cr94Y16Zr15,125,3,"Cr,Y,Zr",94,0.752000000000,0,0.000000000000,16,0.128000000000,15,0.120000000000
3634,Cr94Y16Zr15,125,3,"Cr,Y,Zr",94,0.752000000000,0,0.000000000000,16,0.128000000000,15,0.120000000000
3635,Cr94WY17Zr15,127,4,"Cr,W,Y,Zr",94,0.740157480315,1,0.007874015748,17,0.133858267717,15,0.118110236220
3636,Cr94Y16Zr15,125,3,"Cr,Y,Zr",94,0.752000000000,0,0.000000000000,16,0.128000000000,15,0.120000000000
3637,Cr94Y16Zr15,125,3,"Cr,Y,Zr",94,0.752000000000,0,0.000000000000,16,0.128000000000,15,0.120000000000
3638,Cr94Y16Zr15,125,3,"Cr,Y,Zr",94,0.752000000000,0,0.000000000000,16,0.128000000000,15,0.120000000000
3639,Cr94Y16Zr15,125,3,"Cr,Y,Zr",94,0.752000000000,0,0.000000000000,16,0.128000000000,15,0.120000000000
3640,Cr94Y16Zr15,125,3,"Cr,Y,Zr",94,0.752000000000,0,0.000000000000,16,0.128000000000,15,0.120000000000
3641,Cr94Y17Zr16,127,3,"Cr,Y,Zr",94,0.740157480315,0,0.000000000000,17,0.133858267717,16,0.125984251969
3642,Cr94Y16Zr15,125,3,"Cr,Y,Zr",94,0.752000000000,0,0.000000000000,16,0.128000000000,15,0.120000000000
3643,Cr94Y16Zr15,125,3,"Cr,Y,Zr",94,0.752000000000,0,0.000000000000,16,0.128000000000,15,0.120000000000
3644,Cr87Y13Zr14,114,3,"Cr,Y,Zr",87,0.763157894737,0,0.000000000000,13,0.114035087719,14,0.122807017544
3645,Cr95WY16Zr15,127,4,"Cr,W,Y,Zr",95,0.748031496063,1,0.007874015748,16,0.125984251969,15,0.118110236220
3646,Cr75Y15Zr31,121,3,"Cr,Y,Zr",75,0.619834710744,0,0.000000000000,15,0.123966942149,31,0.256198347107
3647,Cr78Y16Zr32,126,3,"Cr,Y,Zr",78,0.619047619048,0,0.000000000000,16,0.126984126984,32,0.253968253968
3648,Cr78Y16Zr31,125,3,"Cr,Y,Zr",78,0.624000000000,0,0.000000000000,16,0.128000000000,31,0.248000000000
3649,Cr78Y16Zr31,125,3,"Cr,Y,Zr",78,0.624000000000,0,0.000000000000,16,0.128000000000,31,0.248000000000
3650,Cr72Y15Zr26,113,3,"Cr,Y,Zr",72,0.637168141593,0,0.000000000000,15,0.132743362832,26,0.230088495575
3651,Cr72Y16Zr31,119,3,"Cr,Y,Zr",72,0.605042016807,0,0.000000000000,16,0.134453781513,31,0.260504201681
3652,Cr78Y16Zr31,125,3,"Cr,Y,Zr",78,0.624000000000,0,0.000000000000,16,0.128000000000,31,0.248000000000
3653,Cr78Y16Zr31,125,3,"Cr,Y,Zr",78,0.624000000000,0,0.000000000000,16,0.128000000000,31,0.248000000000
3654,Cr74Y16Zr25,115,3,"Cr,Y,Zr",74,0.643478260870,0,0.000000000000,16,0.139130434783,25,0.217391304348
3655,Cr72Y13Zr29,114,3,"Cr,Y,Zr",72,0.631578947368,0,0.000000000000,13,0.114035087719,29,0.254385964912
3656,Cr78Y17Zr31,126,3,"Cr,Y,Zr",78,0.619047619048,0,0.000000000000,17,0.134920634921,31,0.246031746032
3657,Cr94Y16Zr15,125,3,"Cr,Y,Zr",94,0.752000000000,0,0.000000000000,16,0.128000000000,15,0.120000000000
3658,Cr78Y16Zr31,125,3,"Cr,Y,Zr",78,0.624000000000,0,0.000000000000,16,0.128000000000,31,0.248000000000
3659,Cr78Y16Zr31,125,3,"Cr,Y,Zr",78,0.624000000000,0,0.000000000000,16,0.128000000000,31,0.248000000000
3660,Cr70Y16Zr30,116,3,"Cr,Y,Zr",70,0.603448275862,0,0.000000000000,16,0.137931034483,30,0.258620689655
3661,Cr78Y16Zr31,125,3,"Cr,Y,Zr",78,0.624000000000,0,0.000000000000,16,0.128000000000,31,0.248000000000
3662,Cr78Y16Zr31,125,3,"Cr,Y,Zr",78,0.624000000000,0,0.000000000000,16,0.128000000000,31,0.248000000000
3663,Cr78Y16Zr31,125,3,"Cr,Y,Zr",78,0.624000000000,0,0.000000000000,16,0.128000000000,31,0.248000000000
3664,Cr78Y16Zr31,125,3,"Cr,Y,Zr",78,0.624000000000,0,0.000000000000,16,0.128000000000,31,0.248000000000
3665,Cr78Y16Zr31,125,3,"Cr,Y,Zr",78,0.624000000000,0,0.000000000000,16,0.128000000000,31,0.248000000000
3666,Cr78Y16Zr31,125,3,"Cr,Y,Zr",78,0.624000000000,0,0.000000000000,16,0.128000000000,31,0.248000000000
3667,Cr78Y16Zr31,125,3,"Cr,Y,Zr",78,0.624000000000,0,0.000000000000,16,0.128000000000,31,0.248000000000
3668,Cr78Y16Zr31,125,3,"Cr,Y,Zr",78,0.624000000000,0,0.000000000000,16,0.128000000000,31,0.248000000000
3669,Cr78WY16Zr32,127,4,"Cr,W,Y,Zr",78,0.614173228346,1,0.007874015748,16,0.125984251969,32,0.251968503937
3670,Cr62Y16Zr47,125,3,"Cr,Y,Zr",62,0.496000000000,0,0.000000000000,16,0.128000000000,47,0.376000000000
3671,Cr56Y16Zr42,114,3,"Cr,Y,Zr",56,0.491228070175,0,0.000000000000,16,0.140350877193,42,0.368421052632
3672,Cr62W2Y18Zr47,129,4,"Cr,W,Y,Zr",62,0.480620155039,2,0.015503875969,18,0.139534883721,47,0.364341085271
3673,Cr62Y17Zr47,126,3,"Cr,Y,Zr",62,0.492063492063,0,0.000000000000,17,0.134920634921,47,0.373015873016
3674,Cr78Y16Zr31,125,3,"Cr,Y,Zr",78,0.624000000000,0,0.000000000000,16,0.128000000000,31,0.248000000000
3675,Cr78Y16Zr31,125,3,"Cr,Y,Zr",78,0.624000000000,0,0.000000000000,16,0.128000000000,31,0.248000000000
3676,Cr69Y14Zr30,113,3,"Cr,Y,Zr",69,0.610619469027,0,0.000000000000,14,0.123893805310,30,0.265486725664
3677,Cr78Y17Zr32,127,3,"Cr,Y,Zr",78,0.614173228346,0,0.000000000000,17,0.133858267717,32,0.251968503937
3678,Cr78Y16Zr31,125,3,"Cr,Y,Zr",78,0.624000000000,0,0.000000000000,16,0.128000000000,31,0.248000000000
3679,Cr62Y16Zr47,125,3,"Cr,Y,Zr",62,0.496000000000,0,0.000000000000,16,0.128000000000,47,0.376000000000
3680,Cr62Y16Zr47,125,3,"Cr,Y,Zr",62,0.496000000000,0,0.000000000000,16,0.128000000000,47,0.376000000000
3681,Cr62Y16Zr47,125,3,"Cr,Y,Zr",62,0.496000000000,0,0.000000000000,16,0.128000000000,47,0.376000000000
3682,Cr61Y16Zr43,120,3,"Cr,Y,Zr",61,0.508333333333,0,0.000000000000,16,0.133333333333,43,0.358333333333
3683,Cr62Y16Zr47,125,3,"Cr,Y,Zr",62,0.496000000000,0,0.000000000000,16,0.128000000000,47,0.376000000000
3684,Cr78Y16Zr31,125,3,"Cr,Y,Zr",78,0.624000000000,0,0.000000000000,16,0.128000000000,31,0.248000000000
3685,Cr78Y16Zr31,125,3,"Cr,Y,Zr",78,0.624000000000,0,0.000000000000,16,0.128000000000,31,0.248000000000
3686,Cr78Y16Zr31,125,3,"Cr,Y,Zr",78,0.624000000000,0,0.000000000000,16,0.128000000000,31,0.248000000000
3687,Cr78Y16Zr31,125,3,"Cr,Y,Zr",78,0.624000000000,0,0.000000000000,16,0.128000000000,31,0.248000000000
3688,Cr78Y16Zr31,125,3,"Cr,Y,Zr",78,0.624000000000,0,0.000000000000,16,0.128000000000,31,0.248000000000
3689,Cr78Y16Zr31,125,3,"Cr,Y,Zr",78,0.624000000000,0,0.000000000000,16,0.128000000000,31,0.248000000000
3690,Cr78Y16Zr31,125,3,"Cr,Y,Zr",78,0.624000000000,0,0.000000000000,16,0.128000000000,31,0.248000000000
3691,Cr75Y16Zr30,121,3,"Cr,Y,Zr",75,0.619834710744,0,0.000000000000,16,0.132231404959,30,0.247933884298
3692,Cr75Y14Zr29,118,3,"Cr,Y,Zr",75,0.635593220339,0,0.000000000000,14,0.118644067797,29,0.245762711864
3693,Cr79Y17Zr31,127,3,"Cr,Y,Zr",79,0.622047244094,0,0.000000000000,17,0.133858267717,31,0.244094488189
3694,Cr62Y16Zr47,125,3,"Cr,Y,Zr",62,0.496000000000,0,0.000000000000,16,0.128000000000,47,0.376000000000
3695,Cr64Y16Zr47,127,3,"Cr,Y,Zr",64,0.503937007874,0,0.000000000000,16,0.125984251969,47,0.370078740157
3696,Cr62Y16Zr47,125,3,"Cr,Y,Zr",62,0.496000000000,0,0.000000000000,16,0.128000000000,47,0.376000000000
3697,Cr62Y16Zr47,125,3,"Cr,Y,Zr",62,0.496000000000,0,0.000000000000,16,0.128000000000,47,0.376000000000
3698,Cr62Y16Zr47,125,3,"Cr,Y,Zr",62,0.496000000000,0,0.000000000000,16,0.128000000000,47,0.376000000000
3699,Cr59Y15Zr46,120,3,"Cr,Y,Zr",59,0.491666666667,0,0.000000000000,15,0.125000000000,46,0.383333333333
3700,Cr57Y13Zr43,113,3,"Cr,Y,Zr",57,0.504424778761,0,0.000000000000,13,0.115044247788,43,0.380530973451
3701,Cr63Y16Zr48,127,3,"Cr,Y,Zr",63,0.496062992126,0,0.000000000000,16,0.125984251969,48,0.377952755906
3702,Cr62Y16Zr48,126,3,"Cr,Y,Zr",62,0.492063492063,0,0.000000000000,16,0.126984126984,48,0.380952380952
3703,Cr62Y16Zr47,125,3,"Cr,Y,Zr",62,0.496000000000,0,0.000000000000,16,0.128000000000,47,0.376000000000
3704,Cr62Y16Zr47,125,3,"Cr,Y,Zr",62,0.496000000000,0,0.000000000000,16,0.128000000000,47,0.376000000000
3705,Cr62Y16Zr47,125,3,"Cr,Y,Zr",62,0.496000000000,0,0.000000000000,16,0.128000000000,47,0.376000000000
3706,Cr62Y16Zr47,125,3,"Cr,Y,Zr",62,0.496000000000,0,0.000000000000,16,0.128000000000,47,0.376000000000
3707,Cr62Y16Zr47,125,3,"Cr,Y,Zr",62,0.496000000000,0,0.000000000000,16,0.128000000000,47,0.376000000000
3708,Cr62Y16Zr47,125,3,"Cr,Y,Zr",62,0.496000000000,0,0.000000000000,16,0.128000000000,47,0.376000000000
3709,Cr61Y16Zr44,121,3,"Cr,Y,Zr",61,0.504132231405,0,0.000000000000,16,0.132231404959,44,0.363636363636
3710,Cr59Y15Zr40,114,3,"Cr,Y,Zr",59,0.517543859649,0,0.000000000000,15,0.131578947368,40,0.350877192982
3711,Cr56Y16Zr45,117,3,"Cr,Y,Zr",56,0.478632478632,0,0.000000000000,16,0.136752136752,45,0.384615384615
3712,Cr62Y16Zr48,126,3,"Cr,Y,Zr",62,0.492063492063,0,0.000000000000,16,0.126984126984,48,0.380952380952
3713,Cr62Y16Zr47,125,3,"Cr,Y,Zr",62,0.496000000000,0,0.000000000000,16,0.128000000000,47,0.376000000000
3714,Cr41Y16Zr57,114,3,"Cr,Y,Zr",41,0.359649122807,0,0.000000000000,16,0.140350877193,57,0.500000000000
3715,Cr47Y16Zr62,125,3,"Cr,Y,Zr",47,0.376000000000,0,0.000000000000,16,0.128000000000,62,0.496000000000
3716,Cr62Y16Zr47,125,3,"Cr,Y,Zr",62,0.496000000000,0,0.000000000000,16,0.128000000000,47,0.376000000000
3717,Cr62Y16Zr47,125,3,"Cr,Y,Zr",62,0.496000000000,0,0.000000000000,16,0.128000000000,47,0.376000000000
3718,Cr62Y16Zr47,125,3,"Cr,Y,Zr",62,0.496000000000,0,0.000000000000,16,0.128000000000,47,0.376000000000
3719,Cr62Y16Zr47,125,3,"Cr,Y,Zr",62,0.496000000000,0,0.000000000000,16,0.128000000000,47,0.376000000000
3720,Cr62Y16Zr47,125,3,"Cr,Y,Zr",62,0.496000000000,0,0.000000000000,16,0.128000000000,47,0.376000000000
3721,Cr62Y16Zr47,125,3,"Cr,Y,Zr",62,0.496000000000,0,0.000000000000,16,0.128000000000,47,0.376000000000
3722,Cr62Y16Zr47,125,3,"Cr,Y,Zr",62,0.496000000000,0,0.000000000000,16,0.128000000000,47,0.376000000000
3723,Cr47Y16Zr62,125,3,"Cr,Y,Zr",47,0.376000000000,0,0.000000000000,16,0.128000000000,62,0.496000000000
3724,Cr47Y16Zr62,125,3,"Cr,Y,Zr",47,0.376000000000,0,0.000000000000,16,0.128000000000,62,0.496000000000
3725,Cr47Y16Zr62,125,3,"Cr,Y,Zr",47,0.376000000000,0,0.000000000000,16,0.128000000000,62,0.496000000000
3726,Cr44Y12Zr59,115,3,"Cr,Y,Zr",44,0.382608695652,0,0.000000000000,12,0.104347826087,59,0.513043478261
3727,Cr43Y16Zr61,120,3,"Cr,Y,Zr",43,0.358333333333,0,0.000000000000,16,0.133333333333,61,0.508333333333
3728,Cr47Y17Zr63,127,3,"Cr,Y,Zr",47,0.370078740157,0,0.000000000000,17,0.133858267717,63,0.496062992126
3729,Cr47Y16Zr62,125,3,"Cr,Y,Zr",47,0.376000000000,0,0.000000000000,16,0.128000000000,62,0.496000000000
3730,Cr47Y16Zr62,125,3,"Cr,Y,Zr",47,0.376000000000,0,0.000000000000,16,0.128000000000,62,0.496000000000
3731,Cr47Y16Zr62,125,3,"Cr,Y,Zr",47,0.376000000000,0,0.000000000000,16,0.128000000000,62,0.496000000000
3732,Cr47Y16Zr62,125,3,"Cr,Y,Zr",47,0.376000000000,0,0.000000000000,16,0.128000000000,62,0.496000000000
3733,Cr47Y16Zr62,125,3,"Cr,Y,Zr",47,0.376000000000,0,0.000000000000,16,0.128000000000,62,0.496000000000
3734,Cr47Y16Zr62,125,3,"Cr,Y,Zr",47,0.376000000000,0,0.000000000000,16,0.128000000000,62,0.496000000000
3735,Cr43Y16Zr55,114,3,"Cr,Y,Zr",43,0.377192982456,0,0.000000000000,16,0.140350877193,55,0.482456140351
3736,Cr47WY16Zr62,126,4,"Cr,W,Y,Zr",47,0.373015873016,1,0.007936507937,16,0.126984126984,62,0.492063492063
3737,Cr62Y16Zr47,125,3,"Cr,Y,Zr",62,0.496000000000,0,0.000000000000,16,0.128000000000,47,0.376000000000
3738,Cr62Y16Zr47,125,3,"Cr,Y,Zr",62,0.496000000000,0,0.000000000000,16,0.128000000000,47,0.376000000000
3739,Cr62Y16Zr47,125,3,"Cr,Y,Zr",62,0.496000000000,0,0.000000000000,16,0.128000000000,47,0.376000000000
3740,Cr62Y16Zr47,125,3,"Cr,Y,Zr",62,0.496000000000,0,0.000000000000,16,0.128000000000,47,0.376000000000
3741,Cr62Y16Zr47,125,3,"Cr,Y,Zr",62,0.496000000000,0,0.000000000000,16,0.128000000000,47,0.376000000000
3742,Cr62Y16Zr47,125,3,"Cr,Y,Zr",62,0.496000000000,0,0.000000000000,16,0.128000000000,47,0.376000000000
3743,Cr56Y14Zr44,114,3,"Cr,Y,Zr",56,0.491228070175,0,0.000000000000,14,0.122807017544,44,0.385964912281
3744,Cr62Y15Zr41,118,3,"Cr,Y,Zr",62,0.525423728814,0,0.000000000000,15,0.127118644068,41,0.347457627119
3745,Cr58Y16Zr46,120,3,"Cr,Y,Zr",58,0.483333333333,0,0.000000000000,16,0.133333333333,46,0.383333333333
3746,Cr62Y16Zr47,125,3,"Cr,Y,Zr",62,0.496000000000,0,0.000000000000,16,0.128000000000,47,0.376000000000
3747,Cr47Y16Zr62,125,3,"Cr,Y,Zr",47,0.376000000000,0,0.000000000000,16,0.128000000000,62,0.496000000000
3748,Cr47Y16Zr62,125,3,"Cr,Y,Zr",47,0.376000000000,0,0.000000000000,16,0.128000000000,62,0.496000000000
3749,Cr46Y16Zr56,118,3,"Cr,Y,Zr",46,0.389830508475,0,0.000000000000,16,0.135593220339,56,0.474576271186
3750,Cr47Y16Zr62,125,3,"Cr,Y,Zr",47,0.376000000000,0,0.000000000000,16,0.128000000000,62,0.496000000000
3751,Cr47Y16Zr62,125,3,"Cr,Y,Zr",47,0.376000000000,0,0.000000000000,16,0.128000000000,62,0.496000000000
3752,Cr47Y16Zr62,125,3,"Cr,Y,Zr",47,0.376000000000,0,0.000000000000,16,0.128000000000,62,0.496000000000
3753,Cr47Y16Zr62,125,3,"Cr,Y,Zr",47,0.376000000000,0,0.000000000000,16,0.128000000000,62,0.496000000000
3754,Cr47Y14Zr52,113,3,"Cr,Y,Zr",47,0.415929203540,0,0.000000000000,14,0.123893805310,52,0.460176991150
3755,Cr47Y16Zr62,125,3,"Cr,Y,Zr",47,0.376000000000,0,0.000000000000,16,0.128000000000,62,0.496000000000
3756,Cr31Y16Zr78,125,3,"Cr,Y,Zr",31,0.248000000000,0,0.000000000000,16,0.128000000000,78,0.624000000000
3757,Cr31Y16Zr78,125,3,"Cr,Y,Zr",31,0.248000000000,0,0.000000000000,16,0.128000000000,78,0.624000000000
3758,Cr28Y13Zr74,115,3,"Cr,Y,Zr",28,0.243478260870,0,0.000000000000,13,0.113043478261,74,0.643478260870
3759,Cr32Y16Zr79,127,3,"Cr,Y,Zr",32,0.251968503937,0,0.000000000000,16,0.125984251969,79,0.622047244094
3760,Cr31Y18Zr78,127,3,"Cr,Y,Zr",31,0.244094488189,0,0.000000000000,18,0.141732283465,78,0.614173228346
3761,Cr47Y16Zr62,125,3,"Cr,Y,Zr",47,0.376000000000,0,0.000000000000,16,0.128000000000,62,0.496000000000
3762,Cr47Y16Zr62,125,3,"Cr,Y,Zr",47,0.376000000000,0,0.000000000000,16,0.128000000000,62,0.496000000000
3763,Cr47Y16Zr62,125,3,"Cr,Y,Zr",47,0.376000000000,0,0.000000000000,16,0.128000000000,62,0.496000000000
3764,Cr47Y16Zr62,125,3,"Cr,Y,Zr",47,0.376000000000,0,0.000000000000,16,0.128000000000,62,0.496000000000
3765,Cr47Y16Zr62,125,3,"Cr,Y,Zr",47,0.376000000000,0,0.000000000000,16,0.128000000000,62,0.496000000000
3766,Cr45Y16Zr59,120,3,"Cr,Y,Zr",45,0.375000000000,0,0.000000000000,16,0.133333333333,59,0.491666666667
3767,Cr40Y16Zr58,114,3,"Cr,Y,Zr",40,0.350877192982,0,0.000000000000,16,0.140350877193,58,0.508771929825
3768,Cr47Y16Zr62,125,3,"Cr,Y,Zr",47,0.376000000000,0,0.000000000000,16,0.128000000000,62,0.496000000000
3769,Cr47Y16Zr62,125,3,"Cr,Y,Zr",47,0.376000000000,0,0.000000000000,16,0.128000000000,62,0.496000000000
3770,Cr47Y16Zr62,125,3,"Cr,Y,Zr",47,0.376000000000,0,0.000000000000,16,0.128000000000,62,0.496000000000
3771,Cr45Y13Zr56,114,3,"Cr,Y,Zr",45,0.394736842105,0,0.000000000000,13,0.114035087719,56,0.491228070175
3772,Cr48Y16Zr62,126,3,"Cr,Y,Zr",48,0.380952380952,0,0.000000000000,16,0.126984126984,62,0.492063492063
3773,Cr47Y17Zr63,127,3,"Cr,Y,Zr",47,0.370078740157,0,0.000000000000,17,0.133858267717,63,0.496062992126
3774,Cr47Y16Zr62,125,3,"Cr,Y,Zr",47,0.376000000000,0,0.000000000000,16,0.128000000000,62,0.496000000000
3775,Cr31Y16Zr78,125,3,"Cr,Y,Zr",31,0.248000000000,0,0.000000000000,16,0.128000000000,78,0.624000000000
3776,Cr29Y16Zr76,121,3,"Cr,Y,Zr",29,0.239669421488,0,0.000000000000,16,0.132231404959,76,0.628099173554
3777,Cr31Y16Zr73,120,3,"Cr,Y,Zr",31,0.258333333333,0,0.000000000000,16,0.133333333333,73,0.608333333333
3778,Cr30Y13Zr70,113,3,"Cr,Y,Zr",30,0.265486725664,0,0.000000000000,13,0.115044247788,70,0.619469026549
3779,Cr33Y16Zr78,127,3,"Cr,Y,Zr",33,0.259842519685,0,0.000000000000,16,0.125984251969,78,0.614173228346
3780,Cr32W2Y16Zr78,128,4,"Cr,W,Y,Zr",32,0.250000000000,2,0.015625000000,16,0.125000000000,78,0.609375000000
3781,Cr31Y16Zr78,125,3,"Cr,Y,Zr",31,0.248000000000,0,0.000000000000,16,0.128000000000,78,0.624000000000
3782,Cr31Y16Zr78,125,3,"Cr,Y,Zr",31,0.248000000000,0,0.000000000000,16,0.128000000000,78,0.624000000000
3783,Cr31Y16Zr78,125,3,"Cr,Y,Zr",31,0.248000000000,0,0.000000000000,16,0.128000000000,78,0.624000000000
3784,Cr31Y16Zr78,125,3,"Cr,Y,Zr",31,0.248000000000,0,0.000000000000,16,0.128000000000,78,0.624000000000
3785,Cr31Y16Zr78,125,3,"Cr,Y,Zr",31,0.248000000000,0,0.000000000000,16,0.128000000000,78,0.624000000000
3786,Cr31Y16Zr78,125,3,"Cr,Y,Zr",31,0.248000000000,0,0.000000000000,16,0.128000000000,78,0.624000000000
3787,Cr31Y16Zr78,125,3,"Cr,Y,Zr",31,0.248000000000,0,0.000000000000,16,0.128000000000,78,0.624000000000
3788,Cr31Y16Zr78,125,3,"Cr,Y,Zr",31,0.248000000000,0,0.000000000000,16,0.128000000000,78,0.624000000000
3789,Cr31Y16Zr78,125,3,"Cr,Y,Zr",31,0.248000000000,0,0.000000000000,16,0.128000000000,78,0.624000000000
3790,Cr27Y15Zr72,114,3,"Cr,Y,Zr",27,0.236842105263,0,0.000000000000,15,0.131578947368,72,0.631578947368
3791,Cr31WY16Zr79,127,4,"Cr,W,Y,Zr",31,0.244094488189,1,0.007874015748,16,0.125984251969,79,0.622047244094
3792,Cr31Y16Zr78,125,3,"Cr,Y,Zr",31,0.248000000000,0,0.000000000000,16,0.128000000000,78,0.624000000000
3793,Cr32Y16Zr79,127,3,"Cr,Y,Zr",32,0.251968503937,0,0.000000000000,16,0.125984251969,79,0.622047244094
3794,Cr31Y16Zr78,125,3,"Cr,Y,Zr",31,0.248000000000,0,0.000000000000,16,0.128000000000,78,0.624000000000
3795,Cr31Y16Zr78,125,3,"Cr,Y,Zr",31,0.248000000000,0,0.000000000000,16,0.128000000000,78,0.624000000000
3796,Cr31Y16Zr78,125,3,"Cr,Y,Zr",31,0.248000000000,0,0.000000000000,16,0.128000000000,78,0.624000000000
3797,Cr31Y16Zr78,125,3,"Cr,Y,Zr",31,0.248000000000,0,0.000000000000,16,0.128000000000,78,0.624000000000
3798,Cr31Y16Zr78,125,3,"Cr,Y,Zr",31,0.248000000000,0,0.000000000000,16,0.128000000000,78,0.624000000000
3799,Cr31Y16Zr78,125,3,"Cr,Y,Zr",31,0.248000000000,0,0.000000000000,16,0.128000000000,78,0.624000000000
3800,Cr31Y16Zr78,125,3,"Cr,Y,Zr",31,0.248000000000,0,0.000000000000,16,0.128000000000,78,0.624000000000
3801,Cr31Y16Zr78,125,3,"Cr,Y,Zr",31,0.248000000000,0,0.000000000000,16,0.128000000000,78,0.624000000000
3802,Cr31Y16Zr78,125,3,"Cr,Y,Zr",31,0.248000000000,0,0.000000000000,16,0.128000000000,78,0.624000000000
3803,Cr29Y15Zr73,117,3,"Cr,Y,Zr",29,0.247863247863,0,0.000000000000,15,0.128205128205,73,0.623931623932
3804,Cr30Y14Zr76,120,3,"Cr,Y,Zr",30,0.250000000000,0,0.000000000000,14,0.116666666667,76,0.633333333333
3805,Cr31WY16Zr78,126,4,"Cr,W,Y,Zr",31,0.246031746032,1,0.007936507937,16,0.126984126984,78,0.619047619048
3806,Cr16Y15Zr94,125,3,"Cr,Y,Zr",16,0.128000000000,0,0.000000000000,15,0.120000000000,94,0.752000000000
3807,Cr13Y13Zr88,114,3,"Cr,Y,Zr",13,0.114035087719,0,0.000000000000,13,0.114035087719,88,0.771929824561
3808,Cr16Y15Zr94,125,3,"Cr,Y,Zr",16,0.128000000000,0,0.000000000000,15,0.120000000000,94,0.752000000000
3809,Cr31Y16Zr78,125,3,"Cr,Y,Zr",31,0.248000000000,0,0.000000000000,16,0.128000000000,78,0.624000000000
3810,Cr31Y13Zr69,113,3,"Cr,Y,Zr",31,0.274336283186,0,0.000000000000,13,0.115044247788,69,0.610619469027
3811,Cr31W2Y17Zr78,128,4,"Cr,W,Y,Zr",31,0.242187500000,2,0.015625000000,17,0.132812500000,78,0.609375000000
3812,Cr31Y16Zr78,125,3,"Cr,Y,Zr",31,0.248000000000,0,0.000000000000,16,0.128000000000,78,0.624000000000
3813,Cr78Y31Zr16,125,3,"Cr,Y,Zr",78,0.624000000000,0,0.000000000000,31,0.248000000000,16,0.128000000000
3814,Cr78Y31Zr16,125,3,"Cr,Y,Zr",78,0.624000000000,0,0.000000000000,31,0.248000000000,16,0.128000000000
3815,Cr78Y31Zr16,125,3,"Cr,Y,Zr",78,0.624000000000,0,0.000000000000,31,0.248000000000,16,0.128000000000
3816,Cr78Y31Zr16,125,3,"Cr,Y,Zr",78,0.624000000000,0,0.000000000000,31,0.248000000000,16,0.128000000000
3817,Cr78Y31Zr16,125,3,"Cr,Y,Zr",78,0.624000000000,0,0.000000000000,31,0.248000000000,16,0.128000000000
3818,Cr78Y31Zr16,125,3,"Cr,Y,Zr",78,0.624000000000,0,0.000000000000,31,0.248000000000,16,0.128000000000
3819,Cr78Y31Zr16,125,3,"Cr,Y,Zr",78,0.624000000000,0,0.000000000000,31,0.248000000000,16,0.128000000000
3820,Cr77Y28Zr16,121,3,"Cr,Y,Zr",77,0.636363636364,0,0.000000000000,28,0.231404958678,16,0.132231404959
3821,Cr73Y31Zr16,120,3,"Cr,Y,Zr",73,0.608333333333,0,0.000000000000,31,0.258333333333,16,0.133333333333
3822,Cr78Y31Zr16,125,3,"Cr,Y,Zr",78,0.624000000000,0,0.000000000000,31,0.248000000000,16,0.128000000000
3823,Cr16Y15Zr94,125,3,"Cr,Y,Zr",16,0.128000000000,0,0.000000000000,15,0.120000000000,94,0.752000000000
3824,Cr16Y15Zr94,125,3,"Cr,Y,Zr",16,0.128000000000,0,0.000000000000,15,0.120000000000,94,0.752000000000
3825,Cr16Y15Zr94,125,3,"Cr,Y,Zr",16,0.128000000000,0,0.000000000000,15,0.120000000000,94,0.752000000000
3826,Cr16WY16Zr95,128,4,"Cr,W,Y,Zr",16,0.125000000000,1,0.007812500000,16,0.125000000000,95,0.742187500000
3827,Cr16Y15Zr94,125,3,"Cr,Y,Zr",16,0.128000000000,0,0.000000000000,15,0.120000000000,94,0.752000000000
3828,Cr16Y15Zr94,125,3,"Cr,Y,Zr",16,0.128000000000,0,0.000000000000,15,0.120000000000,94,0.752000000000
3829,Cr16Y15Zr94,125,3,"Cr,Y,Zr",16,0.128000000000,0,0.000000000000,15,0.120000000000,94,0.752000000000
3830,Cr16Y16Zr93,125,3,"Cr,Y,Zr",16,0.128000000000,0,0.000000000000,16,0.128000000000,93,0.744000000000
3831,Cr17Y16Zr94,127,3,"Cr,Y,Zr",17,0.133858267717,0,0.000000000000,16,0.125984251969,94,0.740157480315
3832,Cr16Y15Zr94,125,3,"Cr,Y,Zr",16,0.128000000000,0,0.000000000000,15,0.120000000000,94,0.752000000000
3833,Cr16Y15Zr94,125,3,"Cr,Y,Zr",16,0.128000000000,0,0.000000000000,15,0.120000000000,94,0.752000000000
3834,Cr16WY15Zr94,126,4,"Cr,W,Y,Zr",16,0.126984126984,1,0.007936507937,15,0.119047619048,94,0.746031746032
3835,Cr16Y14Zr83,113,3,"Cr,Y,Zr",16,0.141592920354,0,0.000000000000,14,0.123893805310,83,0.734513274336
3836,Cr16Y18Zr95,129,3,"Cr,Y,Zr",16,0.124031007752,0,0.000000000000,18,0.139534883721,95,0.736434108527
3837,Cr16Y17Zr93,126,3,"Cr,Y,Zr",16,0.126984126984,0,0.000000000000,17,0.134920634921,93,0.738095238095
3838,Cr16Y16Zr93,125,3,"Cr,Y,Zr",16,0.128000000000,0,0.000000000000,16,0.128000000000,93,0.744000000000
3839,Cr16Y16Zr93,125,3,"Cr,Y,Zr",16,0.128000000000,0,0.000000000000,16,0.128000000000,93,0.744000000000
3840,Cr16Y16Zr93,125,3,"Cr,Y,Zr",16,0.128000000000,0,0.000000000000,16,0.128000000000,93,0.744000000000
3841,Cr16Y16Zr93,125,3,"Cr,Y,Zr",16,0.128000000000,0,0.000000000000,16,0.128000000000,93,0.744000000000
3842,Cr16Y16Zr93,125,3,"Cr,Y,Zr",16,0.128000000000,0,0.000000000000,16,0.128000000000,93,0.744000000000
3843,Cr15Y16Zr88,119,3,"Cr,Y,Zr",15,0.126050420168,0,0.000000000000,16,0.134453781513,88,0.739495798319
3844,Cr16Y16Zr93,125,3,"Cr,Y,Zr",16,0.128000000000,0,0.000000000000,16,0.128000000000,93,0.744000000000
3845,Cr76Y31Zr12,119,3,"Cr,Y,Zr",76,0.638655462185,0,0.000000000000,31,0.260504201681,12,0.100840336134
3846,Cr78Y31Zr16,125,3,"Cr,Y,Zr",78,0.624000000000,0,0.000000000000,31,0.248000000000,16,0.128000000000
3847,Cr78Y31Zr16,125,3,"Cr,Y,Zr",78,0.624000000000,0,0.000000000000,31,0.248000000000,16,0.128000000000
3848,Cr72Y29Zr16,117,3,"Cr,Y,Zr",72,0.615384615385,0,0.000000000000,29,0.247863247863,16,0.136752136752
3849,Cr78Y33Zr16,127,3,"Cr,Y,Zr",78,0.614173228346,0,0.000000000000,33,0.259842519685,16,0.125984251969
3850,Cr78Y31Zr16,125,3,"Cr,Y,Zr",78,0.624000000000,0,0.000000000000,31,0.248000000000,16,0.128000000000
3851,Cr78Y31Zr16,125,3,"Cr,Y,Zr",78,0.624000000000,0,0.000000000000,31,0.248000000000,16,0.128000000000
3852,Cr78Y31Zr16,125,3,"Cr,Y,Zr",78,0.624000000000,0,0.000000000000,31,0.248000000000,16,0.128000000000
3853,Cr78Y31Zr16,125,3,"Cr,Y,Zr",78,0.624000000000,0,0.000000000000,31,0.248000000000,16,0.128000000000
3854,Cr78Y31Zr16,125,3,"Cr,Y,Zr",78,0.624000000000,0,0.000000000000,31,0.248000000000,16,0.128000000000
3855,Cr78Y31Zr16,125,3,"Cr,Y,Zr",78,0.624000000000,0,0.000000000000,31,0.248000000000,16,0.128000000000
3856,Cr78Y31Zr16,125,3,"Cr,Y,Zr",78,0.624000000000,0,0.000000000000,31,0.248000000000,16,0.128000000000
3857,Cr78Y31Zr16,125,3,"Cr,Y,Zr",78,0.624000000000,0,0.000000000000,31,0.248000000000,16,0.128000000000
3858,Cr71Y29Zr15,115,3,"Cr,Y,Zr",71,0.617391304348,0,0.000000000000,29,0.252173913043,15,0.130434782609
3859,Cr69Y29Zr15,113,3,"Cr,Y,Zr",69,0.610619469027,0,0.000000000000,29,0.256637168142,15,0.132743362832
3860,Cr78W2Y31Zr16,127,4,"Cr,W,Y,Zr",78,0.614173228346,2,0.015748031496,31,0.244094488189,16,0.125984251969
3861,Cr78Y31Zr16,125,3,"Cr,Y,Zr",78,0.624000000000,0,0.000000000000,31,0.248000000000,16,0.128000000000
3862,Cr78Y31Zr16,125,3,"Cr,Y,Zr",78,0.624000000000,0,0.000000000000,31,0.248000000000,16,0.128000000000
3863,Cr78Y31Zr16,125,3,"Cr,Y,Zr",78,0.624000000000,0,0.000000000000,31,0.248000000000,16,0.128000000000
3864,Cr78Y31Zr16,125,3,"Cr,Y,Zr",78,0.624000000000,0,0.000000000000,31,0.248000000000,16,0.128000000000
3865,Cr78Y31Zr16,125,3,"Cr,Y,Zr",78,0.624000000000,0,0.000000000000,31,0.248000000000,16,0.128000000000
3866,Cr78Y31Zr16,125,3,"Cr,Y,Zr",78,0.624000000000,0,0.000000000000,31,0.248000000000,16,0.128000000000
3867,Cr78Y31Zr16,125,3,"Cr,Y,Zr",78,0.624000000000,0,0.000000000000,31,0.248000000000,16,0.128000000000
3868,Cr78Y31Zr16,125,3,"Cr,Y,Zr",78,0.624000000000,0,0.000000000000,31,0.248000000000,16,0.128000000000
3869,Cr78Y31Zr16,125,3,"Cr,Y,Zr",78,0.624000000000,0,0.000000000000,31,0.248000000000,16,0.128000000000
3870,Cr78Y31Zr16,125,3,"Cr,Y,Zr",78,0.624000000000,0,0.000000000000,31,0.248000000000,16,0.128000000000
3871,Cr78Y31Zr16,125,3,"Cr,Y,Zr",78,0.624000000000,0,0.000000000000,31,0.248000000000,16,0.128000000000
3872,Cr78Y31Zr16,125,3,"Cr,Y,Zr",78,0.624000000000,0,0.000000000000,31,0.248000000000,16,0.128000000000
3873,Cr71Y31Zr15,117,3,"Cr,Y,Zr",71,0.606837606838,0,0.000000000000,31,0.264957264957,15,0.128205128205
3874,Cr78Y31Zr16,125,3,"Cr,Y,Zr",78,0.624000000000,0,0.000000000000,31,0.248000000000,16,0.128000000000
3875,Cr75Y30Zr12,117,3,"Cr,Y,Zr",75,0.641025641026,0,0.000000000000,30,0.256410256410,12,0.102564102564
3876,Cr74Y30Zr16,120,3,"Cr,Y,Zr",74,0.616666666667,0,0.000000000000,30,0.250000000000,16,0.133333333333
3877,Cr79W2Y31Zr16,128,4,"Cr,W,Y,Zr",79,0.617187500000,2,0.015625000000,31,0.242187500000,16,0.125000000000
3878,Cr78Y31Zr16,125,3,"Cr,Y,Zr",78,0.624000000000,0,0.000000000000,31,0.248000000000,16,0.128000000000
3879,Cr63Y31Zr31,125,3,"Cr,Y,Zr",63,0.504000000000,0,0.000000000000,31,0.248000000000,31,0.248000000000
3880,Cr63Y31Zr31,125,3,"Cr,Y,Zr",63,0.504000000000,0,0.000000000000,31,0.248000000000,31,0.248000000000
3881,Cr63Y31Zr31,125,3,"Cr,Y,Zr",63,0.504000000000,0,0.000000000000,31,0.248000000000,31,0.248000000000
3882,Cr56Y30Zr28,114,3,"Cr,Y,Zr",56,0.491228070175,0,0.000000000000,30,0.263157894737,28,0.245614035088
3883,Cr63Y31Zr31,125,3,"Cr,Y,Zr",63,0.504000000000,0,0.000000000000,31,0.248000000000,31,0.248000000000
3884,Cr63WY31Zr31,126,4,"Cr,W,Y,Zr",63,0.500000000000,1,0.007936507937,31,0.246031746032,31,0.246031746032
3885,Cr63Y31Zr31,125,3,"Cr,Y,Zr",63,0.504000000000,0,0.000000000000,31,0.248000000000,31,0.248000000000
3886,Cr63Y31Zr31,125,3,"Cr,Y,Zr",63,0.504000000000,0,0.000000000000,31,0.248000000000,31,0.248000000000
3887,Cr63Y31Zr32,126,3,"Cr,Y,Zr",63,0.500000000000,0,0.000000000000,31,0.246031746032,32,0.253968253968
3888,Cr63Y31Zr31,125,3,"Cr,Y,Zr",63,0.504000000000,0,0.000000000000,31,0.248000000000,31,0.248000000000
3889,Cr63Y31Zr31,125,3,"Cr,Y,Zr",63,0.504000000000,0,0.000000000000,31,0.248000000000,31,0.248000000000
3890,Cr63Y31Zr31,125,3,"Cr,Y,Zr",63,0.504000000000,0,0.000000000000,31,0.248000000000,31,0.248000000000
3891,Cr63Y31Zr31,125,3,"Cr,Y,Zr",63,0.504000000000,0,0.000000000000,31,0.248000000000,31,0.248000000000
3892,Cr62Y31Zr32,125,3,"Cr,Y,Zr",62,0.496000000000,0,0.000000000000,31,0.248000000000,32,0.256000000000
3893,Cr62Y31Zr32,125,3,"Cr,Y,Zr",62,0.496000000000,0,0.000000000000,31,0.248000000000,32,0.256000000000
3894,Cr62Y31Zr32,125,3,"Cr,Y,Zr",62,0.496000000000,0,0.000000000000,31,0.248000000000,32,0.256000000000
3895,Cr62Y31Zr32,125,3,"Cr,Y,Zr",62,0.496000000000,0,0.000000000000,31,0.248000000000,32,0.256000000000
3896,Cr62Y31Zr32,125,3,"Cr,Y,Zr",62,0.496000000000,0,0.000000000000,31,0.248000000000,32,0.256000000000
3897,Cr62Y31Zr32,125,3,"Cr,Y,Zr",62,0.496000000000,0,0.000000000000,31,0.248000000000,32,0.256000000000
3898,Cr62WY31Zr32,126,4,"Cr,W,Y,Zr",62,0.492063492063,1,0.007936507937,31,0.246031746032,32,0.253968253968
3899,Cr62Y31Zr32,125,3,"Cr,Y,Zr",62,0.496000000000,0,0.000000000000,31,0.248000000000,32,0.256000000000
3900,Cr62Y31Zr32,125,3,"Cr,Y,Zr",62,0.496000000000,0,0.000000000000,31,0.248000000000,32,0.256000000000
3901,Cr55Y28Zr32,115,3,"Cr,Y,Zr",55,0.478260869565,0,0.000000000000,28,0.243478260870,32,0.278260869565
3902,Cr62Y31Zr32,125,3,"Cr,Y,Zr",62,0.496000000000,0,0.000000000000,31,0.248000000000,32,0.256000000000
3903,Cr62Y31Zr32,125,3,"Cr,Y,Zr",62,0.496000000000,0,0.000000000000,31,0.248000000000,32,0.256000000000
3904,Cr61Y27Zr29,117,3,"Cr,Y,Zr",61,0.521367521368,0,0.000000000000,27,0.230769230769,29,0.247863247863
3905,Cr62WY31Zr33,127,4,"Cr,W,Y,Zr",62,0.488188976378,1,0.007874015748,31,0.244094488189,33,0.259842519685
3906,Cr62Y31Zr32,125,3,"Cr,Y,Zr",62,0.496000000000,0,0.000000000000,31,0.248000000000,32,0.256000000000
3907,Cr47Y31Zr47,125,3,"Cr,Y,Zr",47,0.376000000000,0,0.000000000000,31,0.248000000000,47,0.376000000000
3908,Cr47Y31Zr49,127,3,"Cr,Y,Zr",47,0.370078740157,0,0.000000000000,31,0.244094488189,49,0.385826771654
3909,Cr47Y31Zr47,125,3,"Cr,Y,Zr",47,0.376000000000,0,0.000000000000,31,0.248000000000,47,0.376000000000
3910,Cr47Y31Zr47,125,3,"Cr,Y,Zr",47,0.376000000000,0,0.000000000000,31,0.248000000000,47,0.376000000000
3911,Cr41Y28Zr46,115,3,"Cr,Y,Zr",41,0.356521739130,0,0.000000000000,28,0.243478260870,46,0.400000000000
3912,Cr47Y31Zr47,125,3,"Cr,Y,Zr",47,0.376000000000,0,0.000000000000,31,0.248000000000,47,0.376000000000
3913,Cr47Y31Zr47,125,3,"Cr,Y,Zr",47,0.376000000000,0,0.000000000000,31,0.248000000000,47,0.376000000000
3914,Cr47Y31Zr47,125,3,"Cr,Y,Zr",47,0.376000000000,0,0.000000000000,31,0.248000000000,47,0.376000000000
3915,Cr47Y31Zr47,125,3,"Cr,Y,Zr",47,0.376000000000,0,0.000000000000,31,0.248000000000,47,0.376000000000
3916,Cr47Y31Zr47,125,3,"Cr,Y,Zr",47,0.376000000000,0,0.000000000000,31,0.248000000000,47,0.376000000000
3917,Cr43Y31Zr40,114,3,"Cr,Y,Zr",43,0.377192982456,0,0.000000000000,31,0.271929824561,40,0.350877192982
3918,Cr47WY31Zr47,126,4,"Cr,W,Y,Zr",47,0.373015873016,1,0.007936507937,31,0.246031746032,47,0.373015873016
3919,Cr47Y31Zr48,126,3,"Cr,Y,Zr",47,0.373015873016,0,0.000000000000,31,0.246031746032,48,0.380952380952
3920,Cr47Y31Zr47,125,3,"Cr,Y,Zr",47,0.376000000000,0,0.000000000000,31,0.248000000000,47,0.376000000000
3921,Cr47Y31Zr47,125,3,"Cr,Y,Zr",47,0.376000000000,0,0.000000000000,31,0.248000000000,47,0.376000000000
3922,Cr47Y31Zr47,125,3,"Cr,Y,Zr",47,0.376000000000,0,0.000000000000,31,0.248000000000,47,0.376000000000
3923,Cr47Y31Zr47,125,3,"Cr,Y,Zr",47,0.376000000000,0,0.000000000000,31,0.248000000000,47,0.376000000000
3924,Cr47Y31Zr47,125,3,"Cr,Y,Zr",47,0.376000000000,0,0.000000000000,31,0.248000000000,47,0.376000000000
3925,Cr45Y31Zr41,117,3,"Cr,Y,Zr",45,0.384615384615,0,0.000000000000,31,0.264957264957,41,0.350427350427
3926,Cr47Y31Zr47,125,3,"Cr,Y,Zr",47,0.376000000000,0,0.000000000000,31,0.248000000000,47,0.376000000000
3927,Cr31Y31Zr63,125,3,"Cr,Y,Zr",31,0.248000000000,0,0.000000000000,31,0.248000000000,63,0.504000000000
3928,Cr31Y31Zr63,125,3,"Cr,Y,Zr",31,0.248000000000,0,0.000000000000,31,0.248000000000,63,0.504000000000
3929,Cr31Y32Zr63,126,3,"Cr,Y,Zr",31,0.246031746032,0,0.000000000000,32,0.253968253968,63,0.500000000000
3930,Cr47Y31Zr47,125,3,"Cr,Y,Zr",47,0.376000000000,0,0.000000000000,31,0.248000000000,47,0.376000000000
3931,Cr47Y31Zr47,125,3,"Cr,Y,Zr",47,0.376000000000,0,0.000000000000,31,0.248000000000,47,0.376000000000
3932,Cr47Y31Zr47,125,3,"Cr,Y,Zr",47,0.376000000000,0,0.000000000000,31,0.248000000000,47,0.376000000000
3933,Cr42Y31Zr46,119,3,"Cr,Y,Zr",42,0.352941176471,0,0.000000000000,31,0.260504201681,46,0.386554621849
3934,Cr42Y27Zr44,113,3,"Cr,Y,Zr",42,0.371681415929,0,0.000000000000,27,0.238938053097,44,0.389380530973
3935,Cr47Y31Zr48,126,3,"Cr,Y,Zr",47,0.373015873016,0,0.000000000000,31,0.246031746032,48,0.380952380952
3936,Cr31Y31Zr63,125,3,"Cr,Y,Zr",31,0.248000000000,0,0.000000000000,31,0.248000000000,63,0.504000000000
3937,Cr31Y26Zr58,115,3,"Cr,Y,Zr",31,0.269565217391,0,0.000000000000,26,0.226086956522,58,0.504347826087
3938,Cr31Y31Zr64,126,3,"Cr,Y,Zr",31,0.246031746032,0,0.000000000000,31,0.246031746032,64,0.507936507937
3939,Cr31Y31Zr63,125,3,"Cr,Y,Zr",31,0.248000000000,0,0.000000000000,31,0.248000000000,63,0.504000000000
3940,Cr31Y31Zr63,125,3,"Cr,Y,Zr",31,0.248000000000,0,0.000000000000,31,0.248000000000,63,0.504000000000
3941,Cr31Y31Zr63,125,3,"Cr,Y,Zr",31,0.248000000000,0,0.000000000000,31,0.248000000000,63,0.504000000000
3942,Cr31Y31Zr63,125,3,"Cr,Y,Zr",31,0.248000000000,0,0.000000000000,31,0.248000000000,63,0.504000000000
3943,Cr27Y29Zr59,115,3,"Cr,Y,Zr",27,0.234782608696,0,0.000000000000,29,0.252173913043,59,0.513043478261
3944,Cr31Y31Zr63,125,3,"Cr,Y,Zr",31,0.248000000000,0,0.000000000000,31,0.248000000000,63,0.504000000000
3945,Cr31Y31Zr63,125,3,"Cr,Y,Zr",31,0.248000000000,0,0.000000000000,31,0.248000000000,63,0.504000000000
3946,Cr31Y31Zr63,125,3,"Cr,Y,Zr",31,0.248000000000,0,0.000000000000,31,0.248000000000,63,0.504000000000
3947,Cr31Y31Zr63,125,3,"Cr,Y,Zr",31,0.248000000000,0,0.000000000000,31,0.248000000000,63,0.504000000000
3948,Cr31Y31Zr63,125,3,"Cr,Y,Zr",31,0.248000000000,0,0.000000000000,31,0.248000000000,63,0.504000000000
3949,Cr31Y31Zr63,125,3,"Cr,Y,Zr",31,0.248000000000,0,0.000000000000,31,0.248000000000,63,0.504000000000
3950,Cr31Y31Zr63,125,3,"Cr,Y,Zr",31,0.248000000000,0,0.000000000000,31,0.248000000000,63,0.504000000000
3951,Cr31Y31Zr63,125,3,"Cr,Y,Zr",31,0.248000000000,0,0.000000000000,31,0.248000000000,63,0.504000000000
3952,Cr31Y31Zr63,125,3,"Cr,Y,Zr",31,0.248000000000,0,0.000000000000,31,0.248000000000,63,0.504000000000
3953,Cr31Y31Zr63,125,3,"Cr,Y,Zr",31,0.248000000000,0,0.000000000000,31,0.248000000000,63,0.504000000000
3954,Cr30Y31Zr58,119,3,"Cr,Y,Zr",30,0.252100840336,0,0.000000000000,31,0.260504201681,58,0.487394957983
3955,Cr27Y29Zr61,117,3,"Cr,Y,Zr",27,0.230769230769,0,0.000000000000,29,0.247863247863,61,0.521367521368
3956,Cr31Y27Zr56,114,3,"Cr,Y,Zr",31,0.271929824561,0,0.000000000000,27,0.236842105263,56,0.491228070175
3957,Cr32Y31Zr64,127,3,"Cr,Y,Zr",32,0.251968503937,0,0.000000000000,31,0.244094488189,64,0.503937007874
3958,Cr31Y31Zr63,125,3,"Cr,Y,Zr",31,0.248000000000,0,0.000000000000,31,0.248000000000,63,0.504000000000
3959,Cr16Y31Zr78,125,3,"Cr,Y,Zr",16,0.128000000000,0,0.000000000000,31,0.248000000000,78,0.624000000000
3960,Cr16Y31Zr78,125,3,"Cr,Y,Zr",16,0.128000000000,0,0.000000000000,31,0.248000000000,78,0.624000000000
3961,Cr16Y31Zr78,125,3,"Cr,Y,Zr",16,0.128000000000,0,0.000000000000,31,0.248000000000,78,0.624000000000
3962,Cr16Y31Zr78,125,3,"Cr,Y,Zr",16,0.128000000000,0,0.000000000000,31,0.248000000000,78,0.624000000000
3963,Cr16Y31Zr78,125,3,"Cr,Y,Zr",16,0.128000000000,0,0.000000000000,31,0.248000000000,78,0.624000000000
3964,Cr16Y31Zr78,125,3,"Cr,Y,Zr",16,0.128000000000,0,0.000000000000,31,0.248000000000,78,0.624000000000
3965,Cr16Y31Zr78,125,3,"Cr,Y,Zr",16,0.128000000000,0,0.000000000000,31,0.248000000000,78,0.624000000000
3966,Cr16Y29Zr74,119,3,"Cr,Y,Zr",16,0.134453781513,0,0.000000000000,29,0.243697478992,74,0.621848739496
3967,Cr16Y31Zr78,125,3,"Cr,Y,Zr",16,0.128000000000,0,0.000000000000,31,0.248000000000,78,0.624000000000
3968,Cr16Y31Zr78,125,3,"Cr,Y,Zr",16,0.128000000000,0,0.000000000000,31,0.248000000000,78,0.624000000000
3969,Cr16Y31Zr78,125,3,"Cr,Y,Zr",16,0.128000000000,0,0.000000000000,31,0.248000000000,78,0.624000000000
3970,Cr16Y31Zr78,125,3,"Cr,Y,Zr",16,0.128000000000,0,0.000000000000,31,0.248000000000,78,0.624000000000
3971,Cr16Y31Zr78,125,3,"Cr,Y,Zr",16,0.128000000000,0,0.000000000000,31,0.248000000000,78,0.624000000000
3972,Cr16Y30Zr74,120,3,"Cr,Y,Zr",16,0.133333333333,0,0.000000000000,30,0.250000000000,74,0.616666666667
3973,Cr14Y28Zr73,115,3,"Cr,Y,Zr",14,0.121739130435,0,0.000000000000,28,0.243478260870,73,0.634782608696
3974,Cr16Y30Zr67,113,3,"Cr,Y,Zr",16,0.141592920354,0,0.000000000000,30,0.265486725664,67,0.592920353982
3975,Cr16WY31Zr80,128,4,"Cr,W,Y,Zr",16,0.125000000000,1,0.007812500000,31,0.242187500000,80,0.625000000000
3976,Cr16Y32Zr78,126,3,"Cr,Y,Zr",16,0.126984126984,0,0.000000000000,32,0.253968253968,78,0.619047619048
3977,Cr16Y31Zr78,125,3,"Cr,Y,Zr",16,0.128000000000,0,0.000000000000,31,0.248000000000,78,0.624000000000
3978,Cr12Y30Zr75,117,3,"Cr,Y,Zr",12,0.102564102564,0,0.000000000000,30,0.256410256410,75,0.641025641026
3979,Cr16Y29Zr69,114,3,"Cr,Y,Zr",16,0.140350877193,0,0.000000000000,29,0.254385964912,69,0.605263157895
3980,Cr16Y31Zr78,125,3,"Cr,Y,Zr",16,0.128000000000,0,0.000000000000,31,0.248000000000,78,0.624000000000
3981,Cr16Y31Zr78,125,3,"Cr,Y,Zr",16,0.128000000000,0,0.000000000000,31,0.248000000000,78,0.624000000000
3982,Cr16Y31Zr78,125,3,"Cr,Y,Zr",16,0.128000000000,0,0.000000000000,31,0.248000000000,78,0.624000000000
3983,Cr16Y31Zr78,125,3,"Cr,Y,Zr",16,0.128000000000,0,0.000000000000,31,0.248000000000,78,0.624000000000
3984,Cr14Y30Zr71,115,3,"Cr,Y,Zr",14,0.121739130435,0,0.000000000000,30,0.260869565217,71,0.617391304348
3985,Cr16WY31Zr79,127,4,"Cr,W,Y,Zr",16,0.125984251969,1,0.007874015748,31,0.244094488189,79,0.622047244094
3986,Cr16Y32Zr78,126,3,"Cr,Y,Zr",16,0.126984126984,0,0.000000000000,32,0.253968253968,78,0.619047619048
3987,Cr62Y47Zr16,125,3,"Cr,Y,Zr",62,0.496000000000,0,0.000000000000,47,0.376000000000,16,0.128000000000
3988,Cr62Y47Zr16,125,3,"Cr,Y,Zr",62,0.496000000000,0,0.000000000000,47,0.376000000000,16,0.128000000000
3989,Cr59Y41Zr15,115,3,"Cr,Y,Zr",59,0.513043478261,0,0.000000000000,41,0.356521739130,15,0.130434782609
3990,Cr62W3Y47Zr17,129,4,"Cr,W,Y,Zr",62,0.480620155039,3,0.023255813953,47,0.364341085271,17,0.131782945736
3991,Cr62Y47Zr16,125,3,"Cr,Y,Zr",62,0.496000000000,0,0.000000000000,47,0.376000000000,16,0.128000000000
3992,Cr62Y47Zr16,125,3,"Cr,Y,Zr",62,0.496000000000,0,0.000000000000,47,0.376000000000,16,0.128000000000
3993,Cr62Y47Zr16,125,3,"Cr,Y,Zr",62,0.496000000000,0,0.000000000000,47,0.376000000000,16,0.128000000000
3994,Cr62Y47Zr16,125,3,"Cr,Y,Zr",62,0.496000000000,0,0.000000000000,47,0.376000000000,16,0.128000000000
3995,Cr62Y47Zr16,125,3,"Cr,Y,Zr",62,0.496000000000,0,0.000000000000,47,0.376000000000,16,0.128000000000
3996,Cr62Y47Zr16,125,3,"Cr,Y,Zr",62,0.496000000000,0,0.000000000000,47,0.376000000000,16,0.128000000000
3997,Cr62Y47Zr16,125,3,"Cr,Y,Zr",62,0.496000000000,0,0.000000000000,47,0.376000000000,16,0.128000000000
3998,Cr62Y47Zr16,125,3,"Cr,Y,Zr",62,0.496000000000,0,0.000000000000,47,0.376000000000,16,0.128000000000
3999,Cr62Y47Zr16,125,3,"Cr,Y,Zr",62,0.496000000000,0,0.000000000000,47,0.376000000000,16,0.128000000000
4000,Cr57Y47Zr14,118,3,"Cr,Y,Zr",57,0.483050847458,0,0.000000000000,47,0.398305084746,14,0.118644067797
4001,Cr62WY47Zr16,126,4,"Cr,W,Y,Zr",62,0.492063492063,1,0.007936507937,47,0.373015873016,16,0.126984126984
4002,Cr62Y47Zr16,125,3,"Cr,Y,Zr",62,0.496000000000,0,0.000000000000,47,0.376000000000,16,0.128000000000
4003,Cr62Y47Zr16,125,3,"Cr,Y,Zr",62,0.496000000000,0,0.000000000000,47,0.376000000000,16,0.128000000000
4004,Cr62Y47Zr16,125,3,"Cr,Y,Zr",62,0.496000000000,0,0.000000000000,47,0.376000000000,16,0.128000000000
4005,Cr62Y47Zr16,125,3,"Cr,Y,Zr",62,0.496000000000,0,0.000000000000,47,0.376000000000,16,0.128000000000
4006,Cr62Y47Zr16,125,3,"Cr,Y,Zr",62,0.496000000000,0,0.000000000000,47,0.376000000000,16,0.128000000000
4007,Cr62Y47Zr16,125,3,"Cr,Y,Zr",62,0.496000000000,0,0.000000000000,47,0.376000000000,16,0.128000000000
4008,Cr62Y47Zr16,125,3,"Cr,Y,Zr",62,0.496000000000,0,0.000000000000,47,0.376000000000,16,0.128000000000
4009,Cr62Y47Zr16,125,3,"Cr,Y,Zr",62,0.496000000000,0,0.000000000000,47,0.376000000000,16,0.128000000000
4010,Cr62Y47Zr16,125,3,"Cr,Y,Zr",62,0.496000000000,0,0.000000000000,47,0.376000000000,16,0.128000000000
4011,Cr56Y47Zr15,118,3,"Cr,Y,Zr",56,0.474576271186,0,0.000000000000,47,0.398305084746,15,0.127118644068
4012,Cr58Y43Zr13,114,3,"Cr,Y,Zr",58,0.508771929825,0,0.000000000000,43,0.377192982456,13,0.114035087719
4013,Cr62Y47Zr16,125,3,"Cr,Y,Zr",62,0.496000000000,0,0.000000000000,47,0.376000000000,16,0.128000000000
4014,Cr62Y47Zr17,126,3,"Cr,Y,Zr",62,0.492063492063,0,0.000000000000,47,0.373015873016,17,0.134920634921
4015,Cr16Y31Zr78,125,3,"Cr,Y,Zr",16,0.128000000000,0,0.000000000000,31,0.248000000000,78,0.624000000000
4016,Cr16Y31Zr78,125,3,"Cr,Y,Zr",16,0.128000000000,0,0.000000000000,31,0.248000000000,78,0.624000000000
4017,Cr16Y31Zr78,125,3,"Cr,Y,Zr",16,0.128000000000,0,0.000000000000,31,0.248000000000,78,0.624000000000
4018,Cr16Y31Zr78,125,3,"Cr,Y,Zr",16,0.128000000000,0,0.000000000000,31,0.248000000000,78,0.624000000000
4019,Cr16Y31Zr78,125,3,"Cr,Y,Zr",16,0.128000000000,0,0.000000000000,31,0.248000000000,78,0.624000000000
4020,Cr16Y31Zr78,125,3,"Cr,Y,Zr",16,0.128000000000,0,0.000000000000,31,0.248000000000,78,0.624000000000
4021,Cr16Y31Zr78,125,3,"Cr,Y,Zr",16,0.128000000000,0,0.000000000000,31,0.248000000000,78,0.624000000000
4022,Cr16Y31Zr78,125,3,"Cr,Y,Zr",16,0.128000000000,0,0.000000000000,31,0.248000000000,78,0.624000000000
4023,Cr16Y26Zr76,118,3,"Cr,Y,Zr",16,0.135593220339,0,0.000000000000,26,0.220338983051,76,0.644067796610
4024,Cr18Y31Zr78,127,3,"Cr,Y,Zr",18,0.141732283465,0,0.000000000000,31,0.244094488189,78,0.614173228346
4025,Cr16Y31Zr79,126,3,"Cr,Y,Zr",16,0.126984126984,0,0.000000000000,31,0.246031746032,79,0.626984126984
4026,Cr62Y47Zr16,125,3,"Cr,Y,Zr",62,0.496000000000,0,0.000000000000,47,0.376000000000,16,0.128000000000
4027,Cr57Y43Zr13,113,3,"Cr,Y,Zr",57,0.504424778761,0,0.000000000000,43,0.380530973451,13,0.115044247788
4028,Cr55Y44Zr15,114,3,"Cr,Y,Zr",55,0.482456140351,0,0.000000000000,44,0.385964912281,15,0.131578947368
4029,Cr62WY47Zr16,126,4,"Cr,W,Y,Zr",62,0.492063492063,1,0.007936507937,47,0.373015873016,16,0.126984126984
4030,Cr47Y47Zr31,125,3,"Cr,Y,Zr",47,0.376000000000,0,0.000000000000,47,0.376000000000,31,0.248000000000
4031,Cr47Y47Zr31,125,3,"Cr,Y,Zr",47,0.376000000000,0,0.000000000000,47,0.376000000000,31,0.248000000000
4032,Cr47Y47Zr31,125,3,"Cr,Y,Zr",47,0.376000000000,0,0.000000000000,47,0.376000000000,31,0.248000000000
4033,Cr47Y47Zr31,125,3,"Cr,Y,Zr",47,0.376000000000,0,0.000000000000,47,0.376000000000,31,0.248000000000
4034,Cr43Y46Zr31,120,3,"Cr,Y,Zr",43,0.358333333333,0,0.000000000000,46,0.383333333333,31,0.258333333333
4035,Cr42Y41Zr30,113,3,"Cr,Y,Zr",42,0.371681415929,0,0.000000000000,41,0.362831858407,30,0.265486725664
4036,Cr48Y47Zr32,127,3,"Cr,Y,Zr",48,0.377952755906,0,0.000000000000,47,0.370078740157,32,0.251968503937
4037,Cr47Y47Zr31,125,3,"Cr,Y,Zr",47,0.376000000000,0,0.000000000000,47,0.376000000000,31,0.248000000000
4038,Cr47Y47Zr31,125,3,"Cr,Y,Zr",47,0.376000000000,0,0.000000000000,47,0.376000000000,31,0.248000000000
4039,Cr41Y43Zr30,114,3,"Cr,Y,Zr",41,0.359649122807,0,0.000000000000,43,0.377192982456,30,0.263157894737
4040,Cr44Y46Zr29,119,3,"Cr,Y,Zr",44,0.369747899160,0,0.000000000000,46,0.386554621849,29,0.243697478992
4041,Cr47Y47Zr31,125,3,"Cr,Y,Zr",47,0.376000000000,0,0.000000000000,47,0.376000000000,31,0.248000000000
4042,Cr62Y47Zr16,125,3,"Cr,Y,Zr",62,0.496000000000,0,0.000000000000,47,0.376000000000,16,0.128000000000
4043,Cr62Y47Zr16,125,3,"Cr,Y,Zr",62,0.496000000000,0,0.000000000000,47,0.376000000000,16,0.128000000000
4044,Cr62Y47Zr16,125,3,"Cr,Y,Zr",62,0.496000000000,0,0.000000000000,47,0.376000000000,16,0.128000000000
4045,Cr62Y47Zr16,125,3,"Cr,Y,Zr",62,0.496000000000,0,0.000000000000,47,0.376000000000,16,0.128000000000
4046,Cr62Y47Zr16,125,3,"Cr,Y,Zr",62,0.496000000000,0,0.000000000000,47,0.376000000000,16,0.128000000000
4047,Cr62Y47Zr16,125,3,"Cr,Y,Zr",62,0.496000000000,0,0.000000000000,47,0.376000000000,16,0.128000000000
4048,Cr62Y47Zr16,125,3,"Cr,Y,Zr",62,0.496000000000,0,0.000000000000,47,0.376000000000,16,0.128000000000
4049,Cr62Y47Zr16,125,3,"Cr,Y,Zr",62,0.496000000000,0,0.000000000000,47,0.376000000000,16,0.128000000000
4050,Cr63Y47Zr16,126,3,"Cr,Y,Zr",63,0.500000000000,0,0.000000000000,47,0.373015873016,16,0.126984126984
4051,Cr47Y47Zr31,125,3,"Cr,Y,Zr",47,0.376000000000,0,0.000000000000,47,0.376000000000,31,0.248000000000
4052,Cr47Y47Zr31,125,3,"Cr,Y,Zr",47,0.376000000000,0,0.000000000000,47,0.376000000000,31,0.248000000000
4053,Cr45Y42Zr26,113,3,"Cr,Y,Zr",45,0.398230088496,0,0.000000000000,42,0.371681415929,26,0.230088495575
4054,Cr48Y47Zr31,126,3,"Cr,Y,Zr",48,0.380952380952,0,0.000000000000,47,0.373015873016,31,0.246031746032
4055,Cr62Y47Zr16,125,3,"Cr,Y,Zr",62,0.496000000000,0,0.000000000000,47,0.376000000000,16,0.128000000000
4056,Cr61Y44Zr12,117,3,"Cr,Y,Zr",61,0.521367521368,0,0.000000000000,44,0.376068376068,12,0.102564102564
4057,Cr61Y41Zr15,117,3,"Cr,Y,Zr",61,0.521367521368,0,0.000000000000,41,0.350427350427,15,0.128205128205
4058,Cr57Y47Zr15,119,3,"Cr,Y,Zr",57,0.478991596639,0,0.000000000000,47,0.394957983193,15,0.126050420168
4059,Cr62Y47Zr16,125,3,"Cr,Y,Zr",62,0.496000000000,0,0.000000000000,47,0.376000000000,16,0.128000000000
4060,Cr47Y47Zr31,125,3,"Cr,Y,Zr",47,0.376000000000,0,0.000000000000,47,0.376000000000,31,0.248000000000
4061,Cr47Y47Zr31,125,3,"Cr,Y,Zr",47,0.376000000000,0,0.000000000000,47,0.376000000000,31,0.248000000000
4062,Cr47Y47Zr31,125,3,"Cr,Y,Zr",47,0.376000000000,0,0.000000000000,47,0.376000000000,31,0.248000000000
4063,Cr47Y47Zr31,125,3,"Cr,Y,Zr",47,0.376000000000,0,0.000000000000,47,0.376000000000,31,0.248000000000
4064,Cr47Y47Zr31,125,3,"Cr,Y,Zr",47,0.376000000000,0,0.000000000000,47,0.376000000000,31,0.248000000000
4065,Cr47Y47Zr31,125,3,"Cr,Y,Zr",47,0.376000000000,0,0.000000000000,47,0.376000000000,31,0.248000000000
4066,Cr47Y47Zr31,125,3,"Cr,Y,Zr",47,0.376000000000,0,0.000000000000,47,0.376000000000,31,0.248000000000
4067,Cr44Y46Zr27,117,3,"Cr,Y,Zr",44,0.376068376068,0,0.000000000000,46,0.393162393162,27,0.230769230769
4068,Cr47Y47Zr32,126,3,"Cr,Y,Zr",47,0.373015873016,0,0.000000000000,47,0.373015873016,32,0.253968253968
4069,Cr47Y47Zr31,125,3,"Cr,Y,Zr",47,0.376000000000,0,0.000000000000,47,0.376000000000,31,0.248000000000
4070,Cr47Y47Zr31,125,3,"Cr,Y,Zr",47,0.376000000000,0,0.000000000000,47,0.376000000000,31,0.248000000000
4071,Cr47Y47Zr31,125,3,"Cr,Y,Zr",47,0.376000000000,0,0.000000000000,47,0.376000000000,31,0.248000000000
4072,Cr47Y45Zr24,116,3,"Cr,Y,Zr",47,0.405172413793,0,0.000000000000,45,0.387931034483,24,0.206896551724
4073,Cr47Y48Zr31,126,3,"Cr,Y,Zr",47,0.373015873016,0,0.000000000000,48,0.380952380952,31,0.246031746032
4074,Cr31Y47Zr47,125,3,"Cr,Y,Zr",31,0.248000000000,0,0.000000000000,47,0.376000000000,47,0.376000000000
4075,Cr31Y47Zr47,125,3,"Cr,Y,Zr",31,0.248000000000,0,0.000000000000,47,0.376000000000,47,0.376000000000
4076,Cr29Y43Zr42,114,3,"Cr,Y,Zr",29,0.254385964912,0,0.000000000000,43,0.377192982456,42,0.368421052632
4077,Cr32Y47Zr47,126,3,"Cr,Y,Zr",32,0.253968253968,0,0.000000000000,47,0.373015873016,47,0.373015873016
4078,Cr31Y47Zr47,125,3,"Cr,Y,Zr",31,0.248000000000,0,0.000000000000,47,0.376000000000,47,0.376000000000
4079,Cr32Y47Zr49,128,3,"Cr,Y,Zr",32,0.250000000000,0,0.000000000000,47,0.367187500000,49,0.382812500000
4080,Cr31Y47Zr47,125,3,"Cr,Y,Zr",31,0.248000000000,0,0.000000000000,47,0.376000000000,47,0.376000000000
4081,Cr31Y47Zr47,125,3,"Cr,Y,Zr",31,0.248000000000,0,0.000000000000,47,0.376000000000,47,0.376000000000
4082,Cr31Y47Zr47,125,3,"Cr,Y,Zr",31,0.248000000000,0,0.000000000000,47,0.376000000000,47,0.376000000000
4083,Cr31Y47Zr47,125,3,"Cr,Y,Zr",31,0.248000000000,0,0.000000000000,47,0.376000000000,47,0.376000000000
4084,Cr31Y47Zr47,125,3,"Cr,Y,Zr",31,0.248000000000,0,0.000000000000,47,0.376000000000,47,0.376000000000
4085,Cr29Y44Zr45,118,3,"Cr,Y,Zr",29,0.245762711864,0,0.000000000000,44,0.372881355932,45,0.381355932203
4086,Cr31Y47Zr47,125,3,"Cr,Y,Zr",31,0.248000000000,0,0.000000000000,47,0.376000000000,47,0.376000000000
4087,Cr31Y47Zr47,125,3,"Cr,Y,Zr",31,0.248000000000,0,0.000000000000,47,0.376000000000,47,0.376000000000
4088,Cr31Y48Zr47,126,3,"Cr,Y,Zr",31,0.246031746032,0,0.000000000000,48,0.380952380952,47,0.373015873016
4089,Cr29Y44Zr46,119,3,"Cr,Y,Zr",29,0.243697478992,0,0.000000000000,44,0.369747899160,46,0.386554621849
4090,Cr31Y47Zr47,125,3,"Cr,Y,Zr",31,0.248000000000,0,0.000000000000,47,0.376000000000,47,0.376000000000
4091,Cr31Y47Zr47,125,3,"Cr,Y,Zr",31,0.248000000000,0,0.000000000000,47,0.376000000000,47,0.376000000000
4092,Cr31Y47Zr47,125,3,"Cr,Y,Zr",31,0.248000000000,0,0.000000000000,47,0.376000000000,47,0.376000000000
4093,Cr31Y41Zr44,116,3,"Cr,Y,Zr",31,0.267241379310,0,0.000000000000,41,0.353448275862,44,0.379310344828
4094,Cr31Y47Zr47,125,3,"Cr,Y,Zr",31,0.248000000000,0,0.000000000000,47,0.376000000000,47,0.376000000000
4095,Cr31Y47Zr47,125,3,"Cr,Y,Zr",31,0.248000000000,0,0.000000000000,47,0.376000000000,47,0.376000000000
4096,Cr31Y47Zr47,125,3,"Cr,Y,Zr",31,0.248000000000,0,0.000000000000,47,0.376000000000,47,0.376000000000
4097,Cr31Y47Zr47,125,3,"Cr,Y,Zr",31,0.248000000000,0,0.000000000000,47,0.376000000000,47,0.376000000000
4098,Cr31Y47Zr47,125,3,"Cr,Y,Zr",31,0.248000000000,0,0.000000000000,47,0.376000000000,47,0.376000000000
4099,Cr25Y44Zr45,114,3,"Cr,Y,Zr",25,0.219298245614,0,0.000000000000,44,0.385964912281,45,0.394736842105
4100,Cr31WY47Zr48,127,4,"Cr,W,Y,Zr",31,0.244094488189,1,0.007874015748,47,0.370078740157,48,0.377952755906
4101,Cr31Y47Zr47,125,3,"Cr,Y,Zr",31,0.248000000000,0,0.000000000000,47,0.376000000000,47,0.376000000000
4102,Cr16Y47Zr62,125,3,"Cr,Y,Zr",16,0.128000000000,0,0.000000000000,47,0.376000000000,62,0.496000000000
4103,Cr16Y47Zr62,125,3,"Cr,Y,Zr",16,0.128000000000,0,0.000000000000,47,0.376000000000,62,0.496000000000
4104,Cr16Y47Zr62,125,3,"Cr,Y,Zr",16,0.128000000000,0,0.000000000000,47,0.376000000000,62,0.496000000000
4105,Cr15Y47Zr54,116,3,"Cr,Y,Zr",15,0.129310344828,0,0.000000000000,47,0.405172413793,54,0.465517241379
4106,Cr15Y45Zr61,121,3,"Cr,Y,Zr",15,0.123966942149,0,0.000000000000,45,0.371900826446,61,0.504132231405
4107,Cr16Y48Zr62,126,3,"Cr,Y,Zr",16,0.126984126984,0,0.000000000000,48,0.380952380952,62,0.492063492063
4108,Cr16Y47Zr62,125,3,"Cr,Y,Zr",16,0.128000000000,0,0.000000000000,47,0.376000000000,62,0.496000000000
4109,Cr16Y47Zr62,125,3,"Cr,Y,Zr",16,0.128000000000,0,0.000000000000,47,0.376000000000,62,0.496000000000
4110,Cr16Y47Zr62,125,3,"Cr,Y,Zr",16,0.128000000000,0,0.000000000000,47,0.376000000000,62,0.496000000000
4111,Cr16Y43Zr59,118,3,"Cr,Y,Zr",16,0.135593220339,0,0.000000000000,43,0.364406779661,59,0.500000000000
4112,Cr16Y47Zr63,126,3,"Cr,Y,Zr",16,0.126984126984,0,0.000000000000,47,0.373015873016,63,0.500000000000
4113,Cr16Y48Zr62,126,3,"Cr,Y,Zr",16,0.126984126984,0,0.000000000000,48,0.380952380952,62,0.492063492063
4114,Cr16Y47Zr62,125,3,"Cr,Y,Zr",16,0.128000000000,0,0.000000000000,47,0.376000000000,62,0.496000000000
4115,Cr16Y47Zr62,125,3,"Cr,Y,Zr",16,0.128000000000,0,0.000000000000,47,0.376000000000,62,0.496000000000
4116,Cr16Y47Zr62,125,3,"Cr,Y,Zr",16,0.128000000000,0,0.000000000000,47,0.376000000000,62,0.496000000000
4117,Cr16Y47Zr62,125,3,"Cr,Y,Zr",16,0.128000000000,0,0.000000000000,47,0.376000000000,62,0.496000000000
4118,Cr16Y47Zr62,125,3,"Cr,Y,Zr",16,0.128000000000,0,0.000000000000,47,0.376000000000,62,0.496000000000
4119,Cr12Y44Zr57,113,3,"Cr,Y,Zr",12,0.106194690265,0,0.000000000000,44,0.389380530973,57,0.504424778761
4120,Cr16Y43Zr54,113,3,"Cr,Y,Zr",16,0.141592920354,0,0.000000000000,43,0.380530973451,54,0.477876106195
4121,Cr16Y47Zr62,125,3,"Cr,Y,Zr",16,0.128000000000,0,0.000000000000,47,0.376000000000,62,0.496000000000
4122,Cr16Y47Zr62,125,3,"Cr,Y,Zr",16,0.128000000000,0,0.000000000000,47,0.376000000000,62,0.496000000000
4123,Cr17Y47Zr62,126,3,"Cr,Y,Zr",17,0.134920634921,0,0.000000000000,47,0.373015873016,62,0.492063492063
4124,Cr16Y47Zr62,125,3,"Cr,Y,Zr",16,0.128000000000,0,0.000000000000,47,0.376000000000,62,0.496000000000
4125,Cr16Y47Zr62,125,3,"Cr,Y,Zr",16,0.128000000000,0,0.000000000000,47,0.376000000000,62,0.496000000000
4126,Cr16Y47Zr62,125,3,"Cr,Y,Zr",16,0.128000000000,0,0.000000000000,47,0.376000000000,62,0.496000000000
4127,Cr16Y47Zr62,125,3,"Cr,Y,Zr",16,0.128000000000,0,0.000000000000,47,0.376000000000,62,0.496000000000
4128,Cr16Y47Zr62,125,3,"Cr,Y,Zr",16,0.128000000000,0,0.000000000000,47,0.376000000000,62,0.496000000000
4129,Cr16Y47Zr62,125,3,"Cr,Y,Zr",16,0.128000000000,0,0.000000000000,47,0.376000000000,62,0.496000000000
4130,Cr16Y47Zr62,125,3,"Cr,Y,Zr",16,0.128000000000,0,0.000000000000,47,0.376000000000,62,0.496000000000
4131,Cr15Y41Zr57,113,3,"Cr,Y,Zr",15,0.132743362832,0,0.000000000000,41,0.362831858407,57,0.504424778761
4132,Cr16Y47Zr58,121,3,"Cr,Y,Zr",16,0.132231404959,0,0.000000000000,47,0.388429752066,58,0.479338842975
4133,Cr16Y47Zr62,125,3,"Cr,Y,Zr",16,0.128000000000,0,0.000000000000,47,0.376000000000,62,0.496000000000
4134,Cr16Y47Zr62,125,3,"Cr,Y,Zr",16,0.128000000000,0,0.000000000000,47,0.376000000000,62,0.496000000000
4135,Cr16Y47Zr62,125,3,"Cr,Y,Zr",16,0.128000000000,0,0.000000000000,47,0.376000000000,62,0.496000000000
4136,Cr16Y47Zr62,125,3,"Cr,Y,Zr",16,0.128000000000,0,0.000000000000,47,0.376000000000,62,0.496000000000
4137,Cr16Y44Zr56,116,3,"Cr,Y,Zr",16,0.137931034483,0,0.000000000000,44,0.379310344828,56,0.482758620690
4138,Cr14Y42Zr61,117,3,"Cr,Y,Zr",14,0.119658119658,0,0.000000000000,42,0.358974358974,61,0.521367521368
4139,Cr16Y47Zr62,125,3,"Cr,Y,Zr",16,0.128000000000,0,0.000000000000,47,0.376000000000,62,0.496000000000
4140,Cr16Y47Zr62,125,3,"Cr,Y,Zr",16,0.128000000000,0,0.000000000000,47,0.376000000000,62,0.496000000000
4141,Cr16Y47Zr63,126,3,"Cr,Y,Zr",16,0.126984126984,0,0.000000000000,47,0.373015873016,63,0.500000000000
4142,Cr16Y47Zr62,125,3,"Cr,Y,Zr",16,0.128000000000,0,0.000000000000,47,0.376000000000,62,0.496000000000
4143,Cr47Y62Zr16,125,3,"Cr,Y,Zr",47,0.376000000000,0,0.000000000000,62,0.496000000000,16,0.128000000000
4144,Cr47Y62Zr16,125,3,"Cr,Y,Zr",47,0.376000000000,0,0.000000000000,62,0.496000000000,16,0.128000000000
4145,Cr47Y62Zr16,125,3,"Cr,Y,Zr",47,0.376000000000,0,0.000000000000,62,0.496000000000,16,0.128000000000
4146,Cr47Y62Zr16,125,3,"Cr,Y,Zr",47,0.376000000000,0,0.000000000000,62,0.496000000000,16,0.128000000000
4147,Cr47Y62Zr16,125,3,"Cr,Y,Zr",47,0.376000000000,0,0.000000000000,62,0.496000000000,16,0.128000000000
4148,Cr40Y57Zr16,113,3,"Cr,Y,Zr",40,0.353982300885,0,0.000000000000,57,0.504424778761,16,0.141592920354
4149,Cr44Y59Zr12,115,3,"Cr,Y,Zr",44,0.382608695652,0,0.000000000000,59,0.513043478261,12,0.104347826087
4150,Cr47WY62Zr17,127,4,"Cr,W,Y,Zr",47,0.370078740157,1,0.007874015748,62,0.488188976378,17,0.133858267717
4151,Cr47Y62Zr16,125,3,"Cr,Y,Zr",47,0.376000000000,0,0.000000000000,62,0.496000000000,16,0.128000000000
4152,Cr47Y62Zr16,125,3,"Cr,Y,Zr",47,0.376000000000,0,0.000000000000,62,0.496000000000,16,0.128000000000
4153,Cr47Y62Zr16,125,3,"Cr,Y,Zr",47,0.376000000000,0,0.000000000000,62,0.496000000000,16,0.128000000000
4154,Cr47Y62Zr16,125,3,"Cr,Y,Zr",47,0.376000000000,0,0.000000000000,62,0.496000000000,16,0.128000000000
4155,Cr47Y62Zr16,125,3,"Cr,Y,Zr",47,0.376000000000,0,0.000000000000,62,0.496000000000,16,0.128000000000
4156,Cr47Y62Zr16,125,3,"Cr,Y,Zr",47,0.376000000000,0,0.000000000000,62,0.496000000000,16,0.128000000000
4157,Cr43Y57Zr16,116,3,"Cr,Y,Zr",43,0.370689655172,0,0.000000000000,57,0.491379310345,16,0.137931034483
4158,Cr47Y64Zr16,127,3,"Cr,Y,Zr",47,0.370078740157,0,0.000000000000,64,0.503937007874,16,0.125984251969
4159,Cr47Y63Zr16,126,3,"Cr,Y,Zr",47,0.373015873016,0,0.000000000000,63,0.500000000000,16,0.126984126984
4160,Cr45Y53Zr15,113,3,"Cr,Y,Zr",45,0.398230088496,0,0.000000000000,53,0.469026548673,15,0.132743362832
4161,Cr47WY62Zr16,126,4,"Cr,W,Y,Zr",47,0.373015873016,1,0.007936507937,62,0.492063492063,16,0.126984126984
4162,Cr47Y62Zr16,125,3,"Cr,Y,Zr",47,0.376000000000,0,0.000000000000,62,0.496000000000,16,0.128000000000
4163,Cr44Y60Zr15,119,3,"Cr,Y,Zr",44,0.369747899160,0,0.000000000000,60,0.504201680672,15,0.126050420168
4164,Cr47WY62Zr16,126,4,"Cr,W,Y,Zr",47,0.373015873016,1,0.007936507937,62,0.492063492063,16,0.126984126984
4165,Cr47Y62Zr16,125,3,"Cr,Y,Zr",47,0.376000000000,0,0.000000000000,62,0.496000000000,16,0.128000000000
4166,Cr47Y62Zr16,125,3,"Cr,Y,Zr",47,0.376000000000,0,0.000000000000,62,0.496000000000,16,0.128000000000
4167,Cr47Y62Zr16,125,3,"Cr,Y,Zr",47,0.376000000000,0,0.000000000000,62,0.496000000000,16,0.128000000000
4168,Cr47Y62Zr16,125,3,"Cr,Y,Zr",47,0.376000000000,0,0.000000000000,62,0.496000000000,16,0.128000000000
4169,Cr41Y58Zr16,115,3,"Cr,Y,Zr",41,0.356521739130,0,0.000000000000,58,0.504347826087,16,0.139130434783
4170,Cr46Y54Zr16,116,3,"Cr,Y,Zr",46,0.396551724138,0,0.000000000000,54,0.465517241379,16,0.137931034483
4171,Cr44Y57Zr15,116,3,"Cr,Y,Zr",44,0.379310344828,0,0.000000000000,57,0.491379310345,15,0.129310344828
4172,Cr47Y62Zr16,125,3,"Cr,Y,Zr",47,0.376000000000,0,0.000000000000,62,0.496000000000,16,0.128000000000
4173,Cr47Y62Zr16,125,3,"Cr,Y,Zr",47,0.376000000000,0,0.000000000000,62,0.496000000000,16,0.128000000000
4174,Cr45Y56Zr13,114,3,"Cr,Y,Zr",45,0.394736842105,0,0.000000000000,56,0.491228070175,13,0.114035087719
4175,Cr43Y55Zr16,114,3,"Cr,Y,Zr",43,0.377192982456,0,0.000000000000,55,0.482456140351,16,0.140350877193
4176,Cr43Y61Zr16,120,3,"Cr,Y,Zr",43,0.358333333333,0,0.000000000000,61,0.508333333333,16,0.133333333333
4177,Cr47Y62Zr17,126,3,"Cr,Y,Zr",47,0.373015873016,0,0.000000000000,62,0.492063492063,17,0.134920634921
4178,Cr47Y62Zr16,125,3,"Cr,Y,Zr",47,0.376000000000,0,0.000000000000,62,0.496000000000,16,0.128000000000
4179,Cr47Y62Zr16,125,3,"Cr,Y,Zr",47,0.376000000000,0,0.000000000000,62,0.496000000000,16,0.128000000000
4180,Cr47Y62Zr16,125,3,"Cr,Y,Zr",47,0.376000000000,0,0.000000000000,62,0.496000000000,16,0.128000000000
4181,Cr47Y62Zr16,125,3,"Cr,Y,Zr",47,0.376000000000,0,0.000000000000,62,0.496000000000,16,0.128000000000
4182,Cr47Y62Zr16,125,3,"Cr,Y,Zr",47,0.376000000000,0,0.000000000000,62,0.496000000000,16,0.128000000000
4183,Cr46Y59Zr14,119,3,"Cr,Y,Zr",46,0.386554621849,0,0.000000000000,59,0.495798319328,14,0.117647058824
4184,Cr48Y62Zr16,126,3,"Cr,Y,Zr",48,0.380952380952,0,0.000000000000,62,0.492063492063,16,0.126984126984
4185,Cr47Y62Zr16,125,3,"Cr,Y,Zr",47,0.376000000000,0,0.000000000000,62,0.496000000000,16,0.128000000000
4186,Cr31Y63Zr31,125,3,"Cr,Y,Zr",31,0.248000000000,0,0.000000000000,63,0.504000000000,31,0.248000000000
4187,Cr31Y63Zr31,125,3,"Cr,Y,Zr",31,0.248000000000,0,0.000000000000,63,0.504000000000,31,0.248000000000
4188,Cr31Y64Zr31,126,3,"Cr,Y,Zr",31,0.246031746032,0,0.000000000000,64,0.507936507937,31,0.246031746032
4189,Cr31Y63Zr31,125,3,"Cr,Y,Zr",31,0.248000000000,0,0.000000000000,63,0.504000000000,31,0.248000000000
4190,Cr31Y63Zr31,125,3,"Cr,Y,Zr",31,0.248000000000,0,0.000000000000,63,0.504000000000,31,0.248000000000
4191,Cr31Y63Zr31,125,3,"Cr,Y,Zr",31,0.248000000000,0,0.000000000000,63,0.504000000000,31,0.248000000000
4192,Cr31Y63Zr31,125,3,"Cr,Y,Zr",31,0.248000000000,0,0.000000000000,63,0.504000000000,31,0.248000000000
4193,Cr31Y63Zr31,125,3,"Cr,Y,Zr",31,0.248000000000,0,0.000000000000,63,0.504000000000,31,0.248000000000
4194,Cr29Y60Zr29,118,3,"Cr,Y,Zr",29,0.245762711864,0,0.000000000000,60,0.508474576271,29,0.245762711864
4195,Cr31Y63Zr31,125,3,"Cr,Y,Zr",31,0.248000000000,0,0.000000000000,63,0.504000000000,31,0.248000000000
4196,Cr31Y62Zr32,125,3,"Cr,Y,Zr",31,0.248000000000,0,0.000000000000,62,0.496000000000,32,0.256000000000
4197,Cr31Y62Zr32,125,3,"Cr,Y,Zr",31,0.248000000000,0,0.000000000000,62,0.496000000000,32,0.256000000000
4198,Cr31Y62Zr32,125,3,"Cr,Y,Zr",31,0.248000000000,0,0.000000000000,62,0.496000000000,32,0.256000000000
4199,Cr31Y62Zr32,125,3,"Cr,Y,Zr",31,0.248000000000,0,0.000000000000,62,0.496000000000,32,0.256000000000
4200,Cr25Y61Zr29,115,3,"Cr,Y,Zr",25,0.217391304348,0,0.000000000000,61,0.530434782609,29,0.252173913043
4201,Cr31Y62Zr32,125,3,"Cr,Y,Zr",31,0.248000000000,0,0.000000000000,62,0.496000000000,32,0.256000000000
4202,Cr31Y62Zr32,125,3,"Cr,Y,Zr",31,0.248000000000,0,0.000000000000,62,0.496000000000,32,0.256000000000
4203,Cr31Y62Zr32,125,3,"Cr,Y,Zr",31,0.248000000000,0,0.000000000000,62,0.496000000000,32,0.256000000000
4204,Cr31Y59Zr29,119,3,"Cr,Y,Zr",31,0.260504201681,0,0.000000000000,59,0.495798319328,29,0.243697478992
4205,Cr31WY62Zr33,127,4,"Cr,W,Y,Zr",31,0.244094488189,1,0.007874015748,62,0.488188976378,33,0.259842519685
4206,Cr31Y62Zr32,125,3,"Cr,Y,Zr",31,0.248000000000,0,0.000000000000,62,0.496000000000,32,0.256000000000
4207,Cr31Y63Zr31,125,3,"Cr,Y,Zr",31,0.248000000000,0,0.000000000000,63,0.504000000000,31,0.248000000000
4208,Cr31Y63Zr31,125,3,"Cr,Y,Zr",31,0.248000000000,0,0.000000000000,63,0.504000000000,31,0.248000000000
4209,Cr31Y63Zr31,125,3,"Cr,Y,Zr",31,0.248000000000,0,0.000000000000,63,0.504000000000,31,0.248000000000
4210,Cr31Y63Zr31,125,3,"Cr,Y,Zr",31,0.248000000000,0,0.000000000000,63,0.504000000000,31,0.248000000000
4211,Cr31Y63Zr31,125,3,"Cr,Y,Zr",31,0.248000000000,0,0.000000000000,63,0.504000000000,31,0.248000000000
4212,Cr27Y58Zr29,114,3,"Cr,Y,Zr",27,0.236842105263,0,0.000000000000,58,0.508771929825,29,0.254385964912
4213,Cr31Y61Zr25,117,3,"Cr,Y,Zr",31,0.264957264957,0,0.000000000000,61,0.521367521368,25,0.213675213675
4214,Cr31Y63Zr31,125,3,"Cr,Y,Zr",31,0.248000000000,0,0.000000000000,63,0.504000000000,31,0.248000000000
4215,Cr31Y63Zr31,125,3,"Cr,Y,Zr",31,0.248000000000,0,0.000000000000,63,0.504000000000,31,0.248000000000
4216,Cr32Y64Zr31,127,3,"Cr,Y,Zr",32,0.251968503937,0,0.000000000000,64,0.503937007874,31,0.244094488189
4217,Cr16Y62Zr47,125,3,"Cr,Y,Zr",16,0.128000000000,0,0.000000000000,62,0.496000000000,47,0.376000000000
4218,Cr16Y62Zr47,125,3,"Cr,Y,Zr",16,0.128000000000,0,0.000000000000,62,0.496000000000,47,0.376000000000
4219,Cr16Y62Zr47,125,3,"Cr,Y,Zr",16,0.128000000000,0,0.000000000000,62,0.496000000000,47,0.376000000000
4220,Cr16Y62Zr47,125,3,"Cr,Y,Zr",16,0.128000000000,0,0.000000000000,62,0.496000000000,47,0.376000000000
4221,Cr16Y62Zr47,125,3,"Cr,Y,Zr",16,0.128000000000,0,0.000000000000,62,0.496000000000,47,0.376000000000
4222,Cr16Y62Zr47,125,3,"Cr,Y,Zr",16,0.128000000000,0,0.000000000000,62,0.496000000000,47,0.376000000000
4223,Cr16Y62Zr47,125,3,"Cr,Y,Zr",16,0.128000000000,0,0.000000000000,62,0.496000000000,47,0.376000000000
4224,Cr16Y62Zr47,125,3,"Cr,Y,Zr",16,0.128000000000,0,0.000000000000,62,0.496000000000,47,0.376000000000
4225,Cr13Y59Zr47,119,3,"Cr,Y,Zr",13,0.109243697479,0,0.000000000000,59,0.495798319328,47,0.394957983193
4226,Cr16Y62Zr47,125,3,"Cr,Y,Zr",16,0.128000000000,0,0.000000000000,62,0.496000000000,47,0.376000000000
4227,Cr31Y62Zr32,125,3,"Cr,Y,Zr",31,0.248000000000,0,0.000000000000,62,0.496000000000,32,0.256000000000
4228,Cr31Y62Zr32,125,3,"Cr,Y,Zr",31,0.248000000000,0,0.000000000000,62,0.496000000000,32,0.256000000000
4229,Cr30Y56Zr27,113,3,"Cr,Y,Zr",30,0.265486725664,0,0.000000000000,56,0.495575221239,27,0.238938053097
4230,Cr32WY63Zr32,128,4,"Cr,W,Y,Zr",32,0.250000000000,1,0.007812500000,63,0.492187500000,32,0.250000000000
4231,Cr31Y62Zr32,125,3,"Cr,Y,Zr",31,0.248000000000,0,0.000000000000,62,0.496000000000,32,0.256000000000
4232,Cr16Y62Zr47,125,3,"Cr,Y,Zr",16,0.128000000000,0,0.000000000000,62,0.496000000000,47,0.376000000000
4233,Cr15Y58Zr46,119,3,"Cr,Y,Zr",15,0.126050420168,0,0.000000000000,58,0.487394957983,46,0.386554621849
4234,Cr16Y62Zr47,125,3,"Cr,Y,Zr",16,0.128000000000,0,0.000000000000,62,0.496000000000,47,0.376000000000
4235,Cr16Y62Zr47,125,3,"Cr,Y,Zr",16,0.128000000000,0,0.000000000000,62,0.496000000000,47,0.376000000000
4236,Cr16Y61Zr42,119,3,"Cr,Y,Zr",16,0.134453781513,0,0.000000000000,61,0.512605042017,42,0.352941176471
4237,Cr16Y62Zr48,126,3,"Cr,Y,Zr",16,0.126984126984,0,0.000000000000,62,0.492063492063,48,0.380952380952
4238,Cr14Y57Zr42,113,3,"Cr,Y,Zr",14,0.123893805310,0,0.000000000000,57,0.504424778761,42,0.371681415929
4239,Cr16Y62Zr47,125,3,"Cr,Y,Zr",16,0.128000000000,0,0.000000000000,62,0.496000000000,47,0.376000000000
4240,Cr16Y62Zr47,125,3,"Cr,Y,Zr",16,0.128000000000,0,0.000000000000,62,0.496000000000,47,0.376000000000
4241,Cr16Y62Zr47,125,3,"Cr,Y,Zr",16,0.128000000000,0,0.000000000000,62,0.496000000000,47,0.376000000000
4242,Cr16Y62Zr47,125,3,"Cr,Y,Zr",16,0.128000000000,0,0.000000000000,62,0.496000000000,47,0.376000000000
4243,Cr16Y62Zr47,125,3,"Cr,Y,Zr",16,0.128000000000,0,0.000000000000,62,0.496000000000,47,0.376000000000
4244,Cr16Y62Zr47,125,3,"Cr,Y,Zr",16,0.128000000000,0,0.000000000000,62,0.496000000000,47,0.376000000000
4245,Cr31Y78Zr16,125,3,"Cr,Y,Zr",31,0.248000000000,0,0.000000000000,78,0.624000000000,16,0.128000000000
4246,Cr31Y78Zr16,125,3,"Cr,Y,Zr",31,0.248000000000,0,0.000000000000,78,0.624000000000,16,0.128000000000
4247,Cr31Y78Zr16,125,3,"Cr,Y,Zr",31,0.248000000000,0,0.000000000000,78,0.624000000000,16,0.128000000000
4248,Cr31Y78Zr16,125,3,"Cr,Y,Zr",31,0.248000000000,0,0.000000000000,78,0.624000000000,16,0.128000000000
4249,Cr30Y73Zr16,119,3,"Cr,Y,Zr",30,0.252100840336,0,0.000000000000,73,0.613445378151,16,0.134453781513
4250,Cr31Y78Zr16,125,3,"Cr,Y,Zr",31,0.248000000000,0,0.000000000000,78,0.624000000000,16,0.128000000000
4251,Cr31Y78Zr16,125,3,"Cr,Y,Zr",31,0.248000000000,0,0.000000000000,78,0.624000000000,16,0.128000000000
4252,Cr31Y78Zr16,125,3,"Cr,Y,Zr",31,0.248000000000,0,0.000000000000,78,0.624000000000,16,0.128000000000
4253,Cr31Y78Zr16,125,3,"Cr,Y,Zr",31,0.248000000000,0,0.000000000000,78,0.624000000000,16,0.128000000000
4254,Cr31Y78Zr16,125,3,"Cr,Y,Zr",31,0.248000000000,0,0.000000000000,78,0.624000000000,16,0.128000000000
4255,Cr31Y78Zr16,125,3,"Cr,Y,Zr",31,0.248000000000,0,0.000000000000,78,0.624000000000,16,0.128000000000
4256,Cr30Y71Zr14,115,3,"Cr,Y,Zr",30,0.260869565217,0,0.000000000000,71,0.617391304348,14,0.121739130435
4257,Cr31Y75Zr15,121,3,"Cr,Y,Zr",31,0.256198347107,0,0.000000000000,75,0.619834710744,15,0.123966942149
4258,Cr31Y78Zr16,125,3,"Cr,Y,Zr",31,0.248000000000,0,0.000000000000,78,0.624000000000,16,0.128000000000
4259,Cr16Y62Zr47,125,3,"Cr,Y,Zr",16,0.128000000000,0,0.000000000000,62,0.496000000000,47,0.376000000000
4260,Cr16Y62Zr47,125,3,"Cr,Y,Zr",16,0.128000000000,0,0.000000000000,62,0.496000000000,47,0.376000000000
4261,Cr14Y60Zr41,115,3,"Cr,Y,Zr",14,0.121739130435,0,0.000000000000,60,0.521739130435,41,0.356521739130
4262,Cr16Y62Zr47,125,3,"Cr,Y,Zr",16,0.128000000000,0,0.000000000000,62,0.496000000000,47,0.376000000000
4263,Cr31Y78Zr16,125,3,"Cr,Y,Zr",31,0.248000000000,0,0.000000000000,78,0.624000000000,16,0.128000000000
4264,Cr31Y78Zr16,125,3,"Cr,Y,Zr",31,0.248000000000,0,0.000000000000,78,0.624000000000,16,0.128000000000
4265,Cr26Y72Zr15,113,3,"Cr,Y,Zr",26,0.230088495575,0,0.000000000000,72,0.637168141593,15,0.132743362832
4266,Cr30Y74Zr11,115,3,"Cr,Y,Zr",30,0.260869565217,0,0.000000000000,74,0.643478260870,11,0.095652173913
4267,Cr25Y75Zr16,116,3,"Cr,Y,Zr",25,0.215517241379,0,0.000000000000,75,0.646551724138,16,0.137931034483
4268,Cr32Y78Zr16,126,3,"Cr,Y,Zr",32,0.253968253968,0,0.000000000000,78,0.619047619048,16,0.126984126984
4269,Cr31Y78Zr16,125,3,"Cr,Y,Zr",31,0.248000000000,0,0.000000000000,78,0.624000000000,16,0.128000000000
4270,Cr31Y78Zr16,125,3,"Cr,Y,Zr",31,0.248000000000,0,0.000000000000,78,0.624000000000,16,0.128000000000
4271,Cr31Y78Zr16,125,3,"Cr,Y,Zr",31,0.248000000000,0,0.000000000000,78,0.624000000000,16,0.128000000000
4272,Cr31Y78Zr16,125,3,"Cr,Y,Zr",31,0.248000000000,0,0.000000000000,78,0.624000000000,16,0.128000000000
4273,Cr30Y71Zr16,117,3,"Cr,Y,Zr",30,0.256410256410,0,0.000000000000,71,0.606837606838,16,0.136752136752
4274,Cr29Y73Zr14,116,3,"Cr,Y,Zr",29,0.250000000000,0,0.000000000000,73,0.629310344828,14,0.120689655172
4275,Cr31Y78Zr17,126,3,"Cr,Y,Zr",31,0.246031746032,0,0.000000000000,78,0.619047619048,17,0.134920634921
4276,Cr31Y78Zr16,125,3,"Cr,Y,Zr",31,0.248000000000,0,0.000000000000,78,0.624000000000,16,0.128000000000
4277,Cr31Y73Zr14,118,3,"Cr,Y,Zr",31,0.262711864407,0,0.000000000000,73,0.618644067797,14,0.118644067797
4278,Cr28Y71Zr16,115,3,"Cr,Y,Zr",28,0.243478260870,0,0.000000000000,71,0.617391304348,16,0.139130434783
4279,Cr31WY78Zr16,126,4,"Cr,W,Y,Zr",31,0.246031746032,1,0.007936507937,78,0.619047619048,16,0.126984126984
4280,Cr31Y78Zr16,125,3,"Cr,Y,Zr",31,0.248000000000,0,0.000000000000,78,0.624000000000,16,0.128000000000
4281,Cr29Y70Zr16,115,3,"Cr,Y,Zr",29,0.252173913043,0,0.000000000000,70,0.608695652174,16,0.139130434783
4282,Cr32Y78Zr16,126,3,"Cr,Y,Zr",32,0.253968253968,0,0.000000000000,78,0.619047619048,16,0.126984126984
4283,Cr31Y78Zr16,125,3,"Cr,Y,Zr",31,0.248000000000,0,0.000000000000,78,0.624000000000,16,0.128000000000
4284,Cr31Y78Zr16,125,3,"Cr,Y,Zr",31,0.248000000000,0,0.000000000000,78,0.624000000000,16,0.128000000000
4285,Cr31Y78Zr16,125,3,"Cr,Y,Zr",31,0.248000000000,0,0.000000000000,78,0.624000000000,16,0.128000000000
4286,Cr31Y78Zr16,125,3,"Cr,Y,Zr",31,0.248000000000,0,0.000000000000,78,0.624000000000,16,0.128000000000
4287,Cr31Y78Zr16,125,3,"Cr,Y,Zr",31,0.248000000000,0,0.000000000000,78,0.624000000000,16,0.128000000000
4288,Cr31Y78Zr16,125,3,"Cr,Y,Zr",31,0.248000000000,0,0.000000000000,78,0.624000000000,16,0.128000000000
4289,Cr31Y78Zr16,125,3,"Cr,Y,Zr",31,0.248000000000,0,0.000000000000,78,0.624000000000,16,0.128000000000
4290,Cr31Y78Zr16,125,3,"Cr,Y,Zr",31,0.248000000000,0,0.000000000000,78,0.624000000000,16,0.128000000000
4291,Cr31Y78Zr16,125,3,"Cr,Y,Zr",31,0.248000000000,0,0.000000000000,78,0.624000000000,16,0.128000000000
4292,Cr25Y74Zr15,114,3,"Cr,Y,Zr",25,0.219298245614,0,0.000000000000,74,0.649122807018,15,0.131578947368
4293,Cr31Y74Zr16,121,3,"Cr,Y,Zr",31,0.256198347107,0,0.000000000000,74,0.611570247934,16,0.132231404959
4294,Cr27Y76Zr16,119,3,"Cr,Y,Zr",27,0.226890756303,0,0.000000000000,76,0.638655462185,16,0.134453781513
4295,Cr31Y80Zr17,128,3,"Cr,Y,Zr",31,0.242187500000,0,0.000000000000,80,0.625000000000,17,0.132812500000
4296,Cr32Y79Zr16,127,3,"Cr,Y,Zr",32,0.251968503937,0,0.000000000000,79,0.622047244094,16,0.125984251969
4297,Cr16Y78Zr31,125,3,"Cr,Y,Zr",16,0.128000000000,0,0.000000000000,78,0.624000000000,31,0.248000000000
4298,Cr16Y78Zr31,125,3,"Cr,Y,Zr",16,0.128000000000,0,0.000000000000,78,0.624000000000,31,0.248000000000
4299,Cr16Y78Zr31,125,3,"Cr,Y,Zr",16,0.128000000000,0,0.000000000000,78,0.624000000000,31,0.248000000000
4300,Cr16Y78Zr31,125,3,"Cr,Y,Zr",16,0.128000000000,0,0.000000000000,78,0.624000000000,31,0.248000000000
4301,Cr16Y78Zr31,125,3,"Cr,Y,Zr",16,0.128000000000,0,0.000000000000,78,0.624000000000,31,0.248000000000
4302,Cr16Y94Zr15,125,3,"Cr,Y,Zr",16,0.128000000000,0,0.000000000000,94,0.752000000000,15,0.120000000000
4303,Cr16Y94Zr15,125,3,"Cr,Y,Zr",16,0.128000000000,0,0.000000000000,94,0.752000000000,15,0.120000000000
4304,Cr16Y94Zr15,125,3,"Cr,Y,Zr",16,0.128000000000,0,0.000000000000,94,0.752000000000,15,0.120000000000
4305,Cr16Y89Zr15,120,3,"Cr,Y,Zr",16,0.133333333333,0,0.000000000000,89,0.741666666667,15,0.125000000000
4306,Cr16Y94Zr15,125,3,"Cr,Y,Zr",16,0.128000000000,0,0.000000000000,94,0.752000000000,15,0.120000000000
4307,Cr16Y78Zr31,125,3,"Cr,Y,Zr",16,0.128000000000,0,0.000000000000,78,0.624000000000,31,0.248000000000
4308,Cr16Y78Zr31,125,3,"Cr,Y,Zr",16,0.128000000000,0,0.000000000000,78,0.624000000000,31,0.248000000000
4309,Cr16Y78Zr31,125,3,"Cr,Y,Zr",16,0.128000000000,0,0.000000000000,78,0.624000000000,31,0.248000000000
4310,Cr16Y78Zr31,125,3,"Cr,Y,Zr",16,0.128000000000,0,0.000000000000,78,0.624000000000,31,0.248000000000
4311,Cr16Y78Zr31,125,3,"Cr,Y,Zr",16,0.128000000000,0,0.000000000000,78,0.624000000000,31,0.248000000000
4312,Cr16Y78Zr31,125,3,"Cr,Y,Zr",16,0.128000000000,0,0.000000000000,78,0.624000000000,31,0.248000000000
4313,Cr16Y78Zr31,125,3,"Cr,Y,Zr",16,0.128000000000,0,0.000000000000,78,0.624000000000,31,0.248000000000
4314,Cr16Y72Zr27,115,3,"Cr,Y,Zr",16,0.139130434783,0,0.000000000000,72,0.626086956522,27,0.234782608696
4315,Cr15Y74Zr31,120,3,"Cr,Y,Zr",15,0.125000000000,0,0.000000000000,74,0.616666666667,31,0.258333333333
4316,Cr16Y79Zr31,126,3,"Cr,Y,Zr",16,0.126984126984,0,0.000000000000,79,0.626984126984,31,0.246031746032
4317,Cr16Y94Zr15,125,3,"Cr,Y,Zr",16,0.128000000000,0,0.000000000000,94,0.752000000000,15,0.120000000000
4318,Cr17Y94Zr17,128,3,"Cr,Y,Zr",17,0.132812500000,0,0.000000000000,94,0.734375000000,17,0.132812500000
4319,Cr16Y94Zr15,125,3,"Cr,Y,Zr",16,0.128000000000,0,0.000000000000,94,0.752000000000,15,0.120000000000
4320,Cr16Y94Zr15,125,3,"Cr,Y,Zr",16,0.128000000000,0,0.000000000000,94,0.752000000000,15,0.120000000000
4321,Cr16Y88Zr15,119,3,"Cr,Y,Zr",16,0.134453781513,0,0.000000000000,88,0.739495798319,15,0.126050420168
4322,Cr16Y94Zr15,125,3,"Cr,Y,Zr",16,0.128000000000,0,0.000000000000,94,0.752000000000,15,0.120000000000
4323,Cr16Y78Zr31,125,3,"Cr,Y,Zr",16,0.128000000000,0,0.000000000000,78,0.624000000000,31,0.248000000000
4324,Cr16Y78Zr31,125,3,"Cr,Y,Zr",16,0.128000000000,0,0.000000000000,78,0.624000000000,31,0.248000000000
4325,Cr16Y78Zr31,125,3,"Cr,Y,Zr",16,0.128000000000,0,0.000000000000,78,0.624000000000,31,0.248000000000
4326,Cr11Y73Zr30,114,3,"Cr,Y,Zr",11,0.096491228070,0,0.000000000000,73,0.640350877193,30,0.263157894737
4327,Cr16WY78Zr32,127,4,"Cr,W,Y,Zr",16,0.125984251969,1,0.007874015748,78,0.614173228346,32,0.251968503937
4328,Cr16Y94Zr15,125,3,"Cr,Y,Zr",16,0.128000000000,0,0.000000000000,94,0.752000000000,15,0.120000000000
4329,Cr16Y94Zr15,125,3,"Cr,Y,Zr",16,0.128000000000,0,0.000000000000,94,0.752000000000,15,0.120000000000
4330,Cr16Y94Zr15,125,3,"Cr,Y,Zr",16,0.128000000000,0,0.000000000000,94,0.752000000000,15,0.120000000000
4331,Cr16Y94Zr15,125,3,"Cr,Y,Zr",16,0.128000000000,0,0.000000000000,94,0.752000000000,15,0.120000000000
4332,Cr16Y83Zr14,113,3,"Cr,Y,Zr",16,0.141592920354,0,0.000000000000,83,0.734513274336,14,0.123893805310
4333,Cr14Y88Zr12,114,3,"Cr,Y,Zr",14,0.122807017544,0,0.000000000000,88,0.771929824561,12,0.105263157895
4334,Cr16Y95Zr16,127,3,"Cr,Y,Zr",16,0.125984251969,0,0.000000000000,95,0.748031496063,16,0.125984251969
4335,Cr16Y78Zr31,125,3,"Cr,Y,Zr",16,0.128000000000,0,0.000000000000,78,0.624000000000,31,0.248000000000
4336,Cr17Y79Zr33,129,3,"Cr,Y,Zr",17,0.131782945736,0,0.000000000000,79,0.612403100775,33,0.255813953488
4337,Cr16Y78Zr31,125,3,"Cr,Y,Zr",16,0.128000000000,0,0.000000000000,78,0.624000000000,31,0.248000000000
4338,Cr16Y94Zr15,125,3,"Cr,Y,Zr",16,0.128000000000,0,0.000000000000,94,0.752000000000,15,0.120000000000
4339,Cr16Y94Zr15,125,3,"Cr,Y,Zr",16,0.128000000000,0,0.000000000000,94,0.752000000000,15,0.120000000000
4340,Cr16Y94Zr15,125,3,"Cr,Y,Zr",16,0.128000000000,0,0.000000000000,94,0.752000000000,15,0.120000000000
4341,Cr12Y89Zr14,115,3,"Cr,Y,Zr",12,0.104347826087,0,0.000000000000,89,0.773913043478,14,0.121739130435
4342,Cr16Y95Zr16,127,3,"Cr,Y,Zr",16,0.125984251969,0,0.000000000000,95,0.748031496063,16,0.125984251969
4343,Cr16WY94Zr15,126,4,"Cr,W,Y,Zr",16,0.126984126984,1,0.007936507937,94,0.746031746032,15,0.119047619048
4344,Cr16Y68Zr29,113,3,"Cr,Y,Zr",16,0.141592920354,0,0.000000000000,68,0.601769911504,29,0.256637168142
4345,Cr15Y74Zr28,117,3,"Cr,Y,Zr",15,0.128205128205,0,0.000000000000,74,0.632478632479,28,0.239316239316
4346,Cr16Y80Zr31,127,3,"Cr,Y,Zr",16,0.125984251969,0,0.000000000000,80,0.629921259843,31,0.244094488189
4347,Cr16Y78Zr31,125,3,"Cr,Y,Zr",16,0.128000000000,0,0.000000000000,78,0.624000000000,31,0.248000000000
4348,Cr16WY94Zr15,126,4,"Cr,W,Y,Zr",16,0.126984126984,1,0.007936507937,94,0.746031746032,15,0.119047619048
4349,W94Y16Zr15,125,3,"W,Y,Zr",0,0.000000000000,94,0.752000000000,16,0.128000000000,15,0.120000000000
4350,W87Y15Zr15,117,3,"W,Y,Zr",0,0.000000000000,87,0.743589743590,15,0.128205128205,15,0.128205128205
4351,W90Y14Zr11,115,3,"W,Y,Zr",0,0.000000000000,90,0.782608695652,14,0.121739130435,11,0.095652173913
4352,W96Y16Zr16,128,3,"W,Y,Zr",0,0.000000000000,96,0.750000000000,16,0.125000000000,16,0.125000000000
4353,Cr16Y94Zr15,125,3,"Cr,Y,Zr",16,0.128000000000,0,0.000000000000,94,0.752000000000,15,0.120000000000
4354,Cr16Y84Zr15,115,3,"Cr,Y,Zr",16,0.139130434783,0,0.000000000000,84,0.730434782609,15,0.130434782609
4355,Cr16WY94Zr15,126,4,"Cr,W,Y,Zr",16,0.126984126984,1,0.007936507937,94,0.746031746032,15,0.119047619048
4356,W94Y16Zr15,125,3,"W,Y,Zr",0,0.000000000000,94,0.752000000000,16,0.128000000000,15,0.120000000000
4357,W94Y16Zr15,125,3,"W,Y,Zr",0,0.000000000000,94,0.752000000000,16,0.128000000000,15,0.120000000000
4358,W94Y16Zr15,125,3,"W,Y,Zr",0,0.000000000000,94,0.752000000000,16,0.128000000000,15,0.120000000000
4359,W85Y15Zr14,114,3,"W,Y,Zr",0,0.000000000000,85,0.745614035088,15,0.131578947368,14,0.122807017544
4360,W95Y17Zr17,129,3,"W,Y,Zr",0,0.000000000000,95,0.736434108527,17,0.131782945736,17,0.131782945736
4361,W94Y16Zr15,125,3,"W,Y,Zr",0,0.000000000000,94,0.752000000000,16,0.128000000000,15,0.120000000000
4362,W83Y15Zr15,113,3,"W,Y,Zr",0,0.000000000000,83,0.734513274336,15,0.132743362832,15,0.132743362832
4363,W94Y16Zr15,125,3,"W,Y,Zr",0,0.000000000000,94,0.752000000000,16,0.128000000000,15,0.120000000000
4364,W78Y16Zr31,125,3,"W,Y,Zr",0,0.000000000000,78,0.624000000000,16,0.128000000000,31,0.248000000000
4365,W78Y16Zr31,125,3,"W,Y,Zr",0,0.000000000000,78,0.624000000000,16,0.128000000000,31,0.248000000000
4366,W78Y16Zr31,125,3,"W,Y,Zr",0,0.000000000000,78,0.624000000000,16,0.128000000000,31,0.248000000000
4367,W74Y15Zr30,119,3,"W,Y,Zr",0,0.000000000000,74,0.621848739496,15,0.126050420168,30,0.252100840336
4368,CrW78Y18Zr31,128,4,"Cr,W,Y,Zr",1,0.007812500000,78,0.609375000000,18,0.140625000000,31,0.242187500000
4369,CrW80Y16Zr31,128,4,"Cr,W,Y,Zr",1,0.007812500000,80,0.625000000000,16,0.125000000000,31,0.242187500000
4370,W78Y17Zr31,126,3,"W,Y,Zr",0,0.000000000000,78,0.619047619048,17,0.134920634921,31,0.246031746032
4371,W94Y16Zr15,125,3,"W,Y,Zr",0,0.000000000000,94,0.752000000000,16,0.128000000000,15,0.120000000000
4372,W94Y16Zr15,125,3,"W,Y,Zr",0,0.000000000000,94,0.752000000000,16,0.128000000000,15,0.120000000000
4373,W94Y16Zr15,125,3,"W,Y,Zr",0,0.000000000000,94,0.752000000000,16,0.128000000000,15,0.120000000000
4374,W94Y16Zr15,125,3,"W,Y,Zr",0,0.000000000000,94,0.752000000000,16,0.128000000000,15,0.120000000000
4375,W94Y16Zr15,125,3,"W,Y,Zr",0,0.000000000000,94,0.752000000000,16,0.128000000000,15,0.120000000000
4376,W94Y16Zr15,125,3,"W,Y,Zr",0,0.000000000000,94,0.752000000000,16,0.128000000000,15,0.120000000000
4377,W96Y16Zr15,127,3,"W,Y,Zr",0,0.000000000000,96,0.755905511811,16,0.125984251969,15,0.118110236220
4378,W94Y16Zr15,125,3,"W,Y,Zr",0,0.000000000000,94,0.752000000000,16,0.128000000000,15,0.120000000000
4379,W94Y16Zr15,125,3,"W,Y,Zr",0,0.000000000000,94,0.752000000000,16,0.128000000000,15,0.120000000000
4380,CrW94Y16Zr15,126,4,"Cr,W,Y,Zr",1,0.007936507937,94,0.746031746032,16,0.126984126984,15,0.119047619048
4381,W78Y16Zr31,125,3,"W,Y,Zr",0,0.000000000000,78,0.624000000000,16,0.128000000000,31,0.248000000000
4382,W68Y14Zr31,113,3,"W,Y,Zr",0,0.000000000000,68,0.601769911504,14,0.123893805310,31,0.274336283186
4383,W71Y15Zr29,115,3,"W,Y,Zr",0,0.000000000000,71,0.617391304348,15,0.130434782609,29,0.252173913043
4384,W78Y16Zr31,125,3,"W,Y,Zr",0,0.000000000000,78,0.624000000000,16,0.128000000000,31,0.248000000000
4385,W88Y14Zr12,114,3,"W,Y,Zr",0,0.000000000000,88,0.771929824561,14,0.122807017544,12,0.105263157895
4386,W94Y16Zr15,125,3,"W,Y,Zr",0,0.000000000000,94,0.752000000000,16,0.128000000000,15,0.120000000000
4387,W79Y16Zr32,127,3,"W,Y,Zr",0,0.000000000000,79,0.622047244094,16,0.125984251969,32,0.251968503937
4388,W78Y17Zr32,127,3,"W,Y,Zr",0,0.000000000000,78,0.614173228346,17,0.133858267717,32,0.251968503937
4389,W78Y16Zr32,126,3,"W,Y,Zr",0,0.000000000000,78,0.619047619048,16,0.126984126984,32,0.253968253968
4390,W78Y16Zr31,125,3,"W,Y,Zr",0,0.000000000000,78,0.624000000000,16,0.128000000000,31,0.248000000000
4391,W78Y16Zr31,125,3,"W,Y,Zr",0,0.000000000000,78,0.624000000000,16,0.128000000000,31,0.248000000000
4392,W73Y16Zr27,116,3,"W,Y,Zr",0,0.000000000000,73,0.629310344828,16,0.137931034483,27,0.232758620690
4393,W70Y16Zr28,114,3,"W,Y,Zr",0,0.000000000000,70,0.614035087719,16,0.140350877193,28,0.245614035088
4394,W69Y15Zr30,114,3,"W,Y,Zr",0,0.000000000000,69,0.605263157895,15,0.131578947368,30,0.263157894737
4395,W79Y16Zr32,127,3,"W,Y,Zr",0,0.000000000000,79,0.622047244094,16,0.125984251969,32,0.251968503937
4396,W79Y17Zr33,129,3,"W,Y,Zr",0,0.000000000000,79,0.612403100775,17,0.131782945736,33,0.255813953488
4397,W79Y16Zr31,126,3,"W,Y,Zr",0,0.000000000000,79,0.626984126984,16,0.126984126984,31,0.246031746032
4398,W78Y16Zr31,125,3,"W,Y,Zr",0,0.000000000000,78,0.624000000000,16,0.128000000000,31,0.248000000000
4399,W78Y16Zr31,125,3,"W,Y,Zr",0,0.000000000000,78,0.624000000000,16,0.128000000000,31,0.248000000000
4400,W78Y16Zr31,125,3,"W,Y,Zr",0,0.000000000000,78,0.624000000000,16,0.128000000000,31,0.248000000000
4401,W78Y16Zr31,125,3,"W,Y,Zr",0,0.000000000000,78,0.624000000000,16,0.128000000000,31,0.248000000000
4402,W78Y16Zr31,125,3,"W,Y,Zr",0,0.000000000000,78,0.624000000000,16,0.128000000000,31,0.248000000000
4403,W73Y14Zr26,113,3,"W,Y,Zr",0,0.000000000000,73,0.646017699115,14,0.123893805310,26,0.230088495575
4404,W80Y16Zr31,127,3,"W,Y,Zr",0,0.000000000000,80,0.629921259843,16,0.125984251969,31,0.244094488189
4405,CrW78Y16Zr31,126,4,"Cr,W,Y,Zr",1,0.007936507937,78,0.619047619048,16,0.126984126984,31,0.246031746032
4406,W78Y16Zr31,125,3,"W,Y,Zr",0,0.000000000000,78,0.624000000000,16,0.128000000000,31,0.248000000000
4407,W78Y16Zr31,125,3,"W,Y,Zr",0,0.000000000000,78,0.624000000000,16,0.128000000000,31,0.248000000000
4408,W78Y16Zr31,125,3,"W,Y,Zr",0,0.000000000000,78,0.624000000000,16,0.128000000000,31,0.248000000000
4409,W78Y16Zr31,125,3,"W,Y,Zr",0,0.000000000000,78,0.624000000000,16,0.128000000000,31,0.248000000000
4410,W74Y15Zr31,120,3,"W,Y,Zr",0,0.000000000000,74,0.616666666667,15,0.125000000000,31,0.258333333333
4411,W74Y10Zr31,115,3,"W,Y,Zr",0,0.000000000000,74,0.643478260870,10,0.086956521739,31,0.269565217391
4412,W78Y16Zr31,125,3,"W,Y,Zr",0,0.000000000000,78,0.624000000000,16,0.128000000000,31,0.248000000000
4413,W62Y16Zr47,125,3,"W,Y,Zr",0,0.000000000000,62,0.496000000000,16,0.128000000000,47,0.376000000000
4414,W62Y16Zr47,125,3,"W,Y,Zr",0,0.000000000000,62,0.496000000000,16,0.128000000000,47,0.376000000000
4415,CrW62Y17Zr47,127,4,"Cr,W,Y,Zr",1,0.007874015748,62,0.488188976378,17,0.133858267717,47,0.370078740157
4416,W78Y16Zr31,125,3,"W,Y,Zr",0,0.000000000000,78,0.624000000000,16,0.128000000000,31,0.248000000000
4417,W78Y16Zr31,125,3,"W,Y,Zr",0,0.000000000000,78,0.624000000000,16,0.128000000000,31,0.248000000000
4418,W78Y16Zr32,126,3,"W,Y,Zr",0,0.000000000000,78,0.619047619048,16,0.126984126984,32,0.253968253968
4419,W62Y16Zr47,125,3,"W,Y,Zr",0,0.000000000000,62,0.496000000000,16,0.128000000000,47,0.376000000000
4420,W62Y16Zr47,125,3,"W,Y,Zr",0,0.000000000000,62,0.496000000000,16,0.128000000000,47,0.376000000000
4421,W62Y16Zr47,125,3,"W,Y,Zr",0,0.000000000000,62,0.496000000000,16,0.128000000000,47,0.376000000000
4422,W61Y15Zr44,120,3,"W,Y,Zr",0,0.000000000000,61,0.508333333333,15,0.125000000000,44,0.366666666667
4423,W58Y14Zr45,117,3,"W,Y,Zr",0,0.000000000000,58,0.495726495726,14,0.119658119658,45,0.384615384615
4424,W62Y16Zr48,126,3,"W,Y,Zr",0,0.000000000000,62,0.492063492063,16,0.126984126984,48,0.380952380952
4425,W62Y16Zr47,125,3,"W,Y,Zr",0,0.000000000000,62,0.496000000000,16,0.128000000000,47,0.376000000000
4426,W57Y16Zr47,120,3,"W,Y,Zr",0,0.000000000000,57,0.475000000000,16,0.133333333333,47,0.391666666667
4427,W58Y15Zr42,115,3,"W,Y,Zr",0,0.000000000000,58,0.504347826087,15,0.130434782609,42,0.365217391304
4428,W54Y15Zr45,114,3,"W,Y,Zr",0,0.000000000000,54,0.473684210526,15,0.131578947368,45,0.394736842105
4429,W62Y16Zr49,127,3,"W,Y,Zr",0,0.000000000000,62,0.488188976378,16,0.125984251969,49,0.385826771654
4430,W62Y16Zr47,125,3,"W,Y,Zr",0,0.000000000000,62,0.496000000000,16,0.128000000000,47,0.376000000000
4431,W62Y16Zr47,125,3,"W,Y,Zr",0,0.000000000000,62,0.496000000000,16,0.128000000000,47,0.376000000000
4432,W62Y16Zr47,125,3,"W,Y,Zr",0,0.000000000000,62,0.496000000000,16,0.128000000000,47,0.376000000000
4433,W61Y14Zr42,117,3,"W,Y,Zr",0,0.000000000000,61,0.521367521368,14,0.119658119658,42,0.358974358974
4434,W57Y16Zr44,117,3,"W,Y,Zr",0,0.000000000000,57,0.487179487179,16,0.136752136752,44,0.376068376068
4435,W63Y16Zr47,126,3,"W,Y,Zr",0,0.000000000000,63,0.500000000000,16,0.126984126984,47,0.373015873016
4436,W62Y16Zr47,125,3,"W,Y,Zr",0,0.000000000000,62,0.496000000000,16,0.128000000000,47,0.376000000000
4437,W62Y16Zr47,125,3,"W,Y,Zr",0,0.000000000000,62,0.496000000000,16,0.128000000000,47,0.376000000000
4438,W62Y16Zr47,125,3,"W,Y,Zr",0,0.000000000000,62,0.496000000000,16,0.128000000000,47,0.376000000000
4439,W62Y16Zr47,125,3,"W,Y,Zr",0,0.000000000000,62,0.496000000000,16,0.128000000000,47,0.376000000000
4440,W60Y13Zr46,119,3,"W,Y,Zr",0,0.000000000000,60,0.504201680672,13,0.109243697479,46,0.386554621849
4441,W62Y15Zr44,121,3,"W,Y,Zr",0,0.000000000000,62,0.512396694215,15,0.123966942149,44,0.363636363636
4442,W62Y16Zr47,125,3,"W,Y,Zr",0,0.000000000000,62,0.496000000000,16,0.128000000000,47,0.376000000000
4443,W62Y16Zr47,125,3,"W,Y,Zr",0,0.000000000000,62,0.496000000000,16,0.128000000000,47,0.376000000000
4444,W58Y12Zr47,117,3,"W,Y,Zr",0,0.000000000000,58,0.495726495726,12,0.102564102564,47,0.401709401709
4445,W58Y15Zr45,118,3,"W,Y,Zr",0,0.000000000000,58,0.491525423729,15,0.127118644068,45,0.381355932203
4446,W63Y16Zr47,126,3,"W,Y,Zr",0,0.000000000000,63,0.500000000000,16,0.126984126984,47,0.373015873016
4447,W62Y16Zr47,125,3,"W,Y,Zr",0,0.000000000000,62,0.496000000000,16,0.128000000000,47,0.376000000000
4448,W47Y16Zr62,125,3,"W,Y,Zr",0,0.000000000000,47,0.376000000000,16,0.128000000000,62,0.496000000000
4449,W47Y16Zr62,125,3,"W,Y,Zr",0,0.000000000000,47,0.376000000000,16,0.128000000000,62,0.496000000000
4450,W48Y16Zr62,126,3,"W,Y,Zr",0,0.000000000000,48,0.380952380952,16,0.126984126984,62,0.492063492063
4451,W62Y16Zr47,125,3,"W,Y,Zr",0,0.000000000000,62,0.496000000000,16,0.128000000000,47,0.376000000000
4452,W62Y16Zr47,125,3,"W,Y,Zr",0,0.000000000000,62,0.496000000000,16,0.128000000000,47,0.376000000000
4453,W62Y16Zr47,125,3,"W,Y,Zr",0,0.000000000000,62,0.496000000000,16,0.128000000000,47,0.376000000000
4454,W59Y14Zr42,115,3,"W,Y,Zr",0,0.000000000000,59,0.513043478261,14,0.121739130435,42,0.365217391304
4455,W55Y14Zr44,113,3,"W,Y,Zr",0,0.000000000000,55,0.486725663717,14,0.123893805310,44,0.389380530973
4456,W55Y14Zr45,114,3,"W,Y,Zr",0,0.000000000000,55,0.482456140351,14,0.122807017544,45,0.394736842105
4457,W62Y16Zr48,126,3,"W,Y,Zr",0,0.000000000000,62,0.492063492063,16,0.126984126984,48,0.380952380952
4458,W62Y16Zr47,125,3,"W,Y,Zr",0,0.000000000000,62,0.496000000000,16,0.128000000000,47,0.376000000000
4459,W47Y16Zr62,125,3,"W,Y,Zr",0,0.000000000000,47,0.376000000000,16,0.128000000000,62,0.496000000000
4460,W47Y15Zr58,120,3,"W,Y,Zr",0,0.000000000000,47,0.391666666667,15,0.125000000000,58,0.483333333333
4461,CrW47Y16Zr62,126,4,"Cr,W,Y,Zr",1,0.007936507937,47,0.373015873016,16,0.126984126984,62,0.492063492063
4462,W47Y16Zr62,125,3,"W,Y,Zr",0,0.000000000000,47,0.376000000000,16,0.128000000000,62,0.496000000000
4463,W47Y16Zr62,125,3,"W,Y,Zr",0,0.000000000000,47,0.376000000000,16,0.128000000000,62,0.496000000000
4464,W44Y14Zr56,114,3,"W,Y,Zr",0,0.000000000000,44,0.385964912281,14,0.122807017544,56,0.491228070175
4465,W45Y15Zr54,114,3,"W,Y,Zr",0,0.000000000000,45,0.394736842105,15,0.131578947368,54,0.473684210526
4466,W48Y16Zr64,128,3,"W,Y,Zr",0,0.000000000000,48,0.375000000000,16,0.125000000000,64,0.500000000000
4467,W47Y17Zr62,126,3,"W,Y,Zr",0,0.000000000000,47,0.373015873016,17,0.134920634921,62,0.492063492063
4468,W47Y16Zr62,125,3,"W,Y,Zr",0,0.000000000000,47,0.376000000000,16,0.128000000000,62,0.496000000000
4469,W45Y12Zr61,118,3,"W,Y,Zr",0,0.000000000000,45,0.381355932203,12,0.101694915254,61,0.516949152542
4470,W47Y16Zr62,125,3,"W,Y,Zr",0,0.000000000000,47,0.376000000000,16,0.128000000000,62,0.496000000000
4471,W47Y16Zr62,125,3,"W,Y,Zr",0,0.000000000000,47,0.376000000000,16,0.128000000000,62,0.496000000000
4472,W47Y16Zr62,125,3,"W,Y,Zr",0,0.000000000000,47,0.376000000000,16,0.128000000000,62,0.496000000000
4473,W47Y16Zr62,125,3,"W,Y,Zr",0,0.000000000000,47,0.376000000000,16,0.128000000000,62,0.496000000000
4474,W47Y16Zr62,125,3,"W,Y,Zr",0,0.000000000000,47,0.376000000000,16,0.128000000000,62,0.496000000000
4475,W41Y16Zr57,114,3,"W,Y,Zr",0,0.000000000000,41,0.359649122807,16,0.140350877193,57,0.500000000000
4476,W41Y15Zr60,116,3,"W,Y,Zr",0,0.000000000000,41,0.353448275862,15,0.129310344828,60,0.517241379310
4477,CrW47Y17Zr63,128,4,"Cr,W,Y,Zr",1,0.007812500000,47,0.367187500000,17,0.132812500000,63,0.492187500000
4478,W47Y16Zr63,126,3,"W,Y,Zr",0,0.000000000000,47,0.373015873016,16,0.126984126984,63,0.500000000000
4479,W31Y16Zr78,125,3,"W,Y,Zr",0,0.000000000000,31,0.248000000000,16,0.128000000000,78,0.624000000000
4480,W31Y16Zr78,125,3,"W,Y,Zr",0,0.000000000000,31,0.248000000000,16,0.128000000000,78,0.624000000000
4481,W31Y16Zr78,125,3,"W,Y,Zr",0,0.000000000000,31,0.248000000000,16,0.128000000000,78,0.624000000000
4482,W30Y16Zr74,120,3,"W,Y,Zr",0,0.000000000000,30,0.250000000000,16,0.133333333333,74,0.616666666667
4483,W33Y16Zr78,127,3,"W,Y,Zr",0,0.000000000000,33,0.259842519685,16,0.125984251969,78,0.614173228346
4484,W31Y16Zr78,125,3,"W,Y,Zr",0,0.000000000000,31,0.248000000000,16,0.128000000000,78,0.624000000000
4485,W47Y16Zr62,125,3,"W,Y,Zr",0,0.000000000000,47,0.376000000000,16,0.128000000000,62,0.496000000000
4486,W43Y14Zr57,114,3,"W,Y,Zr",0,0.000000000000,43,0.377192982456,14,0.122807017544,57,0.500000000000
4487,W46Y16Zr58,120,3,"W,Y,Zr",0,0.000000000000,46,0.383333333333,16,0.133333333333,58,0.483333333333
4488,CrW47Y16Zr62,126,4,"Cr,W,Y,Zr",1,0.007936507937,47,0.373015873016,16,0.126984126984,62,0.492063492063
4489,W47Y16Zr62,125,3,"W,Y,Zr",0,0.000000000000,47,0.376000000000,16,0.128000000000,62,0.496000000000
4490,W47Y16Zr62,125,3,"W,Y,Zr",0,0.000000000000,47,0.376000000000,16,0.128000000000,62,0.496000000000
4491,W47Y16Zr62,125,3,"W,Y,Zr",0,0.000000000000,47,0.376000000000,16,0.128000000000,62,0.496000000000
4492,W47Y16Zr62,125,3,"W,Y,Zr",0,0.000000000000,47,0.376000000000,16,0.128000000000,62,0.496000000000
4493,W46Y13Zr56,115,3,"W,Y,Zr",0,0.000000000000,46,0.400000000000,13,0.113043478261,56,0.486956521739
4494,W39Y15Zr60,114,3,"W,Y,Zr",0,0.000000000000,39,0.342105263158,15,0.131578947368,60,0.526315789474
4495,W43Y15Zr55,113,3,"W,Y,Zr",0,0.000000000000,43,0.380530973451,15,0.132743362832,55,0.486725663717
4496,W47Y16Zr63,126,3,"W,Y,Zr",0,0.000000000000,47,0.373015873016,16,0.126984126984,63,0.500000000000
4497,W31Y16Zr78,125,3,"W,Y,Zr",0,0.000000000000,31,0.248000000000,16,0.128000000000,78,0.624000000000
4498,W31Y16Zr78,125,3,"W,Y,Zr",0,0.000000000000,31,0.248000000000,16,0.128000000000,78,0.624000000000
4499,W31Y16Zr78,125,3,"W,Y,Zr",0,0.000000000000,31,0.248000000000,16,0.128000000000,78,0.624000000000
4500,W28Y15Zr71,114,3,"W,Y,Zr",0,0.000000000000,28,0.245614035088,15,0.131578947368,71,0.622807017544
4501,CrW31Y17Zr78,127,4,"Cr,W,Y,Zr",1,0.007874015748,31,0.244094488189,17,0.133858267717,78,0.614173228346
4502,W31Y16Zr78,125,3,"W,Y,Zr",0,0.000000000000,31,0.248000000000,16,0.128000000000,78,0.624000000000
4503,W30Y15Zr69,114,3,"W,Y,Zr",0,0.000000000000,30,0.263157894737,15,0.131578947368,69,0.605263157895
4504,W31Y16Zr78,125,3,"W,Y,Zr",0,0.000000000000,31,0.248000000000,16,0.128000000000,78,0.624000000000
4505,W31Y16Zr78,125,3,"W,Y,Zr",0,0.000000000000,31,0.248000000000,16,0.128000000000,78,0.624000000000
4506,W31Y16Zr79,126,3,"W,Y,Zr",0,0.000000000000,31,0.246031746032,16,0.126984126984,79,0.626984126984
4507,CrW31Y16Zr78,126,4,"Cr,W,Y,Zr",1,0.007936507937,31,0.246031746032,16,0.126984126984,78,0.619047619048
4508,W31Y16Zr78,125,3,"W,Y,Zr",0,0.000000000000,31,0.248000000000,16,0.128000000000,78,0.624000000000
4509,W31Y16Zr78,125,3,"W,Y,Zr",0,0.000000000000,31,0.248000000000,16,0.128000000000,78,0.624000000000
4510,W31Y16Zr78,125,3,"W,Y,Zr",0,0.000000000000,31,0.248000000000,16,0.128000000000,78,0.624000000000
4511,W31Y16Zr78,125,3,"W,Y,Zr",0,0.000000000000,31,0.248000000000,16,0.128000000000,78,0.624000000000
4512,W26Y14Zr76,116,3,"W,Y,Zr",0,0.000000000000,26,0.224137931034,14,0.120689655172,76,0.655172413793
4513,W31Y15Zr68,114,3,"W,Y,Zr",0,0.000000000000,31,0.271929824561,15,0.131578947368,68,0.596491228070
4514,W30Y13Zr72,115,3,"W,Y,Zr",0,0.000000000000,30,0.260869565217,13,0.113043478261,72,0.626086956522
4515,W28Y14Zr76,118,3,"W,Y,Zr",0,0.000000000000,28,0.237288135593,14,0.118644067797,76,0.644067796610
4516,W31Y16Zr78,125,3,"W,Y,Zr",0,0.000000000000,31,0.248000000000,16,0.128000000000,78,0.624000000000
4517,W31Y16Zr78,125,3,"W,Y,Zr",0,0.000000000000,31,0.248000000000,16,0.128000000000,78,0.624000000000
4518,W31Y16Zr78,125,3,"W,Y,Zr",0,0.000000000000,31,0.248000000000,16,0.128000000000,78,0.624000000000
4519,W31Y16Zr75,122,3,"W,Y,Zr",0,0.000000000000,31,0.254098360656,16,0.131147540984,75,0.614754098361
4520,W25Y16Zr73,114,3,"W,Y,Zr",0,0.000000000000,25,0.219298245614,16,0.140350877193,73,0.640350877193
4521,W31Y16Zr78,125,3,"W,Y,Zr",0,0.000000000000,31,0.248000000000,16,0.128000000000,78,0.624000000000
4522,W31Y16Zr78,125,3,"W,Y,Zr",0,0.000000000000,31,0.248000000000,16,0.128000000000,78,0.624000000000
4523,W31Y16Zr78,125,3,"W,Y,Zr",0,0.000000000000,31,0.248000000000,16,0.128000000000,78,0.624000000000
4524,W28Y16Zr72,116,3,"W,Y,Zr",0,0.000000000000,28,0.241379310345,16,0.137931034483,72,0.620689655172
4525,W31Y16Zr79,126,3,"W,Y,Zr",0,0.000000000000,31,0.246031746032,16,0.126984126984,79,0.626984126984
4526,W32Y16Zr78,126,3,"W,Y,Zr",0,0.000000000000,32,0.253968253968,16,0.126984126984,78,0.619047619048
4527,W31Y17Zr78,126,3,"W,Y,Zr",0,0.000000000000,31,0.246031746032,17,0.134920634921,78,0.619047619048
4528,W16Y15Zr94,125,3,"W,Y,Zr",0,0.000000000000,16,0.128000000000,15,0.120000000000,94,0.752000000000
4529,W16Y15Zr94,125,3,"W,Y,Zr",0,0.000000000000,16,0.128000000000,15,0.120000000000,94,0.752000000000
4530,W16Y15Zr94,125,3,"W,Y,Zr",0,0.000000000000,16,0.128000000000,15,0.120000000000,94,0.752000000000
4531,W16Y15Zr85,116,3,"W,Y,Zr",0,0.000000000000,16,0.137931034483,15,0.129310344828,85,0.732758620690
4532,CrW16Y15Zr94,126,4,"Cr,W,Y,Zr",1,0.007936507937,16,0.126984126984,15,0.119047619048,94,0.746031746032
4533,W16Y15Zr94,125,3,"W,Y,Zr",0,0.000000000000,16,0.128000000000,15,0.120000000000,94,0.752000000000
4534,W16Y15Zr94,125,3,"W,Y,Zr",0,0.000000000000,16,0.128000000000,15,0.120000000000,94,0.752000000000
4535,W16Y15Zr94,125,3,"W,Y,Zr",0,0.000000000000,16,0.128000000000,15,0.120000000000,94,0.752000000000
4536,W13Y14Zr87,114,3,"W,Y,Zr",0,0.000000000000,13,0.114035087719,14,0.122807017544,87,0.763157894737
4537,W17Y16Zr95,128,3,"W,Y,Zr",0,0.000000000000,17,0.132812500000,16,0.125000000000,95,0.742187500000
4538,W16Y14Zr84,114,3,"W,Y,Zr",0,0.000000000000,16,0.140350877193,14,0.122807017544,84,0.736842105263
4539,CrW16Y16Zr94,127,4,"Cr,W,Y,Zr",1,0.007874015748,16,0.125984251969,16,0.125984251969,94,0.740157480315
4540,W16Y16Zr93,125,3,"W,Y,Zr",0,0.000000000000,16,0.128000000000,16,0.128000000000,93,0.744000000000
4541,W16Y16Zr93,125,3,"W,Y,Zr",0,0.000000000000,16,0.128000000000,16,0.128000000000,93,0.744000000000
4542,W16Y16Zr93,125,3,"W,Y,Zr",0,0.000000000000,16,0.128000000000,16,0.128000000000,93,0.744000000000
4543,W16Y16Zr93,125,3,"W,Y,Zr",0,0.000000000000,16,0.128000000000,16,0.128000000000,93,0.744000000000
4544,W16Y16Zr93,125,3,"W,Y,Zr",0,0.000000000000,16,0.128000000000,16,0.128000000000,93,0.744000000000
4545,W16Y16Zr93,125,3,"W,Y,Zr",0,0.000000000000,16,0.128000000000,16,0.128000000000,93,0.744000000000
4546,W16Y16Zr93,125,3,"W,Y,Zr",0,0.000000000000,16,0.128000000000,16,0.128000000000,93,0.744000000000
4547,W16Y16Zr93,125,3,"W,Y,Zr",0,0.000000000000,16,0.128000000000,16,0.128000000000,93,0.744000000000
4548,W18Y16Zr93,127,3,"W,Y,Zr",0,0.000000000000,18,0.141732283465,16,0.125984251969,93,0.732283464567
4549,W16Y15Zr94,125,3,"W,Y,Zr",0,0.000000000000,16,0.128000000000,15,0.120000000000,94,0.752000000000
4550,W16Y12Zr91,119,3,"W,Y,Zr",0,0.000000000000,16,0.134453781513,12,0.100840336134,91,0.764705882353
4551,W16Y15Zr94,125,3,"W,Y,Zr",0,0.000000000000,16,0.128000000000,15,0.120000000000,94,0.752000000000
4552,W78Y31Zr16,125,3,"W,Y,Zr",0,0.000000000000,78,0.624000000000,31,0.248000000000,16,0.128000000000
4553,W78Y31Zr16,125,3,"W,Y,Zr",0,0.000000000000,78,0.624000000000,31,0.248000000000,16,0.128000000000
4554,W78Y31Zr16,125,3,"W,Y,Zr",0,0.000000000000,78,0.624000000000,31,0.248000000000,16,0.128000000000
4555,W71Y30Zr16,117,3,"W,Y,Zr",0,0.000000000000,71,0.606837606838,30,0.256410256410,16,0.136752136752
4556,W73Y26Zr15,114,3,"W,Y,Zr",0,0.000000000000,73,0.640350877193,26,0.228070175439,15,0.131578947368
4557,W79Y31Zr17,127,3,"W,Y,Zr",0,0.000000000000,79,0.622047244094,31,0.244094488189,17,0.133858267717
4558,W78Y31Zr16,125,3,"W,Y,Zr",0,0.000000000000,78,0.624000000000,31,0.248000000000,16,0.128000000000
4559,W78Y31Zr16,125,3,"W,Y,Zr",0,0.000000000000,78,0.624000000000,31,0.248000000000,16,0.128000000000
4560,W72Y29Zr15,116,3,"W,Y,Zr",0,0.000000000000,72,0.620689655172,29,0.250000000000,15,0.129310344828
4561,W74Y29Zr13,116,3,"W,Y,Zr",0,0.000000000000,74,0.637931034483,29,0.250000000000,13,0.112068965517
4562,CrW78Y31Zr16,126,4,"Cr,W,Y,Zr",1,0.007936507937,78,0.619047619048,31,0.246031746032,16,0.126984126984
4563,W78Y31Zr16,125,3,"W,Y,Zr",0,0.000000000000,78,0.624000000000,31,0.248000000000,16,0.128000000000
4564,W78Y31Zr16,125,3,"W,Y,Zr",0,0.000000000000,78,0.624000000000,31,0.248000000000,16,0.128000000000
4565,W78Y31Zr16,125,3,"W,Y,Zr",0,0.000000000000,78,0.624000000000,31,0.248000000000,16,0.128000000000
4566,W78Y31Zr16,125,3,"W,Y,Zr",0,0.000000000000,78,0.624000000000,31,0.248000000000,16,0.128000000000
4567,W78Y31Zr16,125,3,"W,Y,Zr",0,0.000000000000,78,0.624000000000,31,0.248000000000,16,0.128000000000
4568,W78Y31Zr16,125,3,"W,Y,Zr",0,0.000000000000,78,0.624000000000,31,0.248000000000,16,0.128000000000
4569,W73Y29Zr12,114,3,"W,Y,Zr",0,0.000000000000,73,0.640350877193,29,0.254385964912,12,0.105263157895
4570,W78Y32Zr17,127,3,"W,Y,Zr",0,0.000000000000,78,0.614173228346,32,0.251968503937,17,0.133858267717
4571,Cr2W78Y31Zr16,127,4,"Cr,W,Y,Zr",2,0.015748031496,78,0.614173228346,31,0.244094488189,16,0.125984251969
4572,W78Y31Zr16,125,3,"W,Y,Zr",0,0.000000000000,78,0.624000000000,31,0.248000000000,16,0.128000000000
4573,W78Y31Zr16,125,3,"W,Y,Zr",0,0.000000000000,78,0.624000000000,31,0.248000000000,16,0.128000000000
4574,W78Y31Zr16,125,3,"W,Y,Zr",0,0.000000000000,78,0.624000000000,31,0.248000000000,16,0.128000000000
4575,W78Y31Zr16,125,3,"W,Y,Zr",0,0.000000000000,78,0.624000000000,31,0.248000000000,16,0.128000000000
4576,W70Y30Zr16,116,3,"W,Y,Zr",0,0.000000000000,70,0.603448275862,30,0.258620689655,16,0.137931034483
4577,W78Y31Zr16,125,3,"W,Y,Zr",0,0.000000000000,78,0.624000000000,31,0.248000000000,16,0.128000000000
4578,W78Y31Zr16,125,3,"W,Y,Zr",0,0.000000000000,78,0.624000000000,31,0.248000000000,16,0.128000000000
4579,W78Y31Zr16,125,3,"W,Y,Zr",0,0.000000000000,78,0.624000000000,31,0.248000000000,16,0.128000000000
4580,W78Y31Zr16,125,3,"W,Y,Zr",0,0.000000000000,78,0.624000000000,31,0.248000000000,16,0.128000000000
4581,W78Y31Zr16,125,3,"W,Y,Zr",0,0.000000000000,78,0.624000000000,31,0.248000000000,16,0.128000000000
4582,W78Y31Zr16,125,3,"W,Y,Zr",0,0.000000000000,78,0.624000000000,31,0.248000000000,16,0.128000000000
4583,W68Y29Zr16,113,3,"W,Y,Zr",0,0.000000000000,68,0.601769911504,29,0.256637168142,16,0.141592920354
4584,W73Y28Zr15,116,3,"W,Y,Zr",0,0.000000000000,73,0.629310344828,28,0.241379310345,15,0.129310344828
4585,W78Y32Zr17,127,3,"W,Y,Zr",0,0.000000000000,78,0.614173228346,32,0.251968503937,17,0.133858267717
4586,W78Y31Zr16,125,3,"W,Y,Zr",0,0.000000000000,78,0.624000000000,31,0.248000000000,16,0.128000000000
4587,W78Y31Zr16,125,3,"W,Y,Zr",0,0.000000000000,78,0.624000000000,31,0.248000000000,16,0.128000000000
4588,W78Y31Zr16,125,3,"W,Y,Zr",0,0.000000000000,78,0.624000000000,31,0.248000000000,16,0.128000000000
4589,W75Y26Zr16,117,3,"W,Y,Zr",0,0.000000000000,75,0.641025641026,26,0.222222222222,16,0.136752136752
4590,CrW78Y31Zr17,127,4,"Cr,W,Y,Zr",1,0.007874015748,78,0.614173228346,31,0.244094488189,17,0.133858267717
4591,W78Y31Zr16,125,3,"W,Y,Zr",0,0.000000000000,78,0.624000000000,31,0.248000000000,16,0.128000000000
4592,W63Y31Zr31,125,3,"W,Y,Zr",0,0.000000000000,63,0.504000000000,31,0.248000000000,31,0.248000000000
4593,W63Y31Zr33,127,3,"W,Y,Zr",0,0.000000000000,63,0.496062992126,31,0.244094488189,33,0.259842519685
4594,W63Y31Zr31,125,3,"W,Y,Zr",0,0.000000000000,63,0.504000000000,31,0.248000000000,31,0.248000000000
4595,W63Y31Zr31,125,3,"W,Y,Zr",0,0.000000000000,63,0.504000000000,31,0.248000000000,31,0.248000000000
4596,W63Y31Zr31,125,3,"W,Y,Zr",0,0.000000000000,63,0.504000000000,31,0.248000000000,31,0.248000000000
4597,W59Y26Zr29,114,3,"W,Y,Zr",0,0.000000000000,59,0.517543859649,26,0.228070175439,29,0.254385964912
4598,CrW63Y31Zr31,126,4,"Cr,W,Y,Zr",1,0.007936507937,63,0.500000000000,31,0.246031746032,31,0.246031746032
4599,W63Y31Zr31,125,3,"W,Y,Zr",0,0.000000000000,63,0.504000000000,31,0.248000000000,31,0.248000000000
4600,W55Y29Zr30,114,3,"W,Y,Zr",0,0.000000000000,55,0.482456140351,29,0.254385964912,30,0.263157894737
4601,CrW63Y31Zr31,126,4,"Cr,W,Y,Zr",1,0.007936507937,63,0.500000000000,31,0.246031746032,31,0.246031746032
4602,W58Y28Zr28,114,3,"W,Y,Zr",0,0.000000000000,58,0.508771929825,28,0.245614035088,28,0.245614035088
4603,W62Y31Zr33,126,3,"W,Y,Zr",0,0.000000000000,62,0.492063492063,31,0.246031746032,33,0.261904761905
4604,W62Y31Zr32,125,3,"W,Y,Zr",0,0.000000000000,62,0.496000000000,31,0.248000000000,32,0.256000000000
4605,W62Y31Zr32,125,3,"W,Y,Zr",0,0.000000000000,62,0.496000000000,31,0.248000000000,32,0.256000000000
4606,W58Y29Zr31,118,3,"W,Y,Zr",0,0.000000000000,58,0.491525423729,29,0.245762711864,31,0.262711864407
4607,W54Y30Zr32,116,3,"W,Y,Zr",0,0.000000000000,54,0.465517241379,30,0.258620689655,32,0.275862068966
4608,W63Y31Zr33,127,3,"W,Y,Zr",0,0.000000000000,63,0.496062992126,31,0.244094488189,33,0.259842519685
4609,W62Y31Zr32,125,3,"W,Y,Zr",0,0.000000000000,62,0.496000000000,31,0.248000000000,32,0.256000000000
4610,W63Y31Zr31,125,3,"W,Y,Zr",0,0.000000000000,63,0.504000000000,31,0.248000000000,31,0.248000000000
4611,W63Y31Zr31,125,3,"W,Y,Zr",0,0.000000000000,63,0.504000000000,31,0.248000000000,31,0.248000000000
4612,CrW47Y31Zr47,126,4,"Cr,W,Y,Zr",1,0.007936507937,47,0.373015873016,31,0.246031746032,47,0.373015873016
4613,W47Y31Zr47,125,3,"W,Y,Zr",0,0.000000000000,47,0.376000000000,31,0.248000000000,47,0.376000000000
4614,W47Y31Zr47,125,3,"W,Y,Zr",0,0.000000000000,47,0.376000000000,31,0.248000000000,47,0.376000000000
4615,W47Y31Zr47,125,3,"W,Y,Zr",0,0.000000000000,47,0.376000000000,31,0.248000000000,47,0.376000000000
4616,W42Y29Zr43,114,3,"W,Y,Zr",0,0.000000000000,42,0.368421052632,29,0.254385964912,43,0.377192982456
4617,W47Y32Zr47,126,3,"W,Y,Zr",0,0.000000000000,47,0.373015873016,32,0.253968253968,47,0.373015873016
4618,W47Y31Zr47,125,3,"W,Y,Zr",0,0.000000000000,47,0.376000000000,31,0.248000000000,47,0.376000000000
4619,W47Y31Zr47,125,3,"W,Y,Zr",0,0.000000000000,47,0.376000000000,31,0.248000000000,47,0.376000000000
4620,W45Y30Zr40,115,3,"W,Y,Zr",0,0.000000000000,45,0.391304347826,30,0.260869565217,40,0.347826086957
4621,CrW47Y31Zr48,127,4,"Cr,W,Y,Zr",1,0.007874015748,47,0.370078740157,31,0.244094488189,48,0.377952755906
4622,W47Y31Zr47,125,3,"W,Y,Zr",0,0.000000000000,47,0.376000000000,31,0.248000000000,47,0.376000000000
4623,W43Y27Zr45,115,3,"W,Y,Zr",0,0.000000000000,43,0.373913043478,27,0.234782608696,45,0.391304347826
4624,W47Y31Zr47,125,3,"W,Y,Zr",0,0.000000000000,47,0.376000000000,31,0.248000000000,47,0.376000000000
4625,W31Y31Zr63,125,3,"W,Y,Zr",0,0.000000000000,31,0.248000000000,31,0.248000000000,63,0.504000000000
4626,W31Y31Zr63,125,3,"W,Y,Zr",0,0.000000000000,31,0.248000000000,31,0.248000000000,63,0.504000000000
4627,W31Y31Zr63,125,3,"W,Y,Zr",0,0.000000000000,31,0.248000000000,31,0.248000000000,63,0.504000000000
4628,W31Y32Zr63,126,3,"W,Y,Zr",0,0.000000000000,31,0.246031746032,32,0.253968253968,63,0.500000000000
4629,W47Y31Zr47,125,3,"W,Y,Zr",0,0.000000000000,47,0.376000000000,31,0.248000000000,47,0.376000000000
4630,W45Y27Zr42,114,3,"W,Y,Zr",0,0.000000000000,45,0.394736842105,27,0.236842105263,42,0.368421052632
4631,W41Y31Zr41,113,3,"W,Y,Zr",0,0.000000000000,41,0.362831858407,31,0.274336283186,41,0.362831858407
4632,W48Y31Zr48,127,3,"W,Y,Zr",0,0.000000000000,48,0.377952755906,31,0.244094488189,48,0.377952755906
4633,CrW47Y31Zr47,126,4,"Cr,W,Y,Zr",1,0.007936507937,47,0.373015873016,31,0.246031746032,47,0.373015873016
4634,W31Y31Zr63,125,3,"W,Y,Zr",0,0.000000000000,31,0.248000000000,31,0.248000000000,63,0.504000000000
4635,W47Y31Zr47,125,3,"W,Y,Zr",0,0.000000000000,47,0.376000000000,31,0.248000000000,47,0.376000000000
4636,W48Y31Zr47,126,3,"W,Y,Zr",0,0.000000000000,48,0.380952380952,31,0.246031746032,47,0.373015873016
4637,W62Y31Zr32,125,3,"W,Y,Zr",0,0.000000000000,62,0.496000000000,31,0.248000000000,32,0.256000000000
4638,CrW62Y31Zr32,126,4,"Cr,W,Y,Zr",1,0.007936507937,62,0.492063492063,31,0.246031746032,32,0.253968253968
4639,W31Y31Zr63,125,3,"W,Y,Zr",0,0.000000000000,31,0.248000000000,31,0.248000000000,63,0.504000000000
4640,W31Y31Zr63,125,3,"W,Y,Zr",0,0.000000000000,31,0.248000000000,31,0.248000000000,63,0.504000000000
4641,CrW31Y32Zr63,127,4,"Cr,W,Y,Zr",1,0.007874015748,31,0.244094488189,32,0.251968503937,63,0.496062992126
4642,W27Y28Zr60,115,3,"W,Y,Zr",0,0.000000000000,27,0.234782608696,28,0.243478260870,60,0.521739130435
4643,W32Y31Zr64,127,3,"W,Y,Zr",0,0.000000000000,32,0.251968503937,31,0.244094488189,64,0.503937007874
4644,W16Y31Zr78,125,3,"W,Y,Zr",0,0.000000000000,16,0.128000000000,31,0.248000000000,78,0.624000000000
4645,W16Y31Zr78,125,3,"W,Y,Zr",0,0.000000000000,16,0.128000000000,31,0.248000000000,78,0.624000000000
4646,W14Y28Zr71,113,3,"W,Y,Zr",0,0.000000000000,14,0.123893805310,28,0.247787610619,71,0.628318584071
4647,W16Y31Zr78,125,3,"W,Y,Zr",0,0.000000000000,16,0.128000000000,31,0.248000000000,78,0.624000000000
4648,W31Y31Zr63,125,3,"W,Y,Zr",0,0.000000000000,31,0.248000000000,31,0.248000000000,63,0.504000000000
4649,W31Y31Zr63,125,3,"W,Y,Zr",0,0.000000000000,31,0.248000000000,31,0.248000000000,63,0.504000000000
4650,W29Y28Zr56,113,3,"W,Y,Zr",0,0.000000000000,29,0.256637168142,28,0.247787610619,56,0.495575221239
4651,W31Y31Zr63,125,3,"W,Y,Zr",0,0.000000000000,31,0.248000000000,31,0.248000000000,63,0.504000000000
4652,W31Y31Zr63,125,3,"W,Y,Zr",0,0.000000000000,31,0.248000000000,31,0.248000000000,63,0.504000000000
4653,W31Y31Zr63,125,3,"W,Y,Zr",0,0.000000000000,31,0.248000000000,31,0.248000000000,63,0.504000000000
4654,W31Y31Zr63,125,3,"W,Y,Zr",0,0.000000000000,31,0.248000000000,31,0.248000000000,63,0.504000000000
4655,W16Y31Zr78,125,3,"W,Y,Zr",0,0.000000000000,16,0.128000000000,31,0.248000000000,78,0.624000000000
4656,W16Y31Zr78,125,3,"W,Y,Zr",0,0.000000000000,16,0.128000000000,31,0.248000000000,78,0.624000000000
4657,W16Y31Zr78,125,3,"W,Y,Zr",0,0.000000000000,16,0.128000000000,31,0.248000000000,78,0.624000000000
4658,W16Y29Zr72,117,3,"W,Y,Zr",0,0.000000000000,16,0.136752136752,29,0.247863247863,72,0.615384615385
4659,W16Y26Zr71,113,3,"W,Y,Zr",0,0.000000000000,16,0.141592920354,26,0.230088495575,71,0.628318584071
4660,W18Y31Zr78,127,3,"W,Y,Zr",0,0.000000000000,18,0.141732283465,31,0.244094488189,78,0.614173228346
4661,CrW17Y32Zr79,129,4,"Cr,W,Y,Zr",1,0.007751937984,17,0.131782945736,32,0.248062015504,79,0.612403100775
4662,W16Y32Zr78,126,3,"W,Y,Zr",0,0.000000000000,16,0.126984126984,32,0.253968253968,78,0.619047619048
4663,W30Y30Zr54,114,3,"W,Y,Zr",0,0.000000000000,30,0.263157894737,30,0.263157894737,54,0.473684210526
4664,W28Y27Zr59,114,3,"W,Y,Zr",0,0.000000000000,28,0.245614035088,27,0.236842105263,59,0.517543859649
4665,W31Y31Zr65,127,3,"W,Y,Zr",0,0.000000000000,31,0.244094488189,31,0.244094488189,65,0.511811023622
4666,W32Y31Zr63,126,3,"W,Y,Zr",0,0.000000000000,32,0.253968253968,31,0.246031746032,63,0.500000000000
4667,W16Y31Zr78,125,3,"W,Y,Zr",0,0.000000000000,16,0.128000000000,31,0.248000000000,78,0.624000000000
4668,W16Y31Zr78,125,3,"W,Y,Zr",0,0.000000000000,16,0.128000000000,31,0.248000000000,78,0.624000000000
4669,W16Y31Zr78,125,3,"W,Y,Zr",0,0.000000000000,16,0.128000000000,31,0.248000000000,78,0.624000000000
4670,W16Y31Zr78,125,3,"W,Y,Zr",0,0.000000000000,16,0.128000000000,31,0.248000000000,78,0.624000000000
4671,W16Y31Zr78,125,3,"W,Y,Zr",0,0.000000000000,16,0.128000000000,31,0.248000000000,78,0.624000000000
4672,W15Y27Zr77,119,3,"W,Y,Zr",0,0.000000000000,15,0.126050420168,27,0.226890756303,77,0.647058823529
4673,W14Y30Zr73,117,3,"W,Y,Zr",0,0.000000000000,14,0.119658119658,30,0.256410256410,73,0.623931623932
4674,W16Y31Zr78,125,3,"W,Y,Zr",0,0.000000000000,16,0.128000000000,31,0.248000000000,78,0.624000000000
4675,W16Y31Zr78,125,3,"W,Y,Zr",0,0.000000000000,16,0.128000000000,31,0.248000000000,78,0.624000000000
4676,W16Y31Zr78,125,3,"W,Y,Zr",0,0.000000000000,16,0.128000000000,31,0.248000000000,78,0.624000000000
4677,W16Y31Zr78,125,3,"W,Y,Zr",0,0.000000000000,16,0.128000000000,31,0.248000000000,78,0.624000000000
4678,W16Y31Zr78,125,3,"W,Y,Zr",0,0.000000000000,16,0.128000000000,31,0.248000000000,78,0.624000000000
4679,W13Y30Zr75,118,3,"W,Y,Zr",0,0.000000000000,13,0.110169491525,30,0.254237288136,75,0.635593220339
4680,W17Y31Zr79,127,3,"W,Y,Zr",0,0.000000000000,17,0.133858267717,31,0.244094488189,79,0.622047244094
4681,W16Y31Zr78,125,3,"W,Y,Zr",0,0.000000000000,16,0.128000000000,31,0.248000000000,78,0.624000000000
4682,W16Y31Zr78,125,3,"W,Y,Zr",0,0.000000000000,16,0.128000000000,31,0.248000000000,78,0.624000000000
4683,W16Y31Zr78,125,3,"W,Y,Zr",0,0.000000000000,16,0.128000000000,31,0.248000000000,78,0.624000000000
4684,W16Y31Zr78,125,3,"W,Y,Zr",0,0.000000000000,16,0.128000000000,31,0.248000000000,78,0.624000000000
4685,W16Y31Zr78,125,3,"W,Y,Zr",0,0.000000000000,16,0.128000000000,31,0.248000000000,78,0.624000000000
4686,W16Y31Zr78,125,3,"W,Y,Zr",0,0.000000000000,16,0.128000000000,31,0.248000000000,78,0.624000000000
4687,W16Y31Zr78,125,3,"W,Y,Zr",0,0.000000000000,16,0.128000000000,31,0.248000000000,78,0.624000000000
4688,W16Y31Zr78,125,3,"W,Y,Zr",0,0.000000000000,16,0.128000000000,31,0.248000000000,78,0.624000000000
4689,W13Y30Zr74,117,3,"W,Y,Zr",0,0.000000000000,13,0.111111111111,30,0.256410256410,74,0.632478632479
4690,W15Y30Zr71,116,3,"W,Y,Zr",0,0.000000000000,15,0.129310344828,30,0.258620689655,71,0.612068965517
4691,W16Y28Zr77,121,3,"W,Y,Zr",0,0.000000000000,16,0.132231404959,28,0.231404958678,77,0.636363636364
4692,W16Y31Zr80,127,3,"W,Y,Zr",0,0.000000000000,16,0.125984251969,31,0.244094488189,80,0.629921259843
4693,CrW16Y31Zr78,126,4,"Cr,W,Y,Zr",1,0.007936507937,16,0.126984126984,31,0.246031746032,78,0.619047619048
4694,W57Y40Zr16,113,3,"W,Y,Zr",0,0.000000000000,57,0.504424778761,40,0.353982300885,16,0.141592920354
4695,W62Y47Zr17,126,3,"W,Y,Zr",0,0.000000000000,62,0.492063492063,47,0.373015873016,17,0.134920634921
4696,CrW62Y48Zr16,127,4,"Cr,W,Y,Zr",1,0.007874015748,62,0.488188976378,48,0.377952755906,16,0.125984251969
4697,W16Y31Zr78,125,3,"W,Y,Zr",0,0.000000000000,16,0.128000000000,31,0.248000000000,78,0.624000000000
4698,W12Y28Zr74,114,3,"W,Y,Zr",0,0.000000000000,12,0.105263157895,28,0.245614035088,74,0.649122807018
4699,W17Y31Zr78,126,3,"W,Y,Zr",0,0.000000000000,17,0.134920634921,31,0.246031746032,78,0.619047619048
4700,W16Y31Zr78,125,3,"W,Y,Zr",0,0.000000000000,16,0.128000000000,31,0.248000000000,78,0.624000000000
4701,W62Y47Zr16,125,3,"W,Y,Zr",0,0.000000000000,62,0.496000000000,47,0.376000000000,16,0.128000000000
4702,W57Y44Zr12,113,3,"W,Y,Zr",0,0.000000000000,57,0.504424778761,44,0.389380530973,12,0.106194690265
4703,W56Y47Zr16,119,3,"W,Y,Zr",0,0.000000000000,56,0.470588235294,47,0.394957983193,16,0.134453781513
4704,W60Y43Zr16,119,3,"W,Y,Zr",0,0.000000000000,60,0.504201680672,43,0.361344537815,16,0.134453781513
4705,W63Y47Zr16,126,3,"W,Y,Zr",0,0.000000000000,63,0.500000000000,47,0.373015873016,16,0.126984126984
4706,W62Y47Zr16,125,3,"W,Y,Zr",0,0.000000000000,62,0.496000000000,47,0.376000000000,16,0.128000000000
4707,W62Y47Zr16,125,3,"W,Y,Zr",0,0.000000000000,62,0.496000000000,47,0.376000000000,16,0.128000000000
4708,W62Y47Zr16,125,3,"W,Y,Zr",0,0.000000000000,62,0.496000000000,47,0.376000000000,16,0.128000000000
4709,W62Y47Zr16,125,3,"W,Y,Zr",0,0.000000000000,62,0.496000000000,47,0.376000000000,16,0.128000000000
4710,W62Y47Zr16,125,3,"W,Y,Zr",0,0.000000000000,62,0.496000000000,47,0.376000000000,16,0.128000000000
4711,W56Y43Zr15,114,3,"W,Y,Zr",0,0.000000000000,56,0.491228070175,43,0.377192982456,15,0.131578947368
4712,W62Y47Zr16,125,3,"W,Y,Zr",0,0.000000000000,62,0.496000000000,47,0.376000000000,16,0.128000000000
4713,W62Y47Zr16,125,3,"W,Y,Zr",0,0.000000000000,62,0.496000000000,47,0.376000000000,16,0.128000000000
4714,W62Y47Zr16,125,3,"W,Y,Zr",0,0.000000000000,62,0.496000000000,47,0.376000000000,16,0.128000000000
4715,W62Y47Zr16,125,3,"W,Y,Zr",0,0.000000000000,62,0.496000000000,47,0.376000000000,16,0.128000000000
4716,W60Y44Zr14,118,3,"W,Y,Zr",0,0.000000000000,60,0.508474576271,44,0.372881355932,14,0.118644067797
4717,W62Y47Zr16,125,3,"W,Y,Zr",0,0.000000000000,62,0.496000000000,47,0.376000000000,16,0.128000000000
4718,W62Y47Zr16,125,3,"W,Y,Zr",0,0.000000000000,62,0.496000000000,47,0.376000000000,16,0.128000000000
4719,W62Y47Zr16,125,3,"W,Y,Zr",0,0.000000000000,62,0.496000000000,47,0.376000000000,16,0.128000000000
4720,W62Y47Zr16,125,3,"W,Y,Zr",0,0.000000000000,62,0.496000000000,47,0.376000000000,16,0.128000000000
4721,W62Y47Zr16,125,3,"W,Y,Zr",0,0.000000000000,62,0.496000000000,47,0.376000000000,16,0.128000000000
4722,W62Y47Zr16,125,3,"W,Y,Zr",0,0.000000000000,62,0.496000000000,47,0.376000000000,16,0.128000000000
4723,W62Y47Zr16,125,3,"W,Y,Zr",0,0.000000000000,62,0.496000000000,47,0.376000000000,16,0.128000000000
4724,W57Y44Zr15,116,3,"W,Y,Zr",0,0.000000000000,57,0.491379310345,44,0.379310344828,15,0.129310344828
4725,W56Y46Zr16,118,3,"W,Y,Zr",0,0.000000000000,56,0.474576271186,46,0.389830508475,16,0.135593220339
4726,W64Y47Zr17,128,3,"W,Y,Zr",0,0.000000000000,64,0.500000000000,47,0.367187500000,17,0.132812500000
4727,W62Y47Zr17,126,3,"W,Y,Zr",0,0.000000000000,62,0.492063492063,47,0.373015873016,17,0.134920634921
4728,W62Y47Zr16,125,3,"W,Y,Zr",0,0.000000000000,62,0.496000000000,47,0.376000000000,16,0.128000000000
4729,W62Y47Zr16,125,3,"W,Y,Zr",0,0.000000000000,62,0.496000000000,47,0.376000000000,16,0.128000000000
4730,W55Y46Zr13,114,3,"W,Y,Zr",0,0.000000000000,55,0.482456140351,46,0.403508771930,13,0.114035087719
4731,W62Y47Zr16,125,3,"W,Y,Zr",0,0.000000000000,62,0.496000000000,47,0.376000000000,16,0.128000000000
4732,W47Y47Zr31,125,3,"W,Y,Zr",0,0.000000000000,47,0.376000000000,47,0.376000000000,31,0.248000000000
4733,W62Y47Zr16,125,3,"W,Y,Zr",0,0.000000000000,62,0.496000000000,47,0.376000000000,16,0.128000000000
4734,W62Y47Zr16,125,3,"W,Y,Zr",0,0.000000000000,62,0.496000000000,47,0.376000000000,16,0.128000000000
4735,W59Y44Zr16,119,3,"W,Y,Zr",0,0.000000000000,59,0.495798319328,44,0.369747899160,16,0.134453781513
4736,W54Y44Zr16,114,3,"W,Y,Zr",0,0.000000000000,54,0.473684210526,44,0.385964912281,16,0.140350877193
4737,W57Y43Zr14,114,3,"W,Y,Zr",0,0.000000000000,57,0.500000000000,43,0.377192982456,14,0.122807017544
4738,W62Y47Zr16,125,3,"W,Y,Zr",0,0.000000000000,62,0.496000000000,47,0.376000000000,16,0.128000000000
4739,W47Y47Zr31,125,3,"W,Y,Zr",0,0.000000000000,47,0.376000000000,47,0.376000000000,31,0.248000000000
4740,W41Y43Zr30,114,3,"W,Y,Zr",0,0.000000000000,41,0.359649122807,43,0.377192982456,30,0.263157894737
4741,CrW47Y49Zr32,129,4,"Cr,W,Y,Zr",1,0.007751937984,47,0.364341085271,49,0.379844961240,32,0.248062015504
4742,W47Y47Zr31,125,3,"W,Y,Zr",0,0.000000000000,47,0.376000000000,47,0.376000000000,31,0.248000000000
4743,W46Y42Zr28,116,3,"W,Y,Zr",0,0.000000000000,46,0.396551724138,42,0.362068965517,28,0.241379310345
4744,W48Y47Zr31,126,3,"W,Y,Zr",0,0.000000000000,48,0.380952380952,47,0.373015873016,31,0.246031746032
4745,W47Y47Zr31,125,3,"W,Y,Zr",0,0.000000000000,47,0.376000000000,47,0.376000000000,31,0.248000000000
4746,W48Y47Zr31,126,3,"W,Y,Zr",0,0.000000000000,48,0.380952380952,47,0.373015873016,31,0.246031746032
4747,W47Y47Zr31,125,3,"W,Y,Zr",0,0.000000000000,47,0.376000000000,47,0.376000000000,31,0.248000000000
4748,W47Y47Zr31,125,3,"W,Y,Zr",0,0.000000000000,47,0.376000000000,47,0.376000000000,31,0.248000000000
4749,W47Y47Zr31,125,3,"W,Y,Zr",0,0.000000000000,47,0.376000000000,47,0.376000000000,31,0.248000000000
4750,W47Y47Zr31,125,3,"W,Y,Zr",0,0.000000000000,47,0.376000000000,47,0.376000000000,31,0.248000000000
4751,W31Y47Zr47,125,3,"W,Y,Zr",0,0.000000000000,31,0.248000000000,47,0.376000000000,47,0.376000000000
4752,W26Y44Zr46,116,3,"W,Y,Zr",0,0.000000000000,26,0.224137931034,44,0.379310344828,46,0.396551724138
4753,W31Y47Zr47,125,3,"W,Y,Zr",0,0.000000000000,31,0.248000000000,47,0.376000000000,47,0.376000000000
4754,W47Y47Zr31,125,3,"W,Y,Zr",0,0.000000000000,47,0.376000000000,47,0.376000000000,31,0.248000000000
4755,W45Y40Zr29,114,3,"W,Y,Zr",0,0.000000000000,45,0.394736842105,40,0.350877192982,29,0.254385964912
4756,W40Y46Zr29,115,3,"W,Y,Zr",0,0.000000000000,40,0.347826086957,46,0.400000000000,29,0.252173913043
4757,CrW47Y47Zr33,128,4,"Cr,W,Y,Zr",1,0.007812500000,47,0.367187500000,47,0.367187500000,33,0.257812500000
4758,CrW47Y47Zr31,126,4,"Cr,W,Y,Zr",1,0.007936507937,47,0.373015873016,47,0.373015873016,31,0.246031746032
4759,W47Y47Zr31,125,3,"W,Y,Zr",0,0.000000000000,47,0.376000000000,47,0.376000000000,31,0.248000000000
4760,W47Y47Zr31,125,3,"W,Y,Zr",0,0.000000000000,47,0.376000000000,47,0.376000000000,31,0.248000000000
4761,W42Y44Zr27,113,3,"W,Y,Zr",0,0.000000000000,42,0.371681415929,44,0.389380530973,27,0.238938053097
4762,W48Y47Zr31,126,3,"W,Y,Zr",0,0.000000000000,48,0.380952380952,47,0.373015873016,31,0.246031746032
4763,W31Y47Zr47,125,3,"W,Y,Zr",0,0.000000000000,31,0.248000000000,47,0.376000000000,47,0.376000000000
4764,W31Y47Zr47,125,3,"W,Y,Zr",0,0.000000000000,31,0.248000000000,47,0.376000000000,47,0.376000000000
4765,W31Y47Zr47,125,3,"W,Y,Zr",0,0.000000000000,31,0.248000000000,47,0.376000000000,47,0.376000000000
4766,W30Y45Zr40,115,3,"W,Y,Zr",0,0.000000000000,30,0.260869565217,45,0.391304347826,40,0.347826086957
4767,W32Y47Zr48,127,3,"W,Y,Zr",0,0.000000000000,32,0.251968503937,47,0.370078740157,48,0.377952755906
4768,W31Y47Zr47,125,3,"W,Y,Zr",0,0.000000000000,31,0.248000000000,47,0.376000000000,47,0.376000000000
4769,W30Y39Zr46,115,3,"W,Y,Zr",0,0.000000000000,30,0.260869565217,39,0.339130434783,46,0.400000000000
4770,W31Y47Zr47,125,3,"W,Y,Zr",0,0.000000000000,31,0.248000000000,47,0.376000000000,47,0.376000000000
4771,W15Y41Zr57,113,3,"W,Y,Zr",0,0.000000000000,15,0.132743362832,41,0.362831858407,57,0.504424778761
4772,Cr2W16Y48Zr62,128,4,"Cr,W,Y,Zr",2,0.015625000000,16,0.125000000000,48,0.375000000000,62,0.484375000000
4773,W16Y47Zr63,126,3,"W,Y,Zr",0,0.000000000000,16,0.126984126984,47,0.373015873016,63,0.500000000000
4774,W31Y47Zr47,125,3,"W,Y,Zr",0,0.000000000000,31,0.248000000000,47,0.376000000000,47,0.376000000000
4775,W29Y41Zr43,113,3,"W,Y,Zr",0,0.000000000000,29,0.256637168142,41,0.362831858407,43,0.380530973451
4776,W32Y47Zr48,127,3,"W,Y,Zr",0,0.000000000000,32,0.251968503937,47,0.370078740157,48,0.377952755906
4777,W31Y48Zr47,126,3,"W,Y,Zr",0,0.000000000000,31,0.246031746032,48,0.380952380952,47,0.373015873016
4778,W31Y47Zr47,125,3,"W,Y,Zr",0,0.000000000000,31,0.248000000000,47,0.376000000000,47,0.376000000000
4779,W28Y45Zr42,115,3,"W,Y,Zr",0,0.000000000000,28,0.243478260870,45,0.391304347826,42,0.365217391304
4780,W31Y48Zr47,126,3,"W,Y,Zr",0,0.000000000000,31,0.246031746032,48,0.380952380952,47,0.373015873016
4781,W31Y47Zr47,125,3,"W,Y,Zr",0,0.000000000000,31,0.248000000000,47,0.376000000000,47,0.376000000000
4782,W28Y47Zr41,116,3,"W,Y,Zr",0,0.000000000000,28,0.241379310345,47,0.405172413793,41,0.353448275862
4783,W31Y47Zr47,125,3,"W,Y,Zr",0,0.000000000000,31,0.248000000000,47,0.376000000000,47,0.376000000000
4784,W31Y47Zr47,125,3,"W,Y,Zr",0,0.000000000000,31,0.248000000000,47,0.376000000000,47,0.376000000000
4785,W31Y47Zr47,125,3,"W,Y,Zr",0,0.000000000000,31,0.248000000000,47,0.376000000000,47,0.376000000000
4786,W26Y44Zr44,114,3,"W,Y,Zr",0,0.000000000000,26,0.228070175439,44,0.385964912281,44,0.385964912281
4787,W31Y47Zr47,125,3,"W,Y,Zr",0,0.000000000000,31,0.248000000000,47,0.376000000000,47,0.376000000000
4788,W16Y47Zr62,125,3,"W,Y,Zr",0,0.000000000000,16,0.128000000000,47,0.376000000000,62,0.496000000000
4789,W16Y47Zr62,125,3,"W,Y,Zr",0,0.000000000000,16,0.128000000000,47,0.376000000000,62,0.496000000000
4790,W15Y46Zr57,118,3,"W,Y,Zr",0,0.000000000000,15,0.127118644068,46,0.389830508475,57,0.483050847458
4791,W15Y42Zr58,115,3,"W,Y,Zr",0,0.000000000000,15,0.130434782609,42,0.365217391304,58,0.504347826087
4792,W16Y47Zr62,125,3,"W,Y,Zr",0,0.000000000000,16,0.128000000000,47,0.376000000000,62,0.496000000000
4793,W16Y47Zr62,125,3,"W,Y,Zr",0,0.000000000000,16,0.128000000000,47,0.376000000000,62,0.496000000000
4794,W13Y41Zr59,113,3,"W,Y,Zr",0,0.000000000000,13,0.115044247788,41,0.362831858407,59,0.522123893805
4795,W16Y47Zr62,125,3,"W,Y,Zr",0,0.000000000000,16,0.128000000000,47,0.376000000000,62,0.496000000000
4796,W16Y47Zr62,125,3,"W,Y,Zr",0,0.000000000000,16,0.128000000000,47,0.376000000000,62,0.496000000000
4797,W16Y47Zr62,125,3,"W,Y,Zr",0,0.000000000000,16,0.128000000000,47,0.376000000000,62,0.496000000000
4798,W16Y47Zr62,125,3,"W,Y,Zr",0,0.000000000000,16,0.128000000000,47,0.376000000000,62,0.496000000000
4799,W16Y47Zr62,125,3,"W,Y,Zr",0,0.000000000000,16,0.128000000000,47,0.376000000000,62,0.496000000000
4800,W16Y47Zr62,125,3,"W,Y,Zr",0,0.000000000000,16,0.128000000000,47,0.376000000000,62,0.496000000000
4801,W16Y47Zr62,125,3,"W,Y,Zr",0,0.000000000000,16,0.128000000000,47,0.376000000000,62,0.496000000000
4802,W16Y47Zr62,125,3,"W,Y,Zr",0,0.000000000000,16,0.128000000000,47,0.376000000000,62,0.496000000000
4803,W14Y43Zr60,117,3,"W,Y,Zr",0,0.000000000000,14,0.119658119658,43,0.367521367521,60,0.512820512821
4804,W16Y47Zr62,125,3,"W,Y,Zr",0,0.000000000000,16,0.128000000000,47,0.376000000000,62,0.496000000000
4805,W16Y47Zr62,125,3,"W,Y,Zr",0,0.000000000000,16,0.128000000000,47,0.376000000000,62,0.496000000000
4806,W16Y47Zr62,125,3,"W,Y,Zr",0,0.000000000000,16,0.128000000000,47,0.376000000000,62,0.496000000000
4807,W16Y47Zr62,125,3,"W,Y,Zr",0,0.000000000000,16,0.128000000000,47,0.376000000000,62,0.496000000000
4808,W16Y47Zr62,125,3,"W,Y,Zr",0,0.000000000000,16,0.128000000000,47,0.376000000000,62,0.496000000000
4809,W16Y47Zr62,125,3,"W,Y,Zr",0,0.000000000000,16,0.128000000000,47,0.376000000000,62,0.496000000000
4810,W16Y47Zr62,125,3,"W,Y,Zr",0,0.000000000000,16,0.128000000000,47,0.376000000000,62,0.496000000000
4811,W16Y47Zr62,125,3,"W,Y,Zr",0,0.000000000000,16,0.128000000000,47,0.376000000000,62,0.496000000000
4812,W15Y44Zr55,114,3,"W,Y,Zr",0,0.000000000000,15,0.131578947368,44,0.385964912281,55,0.482456140351
4813,W14Y47Zr56,117,3,"W,Y,Zr",0,0.000000000000,14,0.119658119658,47,0.401709401709,56,0.478632478632
4814,W16Y46Zr60,122,3,"W,Y,Zr",0,0.000000000000,16,0.131147540984,46,0.377049180328,60,0.491803278689
4815,W16Y47Zr62,125,3,"W,Y,Zr",0,0.000000000000,16,0.128000000000,47,0.376000000000,62,0.496000000000
4816,W16Y47Zr62,125,3,"W,Y,Zr",0,0.000000000000,16,0.128000000000,47,0.376000000000,62,0.496000000000
4817,W16Y44Zr59,119,3,"W,Y,Zr",0,0.000000000000,16,0.134453781513,44,0.369747899160,59,0.495798319328
4818,W16Y47Zr63,126,3,"W,Y,Zr",0,0.000000000000,16,0.126984126984,47,0.373015873016,63,0.500000000000
4819,W16Y47Zr62,125,3,"W,Y,Zr",0,0.000000000000,16,0.128000000000,47,0.376000000000,62,0.496000000000
4820,W16Y47Zr62,125,3,"W,Y,Zr",0,0.000000000000,16,0.128000000000,47,0.376000000000,62,0.496000000000
4821,W16Y47Zr62,125,3,"W,Y,Zr",0,0.000000000000,16,0.128000000000,47,0.376000000000,62,0.496000000000
4822,W16Y47Zr62,125,3,"W,Y,Zr",0,0.000000000000,16,0.128000000000,47,0.376000000000,62,0.496000000000
4823,W14Y43Zr59,116,3,"W,Y,Zr",0,0.000000000000,14,0.120689655172,43,0.370689655172,59,0.508620689655
4824,W17Y47Zr62,126,3,"W,Y,Zr",0,0.000000000000,17,0.134920634921,47,0.373015873016,62,0.492063492063
4825,W16Y47Zr62,125,3,"W,Y,Zr",0,0.000000000000,16,0.128000000000,47,0.376000000000,62,0.496000000000
4826,W47Y62Zr16,125,3,"W,Y,Zr",0,0.000000000000,47,0.376000000000,62,0.496000000000,16,0.128000000000
4827,W47Y62Zr16,125,3,"W,Y,Zr",0,0.000000000000,47,0.376000000000,62,0.496000000000,16,0.128000000000
4828,W44Y55Zr16,115,3,"W,Y,Zr",0,0.000000000000,44,0.382608695652,55,0.478260869565,16,0.139130434783
4829,W47Y57Zr15,119,3,"W,Y,Zr",0,0.000000000000,47,0.394957983193,57,0.478991596639,15,0.126050420168
4830,W45Y58Zr15,118,3,"W,Y,Zr",0,0.000000000000,45,0.381355932203,58,0.491525423729,15,0.127118644068
4831,CrW47Y62Zr17,127,4,"Cr,W,Y,Zr",1,0.007874015748,47,0.370078740157,62,0.488188976378,17,0.133858267717
4832,W47Y62Zr16,125,3,"W,Y,Zr",0,0.000000000000,47,0.376000000000,62,0.496000000000,16,0.128000000000
4833,W46Y56Zr11,113,3,"W,Y,Zr",0,0.000000000000,46,0.407079646018,56,0.495575221239,11,0.097345132743
4834,W48Y62Zr16,126,3,"W,Y,Zr",0,0.000000000000,48,0.380952380952,62,0.492063492063,16,0.126984126984
4835,Cr2W47Y63Zr16,128,4,"Cr,W,Y,Zr",2,0.015625000000,47,0.367187500000,63,0.492187500000,16,0.125000000000
4836,W47Y62Zr16,125,3,"W,Y,Zr",0,0.000000000000,47,0.376000000000,62,0.496000000000,16,0.128000000000
4837,W47Y62Zr16,125,3,"W,Y,Zr",0,0.000000000000,47,0.376000000000,62,0.496000000000,16,0.128000000000
4838,W39Y58Zr16,113,3,"W,Y,Zr",0,0.000000000000,39,0.345132743363,58,0.513274336283,16,0.141592920354
4839,W47Y62Zr16,125,3,"W,Y,Zr",0,0.000000000000,47,0.376000000000,62,0.496000000000,16,0.128000000000
4840,W47Y62Zr16,125,3,"W,Y,Zr",0,0.000000000000,47,0.376000000000,62,0.496000000000,16,0.128000000000
4841,W47Y62Zr16,125,3,"W,Y,Zr",0,0.000000000000,47,0.376000000000,62,0.496000000000,16,0.128000000000
4842,W42Y58Zr13,113,3,"W,Y,Zr",0,0.000000000000,42,0.371681415929,58,0.513274336283,13,0.115044247788
4843,W45Y53Zr15,113,3,"W,Y,Zr",0,0.000000000000,45,0.398230088496,53,0.469026548673,15,0.132743362832
4844,W47Y62Zr17,126,3,"W,Y,Zr",0,0.000000000000,47,0.373015873016,62,0.492063492063,17,0.134920634921
4845,W47Y62Zr16,125,3,"W,Y,Zr",0,0.000000000000,47,0.376000000000,62,0.496000000000,16,0.128000000000
4846,W47Y62Zr16,125,3,"W,Y,Zr",0,0.000000000000,47,0.376000000000,62,0.496000000000,16,0.128000000000
4847,W47Y62Zr16,125,3,"W,Y,Zr",0,0.000000000000,47,0.376000000000,62,0.496000000000,16,0.128000000000
4848,W47Y62Zr16,125,3,"W,Y,Zr",0,0.000000000000,47,0.376000000000,62,0.496000000000,16,0.128000000000
4849,W42Y58Zr14,114,3,"W,Y,Zr",0,0.000000000000,42,0.368421052632,58,0.508771929825,14,0.122807017544
4850,W44Y56Zr15,115,3,"W,Y,Zr",0,0.000000000000,44,0.382608695652,56,0.486956521739,15,0.130434782609
4851,W41Y61Zr15,117,3,"W,Y,Zr",0,0.000000000000,41,0.350427350427,61,0.521367521368,15,0.128205128205
4852,W41Y56Zr16,113,3,"W,Y,Zr",0,0.000000000000,41,0.362831858407,56,0.495575221239,16,0.141592920354
4853,W47Y62Zr17,126,3,"W,Y,Zr",0,0.000000000000,47,0.373015873016,62,0.492063492063,17,0.134920634921
4854,W47Y62Zr16,125,3,"W,Y,Zr",0,0.000000000000,47,0.376000000000,62,0.496000000000,16,0.128000000000
4855,W44Y55Zr15,114,3,"W,Y,Zr",0,0.000000000000,44,0.385964912281,55,0.482456140351,15,0.131578947368
4856,W42Y61Zr15,118,3,"W,Y,Zr",0,0.000000000000,42,0.355932203390,61,0.516949152542,15,0.127118644068
4857,W43Y58Zr16,117,3,"W,Y,Zr",0,0.000000000000,43,0.367521367521,58,0.495726495726,16,0.136752136752
4858,CrW47Y63Zr16,127,4,"Cr,W,Y,Zr",1,0.007874015748,47,0.370078740157,63,0.496062992126,16,0.125984251969
4859,CrW47Y62Zr16,126,4,"Cr,W,Y,Zr",1,0.007936507937,47,0.373015873016,62,0.492063492063,16,0.126984126984
4860,W47Y62Zr16,125,3,"W,Y,Zr",0,0.000000000000,47,0.376000000000,62,0.496000000000,16,0.128000000000
4861,W47Y62Zr16,125,3,"W,Y,Zr",0,0.000000000000,47,0.376000000000,62,0.496000000000,16,0.128000000000
4862,W47Y62Zr16,125,3,"W,Y,Zr",0,0.000000000000,47,0.376000000000,62,0.496000000000,16,0.128000000000
4863,W47Y58Zr16,121,3,"W,Y,Zr",0,0.000000000000,47,0.388429752066,58,0.479338842975,16,0.132231404959
4864,W47Y62Zr16,125,3,"W,Y,Zr",0,0.000000000000,47,0.376000000000,62,0.496000000000,16,0.128000000000
4865,W33Y63Zr31,127,3,"W,Y,Zr",0,0.000000000000,33,0.259842519685,63,0.496062992126,31,0.244094488189
4866,W31Y64Zr32,127,3,"W,Y,Zr",0,0.000000000000,31,0.244094488189,64,0.503937007874,32,0.251968503937
4867,W31Y63Zr31,125,3,"W,Y,Zr",0,0.000000000000,31,0.248000000000,63,0.504000000000,31,0.248000000000
4868,W31Y63Zr31,125,3,"W,Y,Zr",0,0.000000000000,31,0.248000000000,63,0.504000000000,31,0.248000000000
4869,W31Y63Zr31,125,3,"W,Y,Zr",0,0.000000000000,31,0.248000000000,63,0.504000000000,31,0.248000000000
4870,W31Y63Zr31,125,3,"W,Y,Zr",0,0.000000000000,31,0.248000000000,63,0.504000000000,31,0.248000000000
4871,W29Y58Zr29,116,3,"W,Y,Zr",0,0.000000000000,29,0.250000000000,58,0.500000000000,29,0.250000000000
4872,CrW31Y63Zr32,127,4,"Cr,W,Y,Zr",1,0.007874015748,31,0.244094488189,63,0.496062992126,32,0.251968503937
4873,W31Y63Zr31,125,3,"W,Y,Zr",0,0.000000000000,31,0.248000000000,63,0.504000000000,31,0.248000000000
4874,W31Y57Zr27,115,3,"W,Y,Zr",0,0.000000000000,31,0.269565217391,57,0.495652173913,27,0.234782608696
4875,W31Y63Zr31,125,3,"W,Y,Zr",0,0.000000000000,31,0.248000000000,63,0.504000000000,31,0.248000000000
4876,W31Y62Zr32,125,3,"W,Y,Zr",0,0.000000000000,31,0.248000000000,62,0.496000000000,32,0.256000000000
4877,W28Y57Zr28,113,3,"W,Y,Zr",0,0.000000000000,28,0.247787610619,57,0.504424778761,28,0.247787610619
4878,W26Y57Zr32,115,3,"W,Y,Zr",0,0.000000000000,26,0.226086956522,57,0.495652173913,32,0.278260869565
4879,W31Y62Zr32,125,3,"W,Y,Zr",0,0.000000000000,31,0.248000000000,62,0.496000000000,32,0.256000000000
4880,W31Y63Zr34,128,3,"W,Y,Zr",0,0.000000000000,31,0.242187500000,63,0.492187500000,34,0.265625000000
4881,W32Y62Zr32,126,3,"W,Y,Zr",0,0.000000000000,32,0.253968253968,62,0.492063492063,32,0.253968253968
4882,W31Y62Zr32,125,3,"W,Y,Zr",0,0.000000000000,31,0.248000000000,62,0.496000000000,32,0.256000000000
4883,W31Y62Zr32,125,3,"W,Y,Zr",0,0.000000000000,31,0.248000000000,62,0.496000000000,32,0.256000000000
4884,W31Y62Zr32,125,3,"W,Y,Zr",0,0.000000000000,31,0.248000000000,62,0.496000000000,32,0.256000000000
4885,W31Y56Zr27,114,3,"W,Y,Zr",0,0.000000000000,31,0.271929824561,56,0.491228070175,27,0.236842105263
4886,W28Y55Zr31,114,3,"W,Y,Zr",0,0.000000000000,28,0.245614035088,55,0.482456140351,31,0.271929824561
4887,W31Y59Zr30,120,3,"W,Y,Zr",0,0.000000000000,31,0.258333333333,59,0.491666666667,30,0.250000000000
4888,W32Y62Zr32,126,3,"W,Y,Zr",0,0.000000000000,32,0.253968253968,62,0.492063492063,32,0.253968253968
4889,W16Y62Zr47,125,3,"W,Y,Zr",0,0.000000000000,16,0.128000000000,62,0.496000000000,47,0.376000000000
4890,W16Y62Zr47,125,3,"W,Y,Zr",0,0.000000000000,16,0.128000000000,62,0.496000000000,47,0.376000000000
4891,W16Y62Zr47,125,3,"W,Y,Zr",0,0.000000000000,16,0.128000000000,62,0.496000000000,47,0.376000000000
4892,W16Y60Zr44,120,3,"W,Y,Zr",0,0.000000000000,16,0.133333333333,60,0.500000000000,44,0.366666666667
4893,W16Y62Zr49,127,3,"W,Y,Zr",0,0.000000000000,16,0.125984251969,62,0.488188976378,49,0.385826771654
4894,W14Y57Zr45,116,3,"W,Y,Zr",0,0.000000000000,14,0.120689655172,57,0.491379310345,45,0.387931034483
4895,CrW16Y62Zr48,127,4,"Cr,W,Y,Zr",1,0.007874015748,16,0.125984251969,62,0.488188976378,48,0.377952755906
4896,W16Y62Zr47,125,3,"W,Y,Zr",0,0.000000000000,16,0.128000000000,62,0.496000000000,47,0.376000000000
4897,W16Y62Zr47,125,3,"W,Y,Zr",0,0.000000000000,16,0.128000000000,62,0.496000000000,47,0.376000000000
4898,W17Y62Zr47,126,3,"W,Y,Zr",0,0.000000000000,17,0.134920634921,62,0.492063492063,47,0.373015873016
4899,W16Y63Zr47,126,3,"W,Y,Zr",0,0.000000000000,16,0.126984126984,63,0.500000000000,47,0.373015873016
4900,W16Y62Zr47,125,3,"W,Y,Zr",0,0.000000000000,16,0.128000000000,62,0.496000000000,47,0.376000000000
4901,W16Y62Zr47,125,3,"W,Y,Zr",0,0.000000000000,16,0.128000000000,62,0.496000000000,47,0.376000000000
4902,W16Y55Zr42,113,3,"W,Y,Zr",0,0.000000000000,16,0.141592920354,55,0.486725663717,42,0.371681415929
4903,W16Y58Zr44,118,3,"W,Y,Zr",0,0.000000000000,16,0.135593220339,58,0.491525423729,44,0.372881355932
4904,W16Y62Zr47,125,3,"W,Y,Zr",0,0.000000000000,16,0.128000000000,62,0.496000000000,47,0.376000000000
4905,W16Y62Zr47,125,3,"W,Y,Zr",0,0.000000000000,16,0.128000000000,62,0.496000000000,47,0.376000000000
4906,W14Y57Zr42,113,3,"W,Y,Zr",0,0.000000000000,14,0.123893805310,57,0.504424778761,42,0.371681415929
4907,CrW16Y62Zr47,126,4,"Cr,W,Y,Zr",1,0.007936507937,16,0.126984126984,62,0.492063492063,47,0.373015873016
4908,W16Y62Zr47,125,3,"W,Y,Zr",0,0.000000000000,16,0.128000000000,62,0.496000000000,47,0.376000000000
4909,W16Y62Zr47,125,3,"W,Y,Zr",0,0.000000000000,16,0.128000000000,62,0.496000000000,47,0.376000000000
4910,W16Y62Zr47,125,3,"W,Y,Zr",0,0.000000000000,16,0.128000000000,62,0.496000000000,47,0.376000000000
4911,W16Y62Zr47,125,3,"W,Y,Zr",0,0.000000000000,16,0.128000000000,62,0.496000000000,47,0.376000000000
4912,W31Y78Zr16,125,3,"W,Y,Zr",0,0.000000000000,31,0.248000000000,78,0.624000000000,16,0.128000000000
4913,W31Y78Zr16,125,3,"W,Y,Zr",0,0.000000000000,31,0.248000000000,78,0.624000000000,16,0.128000000000
4914,W31Y78Zr16,125,3,"W,Y,Zr",0,0.000000000000,31,0.248000000000,78,0.624000000000,16,0.128000000000
4915,W29Y72Zr16,117,3,"W,Y,Zr",0,0.000000000000,29,0.247863247863,72,0.615384615385,16,0.136752136752
4916,W31Y67Zr15,113,3,"W,Y,Zr",0,0.000000000000,31,0.274336283186,67,0.592920353982,15,0.132743362832
4917,W31Y78Zr18,127,3,"W,Y,Zr",0,0.000000000000,31,0.244094488189,78,0.614173228346,18,0.141732283465
4918,W31Y78Zr16,125,3,"W,Y,Zr",0,0.000000000000,31,0.248000000000,78,0.624000000000,16,0.128000000000
4919,W31Y78Zr16,125,3,"W,Y,Zr",0,0.000000000000,31,0.248000000000,78,0.624000000000,16,0.128000000000
4920,W28Y75Zr13,116,3,"W,Y,Zr",0,0.000000000000,28,0.241379310345,75,0.646551724138,13,0.112068965517
4921,Cr2W31Y78Zr16,127,4,"Cr,W,Y,Zr",2,0.015748031496,31,0.244094488189,78,0.614173228346,16,0.125984251969
4922,W31Y78Zr16,125,3,"W,Y,Zr",0,0.000000000000,31,0.248000000000,78,0.624000000000,16,0.128000000000
4923,W31Y78Zr16,125,3,"W,Y,Zr",0,0.000000000000,31,0.248000000000,78,0.624000000000,16,0.128000000000
4924,W31Y78Zr16,125,3,"W,Y,Zr",0,0.000000000000,31,0.248000000000,78,0.624000000000,16,0.128000000000
4925,W31Y78Zr16,125,3,"W,Y,Zr",0,0.000000000000,31,0.248000000000,78,0.624000000000,16,0.128000000000
4926,W31Y74Zr15,120,3,"W,Y,Zr",0,0.000000000000,31,0.258333333333,74,0.616666666667,15,0.125000000000
4927,W30Y72Zr12,114,3,"W,Y,Zr",0,0.000000000000,30,0.263157894737,72,0.631578947368,12,0.105263157895
4928,W29Y70Zr16,115,3,"W,Y,Zr",0,0.000000000000,29,0.252173913043,70,0.608695652174,16,0.139130434783
4929,W31Y78Zr17,126,3,"W,Y,Zr",0,0.000000000000,31,0.246031746032,78,0.619047619048,17,0.134920634921
4930,W16Y79Zr31,126,3,"W,Y,Zr",0,0.000000000000,16,0.126984126984,79,0.626984126984,31,0.246031746032
4931,W31Y78Zr16,125,3,"W,Y,Zr",0,0.000000000000,31,0.248000000000,78,0.624000000000,16,0.128000000000
4932,W28Y71Zr15,114,3,"W,Y,Zr",0,0.000000000000,28,0.245614035088,71,0.622807017544,15,0.131578947368
4933,W31Y80Zr16,127,3,"W,Y,Zr",0,0.000000000000,31,0.244094488189,80,0.629921259843,16,0.125984251969
4934,W32Y78Zr17,127,3,"W,Y,Zr",0,0.000000000000,32,0.251968503937,78,0.614173228346,17,0.133858267717
4935,W31Y78Zr16,125,3,"W,Y,Zr",0,0.000000000000,31,0.248000000000,78,0.624000000000,16,0.128000000000
4936,W16Y78Zr31,125,3,"W,Y,Zr",0,0.000000000000,16,0.128000000000,78,0.624000000000,31,0.248000000000
4937,W16Y78Zr31,125,3,"W,Y,Zr",0,0.000000000000,16,0.128000000000,78,0.624000000000,31,0.248000000000
4938,W16Y78Zr31,125,3,"W,Y,Zr",0,0.000000000000,16,0.128000000000,78,0.624000000000,31,0.248000000000
4939,W31Y78Zr16,125,3,"W,Y,Zr",0,0.000000000000,31,0.248000000000,78,0.624000000000,16,0.128000000000
4940,W31Y78Zr16,125,3,"W,Y,Zr",0,0.000000000000,31,0.248000000000,78,0.624000000000,16,0.128000000000
4941,W29Y75Zr16,120,3,"W,Y,Zr",0,0.000000000000,29,0.241666666667,75,0.625000000000,16,0.133333333333
4942,W31Y79Zr18,128,3,"W,Y,Zr",0,0.000000000000,31,0.242187500000,79,0.617187500000,18,0.140625000000
4943,W31Y79Zr16,126,3,"W,Y,Zr",0,0.000000000000,31,0.246031746032,79,0.626984126984,16,0.126984126984
4944,W31Y75Zr16,122,3,"W,Y,Zr",0,0.000000000000,31,0.254098360656,75,0.614754098361,16,0.131147540984
4945,W30Y68Zr16,114,3,"W,Y,Zr",0,0.000000000000,30,0.263157894737,68,0.596491228070,16,0.140350877193
4946,W30Y77Zr13,120,3,"W,Y,Zr",0,0.000000000000,30,0.250000000000,77,0.641666666667,13,0.108333333333
4947,W31Y78Zr16,125,3,"W,Y,Zr",0,0.000000000000,31,0.248000000000,78,0.624000000000,16,0.128000000000
4948,W31Y78Zr16,125,3,"W,Y,Zr",0,0.000000000000,31,0.248000000000,78,0.624000000000,16,0.128000000000
4949,W31Y78Zr16,125,3,"W,Y,Zr",0,0.000000000000,31,0.248000000000,78,0.624000000000,16,0.128000000000
4950,W31Y78Zr16,125,3,"W,Y,Zr",0,0.000000000000,31,0.248000000000,78,0.624000000000,16,0.128000000000
4951,W31Y78Zr16,125,3,"W,Y,Zr",0,0.000000000000,31,0.248000000000,78,0.624000000000,16,0.128000000000
4952,W31Y78Zr16,125,3,"W,Y,Zr",0,0.000000000000,31,0.248000000000,78,0.624000000000,16,0.128000000000
4953,W30Y73Zr13,116,3,"W,Y,Zr",0,0.000000000000,30,0.258620689655,73,0.629310344828,13,0.112068965517
4954,W26Y77Zr16,119,3,"W,Y,Zr",0,0.000000000000,26,0.218487394958,77,0.647058823529,16,0.134453781513
4955,W27Y74Zr15,116,3,"W,Y,Zr",0,0.000000000000,27,0.232758620690,74,0.637931034483,15,0.129310344828
4956,W31Y78Zr16,125,3,"W,Y,Zr",0,0.000000000000,31,0.248000000000,78,0.624000000000,16,0.128000000000
4957,W13Y72Zr30,115,3,"W,Y,Zr",0,0.000000000000,13,0.113043478261,72,0.626086956522,30,0.260869565217
4958,W16Y78Zr32,126,3,"W,Y,Zr",0,0.000000000000,16,0.126984126984,78,0.619047619048,32,0.253968253968
4959,W16Y78Zr31,125,3,"W,Y,Zr",0,0.000000000000,16,0.128000000000,78,0.624000000000,31,0.248000000000
4960,W16Y78Zr31,125,3,"W,Y,Zr",0,0.000000000000,16,0.128000000000,78,0.624000000000,31,0.248000000000
4961,W16Y78Zr31,125,3,"W,Y,Zr",0,0.000000000000,16,0.128000000000,78,0.624000000000,31,0.248000000000
4962,W15Y75Zr26,116,3,"W,Y,Zr",0,0.000000000000,15,0.129310344828,75,0.646551724138,26,0.224137931034
4963,W16Y74Zr31,121,3,"W,Y,Zr",0,0.000000000000,16,0.132231404959,74,0.611570247934,31,0.256198347107
4964,W16Y71Zr27,114,3,"W,Y,Zr",0,0.000000000000,16,0.140350877193,71,0.622807017544,27,0.236842105263
4965,W18Y78Zr31,127,3,"W,Y,Zr",0,0.000000000000,18,0.141732283465,78,0.614173228346,31,0.244094488189
4966,W16Y78Zr31,125,3,"W,Y,Zr",0,0.000000000000,16,0.128000000000,78,0.624000000000,31,0.248000000000
4967,W16Y78Zr31,125,3,"W,Y,Zr",0,0.000000000000,16,0.128000000000,78,0.624000000000,31,0.248000000000
4968,W16Y78Zr31,125,3,"W,Y,Zr",0,0.000000000000,16,0.128000000000,78,0.624000000000,31,0.248000000000
4969,W15Y70Zr30,115,3,"W,Y,Zr",0,0.000000000000,15,0.130434782609,70,0.608695652174,30,0.260869565217
4970,W16Y75Zr29,120,3,"W,Y,Zr",0,0.000000000000,16,0.133333333333,75,0.625000000000,29,0.241666666667
4971,W16Y79Zr31,126,3,"W,Y,Zr",0,0.000000000000,16,0.126984126984,79,0.626984126984,31,0.246031746032
4972,W16Y78Zr31,125,3,"W,Y,Zr",0,0.000000000000,16,0.128000000000,78,0.624000000000,31,0.248000000000
4973,W15Y69Zr30,114,3,"W,Y,Zr",0,0.000000000000,15,0.131578947368,69,0.605263157895,30,0.263157894737
4974,W16Y78Zr31,125,3,"W,Y,Zr",0,0.000000000000,16,0.128000000000,78,0.624000000000,31,0.248000000000
4975,W16Y94Zr15,125,3,"W,Y,Zr",0,0.000000000000,16,0.128000000000,94,0.752000000000,15,0.120000000000
4976,W13Y85Zr15,113,3,"W,Y,Zr",0,0.000000000000,13,0.115044247788,85,0.752212389381,15,0.132743362832
4977,W17Y94Zr15,126,3,"W,Y,Zr",0,0.000000000000,17,0.134920634921,94,0.746031746032,15,0.119047619048
4978,W16Y94Zr15,125,3,"W,Y,Zr",0,0.000000000000,16,0.128000000000,94,0.752000000000,15,0.120000000000
4979,W17Y94Zr15,126,3,"W,Y,Zr",0,0.000000000000,17,0.134920634921,94,0.746031746032,15,0.119047619048
4980,W13Y71Zr30,114,3,"W,Y,Zr",0,0.000000000000,13,0.114035087719,71,0.622807017544,30,0.263157894737
4981,CrW16Y78Zr31,126,4,"Cr,W,Y,Zr",1,0.007936507937,16,0.126984126984,78,0.619047619048,31,0.246031746032
4982,W16Y94Zr15,125,3,"W,Y,Zr",0,0.000000000000,16,0.128000000000,94,0.752000000000,15,0.120000000000
4983,W16Y89Zr14,119,3,"W,Y,Zr",0,0.000000000000,16,0.134453781513,89,0.747899159664,14,0.117647058824
4984,W16Y94Zr15,125,3,"W,Y,Zr",0,0.000000000000,16,0.128000000000,94,0.752000000000,15,0.120000000000
4985,W16Y94Zr15,125,3,"W,Y,Zr",0,0.000000000000,16,0.128000000000,94,0.752000000000,15,0.120000000000
4986,W16Y94Zr15,125,3,"W,Y,Zr",0,0.000000000000,16,0.128000000000,94,0.752000000000,15,0.120000000000
4987,W16Y94Zr15,125,3,"W,Y,Zr",0,0.000000000000,16,0.128000000000,94,0.752000000000,15,0.120000000000
4988,W16Y94Zr15,125,3,"W,Y,Zr",0,0.000000000000,16,0.128000000000,94,0.752000000000,15,0.120000000000
4989,W16Y94Zr15,125,3,"W,Y,Zr",0,0.000000000000,16,0.128000000000,94,0.752000000000,15,0.120000000000
4990,W15Y90Zr15,120,3,"W,Y,Zr",0,0.000000000000,15,0.125000000000,90,0.750000000000,15,0.125000000000
4991,W15Y87Zr11,113,3,"W,Y,Zr",0,0.000000000000,15,0.132743362832,87,0.769911504425,11,0.097345132743
4992,W16Y94Zr15,125,3,"W,Y,Zr",0,0.000000000000,16,0.128000000000,94,0.752000000000,15,0.120000000000
4993,W16Y94Zr15,125,3,"W,Y,Zr",0,0.000000000000,16,0.128000000000,94,0.752000000000,15,0.120000000000
4994,W16Y94Zr15,125,3,"W,Y,Zr",0,0.000000000000,16,0.128000000000,94,0.752000000000,15,0.120000000000
4995,W15Y89Zr13,117,3,"W,Y,Zr",0,0.000000000000,15,0.128205128205,89,0.760683760684,13,0.111111111111
4996,W16Y82Zr15,113,3,"W,Y,Zr",0,0.000000000000,16,0.141592920354,82,0.725663716814,15,0.132743362832
4997,W16Y94Zr15,125,3,"W,Y,Zr",0,0.000000000000,16,0.128000000000,94,0.752000000000,15,0.120000000000
4998,W16Y94Zr17,127,3,"W,Y,Zr",0,0.000000000000,16,0.125984251969,94,0.740157480315,17,0.133858267717
4999,W16Y94Zr15,125,3,"W,Y,Zr",0,0.000000000000,16,0.128000000000,94,0.752000000000,15,0.120000000000
