structure_index,formula,total_atoms,distinct_elements,elements,count_Cr,fraction_Cr,count_W,fraction_W,count_Y,fraction_Y,count_Zr,fraction_Zr
0,Y125,125,1,Y,0,0.000000000000,0,0.000000000000,125,1.000000000000,0,0.000000000000
1,Y125,125,1,Y,0,0.000000000000,0,0.000000000000,125,1.000000000000,0,0.000000000000
2,Y125,125,1,Y,0,0.000000000000,0,0.000000000000,125,1.000000000000,0,0.000000000000
3,Y125,125,1,Y,0,0.000000000000,0,0.000000000000,125,1.000000000000,0,0.000000000000
4,Y125,125,1,Y,0,0.000000000000,0,0.000000000000,125,1.000000000000,0,0.000000000000
5,Y125,125,1,Y,0,0.000000000000,0,0.000000000000,125,1.000000000000,0,0.000000000000
6,Y125,125,1,Y,0,0.000000000000,0,0.000000000000,125,1.000000000000,0,0.000000000000
7,Y125,125,1,Y,0,0.000000000000,0,0.000000000000,125,1.000000000000,0,0.000000000000
8,Y125,125,1,Y,0,0.000000000000,0,0.000000000000,125,1.000000000000,0,0.000000000000
9,Y125,125,1,Y,0,0.000000000000,0,0.000000000000,125,1.000000000000,0,0.000000000000
10,Y125,125,1,Y,0,0.000000000000,0,0.000000000000,125,1.000000000000,0,0.000000000000
11,Y125,125,1,Y,0,0.000000000000,0,0.000000000000,125,1.000000000000,0,0.000000000000
12,Y125,125,1,Y,0,0.000000000000,0,0.000000000000,125,1.000000000000,0,0.000000000000
13,Y125,125,1,Y,0,0.000000000000,0,0.000000000000,125,1.000000000000,0,0.000000000000
14,Y125,125,1,Y,0,0.000000000000,0,0.000000000000,125,1.000000000000,0,0.000000000000
15,Y125,125,1,Y,0,0.000000000000,0,0.000000000000,125,1.000000000000,0,0.000000000000
16,Y125,125,1,Y,0,0.000000000000,0,0.000000000000,125,1.000000000000,0,0.000000000000
17,Y125,125,1,Y,0,0.000000000000,0,0.000000000000,125,1.000000000000,0,0.000000000000
18,Y125,125,1,Y,0,0.000000000000,0,0.000000000000,125,1.000000000000,0,0.000000000000
19,Y125,125,1,Y,0,0.000000000000,0,0.000000000000,125,1.000000000000,0,0.000000000000
20,Y125,125,1,Y,0,0.000000000000,0,0.000000000000,125,1.000000000000,0,0.000000000000
21,Y125,125,1,Y,0,0.000000000000,0,0.000000000000,125,1.000000000000,0,0.000000000000
22,Y125,125,1,Y,0,0.000000000000,0,0.000000000000,125,1.000000000000,0,0.000000000000
23,Y125,125,1,Y,0,0.000000000000,0,0.000000000000,125,1.000000000000,0,0.000000000000
24,Y125,125,1,Y,0,0.000000000000,0,0.000000000000,125,1.000000000000,0,0.000000000000
25,Y125,125,1,Y,0,0.000000000000,0,0.000000000000,125,1.000000000000,0,0.000000000000
26,Y125,125,1,Y,0,0.000000000000,0,0.000000000000,125,1.000000000000,0,0.000000000000
27,Y125,125,1,Y,0,0.000000000000,0,0.000000000000,125,1.000000000000,0,0.000000000000
28,Y125,125,1,Y,0,0.000000000000,0,0.000000000000,125,1.000000000000,0,0.000000000000
29,Y125,125,1,Y,0,0.000000000000,0,0.000000000000,125,1.000000000000,0,0.000000000000
30,Y125,125,1,Y,0,0.000000000000,0,0.000000000000,125,1.000000000000,0,0.000000000000
31,Y125,125,1,Y,0,0.000000000000,0,0.000000000000,125,1.000000000000,0,0.000000000000
32,Y125,125,1,Y,0,0.000000000000,0,0.000000000000,125,1.000000000000,0,0.000000000000
33,Y125,125,1,Y,0,0.000000000000,0,0.000000000000,125,1.000000000000,0,0.000000000000
34,Y125,125,1,Y,0,0.000000000000,0,0.000000000000,125,1.000000000000,0,0.000000000000
35,Y125,125,1,Y,0,0.000000000000,0,0.000000000000,125,1.000000000000,0,0.000000000000
36,Y125,125,1,Y,0,0.000000000000,0,0.000000000000,125,1.000000000000,0,0.000000000000
37,Y125,125,1,Y,0,0.000000000000,0,0.000000000000,125,1.000000000000,0,0.000000000000
38,Y125,125,1,Y,0,0.000000000000,0,0.000000000000,125,1.000000000000,0,0.000000000000
39,Y125,125,1,Y,0,0.000000000000,0,0.000000000000,125,1.000000000000,0,0.000000000000
40,Y125,125,1,Y,0,0.000000000000,0,0.000000000000,125,1.000000000000,0,0.000000000000
41,Y125,125,1,Y,0,0.000000000000,0,0.000000000000,125,1.000000000000,0,0.000000000000
42,Y125,125,1,Y,0,0.000000000000,0,0.000000000000,125,1.000000000000,0,0.000000000000
43,Y125,125,1,Y,0,0.000000000000,0,0.000000000000,125,1.000000000000,0,0.000000000000
44,Y125,125,1,Y,0,0.000000000000,0,0.000000000000,125,1.000000000000,0,0.000000000000
45,Y125,125,1,Y,0,0.000000000000,0,0.000000000000,125,1.000000000000,0,0.000000000000
46,Y125,125,1,Y,0,0.000000000000,0,0.000000000000,125,1.000000000000,0,0.000000000000
47,Y125,125,1,Y,0,0.000000000000,0,0.000000000000,125,1.000000000000,0,0.000000000000
48,Y125,125,1,Y,0,0.000000000000,0,0.000000000000,125,1.000000000000,0,0.000000000000
49,Y125,125,1,Y,0,0.000000000000,0,0.000000000000,125,1.000000000000,0,0.000000000000
50,Y125,125,1,Y,0,0.000000000000,0,0.000000000000,125,1.000000000000,0,0.000000000000
51,Y125,125,1,Y,0,0.000000000000,0,0.000000000000,125,1.000000000000,0,0.000000000000
52,Y125,125,1,Y,0,0.000000000000,0,0.000000000000,125,1.000000000000,0,0.000000000000
53,Y125,125,1,Y,0,0.000000000000,0,0.000000000000,125,1.000000000000,0,0.000000000000
54,Y125,125,1,Y,0,0.000000000000,0,0.000000000000,125,1.000000000000,0,0.000000000000
55,Y125,125,1,Y,0,0.000000000000,0,0.000000000000,125,1.000000000000,0,0.000000000000
56,Y125,125,1,Y,0,0.000000000000,0,0.000000000000,125,1.000000000000,0,0.000000000000
57,Y136,136,1,Y,0,0.000000000000,0,0.000000000000,136,1.000000000000,0,0.000000000000
58,Y135,135,1,Y,0,0.000000000000,0,0.000000000000,135,1.000000000000,0,0.000000000000
59,Y128,128,1,Y,0,0.000000000000,0,0.000000000000,128,1.000000000000,0,0.000000000000
60,Y128,128,1,Y,0,0.000000000000,0,0.000000000000,128,1.000000000000,0,0.000000000000
61,Y128,128,1,Y,0,0.000000000000,0,0.000000000000,128,1.000000000000,0,0.000000000000
62,Y128,128,1,Y,0,0.000000000000,0,0.000000000000,128,1.000000000000,0,0.000000000000
63,Y128,128,1,Y,0,0.000000000000,0,0.000000000000,128,1.000000000000,0,0.000000000000
64,Y128,128,1,Y,0,0.000000000000,0,0.000000000000,128,1.000000000000,0,0.000000000000
65,Y128,128,1,Y,0,0.000000000000,0,0.000000000000,128,1.000000000000,0,0.000000000000
66,Y128,128,1,Y,0,0.000000000000,0,0.000000000000,128,1.000000000000,0,0.000000000000
67,Y128,128,1,Y,0,0.000000000000,0,0.000000000000,128,1.000000000000,0,0.000000000000
68,Y128,128,1,Y,0,0.000000000000,0,0.000000000000,128,1.000000000000,0,0.000000000000
69,Y128,128,1,Y,0,0.000000000000,0,0.000000000000,128,1.000000000000,0,0.000000000000
70,Y128,128,1,Y,0,0.000000000000,0,0.000000000000,128,1.000000000000,0,0.000000000000
71,Y128,128,1,Y,0,0.000000000000,0,0.000000000000,128,1.000000000000,0,0.000000000000
72,Y128,128,1,Y,0,0.000000000000,0,0.000000000000,128,1.000000000000,0,0.000000000000
73,Y128,128,1,Y,0,0.000000000000,0,0.000000000000,128,1.000000000000,0,0.000000000000
74,Y128,128,1,Y,0,0.000000000000,0,0.000000000000,128,1.000000000000,0,0.000000000000
75,Y128,128,1,Y,0,0.000000000000,0,0.000000000000,128,1.000000000000,0,0.000000000000
76,Y128,128,1,Y,0,0.000000000000,0,0.000000000000,128,1.000000000000,0,0.000000000000
77,Y128,128,1,Y,0,0.000000000000,0,0.000000000000,128,1.000000000000,0,0.000000000000
78,Y128,128,1,Y,0,0.000000000000,0,0.000000000000,128,1.000000000000,0,0.000000000000
79,Y128,128,1,Y,0,0.000000000000,0,0.000000000000,128,1.000000000000,0,0.000000000000
80,Y128,128,1,Y,0,0.000000000000,0,0.000000000000,128,1.000000000000,0,0.000000000000
81,Y128,128,1,Y,0,0.000000000000,0,0.000000000000,128,1.000000000000,0,0.000000000000
82,Y128,128,1,Y,0,0.000000000000,0,0.000000000000,128,1.000000000000,0,0.000000000000
83,Y128,128,1,Y,0,0.000000000000,0,0.000000000000,128,1.000000000000,0,0.000000000000
84,Y128,128,1,Y,0,0.000000000000,0,0.000000000000,128,1.000000000000,0,0.000000000000
85,Y128,128,1,Y,0,0.000000000000,0,0.000000000000,128,1.000000000000,0,0.000000000000
86,Y128,128,1,Y,0,0.000000000000,0,0.000000000000,128,1.000000000000,0,0.000000000000
87,Y128,128,1,Y,0,0.000000000000,0,0.000000000000,128,1.000000000000,0,0.000000000000
88,Y128,128,1,Y,0,0.000000000000,0,0.000000000000,128,1.000000000000,0,0.000000000000
89,Y128,128,1,Y,0,0.000000000000,0,0.000000000000,128,1.000000000000,0,0.000000000000
90,Y128,128,1,Y,0,0.000000000000,0,0.000000000000,128,1.000000000000,0,0.000000000000
91,Y128,128,1,Y,0,0.000000000000,0,0.000000000000,128,1.000000000000,0,0.000000000000
92,Y128,128,1,Y,0,0.000000000000,0,0.000000000000,128,1.000000000000,0,0.000000000000
93,Y128,128,1,Y,0,0.000000000000,0,0.000000000000,128,1.000000000000,0,0.000000000000
94,Y128,128,1,Y,0,0.000000000000,0,0.000000000000,128,1.000000000000,0,0.000000000000
95,Y128,128,1,Y,0,0.000000000000,0,0.000000000000,128,1.000000000000,0,0.000000000000
96,Y128,128,1,Y,0,0.000000000000,0,0.000000000000,128,1.000000000000,0,0.000000000000
97,Y128,128,1,Y,0,0.000000000000,0,0.000000000000,128,1.000000000000,0,0.000000000000
98,Y128,128,1,Y,0,0.000000000000,0,0.000000000000,128,1.000000000000,0,0.000000000000
99,Y128,128,1,Y,0,0.000000000000,0,0.000000000000,128,1.000000000000,0,0.000000000000
100,Y128,128,1,Y,0,0.000000000000,0,0.000000000000,128,1.000000000000,0,0.000000000000
101,Y128,128,1,Y,0,0.000000000000,0,0.000000000000,128,1.000000000000,0,0.000000000000
102,Y128,128,1,Y,0,0.000000000000,0,0.000000000000,128,1.000000000000,0,0.000000000000
103,Y128,128,1,Y,0,0.000000000000,0,0.000000000000,128,1.000000000000,0,0.000000000000
104,Y128,128,1,Y,0,0.000000000000,0,0.000000000000,128,1.000000000000,0,0.000000000000
105,Y128,128,1,Y,0,0.000000000000,0,0.000000000000,128,1.000000000000,0,0.000000000000
106,Y128,128,1,Y,0,0.000000000000,0,0.000000000000,128,1.000000000000,0,0.000000000000
107,Y128,128,1,Y,0,0.000000000000,0,0.000000000000,128,1.000000000000,0,0.000000000000
108,Y128,128,1,Y,0,0.000000000000,0,0.000000000000,128,1.000000000000,0,0.000000000000
109,Y128,128,1,Y,0,0.000000000000,0,0.000000000000,128,1.000000000000,0,0.000000000000
110,Y128,128,1,Y,0,0.000000000000,0,0.000000000000,128,1.000000000000,0,0.000000000000
111,Y128,128,1,Y,0,0.000000000000,0,0.000000000000,128,1.000000000000,0,0.000000000000
112,Y128,128,1,Y,0,0.000000000000,0,0.000000000000,128,1.000000000000,0,0.000000000000
113,Y135,135,1,Y,0,0.000000000000,0,0.000000000000,135,1.000000000000,0,0.000000000000
114,Y137,137,1,Y,0,0.000000000000,0,0.000000000000,137,1.000000000000,0,0.000000000000
115,Zr125,125,1,Zr,0,0.000000000000,0,0.000000000000,0,0.000000000000,125,1.000000000000
116,Zr125,125,1,Zr,0,0.000000000000,0,0.000000000000,0,0.000000000000,125,1.000000000000
117,Zr125,125,1,Zr,0,0.000000000000,0,0.000000000000,0,0.000000000000,125,1.000000000000
118,Zr125,125,1,Zr,0,0.000000000000,0,0.000000000000,0,0.000000000000,125,1.000000000000
119,Zr125,125,1,Zr,0,0.000000000000,0,0.000000000000,0,0.000000000000,125,1.000000000000
120,Zr125,125,1,Zr,0,0.000000000000,0,0.000000000000,0,0.000000000000,125,1.000000000000
121,Zr125,125,1,Zr,0,0.000000000000,0,0.000000000000,0,0.000000000000,125,1.000000000000
122,Zr125,125,1,Zr,0,0.000000000000,0,0.000000000000,0,0.000000000000,125,1.000000000000
123,Zr125,125,1,Zr,0,0.000000000000,0,0.000000000000,0,0.000000000000,125,1.000000000000
124,Zr125,125,1,Zr,0,0.000000000000,0,0.000000000000,0,0.000000000000,125,1.000000000000
125,Zr125,125,1,Zr,0,0.000000000000,0,0.000000000000,0,0.000000000000,125,1.000000000000
126,Zr125,125,1,Zr,0,0.000000000000,0,0.000000000000,0,0.000000000000,125,1.000000000000
127,Zr125,125,1,Zr,0,0.000000000000,0,0.000000000000,0,0.000000000000,125,1.000000000000
128,Zr125,125,1,Zr,0,0.000000000000,0,0.000000000000,0,0.000000000000,125,1.000000000000
129,Zr125,125,1,Zr,0,0.000000000000,0,0.000000000000,0,0.000000000000,125,1.000000000000
130,Zr125,125,1,Zr,0,0.000000000000,0,0.000000000000,0,0.000000000000,125,1.000000000000
131,Zr125,125,1,Zr,0,0.000000000000,0,0.000000000000,0,0.000000000000,125,1.000000000000
132,Zr125,125,1,Zr,0,0.000000000000,0,0.000000000000,0,0.000000000000,125,1.000000000000
133,Zr125,125,1,Zr,0,0.000000000000,0,0.000000000000,0,0.000000000000,125,1.000000000000
134,Zr125,125,1,Zr,0,0.000000000000,0,0.000000000000,0,0.000000000000,125,1.000000000000
135,Zr125,125,1,Zr,0,0.000000000000,0,0.000000000000,0,0.000000000000,125,1.000000000000
136,Zr125,125,1,Zr,0,0.000000000000,0,0.000000000000,0,0.000000000000,125,1.000000000000
137,Zr125,125,1,Zr,0,0.000000000000,0,0.000000000000,0,0.000000000000,125,1.000000000000
138,Zr125,125,1,Zr,0,0.000000000000,0,0.000000000000,0,0.000000000000,125,1.000000000000
139,Zr125,125,1,Zr,0,0.000000000000,0,0.000000000000,0,0.000000000000,125,1.000000000000
140,Zr125,125,1,Zr,0,0.000000000000,0,0.000000000000,0,0.000000000000,125,1.000000000000
141,Zr125,125,1,Zr,0,0.000000000000,0,0.000000000000,0,0.000000000000,125,1.000000000000
142,Zr125,125,1,Zr,0,0.000000000000,0,0.000000000000,0,0.000000000000,125,1.000000000000
143,Zr125,125,1,Zr,0,0.000000000000,0,0.000000000000,0,0.000000000000,125,1.000000000000
144,Zr125,125,1,Zr,0,0.000000000000,0,0.000000000000,0,0.000000000000,125,1.000000000000
145,Zr125,125,1,Zr,0,0.000000000000,0,0.000000000000,0,0.000000000000,125,1.000000000000
146,Zr125,125,1,Zr,0,0.000000000000,0,0.000000000000,0,0.000000000000,125,1.000000000000
147,Zr125,125,1,Zr,0,0.000000000000,0,0.000000000000,0,0.000000000000,125,1.000000000000
148,Zr125,125,1,Zr,0,0.000000000000,0,0.000000000000,0,0.000000000000,125,1.000000000000
149,Zr125,125,1,Zr,0,0.000000000000,0,0.000000000000,0,0.000000000000,125,1.000000000000
150,Zr125,125,1,Zr,0,0.000000000000,0,0.000000000000,0,0.000000000000,125,1.000000000000
151,Zr125,125,1,Zr,0,0.000000000000,0,0.000000000000,0,0.000000000000,125,1.000000000000
152,Zr125,125,1,Zr,0,0.000000000000,0,0.000000000000,0,0.000000000000,125,1.000000000000
153,Zr125,125,1,Zr,0,0.000000000000,0,0.000000000000,0,0.000000000000,125,1.000000000000
154,Zr125,125,1,Zr,0,0.000000000000,0,0.000000000000,0,0.000000000000,125,1.000000000000
155,Zr125,125,1,Zr,0,0.000000000000,0,0.000000000000,0,0.000000000000,125,1.000000000000
156,Zr125,125,1,Zr,0,0.000000000000,0,0.000000000000,0,0.000000000000,125,1.000000000000
157,Zr125,125,1,Zr,0,0.000000000000,0,0.000000000000,0,0.000000000000,125,1.000000000000
158,Zr125,125,1,Zr,0,0.000000000000,0,0.000000000000,0,0.000000000000,125,1.000000000000
159,Zr125,125,1,Zr,0,0.000000000000,0,0.000000000000,0,0.000000000000,125,1.000000000000
160,Zr125,125,1,Zr,0,0.000000000000,0,0.000000000000,0,0.000000000000,125,1.000000000000
161,Zr125,125,1,Zr,0,0.000000000000,0,0.000000000000,0,0.000000000000,125,1.000000000000
162,Zr125,125,1,Zr,0,0.000000000000,0,0.000000000000,0,0.000000000000,125,1.000000000000
163,Zr125,125,1,Zr,0,0.000000000000,0,0.000000000000,0,0.000000000000,125,1.000000000000
164,Zr125,125,1,Zr,0,0.000000000000,0,0.000000000000,0,0.000000000000,125,1.000000000000
165,Zr125,125,1,Zr,0,0.000000000000,0,0.000000000000,0,0.000000000000,125,1.000000000000
166,Zr125,125,1,Zr,0,0.000000000000,0,0.000000000000,0,0.000000000000,125,1.000000000000
167,Zr125,125,1,Zr,0,0.000000000000,0,0.000000000000,0,0.000000000000,125,1.000000000000
168,Zr125,125,1,Zr,0,0.000000000000,0,0.000000000000,0,0.000000000000,125,1.000000000000
169,Zr125,125,1,Zr,0,0.000000000000,0,0.000000000000,0,0.000000000000,125,1.000000000000
170,Zr131,131,1,Zr,0,0.000000000000,0,0.000000000000,0,0.000000000000,131,1.000000000000
171,Zr135,135,1,Zr,0,0.000000000000,0,0.000000000000,0,0.000000000000,135,1.000000000000
172,Y128,128,1,Y,0,0.000000000000,0,0.000000000000,128,1.000000000000,0,0.000000000000
173,Y128,128,1,Y,0,0.000000000000,0,0.000000000000,128,1.000000000000,0,0.000000000000
174,Y128,128,1,Y,0,0.000000000000,0,0.000000000000,128,1.000000000000,0,0.000000000000
175,Y128,128,1,Y,0,0.000000000000,0,0.000000000000,128,1.000000000000,0,0.000000000000
176,Y128,128,1,Y,0,0.000000000000,0,0.000000000000,128,1.000000000000,0,0.000000000000
177,Y128,128,1,Y,0,0.000000000000,0,0.000000000000,128,1.000000000000,0,0.000000000000
178,Y128,128,1,Y,0,0.000000000000,0,0.000000000000,128,1.000000000000,0,0.000000000000
179,Y128,128,1,Y,0,0.000000000000,0,0.000000000000,128,1.000000000000,0,0.000000000000
180,Y128,128,1,Y,0,0.000000000000,0,0.000000000000,128,1.000000000000,0,0.000000000000
181,Y128,128,1,Y,0,0.000000000000,0,0.000000000000,128,1.000000000000,0,0.000000000000
182,Y128,128,1,Y,0,0.000000000000,0,0.000000000000,128,1.000000000000,0,0.000000000000
183,Y128,128,1,Y,0,0.000000000000,0,0.000000000000,128,1.000000000000,0,0.000000000000
184,Y128,128,1,Y,0,0.000000000000,0,0.000000000000,128,1.000000000000,0,0.000000000000
185,Y128,128,1,Y,0,0.000000000000,0,0.000000000000,128,1.000000000000,0,0.000000000000
186,Y128,128,1,Y,0,0.000000000000,0,0.000000000000,128,1.000000000000,0,0.000000000000
187,Y128,128,1,Y,0,0.000000000000,0,0.000000000000,128,1.000000000000,0,0.000000000000
188,Y128,128,1,Y,0,0.000000000000,0,0.000000000000,128,1.000000000000,0,0.000000000000
189,Y128,128,1,Y,0,0.000000000000,0,0.000000000000,128,1.000000000000,0,0.000000000000
190,Y128,128,1,Y,0,0.000000000000,0,0.000000000000,128,1.000000000000,0,0.000000000000
191,Y128,128,1,Y,0,0.000000000000,0,0.000000000000,128,1.000000000000,0,0.000000000000
192,Y128,128,1,Y,0,0.000000000000,0,0.000000000000,128,1.000000000000,0,0.000000000000
193,Y128,128,1,Y,0,0.000000000000,0,0.000000000000,128,1.000000000000,0,0.000000000000
194,Y128,128,1,Y,0,0.000000000000,0,0.000000000000,128,1.000000000000,0,0.000000000000
195,Y128,128,1,Y,0,0.000000000000,0,0.000000000000,128,1.000000000000,0,0.000000000000
196,Y128,128,1,Y,0,0.000000000000,0,0.000000000000,128,1.000000000000,0,0.000000000000
197,Y128,128,1,Y,0,0.000000000000,0,0.000000000000,128,1.000000000000,0,0.000000000000
198,Y128,128,1,Y,0,0.000000000000,0,0.000000000000,128,1.000000000000,0,0.000000000000
199,Y128,128,1,Y,0,0.000000000000,0,0.000000000000,128,1.000000000000,0,0.000000000000
200,Y128,128,1,Y,0,0.000000000000,0,0.000000000000,128,1.000000000000,0,0.000000000000
201,Y128,128,1,Y,0,0.000000000000,0,0.000000000000,128,1.000000000000,0,0.000000000000
202,Y128,128,1,Y,0,0.000000000000,0,0.000000000000,128,1.000000000000,0,0.000000000000
203,Y128,128,1,Y,0,0.000000000000,0,0.000000000000,128,1.000000000000,0,0.000000000000
204,Y128,128,1,Y,0,0.000000000000,0,0.000000000000,128,1.000000000000,0,0.000000000000
205,Y128,128,1,Y,0,0.000000000000,0,0.000000000000,128,1.000000000000,0,0.000000000000
206,Y128,128,1,Y,0,0.000000000000,0,0.000000000000,128,1.000000000000,0,0.000000000000
207,Y128,128,1,Y,0,0.000000000000,0,0.000000000000,128,1.000000000000,0,0.000000000000
208,Y128,128,1,Y,0,0.000000000000,0,0.000000000000,128,1.000000000000,0,0.000000000000
209,Y128,128,1,Y,0,0.000000000000,0,0.000000000000,128,1.000000000000,0,0.000000000000
210,Y128,128,1,Y,0,0.000000000000,0,0.000000000000,128,1.000000000000,0,0.000000000000
211,Y128,128,1,Y,0,0.000000000000,0,0.000000000000,128,1.000000000000,0,0.000000000000
212,Y128,128,1,Y,0,0.000000000000,0,0.000000000000,128,1.000000000000,0,0.000000000000
213,Y128,128,1,Y,0,0.000000000000,0,0.000000000000,128,1.000000000000,0,0.000000000000
214,Y128,128,1,Y,0,0.000000000000,0,0.000000000000,128,1.000000000000,0,0.000000000000
215,Y128,128,1,Y,0,0.000000000000,0,0.000000000000,128,1.000000000000,0,0.000000000000
216,Y128,128,1,Y,0,0.000000000000,0,0.000000000000,128,1.000000000000,0,0.000000000000
217,Y128,128,1,Y,0,0.000000000000,0,0.000000000000,128,1.000000000000,0,0.000000000000
218,Y128,128,1,Y,0,0.000000000000,0,0.000000000000,128,1.000000000000,0,0.000000000000
219,Y128,128,1,Y,0,0.000000000000,0,0.000000000000,128,1.000000000000,0,0.000000000000
220,Y128,128,1,Y,0,0.000000000000,0,0.000000000000,128,1.000000000000,0,0.000000000000
221,Y128,128,1,Y,0,0.000000000000,0,0.000000000000,128,1.000000000000,0,0.000000000000
222,Y128,128,1,Y,0,0.000000000000,0,0.000000000000,128,1.000000000000,0,0.000000000000
223,Y128,128,1,Y,0,0.000000000000,0,0.000000000000,128,1.000000000000,0,0.000000000000
224,Y128,128,1,Y,0,0.000000000000,0,0.000000000000,128,1.000000000000,0,0.000000000000
225,Y128,128,1,Y,0,0.000000000000,0,0.000000000000,128,1.000000000000,0,0.000000000000
226,Y128,128,1,Y,0,0.000000000000,0,0.000000000000,128,1.000000000000,0,0.000000000000
227,Y135,135,1,Y,0,0.000000000000,0,0.000000000000,135,1.000000000000,0,0.000000000000
228,Zr125,125,1,Zr,0,0.000000000000,0,0.000000000000,0,0.000000000000,125,1.000000000000
229,Zr125,125,1,Zr,0,0.000000000000,0,0.000000000000,0,0.000000000000,125,1.000000000000
230,Zr125,125,1,Zr,0,0.000000000000,0,0.000000000000,0,0.000000000000,125,1.000000000000
231,Zr125,125,1,Zr,0,0.000000000000,0,0.000000000000,0,0.000000000000,125,1.000000000000
232,Zr125,125,1,Zr,0,0.000000000000,0,0.000000000000,0,0.000000000000,125,1.000000000000
233,Zr125,125,1,Zr,0,0.000000000000,0,0.000000000000,0,0.000000000000,125,1.000000000000
234,Zr125,125,1,Zr,0,0.000000000000,0,0.000000000000,0,0.000000000000,125,1.000000000000
235,Zr125,125,1,Zr,0,0.000000000000,0,0.000000000000,0,0.000000000000,125,1.000000000000
236,Zr125,125,1,Zr,0,0.000000000000,0,0.000000000000,0,0.000000000000,125,1.000000000000
237,Zr125,125,1,Zr,0,0.000000000000,0,0.000000000000,0,0.000000000000,125,1.000000000000
238,Zr125,125,1,Zr,0,0.000000000000,0,0.000000000000,0,0.000000000000,125,1.000000000000
239,Zr125,125,1,Zr,0,0.000000000000,0,0.000000000000,0,0.000000000000,125,1.000000000000
240,Zr125,125,1,Zr,0,0.000000000000,0,0.000000000000,0,0.000000000000,125,1.000000000000
241,Zr125,125,1,Zr,0,0.000000000000,0,0.000000000000,0,0.000000000000,125,1.000000000000
242,Zr125,125,1,Zr,0,0.000000000000,0,0.000000000000,0,0.000000000000,125,1.000000000000
243,Zr125,125,1,Zr,0,0.000000000000,0,0.000000000000,0,0.000000000000,125,1.000000000000
244,Zr125,125,1,Zr,0,0.000000000000,0,0.000000000000,0,0.000000000000,125,1.000000000000
245,Zr125,125,1,Zr,0,0.000000000000,0,0.000000000000,0,0.000000000000,125,1.000000000000
246,Zr125,125,1,Zr,0,0.000000000000,0,0.000000000000,0,0.000000000000,125,1.000000000000
247,Zr125,125,1,Zr,0,0.000000000000,0,0.000000000000,0,0.000000000000,125,1.000000000000
248,Zr125,125,1,Zr,0,0.000000000000,0,0.000000000000,0,0.000000000000,125,1.000000000000
249,Zr125,125,1,Zr,0,0.000000000000,0,0.000000000000,0,0.000000000000,125,1.000000000000
250,Zr125,125,1,Zr,0,0.000000000000,0,0.000000000000,0,0.000000000000,125,1.000000000000
251,Zr125,125,1,Zr,0,0.000000000000,0,0.000000000000,0,0.000000000000,125,1.000000000000
252,Zr125,125,1,Zr,0,0.000000000000,0,0.000000000000,0,0.000000000000,125,1.000000000000
253,Zr125,125,1,Zr,0,0.000000000000,0,0.000000000000,0,0.000000000000,125,1.000000000000
254,Zr125,125,1,Zr,0,0.000000000000,0,0.000000000000,0,0.000000000000,125,1.000000000000
255,Zr125,125,1,Zr,0,0.000000000000,0,0.000000000000,0,0.000000000000,125,1.000000000000
256,Zr125,125,1,Zr,0,0.000000000000,0,0.000000000000,0,0.000000000000,125,1.000000000000
257,Zr125,125,1,Zr,0,0.000000000000,0,0.000000000000,0,0.000000000000,125,1.000000000000
258,Zr125,125,1,Zr,0,0.000000000000,0,0.000000000000,0,0.000000000000,125,1.000000000000
259,Zr125,125,1,Zr,0,0.000000000000,0,0.000000000000,0,0.000000000000,125,1.000000000000
260,Zr125,125,1,Zr,0,0.000000000000,0,0.000000000000,0,0.000000000000,125,1.000000000000
261,Zr125,125,1,Zr,0,0.000000000000,0,0.000000000000,0,0.000000000000,125,1.000000000000
262,Zr125,125,1,Zr,0,0.000000000000,0,0.000000000000,0,0.000000000000,125,1.000000000000
263,Zr125,125,1,Zr,0,0.000000000000,0,0.000000000000,0,0.000000000000,125,1.000000000000
264,Zr125,125,1,Zr,0,0.000000000000,0,0.000000000000,0,0.000000000000,125,1.000000000000
265,Zr125,125,1,Zr,0,0.000000000000,0,0.000000000000,0,0.000000000000,125,1.000000000000
266,Zr125,125,1,Zr,0,0.000000000000,0,0.000000000000,0,0.000000000000,125,1.000000000000
267,Zr125,125,1,Zr,0,0.000000000000,0,0.000000000000,0,0.000000000000,125,1.000000000000
268,Zr125,125,1,Zr,0,0.000000000000,0,0.000000000000,0,0.000000000000,125,1.000000000000
269,Zr125,125,1,Zr,0,0.000000000000,0,0.000000000000,0,0.000000000000,125,1.000000000000
270,Zr125,125,1,Zr,0,0.000000000000,0,0.000000000000,0,0.000000000000,125,1.000000000000
271,Zr125,125,1,Zr,0,0.000000000000,0,0.000000000000,0,0.000000000000,125,1.000000000000
272,Zr125,125,1,Zr,0,0.000000000000,0,0.000000000000,0,0.000000000000,125,1.000000000000
273,Zr125,125,1,Zr,0,0.000000000000,0,0.000000000000,0,0.000000000000,125,1.000000000000
274,Zr125,125,1,Zr,0,0.000000000000,0,0.000000000000,0,0.000000000000,125,1.000000000000
275,Zr125,125,1,Zr,0,0.000000000000,0,0.000000000000,0,0.000000000000,125,1.000000000000
276,Zr125,125,1,Zr,0,0.000000000000,0,0.000000000000,0,0.000000000000,125,1.000000000000
277,Zr125,125,1,Zr,0,0.000000000000,0,0.000000000000,0,0.000000000000,125,1.000000000000
278,Zr125,125,1,Zr,0,0.000000000000,0,0.000000000000,0,0.000000000000,125,1.000000000000
279,Zr125,125,1,Zr,0,0.000000000000,0,0.000000000000,0,0.000000000000,125,1.000000000000
280,Zr125,125,1,Zr,0,0.000000000000,0,0.000000000000,0,0.000000000000,125,1.000000000000
281,Zr125,125,1,Zr,0,0.000000000000,0,0.000000000000,0,0.000000000000,125,1.000000000000
282,Zr125,125,1,Zr,0,0.000000000000,0,0.000000000000,0,0.000000000000,125,1.000000000000
283,Zr133,133,1,Zr,0,0.000000000000,0,0.000000000000,0,0.000000000000,133,1.000000000000
284,Zr128,128,1,Zr,0,0.000000000000,0,0.000000000000,0,0.000000000000,128,1.000000000000
285,Zr128,128,1,Zr,0,0.000000000000,0,0.000000000000,0,0.000000000000,128,1.000000000000
286,Zr128,128,1,Zr,0,0.000000000000,0,0.000000000000,0,0.000000000000,128,1.000000000000
287,Zr128,128,1,Zr,0,0.000000000000,0,0.000000000000,0,0.000000000000,128,1.000000000000
288,Zr128,128,1,Zr,0,0.000000000000,0,0.000000000000,0,0.000000000000,128,1.000000000000
289,Zr128,128,1,Zr,0,0.000000000000,0,0.000000000000,0,0.000000000000,128,1.000000000000
290,Zr128,128,1,Zr,0,0.000000000000,0,0.000000000000,0,0.000000000000,128,1.000000000000
291,Zr128,128,1,Zr,0,0.000000000000,0,0.000000000000,0,0.000000000000,128,1.000000000000
292,Zr128,128,1,Zr,0,0.000000000000,0,0.000000000000,0,0.000000000000,128,1.000000000000
293,Zr128,128,1,Zr,0,0.000000000000,0,0.000000000000,0,0.000000000000,128,1.000000000000
294,Zr128,128,1,Zr,0,0.000000000000,0,0.000000000000,0,0.000000000000,128,1.000000000000
295,Zr128,128,1,Zr,0,0.000000000000,0,0.000000000000,0,0.000000000000,128,1.000000000000
296,Zr128,128,1,Zr,0,0.000000000000,0,0.000000000000,0,0.000000000000,128,1.000000000000
297,Zr128,128,1,Zr,0,0.000000000000,0,0.000000000000,0,0.000000000000,128,1.000000000000
298,Zr128,128,1,Zr,0,0.000000000000,0,0.000000000000,0,0.000000000000,128,1.000000000000
299,Zr128,128,1,Zr,0,0.000000000000,0,0.000000000000,0,0.000000000000,128,1.000000000000
300,Zr128,128,1,Zr,0,0.000000000000,0,0.000000000000,0,0.000000000000,128,1.000000000000
301,Zr128,128,1,Zr,0,0.000000000000,0,0.000000000000,0,0.000000000000,128,1.000000000000
302,Zr128,128,1,Zr,0,0.000000000000,0,0.000000000000,0,0.000000000000,128,1.000000000000
303,Zr128,128,1,Zr,0,0.000000000000,0,0.000000000000,0,0.000000000000,128,1.000000000000
304,Zr128,128,1,Zr,0,0.000000000000,0,0.000000000000,0,0.000000000000,128,1.000000000000
305,Zr128,128,1,Zr,0,0.000000000000,0,0.000000000000,0,0.000000000000,128,1.000000000000
306,Zr128,128,1,Zr,0,0.000000000000,0,0.000000000000,0,0.000000000000,128,1.000000000000
307,Zr128,128,1,Zr,0,0.000000000000,0,0.000000000000,0,0.000000000000,128,1.000000000000
308,Zr128,128,1,Zr,0,0.000000000000,0,0.000000000000,0,0.000000000000,128,1.000000000000
309,Zr128,128,1,Zr,0,0.000000000000,0,0.000000000000,0,0.000000000000,128,1.000000000000
310,Zr128,128,1,Zr,0,0.000000000000,0,0.000000000000,0,0.000000000000,128,1.000000000000
311,Zr128,128,1,Zr,0,0.000000000000,0,0.000000000000,0,0.000000000000,128,1.000000000000
312,Zr128,128,1,Zr,0,0.000000000000,0,0.000000000000,0,0.000000000000,128,1.000000000000
313,Zr128,128,1,Zr,0,0.000000000000,0,0.000000000000,0,0.000000000000,128,1.000000000000
314,Zr128,128,1,Zr,0,0.000000000000,0,0.000000000000,0,0.000000000000,128,1.000000000000
315,Zr128,128,1,Zr,0,0.000000000000,0,0.000000000000,0,0.000000000000,128,1.000000000000
316,Zr128,128,1,Zr,0,0.000000000000,0,0.000000000000,0,0.000000000000,128,1.000000000000
317,Zr128,128,1,Zr,0,0.000000000000,0,0.000000000000,0,0.000000000000,128,1.000000000000
318,Zr128,128,1,Zr,0,0.000000000000,0,0.000000000000,0,0.000000000000,128,1.000000000000
319,Zr128,128,1,Zr,0,0.000000000000,0,0.000000000000,0,0.000000000000,128,1.000000000000
320,Zr128,128,1,Zr,0,0.000000000000,0,0.000000000000,0,0.000000000000,128,1.000000000000
321,Zr128,128,1,Zr,0,0.000000000000,0,0.000000000000,0,0.000000000000,128,1.000000000000
322,Zr128,128,1,Zr,0,0.000000000000,0,0.000000000000,0,0.000000000000,128,1.000000000000
323,Zr128,128,1,Zr,0,0.000000000000,0,0.000000000000,0,0.000000000000,128,1.000000000000
324,Zr128,128,1,Zr,0,0.000000000000,0,0.000000000000,0,0.000000000000,128,1.000000000000
325,Zr128,128,1,Zr,0,0.000000000000,0,0.000000000000,0,0.000000000000,128,1.000000000000
326,Zr128,128,1,Zr,0,0.000000000000,0,0.000000000000,0,0.000000000000,128,1.000000000000
327,Zr128,128,1,Zr,0,0.000000000000,0,0.000000000000,0,0.000000000000,128,1.000000000000
328,Zr128,128,1,Zr,0,0.000000000000,0,0.000000000000,0,0.000000000000,128,1.000000000000
329,Zr128,128,1,Zr,0,0.000000000000,0,0.000000000000,0,0.000000000000,128,1.000000000000
330,Zr128,128,1,Zr,0,0.000000000000,0,0.000000000000,0,0.000000000000,128,1.000000000000
331,Zr128,128,1,Zr,0,0.000000000000,0,0.000000000000,0,0.000000000000,128,1.000000000000
332,Zr128,128,1,Zr,0,0.000000000000,0,0.000000000000,0,0.000000000000,128,1.000000000000
333,Zr128,128,1,Zr,0,0.000000000000,0,0.000000000000,0,0.000000000000,128,1.000000000000
334,Zr128,128,1,Zr,0,0.000000000000,0,0.000000000000,0,0.000000000000,128,1.000000000000
335,Zr128,128,1,Zr,0,0.000000000000,0,0.000000000000,0,0.000000000000,128,1.000000000000
336,Zr128,128,1,Zr,0,0.000000000000,0,0.000000000000,0,0.000000000000,128,1.000000000000
337,Zr128,128,1,Zr,0,0.000000000000,0,0.000000000000,0,0.000000000000,128,1.000000000000
338,Zr128,128,1,Zr,0,0.000000000000,0,0.000000000000,0,0.000000000000,128,1.000000000000
339,Zr128,128,1,Zr,0,0.000000000000,0,0.000000000000,0,0.000000000000,128,1.000000000000
340,Zr118,118,1,Zr,0,0.000000000000,0,0.000000000000,0,0.000000000000,118,1.000000000000
341,Zr137,137,1,Zr,0,0.000000000000,0,0.000000000000,0,0.000000000000,137,1.000000000000
342,Zr140,140,1,Zr,0,0.000000000000,0,0.000000000000,0,0.000000000000,140,1.000000000000
343,Zr139,139,1,Zr,0,0.000000000000,0,0.000000000000,0,0.000000000000,139,1.000000000000
344,W125,125,1,W,0,0.000000000000,125,1.000000000000,0,0.000000000000,0,0.000000000000
345,W125,125,1,W,0,0.000000000000,125,1.000000000000,0,0.000000000000,0,0.000000000000
346,W125,125,1,W,0,0.000000000000,125,1.000000000000,0,0.000000000000,0,0.000000000000
347,W125,125,1,W,0,0.000000000000,125,1.000000000000,0,0.000000000000,0,0.000000000000
348,W125,125,1,W,0,0.000000000000,125,1.000000000000,0,0.000000000000,0,0.000000000000
349,W125,125,1,W,0,0.000000000000,125,1.000000000000,0,0.000000000000,0,0.000000000000
350,W125,125,1,W,0,0.000000000000,125,1.000000000000,0,0.000000000000,0,0.000000000000
351,W125,125,1,W,0,0.000000000000,125,1.000000000000,0,0.000000000000,0,0.000000000000
352,W125,125,1,W,0,0.000000000000,125,1.000000000000,0,0.000000000000,0,0.000000000000
353,W125,125,1,W,0,0.000000000000,125,1.000000000000,0,0.000000000000,0,0.000000000000
354,W125,125,1,W,0,0.000000000000,125,1.000000000000,0,0.000000000000,0,0.000000000000
355,W125,125,1,W,0,0.000000000000,125,1.000000000000,0,0.000000000000,0,0.000000000000
356,W125,125,1,W,0,0.000000000000,125,1.000000000000,0,0.000000000000,0,0.000000000000
357,W125,125,1,W,0,0.000000000000,125,1.000000000000,0,0.000000000000,0,0.000000000000
358,W125,125,1,W,0,0.000000000000,125,1.000000000000,0,0.000000000000,0,0.000000000000
359,W125,125,1,W,0,0.000000000000,125,1.000000000000,0,0.000000000000,0,0.000000000000
360,W125,125,1,W,0,0.000000000000,125,1.000000000000,0,0.000000000000,0,0.000000000000
361,W125,125,1,W,0,0.000000000000,125,1.000000000000,0,0.000000000000,0,0.000000000000
362,W125,125,1,W,0,0.000000000000,125,1.000000000000,0,0.000000000000,0,0.000000000000
363,W125,125,1,W,0,0.000000000000,125,1.000000000000,0,0.000000000000,0,0.000000000000
364,W125,125,1,W,0,0.000000000000,125,1.000000000000,0,0.000000000000,0,0.000000000000
365,W125,125,1,W,0,0.000000000000,125,1.000000000000,0,0.000000000000,0,0.000000000000
366,W125,125,1,W,0,0.000000000000,125,1.000000000000,0,0.000000000000,0,0.000000000000
367,W125,125,1,W,0,0.000000000000,125,1.000000000000,0,0.000000000000,0,0.000000000000
368,W125,125,1,W,0,0.000000000000,125,1.000000000000,0,0.000000000000,0,0.000000000000
369,W125,125,1,W,0,0.000000000000,125,1.000000000000,0,0.000000000000,0,0.000000000000
370,W125,125,1,W,0,0.000000000000,125,1.000000000000,0,0.000000000000,0,0.000000000000
371,W125,125,1,W,0,0.000000000000,125,1.000000000000,0,0.000000000000,0,0.000000000000
372,W125,125,1,W,0,0.000000000000,125,1.000000000000,0,0.000000000000,0,0.000000000000
373,W125,125,1,W,0,0.000000000000,125,1.000000000000,0,0.000000000000,0,0.000000000000
374,W125,125,1,W,0,0.000000000000,125,1.000000000000,0,0.000000000000,0,0.000000000000
375,W125,125,1,W,0,0.000000000000,125,1.000000000000,0,0.000000000000,0,0.000000000000
376,W125,125,1,W,0,0.000000000000,125,1.000000000000,0,0.000000000000,0,0.000000000000
377,W125,125,1,W,0,0.000000000000,125,1.000000000000,0,0.000000000000,0,0.000000000000
378,W125,125,1,W,0,0.000000000000,125,1.000000000000,0,0.000000000000,0,0.000000000000
379,W125,125,1,W,0,0.000000000000,125,1.000000000000,0,0.000000000000,0,0.000000000000
380,W125,125,1,W,0,0.000000000000,125,1.000000000000,0,0.000000000000,0,0.000000000000
381,W125,125,1,W,0,0.000000000000,125,1.000000000000,0,0.000000000000,0,0.000000000000
382,W125,125,1,W,0,0.000000000000,125,1.000000000000,0,0.000000000000,0,0.000000000000
383,W125,125,1,W,0,0.000000000000,125,1.000000000000,0,0.000000000000,0,0.000000000000
384,W125,125,1,W,0,0.000000000000,125,1.000000000000,0,0.000000000000,0,0.000000000000
385,W125,125,1,W,0,0.000000000000,125,1.000000000000,0,0.000000000000,0,0.000000000000
386,W125,125,1,W,0,0.000000000000,125,1.000000000000,0,0.000000000000,0,0.000000000000
387,W125,125,1,W,0,0.000000000000,125,1.000000000000,0,0.000000000000,0,0.000000000000
388,W125,125,1,W,0,0.000000000000,125,1.000000000000,0,0.000000000000,0,0.000000000000
389,W125,125,1,W,0,0.000000000000,125,1.000000000000,0,0.000000000000,0,0.000000000000
390,W125,125,1,W,0,0.000000000000,125,1.000000000000,0,0.000000000000,0,0.000000000000
391,W125,125,1,W,0,0.000000000000,125,1.000000000000,0,0.000000000000,0,0.000000000000
392,W125,125,1,W,0,0.000000000000,125,1.000000000000,0,0.000000000000,0,0.000000000000
393,W125,125,1,W,0,0.000000000000,125,1.000000000000,0,0.000000000000,0,0.000000000000
394,W125,125,1,W,0,0.000000000000,125,1.000000000000,0,0.000000000000,0,0.000000000000
395,W125,125,1,W,0,0.000000000000,125,1.000000000000,0,0.000000000000,0,0.000000000000
396,W125,125,1,W,0,0.000000000000,125,1.000000000000,0,0.000000000000,0,0.000000000000
397,W125,125,1,W,0,0.000000000000,125,1.000000000000,0,0.000000000000,0,0.000000000000
398,W125,125,1,W,0,0.000000000000,125,1.000000000000,0,0.000000000000,0,0.000000000000
399,W125,125,1,W,0,0.000000000000,125,1.000000000000,0,0.000000000000,0,0.000000000000
400,W125,125,1,W,0,0.000000000000,125,1.000000000000,0,0.000000000000,0,0.000000000000
401,W125,125,1,W,0,0.000000000000,125,1.000000000000,0,0.000000000000,0,0.000000000000
402,W125,125,1,W,0,0.000000000000,125,1.000000000000,0,0.000000000000,0,0.000000000000
403,W114,114,1,W,0,0.000000000000,114,1.000000000000,0,0.000000000000,0,0.000000000000
404,W135,135,1,W,0,0.000000000000,135,1.000000000000,0,0.000000000000,0,0.000000000000
405,W134,134,1,W,0,0.000000000000,134,1.000000000000,0,0.000000000000,0,0.000000000000
406,W125,125,1,W,0,0.000000000000,125,1.000000000000,0,0.000000000000,0,0.000000000000
407,W125,125,1,W,0,0.000000000000,125,1.000000000000,0,0.000000000000,0,0.000000000000
408,W125,125,1,W,0,0.000000000000,125,1.000000000000,0,0.000000000000,0,0.000000000000
409,W125,125,1,W,0,0.000000000000,125,1.000000000000,0,0.000000000000,0,0.000000000000
410,W125,125,1,W,0,0.000000000000,125,1.000000000000,0,0.000000000000,0,0.000000000000
411,W125,125,1,W,0,0.000000000000,125,1.000000000000,0,0.000000000000,0,0.000000000000
412,W125,125,1,W,0,0.000000000000,125,1.000000000000,0,0.000000000000,0,0.000000000000
413,W125,125,1,W,0,0.000000000000,125,1.000000000000,0,0.000000000000,0,0.000000000000
414,W125,125,1,W,0,0.000000000000,125,1.000000000000,0,0.000000000000,0,0.000000000000
415,W125,125,1,W,0,0.000000000000,125,1.000000000000,0,0.000000000000,0,0.000000000000
416,W125,125,1,W,0,0.000000000000,125,1.000000000000,0,0.000000000000,0,0.000000000000
417,W125,125,1,W,0,0.000000000000,125,1.000000000000,0,0.000000000000,0,0.000000000000
418,W125,125,1,W,0,0.000000000000,125,1.000000000000,0,0.000000000000,0,0.000000000000
419,W125,125,1,W,0,0.000000000000,125,1.000000000000,0,0.000000000000,0,0.000000000000
420,W125,125,1,W,0,0.000000000000,125,1.000000000000,0,0.000000000000,0,0.000000000000
421,W125,125,1,W,0,0.000000000000,125,1.000000000000,0,0.000000000000,0,0.000000000000
422,W125,125,1,W,0,0.000000000000,125,1.000000000000,0,0.000000000000,0,0.000000000000
423,W125,125,1,W,0,0.000000000000,125,1.000000000000,0,0.000000000000,0,0.000000000000
424,W125,125,1,W,0,0.000000000000,125,1.000000000000,0,0.000000000000,0,0.000000000000
425,W125,125,1,W,0,0.000000000000,125,1.000000000000,0,0.000000000000,0,0.000000000000
426,W125,125,1,W,0,0.000000000000,125,1.000000000000,0,0.000000000000,0,0.000000000000
427,W125,125,1,W,0,0.000000000000,125,1.000000000000,0,0.000000000000,0,0.000000000000
428,W125,125,1,W,0,0.000000000000,125,1.000000000000,0,0.000000000000,0,0.000000000000
429,W125,125,1,W,0,0.000000000000,125,1.000000000000,0,0.000000000000,0,0.000000000000
430,W125,125,1,W,0,0.000000000000,125,1.000000000000,0,0.000000000000,0,0.000000000000
431,W125,125,1,W,0,0.000000000000,125,1.000000000000,0,0.000000000000,0,0.000000000000
432,W125,125,1,W,0,0.000000000000,125,1.000000000000,0,0.000000000000,0,0.000000000000
433,W125,125,1,W,0,0.000000000000,125,1.000000000000,0,0.000000000000,0,0.000000000000
434,W125,125,1,W,0,0.000000000000,125,1.000000000000,0,0.000000000000,0,0.000000000000
435,W125,125,1,W,0,0.000000000000,125,1.000000000000,0,0.000000000000,0,0.000000000000
436,W125,125,1,W,0,0.000000000000,125,1.000000000000,0,0.000000000000,0,0.000000000000
437,W125,125,1,W,0,0.000000000000,125,1.000000000000,0,0.000000000000,0,0.000000000000
438,W125,125,1,W,0,0.000000000000,125,1.000000000000,0,0.000000000000,0,0.000000000000
439,W125,125,1,W,0,0.000000000000,125,1.000000000000,0,0.000000000000,0,0.000000000000
440,W125,125,1,W,0,0.000000000000,125,1.000000000000,0,0.000000000000,0,0.000000000000
441,W125,125,1,W,0,0.000000000000,125,1.000000000000,0,0.000000000000,0,0.000000000000
442,W125,125,1,W,0,0.000000000000,125,1.000000000000,0,0.000000000000,0,0.000000000000
443,W125,125,1,W,0,0.000000000000,125,1.000000000000,0,0.000000000000,0,0.000000000000
444,W125,125,1,W,0,0.000000000000,125,1.000000000000,0,0.000000000000,0,0.000000000000
445,W125,125,1,W,0,0.000000000000,125,1.000000000000,0,0.000000000000,0,0.000000000000
446,W125,125,1,W,0,0.000000000000,125,1.000000000000,0,0.000000000000,0,0.000000000000
447,W125,125,1,W,0,0.000000000000,125,1.000000000000,0,0.000000000000,0,0.000000000000
448,W125,125,1,W,0,0.000000000000,125,1.000000000000,0,0.000000000000,0,0.000000000000
449,W125,125,1,W,0,0.000000000000,125,1.000000000000,0,0.000000000000,0,0.000000000000
450,W125,125,1,W,0,0.000000000000,125,1.000000000000,0,0.000000000000,0,0.000000000000
451,W125,125,1,W,0,0.000000000000,125,1.000000000000,0,0.000000000000,0,0.000000000000
452,W125,125,1,W,0,0.000000000000,125,1.000000000000,0,0.000000000000,0,0.000000000000
453,W125,125,1,W,0,0.000000000000,125,1.000000000000,0,0.000000000000,0,0.000000000000
454,W125,125,1,W,0,0.000000000000,125,1.000000000000,0,0.000000000000,0,0.000000000000
455,W125,125,1,W,0,0.000000000000,125,1.000000000000,0,0.000000000000,0,0.000000000000
456,W125,125,1,W,0,0.000000000000,125,1.000000000000,0,0.000000000000,0,0.000000000000
457,W125,125,1,W,0,0.000000000000,125,1.000000000000,0,0.000000000000,0,0.000000000000
458,W125,125,1,W,0,0.000000000000,125,1.000000000000,0,0.000000000000,0,0.000000000000
459,W125,125,1,W,0,0.000000000000,125,1.000000000000,0,0.000000000000,0,0.000000000000
460,W125,125,1,W,0,0.000000000000,125,1.000000000000,0,0.000000000000,0,0.000000000000
461,W125,125,1,W,0,0.000000000000,125,1.000000000000,0,0.000000000000,0,0.000000000000
462,W125,125,1,W,0,0.000000000000,125,1.000000000000,0,0.000000000000,0,0.000000000000
463,W125,125,1,W,0,0.000000000000,125,1.000000000000,0,0.000000000000,0,0.000000000000
464,W115,115,1,W,0,0.000000000000,115,1.000000000000,0,0.000000000000,0,0.000000000000
465,W136,136,1,W,0,0.000000000000,136,1.000000000000,0,0.000000000000,0,0.000000000000
466,W131,131,1,W,0,0.000000000000,131,1.000000000000,0,0.000000000000,0,0.000000000000
467,W135,135,1,W,0,0.000000000000,135,1.000000000000,0,0.000000000000,0,0.000000000000
468,W128,128,1,W,0,0.000000000000,128,1.000000000000,0,0.000000000000,0,0.000000000000
469,W128,128,1,W,0,0.000000000000,128,1.000000000000,0,0.000000000000,0,0.000000000000
470,W128,128,1,W,0,0.000000000000,128,1.000000000000,0,0.000000000000,0,0.000000000000
471,W128,128,1,W,0,0.000000000000,128,1.000000000000,0,0.000000000000,0,0.000000000000
472,W128,128,1,W,0,0.000000000000,128,1.000000000000,0,0.000000000000,0,0.000000000000
473,W128,128,1,W,0,0.000000000000,128,1.000000000000,0,0.000000000000,0,0.000000000000
474,W128,128,1,W,0,0.000000000000,128,1.000000000000,0,0.000000000000,0,0.000000000000
475,W128,128,1,W,0,0.000000000000,128,1.000000000000,0,0.000000000000,0,0.000000000000
476,W128,128,1,W,0,0.000000000000,128,1.000000000000,0,0.000000000000,0,0.000000000000
477,W128,128,1,W,0,0.000000000000,128,1.000000000000,0,0.000000000000,0,0.000000000000
478,W128,128,1,W,0,0.000000000000,128,1.000000000000,0,0.000000000000,0,0.000000000000
479,W128,128,1,W,0,0.000000000000,128,1.000000000000,0,0.000000000000,0,0.000000000000
480,W128,128,1,W,0,0.000000000000,128,1.000000000000,0,0.000000000000,0,0.000000000000
481,W128,128,1,W,0,0.000000000000,128,1.000000000000,0,0.000000000000,0,0.000000000000
482,W128,128,1,W,0,0.000000000000,128,1.000000000000,0,0.000000000000,0,0.000000000000
483,W128,128,1,W,0,0.000000000000,128,1.000000000000,0,0.000000000000,0,0.000000000000
484,W128,128,1,W,0,0.000000000000,128,1.000000000000,0,0.000000000000,0,0.000000000000
485,W128,128,1,W,0,0.000000000000,128,1.000000000000,0,0.000000000000,0,0.000000000000
486,W128,128,1,W,0,0.000000000000,128,1.000000000000,0,0.000000000000,0,0.000000000000
487,W128,128,1,W,0,0.000000000000,128,1.000000000000,0,0.000000000000,0,0.000000000000
488,W128,128,1,W,0,0.000000000000,128,1.000000000000,0,0.000000000000,0,0.000000000000
489,W128,128,1,W,0,0.000000000000,128,1.000000000000,0,0.000000000000,0,0.000000000000
490,W128,128,1,W,0,0.000000000000,128,1.000000000000,0,0.000000000000,0,0.000000000000
491,W128,128,1,W,0,0.000000000000,128,1.000000000000,0,0.000000000000,0,0.000000000000
492,W128,128,1,W,0,0.000000000000,128,1.000000000000,0,0.000000000000,0,0.000000000000
493,W128,128,1,W,0,0.000000000000,128,1.000000000000,0,0.000000000000,0,0.000000000000
494,W128,128,1,W,0,0.000000000000,128,1.000000000000,0,0.000000000000,0,0.000000000000
495,W128,128,1,W,0,0.000000000000,128,1.000000000000,0,0.000000000000,0,0.000000000000
496,W128,128,1,W,0,0.000000000000,128,1.000000000000,0,0.000000000000,0,0.000000000000
497,W128,128,1,W,0,0.000000000000,128,1.000000000000,0,0.000000000000,0,0.000000000000
498,W128,128,1,W,0,0.000000000000,128,1.000000000000,0,0.000000000000,0,0.000000000000
499,W128,128,1,W,0,0.000000000000,128,1.000000000000,0,0.000000000000,0,0.000000000000
500,W128,128,1,W,0,0.000000000000,128,1.000000000000,0,0.000000000000,0,0.000000000000
501,W128,128,1,W,0,0.000000000000,128,1.000000000000,0,0.000000000000,0,0.000000000000
502,W128,128,1,W,0,0.000000000000,128,1.000000000000,0,0.000000000000,0,0.000000000000
503,W128,128,1,W,0,0.000000000000,128,1.000000000000,0,0.000000000000,0,0.000000000000
504,W128,128,1,W,0,0.000000000000,128,1.000000000000,0,0.000000000000,0,0.000000000000
505,W128,128,1,W,0,0.000000000000,128,1.000000000000,0,0.000000000000,0,0.000000000000
506,W128,128,1,W,0,0.000000000000,128,1.000000000000,0,0.000000000000,0,0.000000000000
507,W128,128,1,W,0,0.000000000000,128,1.000000000000,0,0.000000000000,0,0.000000000000
508,W128,128,1,W,0,0.000000000000,128,1.000000000000,0,0.000000000000,0,0.000000000000
509,W128,128,1,W,0,0.000000000000,128,1.000000000000,0,0.000000000000,0,0.000000000000
510,W128,128,1,W,0,0.000000000000,128,1.000000000000,0,0.000000000000,0,0.000000000000
511,W128,128,1,W,0,0.000000000000,128,1.000000000000,0,0.000000000000,0,0.000000000000
512,W128,128,1,W,0,0.000000000000,128,1.000000000000,0,0.000000000000,0,0.000000000000
513,W128,128,1,W,0,0.000000000000,128,1.000000000000,0,0.000000000000,0,0.000000000000
514,W128,128,1,W,0,0.000000000000,128,1.000000000000,0,0.000000000000,0,0.000000000000
515,W128,128,1,W,0,0.000000000000,128,1.000000000000,0,0.000000000000,0,0.000000000000
516,W128,128,1,W,0,0.000000000000,128,1.000000000000,0,0.000000000000,0,0.000000000000
517,W128,128,1,W,0,0.000000000000,128,1.000000000000,0,0.000000000000,0,0.000000000000
518,W128,128,1,W,0,0.000000000000,128,1.000000000000,0,0.000000000000,0,0.000000000000
519,W128,128,1,W,0,0.000000000000,128,1.000000000000,0,0.000000000000,0,0.000000000000
520,W128,128,1,W,0,0.000000000000,128,1.000000000000,0,0.000000000000,0,0.000000000000
521,W128,128,1,W,0,0.000000000000,128,1.000000000000,0,0.000000000000,0,0.000000000000
522,W128,128,1,W,0,0.000000000000,128,1.000000000000,0,0.000000000000,0,0.000000000000
523,W128,128,1,W,0,0.000000000000,128,1.000000000000,0,0.000000000000,0,0.000000000000
524,W128,128,1,W,0,0.000000000000,128,1.000000000000,0,0.000000000000,0,0.000000000000
525,W128,128,1,W,0,0.000000000000,128,1.000000000000,0,0.000000000000,0,0.000000000000
526,W128,128,1,W,0,0.000000000000,128,1.000000000000,0,0.000000000000,0,0.000000000000
527,W139,139,1,W,0,0.000000000000,139,1.000000000000,0,0.000000000000,0,0.000000000000
528,W135,135,1,W,0,0.000000000000,135,1.000000000000,0,0.000000000000,0,0.000000000000
529,W137,137,1,W,0,0.000000000000,137,1.000000000000,0,0.000000000000,0,0.000000000000
530,Cr54W54,108,2,"Cr,W",54,0.500000000000,54,0.500000000000,0,0.000000000000,0,0.000000000000
531,Cr54W54,108,2,"Cr,W",54,0.500000000000,54,0.500000000000,0,0.000000000000,0,0.000000000000
532,Cr54W54,108,2,"Cr,W",54,0.500000000000,54,0.500000000000,0,0.000000000000,0,0.000000000000
533,Cr54W54,108,2,"Cr,W",54,0.500000000000,54,0.500000000000,0,0.000000000000,0,0.000000000000
534,Cr57W55,112,2,"Cr,W",57,0.508928571429,55,0.491071428571,0,0.000000000000,0,0.000000000000
535,Cr55W54,109,2,"Cr,W",55,0.504587155963,54,0.495412844037,0,0.000000000000,0,0.000000000000
536,Cr47W53,100,2,"Cr,W",47,0.470000000000,53,0.530000000000,0,0.000000000000,0,0.000000000000
537,Cr57W58,115,2,"Cr,W",57,0.495652173913,58,0.504347826087,0,0.000000000000,0,0.000000000000
538,Cr56W55,111,2,"Cr,W",56,0.504504504505,55,0.495495495495,0,0.000000000000,0,0.000000000000
539,Cr56W56,112,2,"Cr,W",56,0.500000000000,56,0.500000000000,0,0.000000000000,0,0.000000000000
540,Cr52W46,98,2,"Cr,W",52,0.530612244898,46,0.469387755102,0,0.000000000000,0,0.000000000000
541,Cr58W58,116,2,"Cr,W",58,0.500000000000,58,0.500000000000,0,0.000000000000,0,0.000000000000
542,Cr55W55,110,2,"Cr,W",55,0.500000000000,55,0.500000000000,0,0.000000000000,0,0.000000000000
543,Cr54W55,109,2,"Cr,W",54,0.495412844037,55,0.504587155963,0,0.000000000000,0,0.000000000000
544,Cr125,125,1,Cr,125,1.000000000000,0,0.000000000000,0,0.000000000000,0,0.000000000000
545,Cr125,125,1,Cr,125,1.000000000000,0,0.000000000000,0,0.000000000000,0,0.000000000000
546,Cr125,125,1,Cr,125,1.000000000000,0,0.000000000000,0,0.000000000000,0,0.000000000000
547,Cr125,125,1,Cr,125,1.000000000000,0,0.000000000000,0,0.000000000000,0,0.000000000000
548,Cr125,125,1,Cr,125,1.000000000000,0,0.000000000000,0,0.000000000000,0,0.000000000000
549,Cr125,125,1,Cr,125,1.000000000000,0,0.000000000000,0,0.000000000000,0,0.000000000000
550,Cr125,125,1,Cr,125,1.000000000000,0,0.000000000000,0,0.000000000000,0,0.000000000000
551,Cr125,125,1,Cr,125,1.000000000000,0,0.000000000000,0,0.000000000000,0,0.000000000000
552,Cr125,125,1,Cr,125,1.000000000000,0,0.000000000000,0,0.000000000000,0,0.000000000000
553,Cr125,125,1,Cr,125,1.000000000000,0,0.000000000000,0,0.000000000000,0,0.000000000000
554,Cr125,125,1,Cr,125,1.000000000000,0,0.000000000000,0,0.000000000000,0,0.000000000000
555,Cr125,125,1,Cr,125,1.000000000000,0,0.000000000000,0,0.000000000000,0,0.000000000000
556,Cr125,125,1,Cr,125,1.000000000000,0,0.000000000000,0,0.000000000000,0,0.000000000000
557,Cr125,125,1,Cr,125,1.000000000000,0,0.000000000000,0,0.000000000000,0,0.000000000000
558,Cr125,125,1,Cr,125,1.000000000000,0,0.000000000000,0,0.000000000000,0,0.000000000000
559,Cr125,125,1,Cr,125,1.000000000000,0,0.000000000000,0,0.000000000000,0,0.000000000000
560,Cr125,125,1,Cr,125,1.000000000000,0,0.000000000000,0,0.000000000000,0,0.000000000000
561,Cr125,125,1,Cr,125,1.000000000000,0,0.000000000000,0,0.000000000000,0,0.000000000000
562,Cr125,125,1,Cr,125,1.000000000000,0,0.000000000000,0,0.000000000000,0,0.000000000000
563,Cr125,125,1,Cr,125,1.000000000000,0,0.000000000000,0,0.000000000000,0,0.000000000000
564,Cr125,125,1,Cr,125,1.000000000000,0,0.000000000000,0,0.000000000000,0,0.000000000000
565,Cr125,125,1,Cr,125,1.000000000000,0,0.000000000000,0,0.000000000000,0,0.000000000000
566,Cr125,125,1,Cr,125,1.000000000000,0,0.000000000000,0,0.000000000000,0,0.000000000000
567,Cr125,125,1,Cr,125,1.000000000000,0,0.000000000000,0,0.000000000000,0,0.000000000000
568,Cr125,125,1,Cr,125,1.000000000000,0,0.000000000000,0,0.000000000000,0,0.000000000000
569,Cr125,125,1,Cr,125,1.000000000000,0,0.000000000000,0,0.000000000000,0,0.000000000000
570,Cr125,125,1,Cr,125,1.000000000000,0,0.000000000000,0,0.000000000000,0,0.000000000000
571,Cr125,125,1,Cr,125,1.000000000000,0,0.000000000000,0,0.000000000000,0,0.000000000000
572,Cr125,125,1,Cr,125,1.000000000000,0,0.000000000000,0,0.000000000000,0,0.000000000000
573,Cr125,125,1,Cr,125,1.000000000000,0,0.000000000000,0,0.000000000000,0,0.000000000000
574,Cr125,125,1,Cr,125,1.000000000000,0,0.000000000000,0,0.000000000000,0,0.000000000000
575,Cr125,125,1,Cr,125,1.000000000000,0,0.000000000000,0,0.000000000000,0,0.000000000000
576,Cr125,125,1,Cr,125,1.000000000000,0,0.000000000000,0,0.000000000000,0,0.000000000000
577,Cr125,125,1,Cr,125,1.000000000000,0,0.000000000000,0,0.000000000000,0,0.000000000000
578,Cr125,125,1,Cr,125,1.000000000000,0,0.000000000000,0,0.000000000000,0,0.000000000000
579,Cr125,125,1,Cr,125,1.000000000000,0,0.000000000000,0,0.000000000000,0,0.000000000000
580,Cr125,125,1,Cr,125,1.000000000000,0,0.000000000000,0,0.000000000000,0,0.000000000000
581,Cr125,125,1,Cr,125,1.000000000000,0,0.000000000000,0,0.000000000000,0,0.000000000000
582,Cr125,125,1,Cr,125,1.000000000000,0,0.000000000000,0,0.000000000000,0,0.000000000000
583,Cr125,125,1,Cr,125,1.000000000000,0,0.000000000000,0,0.000000000000,0,0.000000000000
584,Cr125,125,1,Cr,125,1.000000000000,0,0.000000000000,0,0.000000000000,0,0.000000000000
585,Cr125,125,1,Cr,125,1.000000000000,0,0.000000000000,0,0.000000000000,0,0.000000000000
586,Cr125,125,1,Cr,125,1.000000000000,0,0.000000000000,0,0.000000000000,0,0.000000000000
587,Cr125,125,1,Cr,125,1.000000000000,0,0.000000000000,0,0.000000000000,0,0.000000000000
588,Cr125,125,1,Cr,125,1.000000000000,0,0.000000000000,0,0.000000000000,0,0.000000000000
589,Cr125,125,1,Cr,125,1.000000000000,0,0.000000000000,0,0.000000000000,0,0.000000000000
590,Cr125,125,1,Cr,125,1.000000000000,0,0.000000000000,0,0.000000000000,0,0.000000000000
591,Cr125,125,1,Cr,125,1.000000000000,0,0.000000000000,0,0.000000000000,0,0.000000000000
592,Cr125,125,1,Cr,125,1.000000000000,0,0.000000000000,0,0.000000000000,0,0.000000000000
593,Cr125,125,1,Cr,125,1.000000000000,0,0.000000000000,0,0.000000000000,0,0.000000000000
594,Cr125,125,1,Cr,125,1.000000000000,0,0.000000000000,0,0.000000000000,0,0.000000000000
595,Cr125,125,1,Cr,125,1.000000000000,0,0.000000000000,0,0.000000000000,0,0.000000000000
596,Cr125,125,1,Cr,125,1.000000000000,0,0.000000000000,0,0.000000000000,0,0.000000000000
597,Cr125,125,1,Cr,125,1.000000000000,0,0.000000000000,0,0.000000000000,0,0.000000000000
598,Cr125,125,1,Cr,125,1.000000000000,0,0.000000000000,0,0.000000000000,0,0.000000000000
599,Cr125,125,1,Cr,125,1.000000000000,0,0.000000000000,0,0.000000000000,0,0.000000000000
600,Cr125,125,1,Cr,125,1.000000000000,0,0.000000000000,0,0.000000000000,0,0.000000000000
601,Cr125,125,1,Cr,125,1.000000000000,0,0.000000000000,0,0.000000000000,0,0.000000000000
602,Cr125,125,1,Cr,125,1.000000000000,0,0.000000000000,0,0.000000000000,0,0.000000000000
603,Cr125,125,1,Cr,125,1.000000000000,0,0.000000000000,0,0.000000000000,0,0.000000000000
604,Cr125,125,1,Cr,125,1.000000000000,0,0.000000000000,0,0.000000000000,0,0.000000000000
605,Cr125,125,1,Cr,125,1.000000000000,0,0.000000000000,0,0.000000000000,0,0.000000000000
606,Cr120,120,1,Cr,120,1.000000000000,0,0.000000000000,0,0.000000000000,0,0.000000000000
607,Cr113,113,1,Cr,113,1.000000000000,0,0.000000000000,0,0.000000000000,0,0.000000000000
608,Cr130,130,1,Cr,130,1.000000000000,0,0.000000000000,0,0.000000000000,0,0.000000000000
609,Cr128,128,1,Cr,128,1.000000000000,0,0.000000000000,0,0.000000000000,0,0.000000000000
610,Cr132,132,1,Cr,132,1.000000000000,0,0.000000000000,0,0.000000000000,0,0.000000000000
611,Cr130,130,1,Cr,130,1.000000000000,0,0.000000000000,0,0.000000000000,0,0.000000000000
612,Cr94W31,125,2,"Cr,W",94,0.752000000000,31,0.248000000000,0,0.000000000000,0,0.000000000000
613,Cr47W78,125,2,"Cr,W",47,0.376000000000,78,0.624000000000,0,0.000000000000,0,0.000000000000
614,Cr47W78,125,2,"Cr,W",47,0.376000000000,78,0.624000000000,0,0.000000000000,0,0.000000000000
615,Cr47W78,125,2,"Cr,W",47,0.376000000000,78,0.624000000000,0,0.000000000000,0,0.000000000000
616,Cr31W83,114,2,"Cr,W",31,0.271929824561,83,0.728070175439,0,0.000000000000,0,0.000000000000
617,Cr31W95,126,2,"Cr,W",31,0.246031746032,95,0.753968253968,0,0.000000000000,0,0.000000000000
618,Cr47W78,125,2,"Cr,W",47,0.376000000000,78,0.624000000000,0,0.000000000000,0,0.000000000000
619,Cr47W78,125,2,"Cr,W",47,0.376000000000,78,0.624000000000,0,0.000000000000,0,0.000000000000
620,Cr47W78,125,2,"Cr,W",47,0.376000000000,78,0.624000000000,0,0.000000000000,0,0.000000000000
621,Cr63W62,125,2,"Cr,W",63,0.504000000000,62,0.496000000000,0,0.000000000000,0,0.000000000000
622,Cr16W109,125,2,"Cr,W",16,0.128000000000,109,0.872000000000,0,0.000000000000,0,0.000000000000
623,Cr16W109,125,2,"Cr,W",16,0.128000000000,109,0.872000000000,0,0.000000000000,0,0.000000000000
624,Cr17W109,126,2,"Cr,W",17,0.134920634921,109,0.865079365079,0,0.000000000000,0,0.000000000000
625,Cr79W47,126,2,"Cr,W",79,0.626984126984,47,0.373015873016,0,0.000000000000,0,0.000000000000
626,Cr63W62,125,2,"Cr,W",63,0.504000000000,62,0.496000000000,0,0.000000000000,0,0.000000000000
627,Cr63W62,125,2,"Cr,W",63,0.504000000000,62,0.496000000000,0,0.000000000000,0,0.000000000000
628,Cr63W62Zr,126,3,"Cr,W,Zr",63,0.500000000000,62,0.492063492063,0,0.000000000000,1,0.007936507937
629,Cr48W78,126,2,"Cr,W",48,0.380952380952,78,0.619047619048,0,0.000000000000,0,0.000000000000
630,Cr109W16,125,2,"Cr,W",109,0.872000000000,16,0.128000000000,0,0.000000000000,0,0.000000000000
631,Cr109W16,125,2,"Cr,W",109,0.872000000000,16,0.128000000000,0,0.000000000000,0,0.000000000000
632,Cr91W31,122,2,"Cr,W",91,0.745901639344,31,0.254098360656,0,0.000000000000,0,0.000000000000
633,Cr94W31,125,2,"Cr,W",94,0.752000000000,31,0.248000000000,0,0.000000000000,0,0.000000000000
634,Cr16W109,125,2,"Cr,W",16,0.128000000000,109,0.872000000000,0,0.000000000000,0,0.000000000000
635,Cr32W94,126,2,"Cr,W",32,0.253968253968,94,0.746031746032,0,0.000000000000,0,0.000000000000
636,Cr94W31,125,2,"Cr,W",94,0.752000000000,31,0.248000000000,0,0.000000000000,0,0.000000000000
637,Cr94W31,125,2,"Cr,W",94,0.752000000000,31,0.248000000000,0,0.000000000000,0,0.000000000000
638,Cr94W31,125,2,"Cr,W",94,0.752000000000,31,0.248000000000,0,0.000000000000,0,0.000000000000
639,Cr47W78,125,2,"Cr,W",47,0.376000000000,78,0.624000000000,0,0.000000000000,0,0.000000000000
640,Cr47W78,125,2,"Cr,W",47,0.376000000000,78,0.624000000000,0,0.000000000000,0,0.000000000000
641,Cr109W16,125,2,"Cr,W",109,0.872000000000,16,0.128000000000,0,0.000000000000,0,0.000000000000
642,Cr109W16,125,2,"Cr,W",109,0.872000000000,16,0.128000000000,0,0.000000000000,0,0.000000000000
643,Cr104W16,120,2,"Cr,W",104,0.866666666667,16,0.133333333333,0,0.000000000000,0,0.000000000000
644,Cr109W16,125,2,"Cr,W",109,0.872000000000,16,0.128000000000,0,0.000000000000,0,0.000000000000
645,Cr109W17Y,127,3,"Cr,W,Y",109,0.858267716535,17,0.133858267717,1,0.007874015748,0,0.000000000000
646,Cr78W47,125,2,"Cr,W",78,0.624000000000,47,0.376000000000,0,0.000000000000,0,0.000000000000
647,Cr80W47,127,2,"Cr,W",80,0.629921259843,47,0.370078740157,0,0.000000000000,0,0.000000000000
648,Cr109W16,125,2,"Cr,W",109,0.872000000000,16,0.128000000000,0,0.000000000000,0,0.000000000000
649,Cr109W16Zr,126,3,"Cr,W,Zr",109,0.865079365079,16,0.126984126984,0,0.000000000000,1,0.007936507937
650,Cr16W109,125,2,"Cr,W",16,0.128000000000,109,0.872000000000,0,0.000000000000,0,0.000000000000
651,Cr62W63,125,2,"Cr,W",62,0.496000000000,63,0.504000000000,0,0.000000000000,0,0.000000000000
652,Cr62W63,125,2,"Cr,W",62,0.496000000000,63,0.504000000000,0,0.000000000000,0,0.000000000000
653,Cr62W63,125,2,"Cr,W",62,0.496000000000,63,0.504000000000,0,0.000000000000,0,0.000000000000
654,Cr94W31,125,2,"Cr,W",94,0.752000000000,31,0.248000000000,0,0.000000000000,0,0.000000000000
655,Cr94W31,125,2,"Cr,W",94,0.752000000000,31,0.248000000000,0,0.000000000000,0,0.000000000000
656,Cr128,128,1,Cr,128,1.000000000000,0,0.000000000000,0,0.000000000000,0,0.000000000000
657,Cr128,128,1,Cr,128,1.000000000000,0,0.000000000000,0,0.000000000000,0,0.000000000000
658,Cr128,128,1,Cr,128,1.000000000000,0,0.000000000000,0,0.000000000000,0,0.000000000000
659,Cr128,128,1,Cr,128,1.000000000000,0,0.000000000000,0,0.000000000000,0,0.000000000000
660,Cr128,128,1,Cr,128,1.000000000000,0,0.000000000000,0,0.000000000000,0,0.000000000000
661,Cr128,128,1,Cr,128,1.000000000000,0,0.000000000000,0,0.000000000000,0,0.000000000000
662,Cr128,128,1,Cr,128,1.000000000000,0,0.000000000000,0,0.000000000000,0,0.000000000000
663,Cr128,128,1,Cr,128,1.000000000000,0,0.000000000000,0,0.000000000000,0,0.000000000000
664,Cr128,128,1,Cr,128,1.000000000000,0,0.000000000000,0,0.000000000000,0,0.000000000000
665,Cr128,128,1,Cr,128,1.000000000000,0,0.000000000000,0,0.000000000000,0,0.000000000000
666,Cr128,128,1,Cr,128,1.000000000000,0,0.000000000000,0,0.000000000000,0,0.000000000000
667,Cr128,128,1,Cr,128,1.000000000000,0,0.000000000000,0,0.000000000000,0,0.000000000000
668,Cr128,128,1,Cr,128,1.000000000000,0,0.000000000000,0,0.000000000000,0,0.000000000000
669,Cr128,128,1,Cr,128,1.000000000000,0,0.000000000000,0,0.000000000000,0,0.000000000000
670,Cr128,128,1,Cr,128,1.000000000000,0,0.000000000000,0,0.000000000000,0,0.000000000000
671,Cr128,128,1,Cr,128,1.000000000000,0,0.000000000000,0,0.000000000000,0,0.000000000000
672,Cr128,128,1,Cr,128,1.000000000000,0,0.000000000000,0,0.000000000000,0,0.000000000000
673,Cr128,128,1,Cr,128,1.000000000000,0,0.000000000000,0,0.000000000000,0,0.000000000000
674,Cr128,128,1,Cr,128,1.000000000000,0,0.000000000000,0,0.000000000000,0,0.000000000000
675,Cr128,128,1,Cr,128,1.000000000000,0,0.000000000000,0,0.000000000000,0,0.000000000000
676,Cr128,128,1,Cr,128,1.000000000000,0,0.000000000000,0,0.000000000000,0,0.000000000000
677,Cr128,128,1,Cr,128,1.000000000000,0,0.000000000000,0,0.000000000000,0,0.000000000000
678,Cr128,128,1,Cr,128,1.000000000000,0,0.000000000000,0,0.000000000000,0,0.000000000000
679,Cr128,128,1,Cr,128,1.000000000000,0,0.000000000000,0,0.000000000000,0,0.000000000000
680,Cr128,128,1,Cr,128,1.000000000000,0,0.000000000000,0,0.000000000000,0,0.000000000000
681,Cr128,128,1,Cr,128,1.000000000000,0,0.000000000000,0,0.000000000000,0,0.000000000000
682,Cr128,128,1,Cr,128,1.000000000000,0,0.000000000000,0,0.000000000000,0,0.000000000000
683,Cr128,128,1,Cr,128,1.000000000000,0,0.000000000000,0,0.000000000000,0,0.000000000000
684,Cr128,128,1,Cr,128,1.000000000000,0,0.000000000000,0,0.000000000000,0,0.000000000000
685,Cr128,128,1,Cr,128,1.000000000000,0,0.000000000000,0,0.000000000000,0,0.000000000000
686,Cr128,128,1,Cr,128,1.000000000000,0,0.000000000000,0,0.000000000000,0,0.000000000000
687,Cr128,128,1,Cr,128,1.000000000000,0,0.000000000000,0,0.000000000000,0,0.000000000000
688,Cr128,128,1,Cr,128,1.000000000000,0,0.000000000000,0,0.000000000000,0,0.000000000000
689,Cr128,128,1,Cr,128,1.000000000000,0,0.000000000000,0,0.000000000000,0,0.000000000000
690,Cr128,128,1,Cr,128,1.000000000000,0,0.000000000000,0,0.000000000000,0,0.000000000000
691,Cr128,128,1,Cr,128,1.000000000000,0,0.000000000000,0,0.000000000000,0,0.000000000000
692,Cr128,128,1,Cr,128,1.000000000000,0,0.000000000000,0,0.000000000000,0,0.000000000000
693,Cr128,128,1,Cr,128,1.000000000000,0,0.000000000000,0,0.000000000000,0,0.000000000000
694,Cr128,128,1,Cr,128,1.000000000000,0,0.000000000000,0,0.000000000000,0,0.000000000000
695,Cr128,128,1,Cr,128,1.000000000000,0,0.000000000000,0,0.000000000000,0,0.000000000000
696,Cr128,128,1,Cr,128,1.000000000000,0,0.000000000000,0,0.000000000000,0,0.000000000000
697,Cr128,128,1,Cr,128,1.000000000000,0,0.000000000000,0,0.000000000000,0,0.000000000000
698,Cr128,128,1,Cr,128,1.000000000000,0,0.000000000000,0,0.000000000000,0,0.000000000000
699,Cr128,128,1,Cr,128,1.000000000000,0,0.000000000000,0,0.000000000000,0,0.000000000000
700,Cr128,128,1,Cr,128,1.000000000000,0,0.000000000000,0,0.000000000000,0,0.000000000000
701,Cr128,128,1,Cr,128,1.000000000000,0,0.000000000000,0,0.000000000000,0,0.000000000000
702,Cr128,128,1,Cr,128,1.000000000000,0,0.000000000000,0,0.000000000000,0,0.000000000000
703,Cr128,128,1,Cr,128,1.000000000000,0,0.000000000000,0,0.000000000000,0,0.000000000000
704,Cr128,128,1,Cr,128,1.000000000000,0,0.000000000000,0,0.000000000000,0,0.000000000000
705,Cr128,128,1,Cr,128,1.000000000000,0,0.000000000000,0,0.000000000000,0,0.000000000000
706,Cr128,128,1,Cr,128,1.000000000000,0,0.000000000000,0,0.000000000000,0,0.000000000000
707,Cr128,128,1,Cr,128,1.000000000000,0,0.000000000000,0,0.000000000000,0,0.000000000000
708,Cr128,128,1,Cr,128,1.000000000000,0,0.000000000000,0,0.000000000000,0,0.000000000000
709,Cr128,128,1,Cr,128,1.000000000000,0,0.000000000000,0,0.000000000000,0,0.000000000000
710,Cr128,128,1,Cr,128,1.000000000000,0,0.000000000000,0,0.000000000000,0,0.000000000000
711,Cr128,128,1,Cr,128,1.000000000000,0,0.000000000000,0,0.000000000000,0,0.000000000000
712,Cr128,128,1,Cr,128,1.000000000000,0,0.000000000000,0,0.000000000000,0,0.000000000000
713,Cr128,128,1,Cr,128,1.000000000000,0,0.000000000000,0,0.000000000000,0,0.000000000000
714,Cr128,128,1,Cr,128,1.000000000000,0,0.000000000000,0,0.000000000000,0,0.000000000000
715,Cr128,128,1,Cr,128,1.000000000000,0,0.000000000000,0,0.000000000000,0,0.000000000000
716,Cr128,128,1,Cr,128,1.000000000000,0,0.000000000000,0,0.000000000000,0,0.000000000000
717,Cr128,128,1,Cr,128,1.000000000000,0,0.000000000000,0,0.000000000000,0,0.000000000000
718,Cr128,128,1,Cr,128,1.000000000000,0,0.000000000000,0,0.000000000000,0,0.000000000000
719,Cr128,128,1,Cr,128,1.000000000000,0,0.000000000000,0,0.000000000000,0,0.000000000000
720,Cr120,120,1,Cr,120,1.000000000000,0,0.000000000000,0,0.000000000000,0,0.000000000000
721,Cr133,133,1,Cr,133,1.000000000000,0,0.000000000000,0,0.000000000000,0,0.000000000000
722,Cr131,131,1,Cr,131,1.000000000000,0,0.000000000000,0,0.000000000000,0,0.000000000000
723,Cr132,132,1,Cr,132,1.000000000000,0,0.000000000000,0,0.000000000000,0,0.000000000000
724,Cr109W16,125,2,"Cr,W",109,0.872000000000,16,0.128000000000,0,0.000000000000,0,0.000000000000
725,Cr78W47,125,2,"Cr,W",78,0.624000000000,47,0.376000000000,0,0.000000000000,0,0.000000000000
726,Cr78W47,125,2,"Cr,W",78,0.624000000000,47,0.376000000000,0,0.000000000000,0,0.000000000000
727,Cr32W94,126,2,"Cr,W",32,0.253968253968,94,0.746031746032,0,0.000000000000,0,0.000000000000
728,Cr31W94,125,2,"Cr,W",31,0.248000000000,94,0.752000000000,0,0.000000000000,0,0.000000000000
729,Cr31W94,125,2,"Cr,W",31,0.248000000000,94,0.752000000000,0,0.000000000000,0,0.000000000000
730,Cr63W62,125,2,"Cr,W",63,0.504000000000,62,0.496000000000,0,0.000000000000,0,0.000000000000
731,Cr63W62Y,126,3,"Cr,W,Y",63,0.500000000000,62,0.492063492063,1,0.007936507937,0,0.000000000000
732,Cr31W94,125,2,"Cr,W",31,0.248000000000,94,0.752000000000,0,0.000000000000,0,0.000000000000
733,Cr47W78,125,2,"Cr,W",47,0.376000000000,78,0.624000000000,0,0.000000000000,0,0.000000000000
734,Cr78W47,125,2,"Cr,W",78,0.624000000000,47,0.376000000000,0,0.000000000000,0,0.000000000000
735,Cr78W47,125,2,"Cr,W",78,0.624000000000,47,0.376000000000,0,0.000000000000,0,0.000000000000
736,Cr73W47,120,2,"Cr,W",73,0.608333333333,47,0.391666666667,0,0.000000000000,0,0.000000000000
737,Cr79W48Zr,128,3,"Cr,W,Zr",79,0.617187500000,48,0.375000000000,0,0.000000000000,1,0.007812500000
738,Cr78W47,125,2,"Cr,W",78,0.624000000000,47,0.376000000000,0,0.000000000000,0,0.000000000000
739,Cr109W16,125,2,"Cr,W",109,0.872000000000,16,0.128000000000,0,0.000000000000,0,0.000000000000
740,Cr109W16,125,2,"Cr,W",109,0.872000000000,16,0.128000000000,0,0.000000000000,0,0.000000000000
741,Cr109W17,126,2,"Cr,W",109,0.865079365079,17,0.134920634921,0,0.000000000000,0,0.000000000000
742,Cr125,125,1,Cr,125,1.000000000000,0,0.000000000000,0,0.000000000000,0,0.000000000000
743,Cr125,125,1,Cr,125,1.000000000000,0,0.000000000000,0,0.000000000000,0,0.000000000000
744,Cr125,125,1,Cr,125,1.000000000000,0,0.000000000000,0,0.000000000000,0,0.000000000000
745,Cr125,125,1,Cr,125,1.000000000000,0,0.000000000000,0,0.000000000000,0,0.000000000000
746,Cr125,125,1,Cr,125,1.000000000000,0,0.000000000000,0,0.000000000000,0,0.000000000000
747,Cr125,125,1,Cr,125,1.000000000000,0,0.000000000000,0,0.000000000000,0,0.000000000000
748,Cr125,125,1,Cr,125,1.000000000000,0,0.000000000000,0,0.000000000000,0,0.000000000000
749,Cr125,125,1,Cr,125,1.000000000000,0,0.000000000000,0,0.000000000000,0,0.000000000000
750,Cr125,125,1,Cr,125,1.000000000000,0,0.000000000000,0,0.000000000000,0,0.000000000000
751,Cr125,125,1,Cr,125,1.000000000000,0,0.000000000000,0,0.000000000000,0,0.000000000000
752,Cr125,125,1,Cr,125,1.000000000000,0,0.000000000000,0,0.000000000000,0,0.000000000000
753,Cr125,125,1,Cr,125,1.000000000000,0,0.000000000000,0,0.000000000000,0,0.000000000000
754,Cr125,125,1,Cr,125,1.000000000000,0,0.000000000000,0,0.000000000000,0,0.000000000000
755,Cr125,125,1,Cr,125,1.000000000000,0,0.000000000000,0,0.000000000000,0,0.000000000000
756,Cr125,125,1,Cr,125,1.000000000000,0,0.000000000000,0,0.000000000000,0,0.000000000000
757,Cr125,125,1,Cr,125,1.000000000000,0,0.000000000000,0,0.000000000000,0,0.000000000000
758,Cr125,125,1,Cr,125,1.000000000000,0,0.000000000000,0,0.000000000000,0,0.000000000000
759,Cr125,125,1,Cr,125,1.000000000000,0,0.000000000000,0,0.000000000000,0,0.000000000000
760,Cr125,125,1,Cr,125,1.000000000000,0,0.000000000000,0,0.000000000000,0,0.000000000000
761,Cr125,125,1,Cr,125,1.000000000000,0,0.000000000000,0,0.000000000000,0,0.000000000000
762,Cr125,125,1,Cr,125,1.000000000000,0,0.000000000000,0,0.000000000000,0,0.000000000000
763,Cr125,125,1,Cr,125,1.000000000000,0,0.000000000000,0,0.000000000000,0,0.000000000000
764,Cr125,125,1,Cr,125,1.000000000000,0,0.000000000000,0,0.000000000000,0,0.000000000000
765,Cr125,125,1,Cr,125,1.000000000000,0,0.000000000000,0,0.000000000000,0,0.000000000000
766,Cr125,125,1,Cr,125,1.000000000000,0,0.000000000000,0,0.000000000000,0,0.000000000000
767,Cr125,125,1,Cr,125,1.000000000000,0,0.000000000000,0,0.000000000000,0,0.000000000000
768,Cr125,125,1,Cr,125,1.000000000000,0,0.000000000000,0,0.000000000000,0,0.000000000000
769,Cr125,125,1,Cr,125,1.000000000000,0,0.000000000000,0,0.000000000000,0,0.000000000000
770,Cr125,125,1,Cr,125,1.000000000000,0,0.000000000000,0,0.000000000000,0,0.000000000000
771,Cr125,125,1,Cr,125,1.000000000000,0,0.000000000000,0,0.000000000000,0,0.000000000000
772,Cr125,125,1,Cr,125,1.000000000000,0,0.000000000000,0,0.000000000000,0,0.000000000000
773,Cr125,125,1,Cr,125,1.000000000000,0,0.000000000000,0,0.000000000000,0,0.000000000000
774,Cr125,125,1,Cr,125,1.000000000000,0,0.000000000000,0,0.000000000000,0,0.000000000000
775,Cr125,125,1,Cr,125,1.000000000000,0,0.000000000000,0,0.000000000000,0,0.000000000000
776,Cr125,125,1,Cr,125,1.000000000000,0,0.000000000000,0,0.000000000000,0,0.000000000000
777,Cr125,125,1,Cr,125,1.000000000000,0,0.000000000000,0,0.000000000000,0,0.000000000000
778,Cr125,125,1,Cr,125,1.000000000000,0,0.000000000000,0,0.000000000000,0,0.000000000000
779,Cr125,125,1,Cr,125,1.000000000000,0,0.000000000000,0,0.000000000000,0,0.000000000000
780,Cr125,125,1,Cr,125,1.000000000000,0,0.000000000000,0,0.000000000000,0,0.000000000000
781,Cr125,125,1,Cr,125,1.000000000000,0,0.000000000000,0,0.000000000000,0,0.000000000000
782,Cr125,125,1,Cr,125,1.000000000000,0,0.000000000000,0,0.000000000000,0,0.000000000000
783,Cr125,125,1,Cr,125,1.000000000000,0,0.000000000000,0,0.000000000000,0,0.000000000000
784,Cr125,125,1,Cr,125,1.000000000000,0,0.000000000000,0,0.000000000000,0,0.000000000000
785,Cr125,125,1,Cr,125,1.000000000000,0,0.000000000000,0,0.000000000000,0,0.000000000000
786,Cr125,125,1,Cr,125,1.000000000000,0,0.000000000000,0,0.000000000000,0,0.000000000000
787,Cr125,125,1,Cr,125,1.000000000000,0,0.000000000000,0,0.000000000000,0,0.000000000000
788,Cr125,125,1,Cr,125,1.000000000000,0,0.000000000000,0,0.000000000000,0,0.000000000000
789,Cr125,125,1,Cr,125,1.000000000000,0,0.000000000000,0,0.000000000000,0,0.000000000000
790,Cr125,125,1,Cr,125,1.000000000000,0,0.000000000000,0,0.000000000000,0,0.000000000000
791,Cr125,125,1,Cr,125,1.000000000000,0,0.000000000000,0,0.000000000000,0,0.000000000000
792,Cr125,125,1,Cr,125,1.000000000000,0,0.000000000000,0,0.000000000000,0,0.000000000000
793,Cr125,125,1,Cr,125,1.000000000000,0,0.000000000000,0,0.000000000000,0,0.000000000000
794,Cr125,125,1,Cr,125,1.000000000000,0,0.000000000000,0,0.000000000000,0,0.000000000000
795,Cr125,125,1,Cr,125,1.000000000000,0,0.000000000000,0,0.000000000000,0,0.000000000000
796,Cr125,125,1,Cr,125,1.000000000000,0,0.000000000000,0,0.000000000000,0,0.000000000000
797,Cr125,125,1,Cr,125,1.000000000000,0,0.000000000000,0,0.000000000000,0,0.000000000000
798,Cr125,125,1,Cr,125,1.000000000000,0,0.000000000000,0,0.000000000000,0,0.000000000000
799,Cr125,125,1,Cr,125,1.000000000000,0,0.000000000000,0,0.000000000000,0,0.000000000000
800,Cr125,125,1,Cr,125,1.000000000000,0,0.000000000000,0,0.000000000000,0,0.000000000000
801,Cr125,125,1,Cr,125,1.000000000000,0,0.000000000000,0,0.000000000000,0,0.000000000000
802,Cr125,125,1,Cr,125,1.000000000000,0,0.000000000000,0,0.000000000000,0,0.000000000000
803,Cr115,115,1,Cr,115,1.000000000000,0,0.000000000000,0,0.000000000000,0,0.000000000000
804,Cr125,125,1,Cr,125,1.000000000000,0,0.000000000000,0,0.000000000000,0,0.000000000000
805,Cr62W63,125,2,"Cr,W",62,0.496000000000,63,0.504000000000,0,0.000000000000,0,0.000000000000
806,Cr54W61,115,2,"Cr,W",54,0.469565217391,61,0.530434782609,0,0.000000000000,0,0.000000000000
807,Cr62W63,125,2,"Cr,W",62,0.496000000000,63,0.504000000000,0,0.000000000000,0,0.000000000000
808,Cr94W31,125,2,"Cr,W",94,0.752000000000,31,0.248000000000,0,0.000000000000,0,0.000000000000
809,Cr94W31,125,2,"Cr,W",94,0.752000000000,31,0.248000000000,0,0.000000000000,0,0.000000000000
810,Cr94W31Y,126,3,"Cr,W,Y",94,0.746031746032,31,0.246031746032,1,0.007936507937,0,0.000000000000
811,Cr78W47Y,126,3,"Cr,W,Y",78,0.619047619048,47,0.373015873016,1,0.007936507937,0,0.000000000000
812,Cr31W94,125,2,"Cr,W",31,0.248000000000,94,0.752000000000,0,0.000000000000,0,0.000000000000
813,Cr31W94,125,2,"Cr,W",31,0.248000000000,94,0.752000000000,0,0.000000000000,0,0.000000000000
814,Cr94W31,125,2,"Cr,W",94,0.752000000000,31,0.248000000000,0,0.000000000000,0,0.000000000000
815,Cr96W31Zr,128,3,"Cr,W,Zr",96,0.750000000000,31,0.242187500000,0,0.000000000000,1,0.007812500000
816,Cr94W31,125,2,"Cr,W",94,0.752000000000,31,0.248000000000,0,0.000000000000,0,0.000000000000
817,Cr31W94,125,2,"Cr,W",31,0.248000000000,94,0.752000000000,0,0.000000000000,0,0.000000000000
818,Cr31W94,125,2,"Cr,W",31,0.248000000000,94,0.752000000000,0,0.000000000000,0,0.000000000000
819,Cr31W94,125,2,"Cr,W",31,0.248000000000,94,0.752000000000,0,0.000000000000,0,0.000000000000
820,Cr25W88,113,2,"Cr,W",25,0.221238938053,88,0.778761061947,0,0.000000000000,0,0.000000000000
821,Cr31W94Y,126,3,"Cr,W,Y",31,0.246031746032,94,0.746031746032,1,0.007936507937,0,0.000000000000
822,Cr78W47,125,2,"Cr,W",78,0.624000000000,47,0.376000000000,0,0.000000000000,0,0.000000000000
823,Cr78W49,127,2,"Cr,W",78,0.614173228346,49,0.385826771654,0,0.000000000000,0,0.000000000000
824,Cr109W16,125,2,"Cr,W",109,0.872000000000,16,0.128000000000,0,0.000000000000,0,0.000000000000
825,Cr109W16,125,2,"Cr,W",109,0.872000000000,16,0.128000000000,0,0.000000000000,0,0.000000000000
826,Cr45W69,114,2,"Cr,W",45,0.394736842105,69,0.605263157895,0,0.000000000000,0,0.000000000000
827,Cr48W80Y,129,3,"Cr,W,Y",48,0.372093023256,80,0.620155038760,1,0.007751937984,0,0.000000000000
828,Cr47W78Y,126,3,"Cr,W,Y",47,0.373015873016,78,0.619047619048,1,0.007936507937,0,0.000000000000
829,Cr63W63YZr,128,4,"Cr,W,Y,Zr",63,0.492187500000,63,0.492187500000,1,0.007812500000,1,0.007812500000
830,Cr63W63Zr,127,3,"Cr,W,Zr",63,0.496062992126,63,0.496062992126,0,0.000000000000,1,0.007874015748
831,Cr79W48Zr,128,3,"Cr,W,Zr",79,0.617187500000,48,0.375000000000,0,0.000000000000,1,0.007812500000
832,Cr95W31YZr,128,4,"Cr,W,Y,Zr",95,0.742187500000,31,0.242187500000,1,0.007812500000,1,0.007812500000
833,Cr41W75,116,2,"Cr,W",41,0.353448275862,75,0.646551724138,0,0.000000000000,0,0.000000000000
834,Cr47W78,125,2,"Cr,W",47,0.376000000000,78,0.624000000000,0,0.000000000000,0,0.000000000000
835,Cr16W109,125,2,"Cr,W",16,0.128000000000,109,0.872000000000,0,0.000000000000,0,0.000000000000
836,Cr16W109,125,2,"Cr,W",16,0.128000000000,109,0.872000000000,0,0.000000000000,0,0.000000000000
837,Cr16W109,125,2,"Cr,W",16,0.128000000000,109,0.872000000000,0,0.000000000000,0,0.000000000000
838,Cr16W109,125,2,"Cr,W",16,0.128000000000,109,0.872000000000,0,0.000000000000,0,0.000000000000
839,Cr109Y16,125,2,"Cr,Y",109,0.872000000000,0,0.000000000000,16,0.128000000000,0,0.000000000000
840,Cr16W109,125,2,"Cr,W",16,0.128000000000,109,0.872000000000,0,0.000000000000,0,0.000000000000
841,Cr15W99,114,2,"Cr,W",15,0.131578947368,99,0.868421052632,0,0.000000000000,0,0.000000000000
842,Cr18W110,128,2,"Cr,W",18,0.140625000000,110,0.859375000000,0,0.000000000000,0,0.000000000000
843,Cr16W109,125,2,"Cr,W",16,0.128000000000,109,0.872000000000,0,0.000000000000,0,0.000000000000
844,Cr16W109,125,2,"Cr,W",16,0.128000000000,109,0.872000000000,0,0.000000000000,0,0.000000000000
845,Cr16W110,126,2,"Cr,W",16,0.126984126984,110,0.873015873016,0,0.000000000000,0,0.000000000000
846,Cr110W2Y16Zr,129,4,"Cr,W,Y,Zr",110,0.852713178295,2,0.015503875969,16,0.124031007752,1,0.007751937984
847,Cr109WY18,128,3,"Cr,W,Y",109,0.851562500000,1,0.007812500000,18,0.140625000000,0,0.000000000000
848,Cr8Zr32,40,2,"Cr,Zr",8,0.200000000000,0,0.000000000000,0,0.000000000000,32,0.800000000000
849,Cr8Zr32,40,2,"Cr,Zr",8,0.200000000000,0,0.000000000000,0,0.000000000000,32,0.800000000000
850,Cr8Zr32,40,2,"Cr,Zr",8,0.200000000000,0,0.000000000000,0,0.000000000000,32,0.800000000000
851,Cr8Zr34,42,2,"Cr,Zr",8,0.190476190476,0,0.000000000000,0,0.000000000000,34,0.809523809524
852,Cr8Zr32,40,2,"Cr,Zr",8,0.200000000000,0,0.000000000000,0,0.000000000000,32,0.800000000000
853,Cr10Zr32,42,2,"Cr,Zr",10,0.238095238095,0,0.000000000000,0,0.000000000000,32,0.761904761905
854,Cr70Zr34,104,2,"Cr,Zr",70,0.673076923077,0,0.000000000000,0,0.000000000000,34,0.326923076923
855,Cr109Y16,125,2,"Cr,Y",109,0.872000000000,0,0.000000000000,16,0.128000000000,0,0.000000000000
856,Cr109Y16,125,2,"Cr,Y",109,0.872000000000,0,0.000000000000,16,0.128000000000,0,0.000000000000
857,Cr109Y16,125,2,"Cr,Y",109,0.872000000000,0,0.000000000000,16,0.128000000000,0,0.000000000000
858,Cr102Y14,116,2,"Cr,Y",102,0.879310344828,0,0.000000000000,14,0.120689655172,0,0.000000000000
859,Cr110WY16,127,3,"Cr,W,Y",110,0.866141732283,1,0.007874015748,16,0.125984251969,0,0.000000000000
860,Cr66Zr35,101,2,"Cr,Zr",66,0.653465346535,0,0.000000000000,0,0.000000000000,35,0.346534653465
861,Cr109Y16,125,2,"Cr,Y",109,0.872000000000,0,0.000000000000,16,0.128000000000,0,0.000000000000
862,Cr109Y16,125,2,"Cr,Y",109,0.872000000000,0,0.000000000000,16,0.128000000000,0,0.000000000000
863,Cr109Y16,125,2,"Cr,Y",109,0.872000000000,0,0.000000000000,16,0.128000000000,0,0.000000000000
864,Cr110Y16,126,2,"Cr,Y",110,0.873015873016,0,0.000000000000,16,0.126984126984,0,0.000000000000
865,Cr109Y16,125,2,"Cr,Y",109,0.872000000000,0,0.000000000000,16,0.128000000000,0,0.000000000000
866,Cr109Y16,125,2,"Cr,Y",109,0.872000000000,0,0.000000000000,16,0.128000000000,0,0.000000000000
867,Cr109Y16,125,2,"Cr,Y",109,0.872000000000,0,0.000000000000,16,0.128000000000,0,0.000000000000
868,Cr109Y16,125,2,"Cr,Y",109,0.872000000000,0,0.000000000000,16,0.128000000000,0,0.000000000000
869,Cr109Y16,125,2,"Cr,Y",109,0.872000000000,0,0.000000000000,16,0.128000000000,0,0.000000000000
870,Cr109Y16,125,2,"Cr,Y",109,0.872000000000,0,0.000000000000,16,0.128000000000,0,0.000000000000
871,Cr109Y16,125,2,"Cr,Y",109,0.872000000000,0,0.000000000000,16,0.128000000000,0,0.000000000000
872,Cr100Y16,116,2,"Cr,Y",100,0.862068965517,0,0.000000000000,16,0.137931034483,0,0.000000000000
873,Cr109Y17,126,2,"Cr,Y",109,0.865079365079,0,0.000000000000,17,0.134920634921,0,0.000000000000
874,Cr94Y31Zr,126,3,"Cr,Y,Zr",94,0.746031746032,0,0.000000000000,31,0.246031746032,1,0.007936507937
875,Cr94Y31,125,2,"Cr,Y",94,0.752000000000,0,0.000000000000,31,0.248000000000,0,0.000000000000
876,Cr94Y31,125,2,"Cr,Y",94,0.752000000000,0,0.000000000000,31,0.248000000000,0,0.000000000000
877,Cr94Y31,125,2,"Cr,Y",94,0.752000000000,0,0.000000000000,31,0.248000000000,0,0.000000000000
878,Cr89Y29,118,2,"Cr,Y",89,0.754237288136,0,0.000000000000,29,0.245762711864,0,0.000000000000
879,Cr94Y32Zr,127,3,"Cr,Y,Zr",94,0.740157480315,0,0.000000000000,32,0.251968503937,1,0.007874015748
880,Cr94Y31,125,2,"Cr,Y",94,0.752000000000,0,0.000000000000,31,0.248000000000,0,0.000000000000
881,Cr94Y31,125,2,"Cr,Y",94,0.752000000000,0,0.000000000000,31,0.248000000000,0,0.000000000000
882,Cr94Y31,125,2,"Cr,Y",94,0.752000000000,0,0.000000000000,31,0.248000000000,0,0.000000000000
883,Cr94Y31,125,2,"Cr,Y",94,0.752000000000,0,0.000000000000,31,0.248000000000,0,0.000000000000
884,Cr94Y31,125,2,"Cr,Y",94,0.752000000000,0,0.000000000000,31,0.248000000000,0,0.000000000000
885,Cr94Y31,125,2,"Cr,Y",94,0.752000000000,0,0.000000000000,31,0.248000000000,0,0.000000000000
886,Cr94Y31,125,2,"Cr,Y",94,0.752000000000,0,0.000000000000,31,0.248000000000,0,0.000000000000
887,Cr94Y31,125,2,"Cr,Y",94,0.752000000000,0,0.000000000000,31,0.248000000000,0,0.000000000000
888,Cr86Y28,114,2,"Cr,Y",86,0.754385964912,0,0.000000000000,28,0.245614035088,0,0.000000000000
889,Cr95Y31,126,2,"Cr,Y",95,0.753968253968,0,0.000000000000,31,0.246031746032,0,0.000000000000
890,Cr94Y31,125,2,"Cr,Y",94,0.752000000000,0,0.000000000000,31,0.248000000000,0,0.000000000000
891,Cr94Y31,125,2,"Cr,Y",94,0.752000000000,0,0.000000000000,31,0.248000000000,0,0.000000000000
892,Cr78Y47,125,2,"Cr,Y",78,0.624000000000,0,0.000000000000,47,0.376000000000,0,0.000000000000
893,Cr78Y47,125,2,"Cr,Y",78,0.624000000000,0,0.000000000000,47,0.376000000000,0,0.000000000000
894,Cr78Y47Zr,126,3,"Cr,Y,Zr",78,0.619047619048,0,0.000000000000,47,0.373015873016,1,0.007936507937
895,Cr78Y47,125,2,"Cr,Y",78,0.624000000000,0,0.000000000000,47,0.376000000000,0,0.000000000000
896,Cr79Y47,126,2,"Cr,Y",79,0.626984126984,0,0.000000000000,47,0.373015873016,0,0.000000000000
897,Cr28Y85,113,2,"Cr,Y",28,0.247787610619,0,0.000000000000,85,0.752212389381,0,0.000000000000
898,Cr31Y94,125,2,"Cr,Y",31,0.248000000000,0,0.000000000000,94,0.752000000000,0,0.000000000000
899,Cr47Y78,125,2,"Cr,Y",47,0.376000000000,0,0.000000000000,78,0.624000000000,0,0.000000000000
900,Cr47WY78,126,3,"Cr,W,Y",47,0.373015873016,1,0.007936507937,78,0.619047619048,0,0.000000000000
901,Cr62Y63,125,2,"Cr,Y",62,0.496000000000,0,0.000000000000,63,0.504000000000,0,0.000000000000
902,Cr62Y63,125,2,"Cr,Y",62,0.496000000000,0,0.000000000000,63,0.504000000000,0,0.000000000000
903,Cr61Y60,121,2,"Cr,Y",61,0.504132231405,0,0.000000000000,60,0.495867768595,0,0.000000000000
904,Cr62Y63,125,2,"Cr,Y",62,0.496000000000,0,0.000000000000,63,0.504000000000,0,0.000000000000
905,Cr78Y47,125,2,"Cr,Y",78,0.624000000000,0,0.000000000000,47,0.376000000000,0,0.000000000000
906,Cr78Y47,125,2,"Cr,Y",78,0.624000000000,0,0.000000000000,47,0.376000000000,0,0.000000000000
907,Cr71Y46,117,2,"Cr,Y",71,0.606837606838,0,0.000000000000,46,0.393162393162,0,0.000000000000
908,Cr78WY48,127,3,"Cr,W,Y",78,0.614173228346,1,0.007874015748,48,0.377952755906,0,0.000000000000
909,Cr31Y94,125,2,"Cr,Y",31,0.248000000000,0,0.000000000000,94,0.752000000000,0,0.000000000000
910,Cr63Y62,125,2,"Cr,Y",63,0.504000000000,0,0.000000000000,62,0.496000000000,0,0.000000000000
911,Cr63Y62,125,2,"Cr,Y",63,0.504000000000,0,0.000000000000,62,0.496000000000,0,0.000000000000
912,Cr63Y62,125,2,"Cr,Y",63,0.504000000000,0,0.000000000000,62,0.496000000000,0,0.000000000000
913,Cr57Y56,113,2,"Cr,Y",57,0.504424778761,0,0.000000000000,56,0.495575221239,0,0.000000000000
914,Cr63Y62,125,2,"Cr,Y",63,0.504000000000,0,0.000000000000,62,0.496000000000,0,0.000000000000
915,Cr31Y94,125,2,"Cr,Y",31,0.248000000000,0,0.000000000000,94,0.752000000000,0,0.000000000000
916,Cr31Y95,126,2,"Cr,Y",31,0.246031746032,0,0.000000000000,95,0.753968253968,0,0.000000000000
917,Cr94Y31,125,2,"Cr,Y",94,0.752000000000,0,0.000000000000,31,0.248000000000,0,0.000000000000
918,Cr94Y31,125,2,"Cr,Y",94,0.752000000000,0,0.000000000000,31,0.248000000000,0,0.000000000000
919,Cr94Y31Zr,126,3,"Cr,Y,Zr",94,0.746031746032,0,0.000000000000,31,0.246031746032,1,0.007936507937
920,Cr47Y78,125,2,"Cr,Y",47,0.376000000000,0,0.000000000000,78,0.624000000000,0,0.000000000000
921,Cr47Y78Zr,126,3,"Cr,Y,Zr",47,0.373015873016,0,0.000000000000,78,0.619047619048,1,0.007936507937
922,Cr63WY62,126,3,"Cr,W,Y",63,0.500000000000,1,0.007936507937,62,0.492063492063,0,0.000000000000
923,Cr47Y78,125,2,"Cr,Y",47,0.376000000000,0,0.000000000000,78,0.624000000000,0,0.000000000000
924,Cr47Y78,125,2,"Cr,Y",47,0.376000000000,0,0.000000000000,78,0.624000000000,0,0.000000000000
925,Cr47Y78,125,2,"Cr,Y",47,0.376000000000,0,0.000000000000,78,0.624000000000,0,0.000000000000
926,Cr47Y78,125,2,"Cr,Y",47,0.376000000000,0,0.000000000000,78,0.624000000000,0,0.000000000000
927,Cr78Y47,125,2,"Cr,Y",78,0.624000000000,0,0.000000000000,47,0.376000000000,0,0.000000000000
928,Cr78Y47,125,2,"Cr,Y",78,0.624000000000,0,0.000000000000,47,0.376000000000,0,0.000000000000
929,Cr78Y47,125,2,"Cr,Y",78,0.624000000000,0,0.000000000000,47,0.376000000000,0,0.000000000000
930,Cr78Y47,125,2,"Cr,Y",78,0.624000000000,0,0.000000000000,47,0.376000000000,0,0.000000000000
931,Cr72Y41,113,2,"Cr,Y",72,0.637168141593,0,0.000000000000,41,0.362831858407,0,0.000000000000
932,Cr78Y47,125,2,"Cr,Y",78,0.624000000000,0,0.000000000000,47,0.376000000000,0,0.000000000000
933,Cr55Y58,113,2,"Cr,Y",55,0.486725663717,0,0.000000000000,58,0.513274336283,0,0.000000000000
934,Cr62Y63,125,2,"Cr,Y",62,0.496000000000,0,0.000000000000,63,0.504000000000,0,0.000000000000
935,Cr78Y47,125,2,"Cr,Y",78,0.624000000000,0,0.000000000000,47,0.376000000000,0,0.000000000000
936,Cr78Y47,125,2,"Cr,Y",78,0.624000000000,0,0.000000000000,47,0.376000000000,0,0.000000000000
937,Cr41Y74,115,2,"Cr,Y",41,0.356521739130,0,0.000000000000,74,0.643478260870,0,0.000000000000
938,Cr48WY79,128,3,"Cr,W,Y",48,0.375000000000,1,0.007812500000,79,0.617187500000,0,0.000000000000
939,Cr62Y63,125,2,"Cr,Y",62,0.496000000000,0,0.000000000000,63,0.504000000000,0,0.000000000000
940,Cr62Y63,125,2,"Cr,Y",62,0.496000000000,0,0.000000000000,63,0.504000000000,0,0.000000000000
941,Cr62Y63,125,2,"Cr,Y",62,0.496000000000,0,0.000000000000,63,0.504000000000,0,0.000000000000
942,Cr62Y63,125,2,"Cr,Y",62,0.496000000000,0,0.000000000000,63,0.504000000000,0,0.000000000000
943,Cr62Y63,125,2,"Cr,Y",62,0.496000000000,0,0.000000000000,63,0.504000000000,0,0.000000000000
944,Cr63Y62,125,2,"Cr,Y",63,0.504000000000,0,0.000000000000,62,0.496000000000,0,0.000000000000
945,Cr63Y62,125,2,"Cr,Y",63,0.504000000000,0,0.000000000000,62,0.496000000000,0,0.000000000000
946,Cr63Y62,125,2,"Cr,Y",63,0.504000000000,0,0.000000000000,62,0.496000000000,0,0.000000000000
947,Cr63Y62,125,2,"Cr,Y",63,0.504000000000,0,0.000000000000,62,0.496000000000,0,0.000000000000
948,Cr63Y63,126,2,"Cr,Y",63,0.500000000000,0,0.000000000000,63,0.500000000000,0,0.000000000000
949,Cr63Y62Zr,126,3,"Cr,Y,Zr",63,0.500000000000,0,0.000000000000,62,0.492063492063,1,0.007936507937
950,Cr44Y73,117,2,"Cr,Y",44,0.376068376068,0,0.000000000000,73,0.623931623932,0,0.000000000000
951,Cr47Y78,125,2,"Cr,Y",47,0.376000000000,0,0.000000000000,78,0.624000000000,0,0.000000000000
952,Cr16Y109,125,2,"Cr,Y",16,0.128000000000,0,0.000000000000,109,0.872000000000,0,0.000000000000
953,Cr16Y100,116,2,"Cr,Y",16,0.137931034483,0,0.000000000000,100,0.862068965517,0,0.000000000000
954,Cr17Y109,126,2,"Cr,Y",17,0.134920634921,0,0.000000000000,109,0.865079365079,0,0.000000000000
955,Cr31Y94,125,2,"Cr,Y",31,0.248000000000,0,0.000000000000,94,0.752000000000,0,0.000000000000
956,Cr31Y94,125,2,"Cr,Y",31,0.248000000000,0,0.000000000000,94,0.752000000000,0,0.000000000000
957,Cr31Y94,125,2,"Cr,Y",31,0.248000000000,0,0.000000000000,94,0.752000000000,0,0.000000000000
958,Cr31Y94,125,2,"Cr,Y",31,0.248000000000,0,0.000000000000,94,0.752000000000,0,0.000000000000
959,Cr28Y86,114,2,"Cr,Y",28,0.245614035088,0,0.000000000000,86,0.754385964912,0,0.000000000000
960,Cr31Y94,125,2,"Cr,Y",31,0.248000000000,0,0.000000000000,94,0.752000000000,0,0.000000000000
961,Cr31Y94,125,2,"Cr,Y",31,0.248000000000,0,0.000000000000,94,0.752000000000,0,0.000000000000
962,Cr31Y94,125,2,"Cr,Y",31,0.248000000000,0,0.000000000000,94,0.752000000000,0,0.000000000000
963,Cr31WY94,126,3,"Cr,W,Y",31,0.246031746032,1,0.007936507937,94,0.746031746032,0,0.000000000000
964,Cr63Y62,125,2,"Cr,Y",63,0.504000000000,0,0.000000000000,62,0.496000000000,0,0.000000000000
965,Cr31WY94,126,3,"Cr,W,Y",31,0.246031746032,1,0.007936507937,94,0.746031746032,0,0.000000000000
966,Cr16Y109,125,2,"Cr,Y",16,0.128000000000,0,0.000000000000,109,0.872000000000,0,0.000000000000
967,Cr16Y109Zr2,127,3,"Cr,Y,Zr",16,0.125984251969,0,0.000000000000,109,0.858267716535,2,0.015748031496
968,Cr78Y47,125,2,"Cr,Y",78,0.624000000000,0,0.000000000000,47,0.376000000000,0,0.000000000000
969,Cr78Y47,125,2,"Cr,Y",78,0.624000000000,0,0.000000000000,47,0.376000000000,0,0.000000000000
970,Cr78Y47,125,2,"Cr,Y",78,0.624000000000,0,0.000000000000,47,0.376000000000,0,0.000000000000
971,Cr16Y109,125,2,"Cr,Y",16,0.128000000000,0,0.000000000000,109,0.872000000000,0,0.000000000000
972,Cr16Y97,113,2,"Cr,Y",16,0.141592920354,0,0.000000000000,97,0.858407079646,0,0.000000000000
973,Cr16Y109Zr,126,3,"Cr,Y,Zr",16,0.126984126984,0,0.000000000000,109,0.865079365079,1,0.007936507937
974,Cr109Zr16,125,2,"Cr,Zr",109,0.872000000000,0,0.000000000000,0,0.000000000000,16,0.128000000000
975,Cr109Zr16,125,2,"Cr,Zr",109,0.872000000000,0,0.000000000000,0,0.000000000000,16,0.128000000000
976,Cr109WYZr16,127,4,"Cr,W,Y,Zr",109,0.858267716535,1,0.007874015748,1,0.007874015748,16,0.125984251969
977,Cr8Zr35,43,2,"Cr,Zr",8,0.186046511628,0,0.000000000000,0,0.000000000000,35,0.813953488372
978,Cr8Zr34,42,2,"Cr,Zr",8,0.190476190476,0,0.000000000000,0,0.000000000000,34,0.809523809524
979,Cr78Y47,125,2,"Cr,Y",78,0.624000000000,0,0.000000000000,47,0.376000000000,0,0.000000000000
980,Cr16Y109,125,2,"Cr,Y",16,0.128000000000,0,0.000000000000,109,0.872000000000,0,0.000000000000
981,Cr109Zr16,125,2,"Cr,Zr",109,0.872000000000,0,0.000000000000,0,0.000000000000,16,0.128000000000
982,Cr31Y94,125,2,"Cr,Y",31,0.248000000000,0,0.000000000000,94,0.752000000000,0,0.000000000000
983,Cr31Y94,125,2,"Cr,Y",31,0.248000000000,0,0.000000000000,94,0.752000000000,0,0.000000000000
984,Cr31Y94,125,2,"Cr,Y",31,0.248000000000,0,0.000000000000,94,0.752000000000,0,0.000000000000
985,Cr31Y94,125,2,"Cr,Y",31,0.248000000000,0,0.000000000000,94,0.752000000000,0,0.000000000000
986,Cr16Y109,125,2,"Cr,Y",16,0.128000000000,0,0.000000000000,109,0.872000000000,0,0.000000000000
987,Cr16Y109,125,2,"Cr,Y",16,0.128000000000,0,0.000000000000,109,0.872000000000,0,0.000000000000
988,Cr16Y109,125,2,"Cr,Y",16,0.128000000000,0,0.000000000000,109,0.872000000000,0,0.000000000000
989,Cr16Y109Zr,126,3,"Cr,Y,Zr",16,0.126984126984,0,0.000000000000,109,0.865079365079,1,0.007936507937
990,Cr16Y111,127,2,"Cr,Y",16,0.125984251969,0,0.000000000000,111,0.874015748031,0,0.000000000000
991,Cr47Y78,125,2,"Cr,Y",47,0.376000000000,0,0.000000000000,78,0.624000000000,0,0.000000000000
992,Cr47Y78,125,2,"Cr,Y",47,0.376000000000,0,0.000000000000,78,0.624000000000,0,0.000000000000
993,Cr47Y78,125,2,"Cr,Y",47,0.376000000000,0,0.000000000000,78,0.624000000000,0,0.000000000000
994,Cr47Y78,125,2,"Cr,Y",47,0.376000000000,0,0.000000000000,78,0.624000000000,0,0.000000000000
995,Cr16Y109,125,2,"Cr,Y",16,0.128000000000,0,0.000000000000,109,0.872000000000,0,0.000000000000
996,Cr16Y109,125,2,"Cr,Y",16,0.128000000000,0,0.000000000000,109,0.872000000000,0,0.000000000000
997,Cr16Y109,125,2,"Cr,Y",16,0.128000000000,0,0.000000000000,109,0.872000000000,0,0.000000000000
998,Cr17Y109,126,2,"Cr,Y",17,0.134920634921,0,0.000000000000,109,0.865079365079,0,0.000000000000
999,Cr47Y78,125,2,"Cr,Y",47,0.376000000000,0,0.000000000000,78,0.624000000000,0,0.000000000000
1000,Cr47Y78,125,2,"Cr,Y",47,0.376000000000,0,0.000000000000,78,0.624000000000,0,0.000000000000
1001,Cr47Y78,125,2,"Cr,Y",47,0.376000000000,0,0.000000000000,78,0.624000000000,0,0.000000000000
1002,Cr47Y78,125,2,"Cr,Y",47,0.376000000000,0,0.000000000000,78,0.624000000000,0,0.000000000000
1003,Cr100Zr16,116,2,"Cr,Zr",100,0.862068965517,0,0.000000000000,0,0.000000000000,16,0.137931034483
1004,Cr109Zr16,125,2,"Cr,Zr",109,0.872000000000,0,0.000000000000,0,0.000000000000,16,0.128000000000
1005,Cr109Zr16,125,2,"Cr,Zr",109,0.872000000000,0,0.000000000000,0,0.000000000000,16,0.128000000000
1006,Cr109Zr16,125,2,"Cr,Zr",109,0.872000000000,0,0.000000000000,0,0.000000000000,16,0.128000000000
1007,Cr109Zr16,125,2,"Cr,Zr",109,0.872000000000,0,0.000000000000,0,0.000000000000,16,0.128000000000
1008,Cr109Zr16,125,2,"Cr,Zr",109,0.872000000000,0,0.000000000000,0,0.000000000000,16,0.128000000000
1009,Cr109Zr16,125,2,"Cr,Zr",109,0.872000000000,0,0.000000000000,0,0.000000000000,16,0.128000000000
1010,Cr109Zr16,125,2,"Cr,Zr",109,0.872000000000,0,0.000000000000,0,0.000000000000,16,0.128000000000
1011,Cr109Zr16,125,2,"Cr,Zr",109,0.872000000000,0,0.000000000000,0,0.000000000000,16,0.128000000000
1012,Cr109Zr16,125,2,"Cr,Zr",109,0.872000000000,0,0.000000000000,0,0.000000000000,16,0.128000000000
1013,Cr109Zr16,125,2,"Cr,Zr",109,0.872000000000,0,0.000000000000,0,0.000000000000,16,0.128000000000
1014,Cr128Zr64,192,2,"Cr,Zr",128,0.666666666667,0,0.000000000000,0,0.000000000000,64,0.333333333333
1015,Cr128Zr64,192,2,"Cr,Zr",128,0.666666666667,0,0.000000000000,0,0.000000000000,64,0.333333333333
1016,Cr136Zr73,209,2,"Cr,Zr",136,0.650717703349,0,0.000000000000,0,0.000000000000,73,0.349282296651
1017,Cr128Zr64,192,2,"Cr,Zr",128,0.666666666667,0,0.000000000000,0,0.000000000000,64,0.333333333333
1018,Cr135Zr67,202,2,"Cr,Zr",135,0.668316831683,0,0.000000000000,0,0.000000000000,67,0.331683168317
1019,Cr9Zr33,42,2,"Cr,Zr",9,0.214285714286,0,0.000000000000,0,0.000000000000,33,0.785714285714
1020,Cr94Zr31,125,2,"Cr,Zr",94,0.752000000000,0,0.000000000000,0,0.000000000000,31,0.248000000000
1021,Cr95YZr31,127,3,"Cr,Y,Zr",95,0.748031496063,0,0.000000000000,1,0.007874015748,31,0.244094488189
1022,Cr11Zr32,43,2,"Cr,Zr",11,0.255813953488,0,0.000000000000,0,0.000000000000,32,0.744186046512
1023,Cr9Zr34,43,2,"Cr,Zr",9,0.209302325581,0,0.000000000000,0,0.000000000000,34,0.790697674419
1024,Cr8Zr35,43,2,"Cr,Zr",8,0.186046511628,0,0.000000000000,0,0.000000000000,35,0.813953488372
1025,Cr8Zr34,42,2,"Cr,Zr",8,0.190476190476,0,0.000000000000,0,0.000000000000,34,0.809523809524
1026,Cr8Zr35,43,2,"Cr,Zr",8,0.186046511628,0,0.000000000000,0,0.000000000000,35,0.813953488372
1027,Cr86Zr30,116,2,"Cr,Zr",86,0.741379310345,0,0.000000000000,0,0.000000000000,30,0.258620689655
1028,Cr94Zr31,125,2,"Cr,Zr",94,0.752000000000,0,0.000000000000,0,0.000000000000,31,0.248000000000
1029,Cr10Zr32,42,2,"Cr,Zr",10,0.238095238095,0,0.000000000000,0,0.000000000000,32,0.761904761905
1030,Cr95Zr32,127,2,"Cr,Zr",95,0.748031496063,0,0.000000000000,0,0.000000000000,32,0.251968503937
1031,Cr94Zr31,125,2,"Cr,Zr",94,0.752000000000,0,0.000000000000,0,0.000000000000,31,0.248000000000
1032,Cr139Zr70,209,2,"Cr,Zr",139,0.665071770335,0,0.000000000000,0,0.000000000000,70,0.334928229665
1033,Cr136Zr73,209,2,"Cr,Zr",136,0.650717703349,0,0.000000000000,0,0.000000000000,73,0.349282296651
1034,Cr64Zr40,104,2,"Cr,Zr",64,0.615384615385,0,0.000000000000,0,0.000000000000,40,0.384615384615
1035,Cr69Zr32,101,2,"Cr,Zr",69,0.683168316832,0,0.000000000000,0,0.000000000000,32,0.316831683168
1036,Cr67Zr36,103,2,"Cr,Zr",67,0.650485436893,0,0.000000000000,0,0.000000000000,36,0.349514563107
1037,Cr94Zr31,125,2,"Cr,Zr",94,0.752000000000,0,0.000000000000,0,0.000000000000,31,0.248000000000
1038,Cr94Zr31,125,2,"Cr,Zr",94,0.752000000000,0,0.000000000000,0,0.000000000000,31,0.248000000000
1039,Cr94YZr31,126,3,"Cr,Y,Zr",94,0.746031746032,0,0.000000000000,1,0.007936507937,31,0.246031746032
1040,Cr67Zr36,103,2,"Cr,Zr",67,0.650485436893,0,0.000000000000,0,0.000000000000,36,0.349514563107
1041,Cr65Zr37,102,2,"Cr,Zr",65,0.637254901961,0,0.000000000000,0,0.000000000000,37,0.362745098039
1042,Cr65Zr36,101,2,"Cr,Zr",65,0.643564356436,0,0.000000000000,0,0.000000000000,36,0.356435643564
1043,Cr71Zr34,105,2,"Cr,Zr",71,0.676190476190,0,0.000000000000,0,0.000000000000,34,0.323809523810
1044,Cr67Zr38,105,2,"Cr,Zr",67,0.638095238095,0,0.000000000000,0,0.000000000000,38,0.361904761905
1045,Cr69Zr35,104,2,"Cr,Zr",69,0.663461538462,0,0.000000000000,0,0.000000000000,35,0.336538461538
1046,Cr94Zr31,125,2,"Cr,Zr",94,0.752000000000,0,0.000000000000,0,0.000000000000,31,0.248000000000
1047,Cr94Zr31,125,2,"Cr,Zr",94,0.752000000000,0,0.000000000000,0,0.000000000000,31,0.248000000000
1048,Cr94YZr31,126,3,"Cr,Y,Zr",94,0.746031746032,0,0.000000000000,1,0.007936507937,31,0.246031746032
1049,Cr94Zr31,125,2,"Cr,Zr",94,0.752000000000,0,0.000000000000,0,0.000000000000,31,0.248000000000
1050,Cr94Zr31,125,2,"Cr,Zr",94,0.752000000000,0,0.000000000000,0,0.000000000000,31,0.248000000000
1051,Cr93Zr26,119,2,"Cr,Zr",93,0.781512605042,0,0.000000000000,0,0.000000000000,26,0.218487394958
1052,Cr94Zr32,126,2,"Cr,Zr",94,0.746031746032,0,0.000000000000,0,0.000000000000,32,0.253968253968
1053,Cr70Zr44,114,2,"Cr,Zr",70,0.614035087719,0,0.000000000000,0,0.000000000000,44,0.385964912281
1054,Cr78Zr47,125,2,"Cr,Zr",78,0.624000000000,0,0.000000000000,0,0.000000000000,47,0.376000000000
1055,Cr78Zr47,125,2,"Cr,Zr",78,0.624000000000,0,0.000000000000,0,0.000000000000,47,0.376000000000
1056,Cr78Zr47,125,2,"Cr,Zr",78,0.624000000000,0,0.000000000000,0,0.000000000000,47,0.376000000000
1057,Cr79Zr47,126,2,"Cr,Zr",79,0.626984126984,0,0.000000000000,0,0.000000000000,47,0.373015873016
1058,Cr78Zr47,125,2,"Cr,Zr",78,0.624000000000,0,0.000000000000,0,0.000000000000,47,0.376000000000
1059,Cr78Zr47,125,2,"Cr,Zr",78,0.624000000000,0,0.000000000000,0,0.000000000000,47,0.376000000000
1060,Cr78Zr47,125,2,"Cr,Zr",78,0.624000000000,0,0.000000000000,0,0.000000000000,47,0.376000000000
1061,Cr78Zr47,125,2,"Cr,Zr",78,0.624000000000,0,0.000000000000,0,0.000000000000,47,0.376000000000
1062,Cr78Zr48,126,2,"Cr,Zr",78,0.619047619048,0,0.000000000000,0,0.000000000000,48,0.380952380952
1063,Cr78WZr49,128,3,"Cr,W,Zr",78,0.609375000000,1,0.007812500000,0,0.000000000000,49,0.382812500000
1064,Cr78WZr47,126,3,"Cr,W,Zr",78,0.619047619048,1,0.007936507937,0,0.000000000000,47,0.373015873016
1065,Cr78Zr48,126,2,"Cr,Zr",78,0.619047619048,0,0.000000000000,0,0.000000000000,48,0.380952380952
1066,Cr78Zr47,125,2,"Cr,Zr",78,0.624000000000,0,0.000000000000,0,0.000000000000,47,0.376000000000
1067,Cr78Zr47,125,2,"Cr,Zr",78,0.624000000000,0,0.000000000000,0,0.000000000000,47,0.376000000000
1068,Cr78Zr47,125,2,"Cr,Zr",78,0.624000000000,0,0.000000000000,0,0.000000000000,47,0.376000000000
1069,Cr78WYZr47,127,4,"Cr,W,Y,Zr",78,0.614173228346,1,0.007874015748,1,0.007874015748,47,0.370078740157
1070,Cr134Zr69,203,2,"Cr,Zr",134,0.660098522167,0,0.000000000000,0,0.000000000000,69,0.339901477833
1071,Cr63Zr62,125,2,"Cr,Zr",63,0.504000000000,0,0.000000000000,0,0.000000000000,62,0.496000000000
1072,Cr64Zr63,127,2,"Cr,Zr",64,0.503937007874,0,0.000000000000,0,0.000000000000,63,0.496062992126
1073,Cr64Zr62,126,2,"Cr,Zr",64,0.507936507937,0,0.000000000000,0,0.000000000000,62,0.492063492063
1074,Cr63Zr62,125,2,"Cr,Zr",63,0.504000000000,0,0.000000000000,0,0.000000000000,62,0.496000000000
1075,Cr63Zr62,125,2,"Cr,Zr",63,0.504000000000,0,0.000000000000,0,0.000000000000,62,0.496000000000
1076,Cr120Zr59,179,2,"Cr,Zr",120,0.670391061453,0,0.000000000000,0,0.000000000000,59,0.329608938547
1077,Cr133Zr70,203,2,"Cr,Zr",133,0.655172413793,0,0.000000000000,0,0.000000000000,70,0.344827586207
1078,Cr47Zr78,125,2,"Cr,Zr",47,0.376000000000,0,0.000000000000,0,0.000000000000,78,0.624000000000
1079,Cr47Zr78,125,2,"Cr,Zr",47,0.376000000000,0,0.000000000000,0,0.000000000000,78,0.624000000000
1080,Cr62Zr63,125,2,"Cr,Zr",62,0.496000000000,0,0.000000000000,0,0.000000000000,63,0.504000000000
1081,Cr62Zr64,126,2,"Cr,Zr",62,0.492063492063,0,0.000000000000,0,0.000000000000,64,0.507936507937
1082,Cr48W2Zr78,128,3,"Cr,W,Zr",48,0.375000000000,2,0.015625000000,0,0.000000000000,78,0.609375000000
1083,Cr63Zr62,125,2,"Cr,Zr",63,0.504000000000,0,0.000000000000,0,0.000000000000,62,0.496000000000
1084,Cr63Zr62,125,2,"Cr,Zr",63,0.504000000000,0,0.000000000000,0,0.000000000000,62,0.496000000000
1085,Cr62Zr63,125,2,"Cr,Zr",62,0.496000000000,0,0.000000000000,0,0.000000000000,63,0.504000000000
1086,Cr57Zr58,115,2,"Cr,Zr",57,0.495652173913,0,0.000000000000,0,0.000000000000,58,0.504347826087
1087,Cr62Zr63,125,2,"Cr,Zr",62,0.496000000000,0,0.000000000000,0,0.000000000000,63,0.504000000000
1088,Cr47Zr78,125,2,"Cr,Zr",47,0.376000000000,0,0.000000000000,0,0.000000000000,78,0.624000000000
1089,Cr47Zr79,126,2,"Cr,Zr",47,0.373015873016,0,0.000000000000,0,0.000000000000,79,0.626984126984
1090,Cr47WZr78,126,3,"Cr,W,Zr",47,0.373015873016,1,0.007936507937,0,0.000000000000,78,0.619047619048
1091,Cr47Zr78,125,2,"Cr,Zr",47,0.376000000000,0,0.000000000000,0,0.000000000000,78,0.624000000000
1092,Cr44Zr70,114,2,"Cr,Zr",44,0.385964912281,0,0.000000000000,0,0.000000000000,70,0.614035087719
1093,Cr48Zr78,126,2,"Cr,Zr",48,0.380952380952,0,0.000000000000,0,0.000000000000,78,0.619047619048
1094,Cr47Zr78,125,2,"Cr,Zr",47,0.376000000000,0,0.000000000000,0,0.000000000000,78,0.624000000000
1095,Cr47Zr78,125,2,"Cr,Zr",47,0.376000000000,0,0.000000000000,0,0.000000000000,78,0.624000000000
1096,Cr28Zr87,115,2,"Cr,Zr",28,0.243478260870,0,0.000000000000,0,0.000000000000,87,0.756521739130
1097,Cr31YZr95,127,3,"Cr,Y,Zr",31,0.244094488189,0,0.000000000000,1,0.007874015748,95,0.748031496063
1098,Cr31Zr94,125,2,"Cr,Zr",31,0.248000000000,0,0.000000000000,0,0.000000000000,94,0.752000000000
1099,Cr31Zr94,125,2,"Cr,Zr",31,0.248000000000,0,0.000000000000,0,0.000000000000,94,0.752000000000
1100,Cr16Zr109,125,2,"Cr,Zr",16,0.128000000000,0,0.000000000000,0,0.000000000000,109,0.872000000000
1101,Cr47Zr78,125,2,"Cr,Zr",47,0.376000000000,0,0.000000000000,0,0.000000000000,78,0.624000000000
1102,Cr47WZr78,126,3,"Cr,W,Zr",47,0.373015873016,1,0.007936507937,0,0.000000000000,78,0.619047619048
1103,Cr62Zr63,125,2,"Cr,Zr",62,0.496000000000,0,0.000000000000,0,0.000000000000,63,0.504000000000
1104,Cr62Zr63,125,2,"Cr,Zr",62,0.496000000000,0,0.000000000000,0,0.000000000000,63,0.504000000000
1105,Cr62Zr63,125,2,"Cr,Zr",62,0.496000000000,0,0.000000000000,0,0.000000000000,63,0.504000000000
1106,Cr63Zr62,125,2,"Cr,Zr",63,0.504000000000,0,0.000000000000,0,0.000000000000,62,0.496000000000
1107,Cr63Zr62,125,2,"Cr,Zr",63,0.504000000000,0,0.000000000000,0,0.000000000000,62,0.496000000000
1108,Cr31Zr94,125,2,"Cr,Zr",31,0.248000000000,0,0.000000000000,0,0.000000000000,94,0.752000000000
1109,Cr47Zr78,125,2,"Cr,Zr",47,0.376000000000,0,0.000000000000,0,0.000000000000,78,0.624000000000
1110,Cr47Zr78,125,2,"Cr,Zr",47,0.376000000000,0,0.000000000000,0,0.000000000000,78,0.624000000000
1111,Cr16Zr109,125,2,"Cr,Zr",16,0.128000000000,0,0.000000000000,0,0.000000000000,109,0.872000000000
1112,Cr16Zr109,125,2,"Cr,Zr",16,0.128000000000,0,0.000000000000,0,0.000000000000,109,0.872000000000
1113,Cr16WZr111,128,3,"Cr,W,Zr",16,0.125000000000,1,0.007812500000,0,0.000000000000,111,0.867187500000
1114,Cr16Zr109,125,2,"Cr,Zr",16,0.128000000000,0,0.000000000000,0,0.000000000000,109,0.872000000000
1115,Cr31Zr94,125,2,"Cr,Zr",31,0.248000000000,0,0.000000000000,0,0.000000000000,94,0.752000000000
1116,Cr31Zr94,125,2,"Cr,Zr",31,0.248000000000,0,0.000000000000,0,0.000000000000,94,0.752000000000
1117,Cr31Zr95,126,2,"Cr,Zr",31,0.246031746032,0,0.000000000000,0,0.000000000000,95,0.753968253968
1118,Cr31Zr94,125,2,"Cr,Zr",31,0.248000000000,0,0.000000000000,0,0.000000000000,94,0.752000000000
1119,Cr16Zr109,125,2,"Cr,Zr",16,0.128000000000,0,0.000000000000,0,0.000000000000,109,0.872000000000
1120,Cr16WZr109,126,3,"Cr,W,Zr",16,0.126984126984,1,0.007936507937,0,0.000000000000,109,0.865079365079
1121,Cr16Zr109,125,2,"Cr,Zr",16,0.128000000000,0,0.000000000000,0,0.000000000000,109,0.872000000000
1122,Cr16Zr109,125,2,"Cr,Zr",16,0.128000000000,0,0.000000000000,0,0.000000000000,109,0.872000000000
1123,Cr32Zr94,126,2,"Cr,Zr",32,0.253968253968,0,0.000000000000,0,0.000000000000,94,0.746031746032
1124,Cr31Zr94,125,2,"Cr,Zr",31,0.248000000000,0,0.000000000000,0,0.000000000000,94,0.752000000000
1125,Cr31Zr94,125,2,"Cr,Zr",31,0.248000000000,0,0.000000000000,0,0.000000000000,94,0.752000000000
1126,Cr31WZr94,126,3,"Cr,W,Zr",31,0.246031746032,1,0.007936507937,0,0.000000000000,94,0.746031746032
1127,Cr16Zr109,125,2,"Cr,Zr",16,0.128000000000,0,0.000000000000,0,0.000000000000,109,0.872000000000
1128,Cr16Zr109,125,2,"Cr,Zr",16,0.128000000000,0,0.000000000000,0,0.000000000000,109,0.872000000000
1129,Cr31Zr94,125,2,"Cr,Zr",31,0.248000000000,0,0.000000000000,0,0.000000000000,94,0.752000000000
1130,Cr31Zr94,125,2,"Cr,Zr",31,0.248000000000,0,0.000000000000,0,0.000000000000,94,0.752000000000
1131,Cr31Zr94,125,2,"Cr,Zr",31,0.248000000000,0,0.000000000000,0,0.000000000000,94,0.752000000000
1132,Cr14Zr103,117,2,"Cr,Zr",14,0.119658119658,0,0.000000000000,0,0.000000000000,103,0.880341880342
1133,Cr16Zr109,125,2,"Cr,Zr",16,0.128000000000,0,0.000000000000,0,0.000000000000,109,0.872000000000
1134,Cr139Zr70,209,2,"Cr,Zr",139,0.665071770335,0,0.000000000000,0,0.000000000000,70,0.334928229665
1135,Cr138Zr69,207,2,"Cr,Zr",138,0.666666666667,0,0.000000000000,0,0.000000000000,69,0.333333333333
1136,Cr137Zr72,209,2,"Cr,Zr",137,0.655502392344,0,0.000000000000,0,0.000000000000,72,0.344497607656
1137,Cr133Zr70,203,2,"Cr,Zr",133,0.655172413793,0,0.000000000000,0,0.000000000000,70,0.344827586207
1138,Cr128Zr64,192,2,"Cr,Zr",128,0.666666666667,0,0.000000000000,0,0.000000000000,64,0.333333333333
1139,Cr136Zr69,205,2,"Cr,Zr",136,0.663414634146,0,0.000000000000,0,0.000000000000,69,0.336585365854
1140,Cr134Zr70,204,2,"Cr,Zr",134,0.656862745098,0,0.000000000000,0,0.000000000000,70,0.343137254902
1141,Cr136Zr74,210,2,"Cr,Zr",136,0.647619047619,0,0.000000000000,0,0.000000000000,74,0.352380952381
1142,Cr133Zr69,202,2,"Cr,Zr",133,0.658415841584,0,0.000000000000,0,0.000000000000,69,0.341584158416
1143,Cr140Zr70,210,2,"Cr,Zr",140,0.666666666667,0,0.000000000000,0,0.000000000000,70,0.333333333333
1144,W109Y16,125,2,"W,Y",0,0.000000000000,109,0.872000000000,16,0.128000000000,0,0.000000000000
1145,W109Y16,125,2,"W,Y",0,0.000000000000,109,0.872000000000,16,0.128000000000,0,0.000000000000
1146,W109Y16,125,2,"W,Y",0,0.000000000000,109,0.872000000000,16,0.128000000000,0,0.000000000000
1147,W109Y16,125,2,"W,Y",0,0.000000000000,109,0.872000000000,16,0.128000000000,0,0.000000000000
1148,W109Y16,125,2,"W,Y",0,0.000000000000,109,0.872000000000,16,0.128000000000,0,0.000000000000
1149,Cr16Zr109,125,2,"Cr,Zr",16,0.128000000000,0,0.000000000000,0,0.000000000000,109,0.872000000000
1150,Cr16Zr109,125,2,"Cr,Zr",16,0.128000000000,0,0.000000000000,0,0.000000000000,109,0.872000000000
1151,W109Y17,126,2,"W,Y",0,0.000000000000,109,0.865079365079,17,0.134920634921,0,0.000000000000
1152,W109Y16,125,2,"W,Y",0,0.000000000000,109,0.872000000000,16,0.128000000000,0,0.000000000000
1153,W109Y16Zr,126,3,"W,Y,Zr",0,0.000000000000,109,0.865079365079,16,0.126984126984,1,0.007936507937
1154,W109Y16,125,2,"W,Y",0,0.000000000000,109,0.872000000000,16,0.128000000000,0,0.000000000000
1155,W109Y16,125,2,"W,Y",0,0.000000000000,109,0.872000000000,16,0.128000000000,0,0.000000000000
1156,W109Y16,125,2,"W,Y",0,0.000000000000,109,0.872000000000,16,0.128000000000,0,0.000000000000
1157,W110Y16,126,2,"W,Y",0,0.000000000000,110,0.873015873016,16,0.126984126984,0,0.000000000000
1158,W109Y16,125,2,"W,Y",0,0.000000000000,109,0.872000000000,16,0.128000000000,0,0.000000000000
1159,W100Y16,116,2,"W,Y",0,0.000000000000,100,0.862068965517,16,0.137931034483,0,0.000000000000
1160,CrW109Y16,126,3,"Cr,W,Y",1,0.007936507937,109,0.865079365079,16,0.126984126984,0,0.000000000000
1161,W109Y16,125,2,"W,Y",0,0.000000000000,109,0.872000000000,16,0.128000000000,0,0.000000000000
1162,W109Y16,125,2,"W,Y",0,0.000000000000,109,0.872000000000,16,0.128000000000,0,0.000000000000
1163,CrW109Y17,127,3,"Cr,W,Y",1,0.007874015748,109,0.858267716535,17,0.133858267717,0,0.000000000000
1164,W94Y31,125,2,"W,Y",0,0.000000000000,94,0.752000000000,31,0.248000000000,0,0.000000000000
1165,W8Zr32,40,2,"W,Zr",0,0.000000000000,8,0.200000000000,0,0.000000000000,32,0.800000000000
1166,W8Zr32,40,2,"W,Zr",0,0.000000000000,8,0.200000000000,0,0.000000000000,32,0.800000000000
1167,W11Zr32,43,2,"W,Zr",0,0.000000000000,11,0.255813953488,0,0.000000000000,32,0.744186046512
1168,W9Zr33,42,2,"W,Zr",0,0.000000000000,9,0.214285714286,0,0.000000000000,33,0.785714285714
1169,W94Y31,125,2,"W,Y",0,0.000000000000,94,0.752000000000,31,0.248000000000,0,0.000000000000
1170,W94Y32,126,2,"W,Y",0,0.000000000000,94,0.746031746032,32,0.253968253968,0,0.000000000000
1171,W94Y31,125,2,"W,Y",0,0.000000000000,94,0.752000000000,31,0.248000000000,0,0.000000000000
1172,CrW94Y31,126,3,"Cr,W,Y",1,0.007936507937,94,0.746031746032,31,0.246031746032,0,0.000000000000
1173,W94Y31,125,2,"W,Y",0,0.000000000000,94,0.752000000000,31,0.248000000000,0,0.000000000000
1174,W94Y31,125,2,"W,Y",0,0.000000000000,94,0.752000000000,31,0.248000000000,0,0.000000000000
1175,W86Y28,114,2,"W,Y",0,0.000000000000,86,0.754385964912,28,0.245614035088,0,0.000000000000
1176,W94Y31,125,2,"W,Y",0,0.000000000000,94,0.752000000000,31,0.248000000000,0,0.000000000000
1177,W94Y31,125,2,"W,Y",0,0.000000000000,94,0.752000000000,31,0.248000000000,0,0.000000000000
1178,W94Y31,125,2,"W,Y",0,0.000000000000,94,0.752000000000,31,0.248000000000,0,0.000000000000
1179,W83Y30,113,2,"W,Y",0,0.000000000000,83,0.734513274336,30,0.265486725664,0,0.000000000000
1180,CrW95Y31,127,3,"Cr,W,Y",1,0.007874015748,95,0.748031496063,31,0.244094488189,0,0.000000000000
1181,W10Zr33,43,2,"W,Zr",0,0.000000000000,10,0.232558139535,0,0.000000000000,33,0.767441860465
1182,W94Y31,125,2,"W,Y",0,0.000000000000,94,0.752000000000,31,0.248000000000,0,0.000000000000
1183,W94Y31,125,2,"W,Y",0,0.000000000000,94,0.752000000000,31,0.248000000000,0,0.000000000000
1184,CrW94Y31Zr,127,4,"Cr,W,Y,Zr",1,0.007874015748,94,0.740157480315,31,0.244094488189,1,0.007874015748
1185,W94Y32,126,2,"W,Y",0,0.000000000000,94,0.746031746032,32,0.253968253968,0,0.000000000000
1186,W8Zr35,43,2,"W,Zr",0,0.000000000000,8,0.186046511628,0,0.000000000000,35,0.813953488372
1187,W9Zr33,42,2,"W,Zr",0,0.000000000000,9,0.214285714286,0,0.000000000000,33,0.785714285714
1188,W94Y31,125,2,"W,Y",0,0.000000000000,94,0.752000000000,31,0.248000000000,0,0.000000000000
1189,W78Y47,125,2,"W,Y",0,0.000000000000,78,0.624000000000,47,0.376000000000,0,0.000000000000
1190,W79Y47,126,2,"W,Y",0,0.000000000000,79,0.626984126984,47,0.373015873016,0,0.000000000000
1191,W78Y47,125,2,"W,Y",0,0.000000000000,78,0.624000000000,47,0.376000000000,0,0.000000000000
1192,W79Y47,126,2,"W,Y",0,0.000000000000,79,0.626984126984,47,0.373015873016,0,0.000000000000
1193,W64Zr32,96,2,"W,Zr",0,0.000000000000,64,0.666666666667,0,0.000000000000,32,0.333333333333
1194,W64Zr32,96,2,"W,Zr",0,0.000000000000,64,0.666666666667,0,0.000000000000,32,0.333333333333
1195,W64Zr32,96,2,"W,Zr",0,0.000000000000,64,0.666666666667,0,0.000000000000,32,0.333333333333
1196,W71Zr34,105,2,"W,Zr",0,0.000000000000,71,0.676190476190,0,0.000000000000,34,0.323809523810
1197,W70Zr34,104,2,"W,Zr",0,0.000000000000,70,0.673076923077,0,0.000000000000,34,0.326923076923
1198,W79Y47,126,2,"W,Y",0,0.000000000000,79,0.626984126984,47,0.373015873016,0,0.000000000000
1199,W78Y47,125,2,"W,Y",0,0.000000000000,78,0.624000000000,47,0.376000000000,0,0.000000000000
1200,W78Y47,125,2,"W,Y",0,0.000000000000,78,0.624000000000,47,0.376000000000,0,0.000000000000
1201,W78Y47,125,2,"W,Y",0,0.000000000000,78,0.624000000000,47,0.376000000000,0,0.000000000000
1202,W68Y45,113,2,"W,Y",0,0.000000000000,68,0.601769911504,45,0.398230088496,0,0.000000000000
1203,W78Y47,125,2,"W,Y",0,0.000000000000,78,0.624000000000,47,0.376000000000,0,0.000000000000
1204,W68Zr37,105,2,"W,Zr",0,0.000000000000,68,0.647619047619,0,0.000000000000,37,0.352380952381
1205,W69Zr36,105,2,"W,Zr",0,0.000000000000,69,0.657142857143,0,0.000000000000,36,0.342857142857
1206,W71Y42,113,2,"W,Y",0,0.000000000000,71,0.628318584071,42,0.371681415929,0,0.000000000000
1207,W78Y47,125,2,"W,Y",0,0.000000000000,78,0.624000000000,47,0.376000000000,0,0.000000000000
1208,W78Y47,125,2,"W,Y",0,0.000000000000,78,0.624000000000,47,0.376000000000,0,0.000000000000
1209,W78Y47,125,2,"W,Y",0,0.000000000000,78,0.624000000000,47,0.376000000000,0,0.000000000000
1210,W78Y47,125,2,"W,Y",0,0.000000000000,78,0.624000000000,47,0.376000000000,0,0.000000000000
1211,W78Y47,125,2,"W,Y",0,0.000000000000,78,0.624000000000,47,0.376000000000,0,0.000000000000
1212,W78Y47,125,2,"W,Y",0,0.000000000000,78,0.624000000000,47,0.376000000000,0,0.000000000000
1213,W78Y47,125,2,"W,Y",0,0.000000000000,78,0.624000000000,47,0.376000000000,0,0.000000000000
1214,W63Y62,125,2,"W,Y",0,0.000000000000,63,0.504000000000,62,0.496000000000,0,0.000000000000
1215,W63Y62,125,2,"W,Y",0,0.000000000000,63,0.504000000000,62,0.496000000000,0,0.000000000000
1216,W63Y62,125,2,"W,Y",0,0.000000000000,63,0.504000000000,62,0.496000000000,0,0.000000000000
1217,W63Y56,119,2,"W,Y",0,0.000000000000,63,0.529411764706,56,0.470588235294,0,0.000000000000
1218,W63Y62,125,2,"W,Y",0,0.000000000000,63,0.504000000000,62,0.496000000000,0,0.000000000000
1219,W66Zr37,103,2,"W,Zr",0,0.000000000000,66,0.640776699029,0,0.000000000000,37,0.359223300971
1220,W64Y64Zr,129,3,"W,Y,Zr",0,0.000000000000,64,0.496124031008,64,0.496124031008,1,0.007751937984
1221,W63Y63,126,2,"W,Y",0,0.000000000000,63,0.500000000000,63,0.500000000000,0,0.000000000000
1222,W63Y62,125,2,"W,Y",0,0.000000000000,63,0.504000000000,62,0.496000000000,0,0.000000000000
1223,W63Y62,125,2,"W,Y",0,0.000000000000,63,0.504000000000,62,0.496000000000,0,0.000000000000
1224,W55Y60,115,2,"W,Y",0,0.000000000000,55,0.478260869565,60,0.521739130435,0,0.000000000000
1225,CrW63Y62,126,3,"Cr,W,Y",1,0.007936507937,63,0.500000000000,62,0.492063492063,0,0.000000000000
1226,W128Zr64,192,2,"W,Zr",0,0.000000000000,128,0.666666666667,0,0.000000000000,64,0.333333333333
1227,W128Zr64,192,2,"W,Zr",0,0.000000000000,128,0.666666666667,0,0.000000000000,64,0.333333333333
1228,W128Zr64,192,2,"W,Zr",0,0.000000000000,128,0.666666666667,0,0.000000000000,64,0.333333333333
1229,W140Zr68,208,2,"W,Zr",0,0.000000000000,140,0.673076923077,0,0.000000000000,68,0.326923076923
1230,W136Zr70,206,2,"W,Zr",0,0.000000000000,136,0.660194174757,0,0.000000000000,70,0.339805825243
1231,W62Y63,125,2,"W,Y",0,0.000000000000,62,0.496000000000,63,0.504000000000,0,0.000000000000
1232,W62Y63,125,2,"W,Y",0,0.000000000000,62,0.496000000000,63,0.504000000000,0,0.000000000000
1233,W62Y63,125,2,"W,Y",0,0.000000000000,62,0.496000000000,63,0.504000000000,0,0.000000000000
1234,W62Y63,125,2,"W,Y",0,0.000000000000,62,0.496000000000,63,0.504000000000,0,0.000000000000
1235,W62Y63,125,2,"W,Y",0,0.000000000000,62,0.496000000000,63,0.504000000000,0,0.000000000000
1236,W62Y63,125,2,"W,Y",0,0.000000000000,62,0.496000000000,63,0.504000000000,0,0.000000000000
1237,W55Y59,114,2,"W,Y",0,0.000000000000,55,0.482456140351,59,0.517543859649,0,0.000000000000
1238,W62Y63,125,2,"W,Y",0,0.000000000000,62,0.496000000000,63,0.504000000000,0,0.000000000000
1239,W62Y63,125,2,"W,Y",0,0.000000000000,62,0.496000000000,63,0.504000000000,0,0.000000000000
1240,W9Zr34,43,2,"W,Zr",0,0.000000000000,9,0.209302325581,0,0.000000000000,34,0.790697674419
1241,W11Zr32,43,2,"W,Zr",0,0.000000000000,11,0.255813953488,0,0.000000000000,32,0.744186046512
1242,CrW48Y78,127,3,"Cr,W,Y",1,0.007874015748,48,0.377952755906,78,0.614173228346,0,0.000000000000
1243,W42Y74,116,2,"W,Y",0,0.000000000000,42,0.362068965517,74,0.637931034483,0,0.000000000000
1244,W47Y78,125,2,"W,Y",0,0.000000000000,47,0.376000000000,78,0.624000000000,0,0.000000000000
1245,W47Y78,125,2,"W,Y",0,0.000000000000,47,0.376000000000,78,0.624000000000,0,0.000000000000
1246,W47Y78,125,2,"W,Y",0,0.000000000000,47,0.376000000000,78,0.624000000000,0,0.000000000000
1247,W47Y78,125,2,"W,Y",0,0.000000000000,47,0.376000000000,78,0.624000000000,0,0.000000000000
1248,W47Y78,125,2,"W,Y",0,0.000000000000,47,0.376000000000,78,0.624000000000,0,0.000000000000
1249,W47Y78Zr2,127,3,"W,Y,Zr",0,0.000000000000,47,0.370078740157,78,0.614173228346,2,0.015748031496
1250,W47Y78,125,2,"W,Y",0,0.000000000000,47,0.376000000000,78,0.624000000000,0,0.000000000000
1251,W47Y78,125,2,"W,Y",0,0.000000000000,47,0.376000000000,78,0.624000000000,0,0.000000000000
1252,W47Y78,125,2,"W,Y",0,0.000000000000,47,0.376000000000,78,0.624000000000,0,0.000000000000
1253,W46Y70,116,2,"W,Y",0,0.000000000000,46,0.396551724138,70,0.603448275862,0,0.000000000000
1254,W47Y78,125,2,"W,Y",0,0.000000000000,47,0.376000000000,78,0.624000000000,0,0.000000000000
1255,W47Y78,125,2,"W,Y",0,0.000000000000,47,0.376000000000,78,0.624000000000,0,0.000000000000
1256,W47Y78,125,2,"W,Y",0,0.000000000000,47,0.376000000000,78,0.624000000000,0,0.000000000000
1257,W48Y78,126,2,"W,Y",0,0.000000000000,48,0.380952380952,78,0.619047619048,0,0.000000000000
1258,W31Y84,115,2,"W,Y",0,0.000000000000,31,0.269565217391,84,0.730434782609,0,0.000000000000
1259,W32Y94,126,2,"W,Y",0,0.000000000000,32,0.253968253968,94,0.746031746032,0,0.000000000000
1260,W47Y78,125,2,"W,Y",0,0.000000000000,47,0.376000000000,78,0.624000000000,0,0.000000000000
1261,W31Y94,125,2,"W,Y",0,0.000000000000,31,0.248000000000,94,0.752000000000,0,0.000000000000
1262,W31Y94,125,2,"W,Y",0,0.000000000000,31,0.248000000000,94,0.752000000000,0,0.000000000000
1263,W31Y94,125,2,"W,Y",0,0.000000000000,31,0.248000000000,94,0.752000000000,0,0.000000000000
1264,W32Y94Zr,127,3,"W,Y,Zr",0,0.000000000000,32,0.251968503937,94,0.740157480315,1,0.007874015748
1265,W16Y109,125,2,"W,Y",0,0.000000000000,16,0.128000000000,109,0.872000000000,0,0.000000000000
1266,W16Y109,125,2,"W,Y",0,0.000000000000,16,0.128000000000,109,0.872000000000,0,0.000000000000
1267,W16Y109,125,2,"W,Y",0,0.000000000000,16,0.128000000000,109,0.872000000000,0,0.000000000000
1268,W15Y105,120,2,"W,Y",0,0.000000000000,15,0.125000000000,105,0.875000000000,0,0.000000000000
1269,W16Y109,125,2,"W,Y",0,0.000000000000,16,0.128000000000,109,0.872000000000,0,0.000000000000
1270,W113Zr61,174,2,"W,Zr",0,0.000000000000,113,0.649425287356,0,0.000000000000,61,0.350574712644
1271,W131Zr74,205,2,"W,Zr",0,0.000000000000,131,0.639024390244,0,0.000000000000,74,0.360975609756
1272,W131Zr71,202,2,"W,Zr",0,0.000000000000,131,0.648514851485,0,0.000000000000,71,0.351485148515
1273,W31Y94,125,2,"W,Y",0,0.000000000000,31,0.248000000000,94,0.752000000000,0,0.000000000000
1274,W26Y88,114,2,"W,Y",0,0.000000000000,26,0.228070175439,88,0.771929824561,0,0.000000000000
1275,CrW32Y94,127,3,"Cr,W,Y",1,0.007874015748,32,0.251968503937,94,0.740157480315,0,0.000000000000
1276,W16Y111,127,2,"W,Y",0,0.000000000000,16,0.125984251969,111,0.874015748031,0,0.000000000000
1277,W31Y94Zr,126,3,"W,Y,Zr",0,0.000000000000,31,0.246031746032,94,0.746031746032,1,0.007936507937
1278,CrW16Y109,126,3,"Cr,W,Y",1,0.007936507937,16,0.126984126984,109,0.865079365079,0,0.000000000000
1279,W40Y74,114,2,"W,Y",0,0.000000000000,40,0.350877192982,74,0.649122807018,0,0.000000000000
1280,W47Y70,117,2,"W,Y",0,0.000000000000,47,0.401709401709,70,0.598290598291,0,0.000000000000
1281,W47Y78,125,2,"W,Y",0,0.000000000000,47,0.376000000000,78,0.624000000000,0,0.000000000000
1282,W16Y109,125,2,"W,Y",0,0.000000000000,16,0.128000000000,109,0.872000000000,0,0.000000000000
1283,W17Y110,127,2,"W,Y",0,0.000000000000,17,0.133858267717,110,0.866141732283,0,0.000000000000
1284,W28Y90,118,2,"W,Y",0,0.000000000000,28,0.237288135593,90,0.762711864407,0,0.000000000000
1285,W31Y95,126,2,"W,Y",0,0.000000000000,31,0.246031746032,95,0.753968253968,0,0.000000000000
1286,W16Y109,125,2,"W,Y",0,0.000000000000,16,0.128000000000,109,0.872000000000,0,0.000000000000
1287,W31Y94,125,2,"W,Y",0,0.000000000000,31,0.248000000000,94,0.752000000000,0,0.000000000000
1288,W33Y94,127,2,"W,Y",0,0.000000000000,33,0.259842519685,94,0.740157480315,0,0.000000000000
1289,W31Y94,125,2,"W,Y",0,0.000000000000,31,0.248000000000,94,0.752000000000,0,0.000000000000
1290,W31Y94,125,2,"W,Y",0,0.000000000000,31,0.248000000000,94,0.752000000000,0,0.000000000000
1291,W31Y94,125,2,"W,Y",0,0.000000000000,31,0.248000000000,94,0.752000000000,0,0.000000000000
1292,W31Y84,115,2,"W,Y",0,0.000000000000,31,0.269565217391,84,0.730434782609,0,0.000000000000
1293,W31Y94,125,2,"W,Y",0,0.000000000000,31,0.248000000000,94,0.752000000000,0,0.000000000000
1294,W16Y109,125,2,"W,Y",0,0.000000000000,16,0.128000000000,109,0.872000000000,0,0.000000000000
1295,W16Y109,125,2,"W,Y",0,0.000000000000,16,0.128000000000,109,0.872000000000,0,0.000000000000
1296,Cr2W109Zr16,127,3,"Cr,W,Zr",2,0.015748031496,109,0.858267716535,0,0.000000000000,16,0.125984251969
1297,W16Y109,125,2,"W,Y",0,0.000000000000,16,0.128000000000,109,0.872000000000,0,0.000000000000
1298,W16Y109,125,2,"W,Y",0,0.000000000000,16,0.128000000000,109,0.872000000000,0,0.000000000000
1299,W14Y105,119,2,"W,Y",0,0.000000000000,14,0.117647058824,105,0.882352941176,0,0.000000000000
1300,W15Y99,114,2,"W,Y",0,0.000000000000,15,0.131578947368,99,0.868421052632,0,0.000000000000
1301,W17Y109Zr,127,3,"W,Y,Zr",0,0.000000000000,17,0.133858267717,109,0.858267716535,1,0.007874015748
1302,W103Zr16,119,2,"W,Zr",0,0.000000000000,103,0.865546218487,0,0.000000000000,16,0.134453781513
1303,W111Zr16,127,2,"W,Zr",0,0.000000000000,111,0.874015748031,0,0.000000000000,16,0.125984251969
1304,W109Zr16,125,2,"W,Zr",0,0.000000000000,109,0.872000000000,0,0.000000000000,16,0.128000000000
1305,W136Zr74,210,2,"W,Zr",0,0.000000000000,136,0.647619047619,0,0.000000000000,74,0.352380952381
1306,W133Zr73,206,2,"W,Zr",0,0.000000000000,133,0.645631067961,0,0.000000000000,73,0.354368932039
1307,W109Zr16,125,2,"W,Zr",0,0.000000000000,109,0.872000000000,0,0.000000000000,16,0.128000000000
1308,CrW109Zr16,126,3,"Cr,W,Zr",1,0.007936507937,109,0.865079365079,0,0.000000000000,16,0.126984126984
1309,W8Zr34,42,2,"W,Zr",0,0.000000000000,8,0.190476190476,0,0.000000000000,34,0.809523809524
1310,W109Zr16,125,2,"W,Zr",0,0.000000000000,109,0.872000000000,0,0.000000000000,16,0.128000000000
1311,CrW109Zr16,126,3,"Cr,W,Zr",1,0.007936507937,109,0.865079365079,0,0.000000000000,16,0.126984126984
1312,W109Zr16,125,2,"W,Zr",0,0.000000000000,109,0.872000000000,0,0.000000000000,16,0.128000000000
1313,W109Zr16,125,2,"W,Zr",0,0.000000000000,109,0.872000000000,0,0.000000000000,16,0.128000000000
1314,W109Y2Zr16,127,3,"W,Y,Zr",0,0.000000000000,109,0.858267716535,2,0.015748031496,16,0.125984251969
1315,W109Zr16,125,2,"W,Zr",0,0.000000000000,109,0.872000000000,0,0.000000000000,16,0.128000000000
1316,W109Zr16,125,2,"W,Zr",0,0.000000000000,109,0.872000000000,0,0.000000000000,16,0.128000000000
1317,W109Zr16,125,2,"W,Zr",0,0.000000000000,109,0.872000000000,0,0.000000000000,16,0.128000000000
1318,W109Y2Zr16,127,3,"W,Y,Zr",0,0.000000000000,109,0.858267716535,2,0.015748031496,16,0.125984251969
1319,W66Zr36,102,2,"W,Zr",0,0.000000000000,66,0.647058823529,0,0.000000000000,36,0.352941176471
1320,W65Zr38,103,2,"W,Zr",0,0.000000000000,65,0.631067961165,0,0.000000000000,38,0.368932038835
1321,W8Zr32,40,2,"W,Zr",0,0.000000000000,8,0.200000000000,0,0.000000000000,32,0.800000000000
1322,W9Zr33,42,2,"W,Zr",0,0.000000000000,9,0.214285714286,0,0.000000000000,33,0.785714285714
1323,W94Zr31,125,2,"W,Zr",0,0.000000000000,94,0.752000000000,0,0.000000000000,31,0.248000000000
1324,W94Zr31,125,2,"W,Zr",0,0.000000000000,94,0.752000000000,0,0.000000000000,31,0.248000000000
1325,W94Zr31,125,2,"W,Zr",0,0.000000000000,94,0.752000000000,0,0.000000000000,31,0.248000000000
1326,CrW94Zr31,126,3,"Cr,W,Zr",1,0.007936507937,94,0.746031746032,0,0.000000000000,31,0.246031746032
1327,W95YZr32,128,3,"W,Y,Zr",0,0.000000000000,95,0.742187500000,1,0.007812500000,32,0.250000000000
1328,W94Zr31,125,2,"W,Zr",0,0.000000000000,94,0.752000000000,0,0.000000000000,31,0.248000000000
1329,W94Zr31,125,2,"W,Zr",0,0.000000000000,94,0.752000000000,0,0.000000000000,31,0.248000000000
1330,W94YZr31,126,3,"W,Y,Zr",0,0.000000000000,94,0.746031746032,1,0.007936507937,31,0.246031746032
1331,W85Zr29,114,2,"W,Zr",0,0.000000000000,85,0.745614035088,0,0.000000000000,29,0.254385964912
1332,W94Zr31,125,2,"W,Zr",0,0.000000000000,94,0.752000000000,0,0.000000000000,31,0.248000000000
1333,W94Zr31,125,2,"W,Zr",0,0.000000000000,94,0.752000000000,0,0.000000000000,31,0.248000000000
1334,W92Zr28,120,2,"W,Zr",0,0.000000000000,92,0.766666666667,0,0.000000000000,28,0.233333333333
1335,W94Zr31,125,2,"W,Zr",0,0.000000000000,94,0.752000000000,0,0.000000000000,31,0.248000000000
1336,W8Zr34,42,2,"W,Zr",0,0.000000000000,8,0.190476190476,0,0.000000000000,34,0.809523809524
1337,W94Zr31,125,2,"W,Zr",0,0.000000000000,94,0.752000000000,0,0.000000000000,31,0.248000000000
1338,W94Zr31,125,2,"W,Zr",0,0.000000000000,94,0.752000000000,0,0.000000000000,31,0.248000000000
1339,Y64Zr64,128,2,"Y,Zr",0,0.000000000000,0,0.000000000000,64,0.500000000000,64,0.500000000000
1340,Y64Zr64,128,2,"Y,Zr",0,0.000000000000,0,0.000000000000,64,0.500000000000,64,0.500000000000
1341,Y69Zr71,140,2,"Y,Zr",0,0.000000000000,0,0.000000000000,69,0.492857142857,71,0.507142857143
1342,W78Zr47,125,2,"W,Zr",0,0.000000000000,78,0.624000000000,0,0.000000000000,47,0.376000000000
1343,W78Zr47,125,2,"W,Zr",0,0.000000000000,78,0.624000000000,0,0.000000000000,47,0.376000000000
1344,W78Zr47,125,2,"W,Zr",0,0.000000000000,78,0.624000000000,0,0.000000000000,47,0.376000000000
1345,W78Zr47,125,2,"W,Zr",0,0.000000000000,78,0.624000000000,0,0.000000000000,47,0.376000000000
1346,Y67Zr69,136,2,"Y,Zr",0,0.000000000000,0,0.000000000000,67,0.492647058824,69,0.507352941176
1347,W59Zr28,87,2,"W,Zr",0,0.000000000000,59,0.678160919540,0,0.000000000000,28,0.321839080460
1348,W69Zr35,104,2,"W,Zr",0,0.000000000000,69,0.663461538462,0,0.000000000000,35,0.336538461538
1349,W67Zr34,101,2,"W,Zr",0,0.000000000000,67,0.663366336634,0,0.000000000000,34,0.336633663366
1350,W68Zr37,105,2,"W,Zr",0,0.000000000000,68,0.647619047619,0,0.000000000000,37,0.352380952381
1351,W133Zr74,207,2,"W,Zr",0,0.000000000000,133,0.642512077295,0,0.000000000000,74,0.357487922705
1352,W160Zr96,256,2,"W,Zr",0,0.000000000000,160,0.625000000000,0,0.000000000000,96,0.375000000000
1353,W169Zr100,269,2,"W,Zr",0,0.000000000000,169,0.628252788104,0,0.000000000000,100,0.371747211896
1354,W173Zr106,279,2,"W,Zr",0,0.000000000000,173,0.620071684588,0,0.000000000000,106,0.379928315412
1355,W68Zr34,102,2,"W,Zr",0,0.000000000000,68,0.666666666667,0,0.000000000000,34,0.333333333333
1356,W70Zr45,115,2,"W,Zr",0,0.000000000000,70,0.608695652174,0,0.000000000000,45,0.391304347826
1357,W78Zr47,125,2,"W,Zr",0,0.000000000000,78,0.624000000000,0,0.000000000000,47,0.376000000000
1358,Y69Zr71,140,2,"Y,Zr",0,0.000000000000,0,0.000000000000,69,0.492857142857,71,0.507142857143
1359,W73Zr40,113,2,"W,Zr",0,0.000000000000,73,0.646017699115,0,0.000000000000,40,0.353982300885
1360,W78Y2Zr47,127,3,"W,Y,Zr",0,0.000000000000,78,0.614173228346,2,0.015748031496,47,0.370078740157
1361,W78Zr47,125,2,"W,Zr",0,0.000000000000,78,0.624000000000,0,0.000000000000,47,0.376000000000
1362,W78Zr47,125,2,"W,Zr",0,0.000000000000,78,0.624000000000,0,0.000000000000,47,0.376000000000
1363,W78Zr48,126,2,"W,Zr",0,0.000000000000,78,0.619047619048,0,0.000000000000,48,0.380952380952
1364,W78Zr47,125,2,"W,Zr",0,0.000000000000,78,0.624000000000,0,0.000000000000,47,0.376000000000
1365,W78Zr47,125,2,"W,Zr",0,0.000000000000,78,0.624000000000,0,0.000000000000,47,0.376000000000
1366,CrW78Zr47,126,3,"Cr,W,Zr",1,0.007936507937,78,0.619047619048,0,0.000000000000,47,0.373015873016
1367,W78YZr47,126,3,"W,Y,Zr",0,0.000000000000,78,0.619047619048,1,0.007936507937,47,0.373015873016
1368,W67Zr36,103,2,"W,Zr",0,0.000000000000,67,0.650485436893,0,0.000000000000,36,0.349514563107
1369,W169Zr111,280,2,"W,Zr",0,0.000000000000,169,0.603571428571,0,0.000000000000,111,0.396428571429
1370,W171Zr103,274,2,"W,Zr",0,0.000000000000,171,0.624087591241,0,0.000000000000,103,0.375912408759
1371,W138Zr71,209,2,"W,Zr",0,0.000000000000,138,0.660287081340,0,0.000000000000,71,0.339712918660
1372,Y64Zr64,128,2,"Y,Zr",0,0.000000000000,0,0.000000000000,64,0.500000000000,64,0.500000000000
1373,Y68Zr68,136,2,"Y,Zr",0,0.000000000000,0,0.000000000000,68,0.500000000000,68,0.500000000000
1374,W63Zr62,125,2,"W,Zr",0,0.000000000000,63,0.504000000000,0,0.000000000000,62,0.496000000000
1375,W63Zr63,126,2,"W,Zr",0,0.000000000000,63,0.500000000000,0,0.000000000000,63,0.500000000000
1376,W141Zr90,231,2,"W,Zr",0,0.000000000000,141,0.610389610390,0,0.000000000000,90,0.389610389610
1377,W169Zr102,271,2,"W,Zr",0,0.000000000000,169,0.623616236162,0,0.000000000000,102,0.376383763838
1378,W128Zr64,192,2,"W,Zr",0,0.000000000000,128,0.666666666667,0,0.000000000000,64,0.333333333333
1379,W136Zr66,202,2,"W,Zr",0,0.000000000000,136,0.673267326733,0,0.000000000000,66,0.326732673267
1380,W133Zr71,204,2,"W,Zr",0,0.000000000000,133,0.651960784314,0,0.000000000000,71,0.348039215686
1381,W56Zr58,114,2,"W,Zr",0,0.000000000000,56,0.491228070175,0,0.000000000000,58,0.508771929825
1382,W63Zr63,126,2,"W,Zr",0,0.000000000000,63,0.500000000000,0,0.000000000000,63,0.500000000000
1383,W63Zr62,125,2,"W,Zr",0,0.000000000000,63,0.504000000000,0,0.000000000000,62,0.496000000000
1384,W63Zr62,125,2,"W,Zr",0,0.000000000000,63,0.504000000000,0,0.000000000000,62,0.496000000000
1385,W62Zr55,117,2,"W,Zr",0,0.000000000000,62,0.529914529915,0,0.000000000000,55,0.470085470085
1386,CrW64Zr62,127,3,"Cr,W,Zr",1,0.007874015748,64,0.503937007874,0,0.000000000000,62,0.488188976378
1387,W63Zr62,125,2,"W,Zr",0,0.000000000000,63,0.504000000000,0,0.000000000000,62,0.496000000000
1388,W135Zr74,209,2,"W,Zr",0,0.000000000000,135,0.645933014354,0,0.000000000000,74,0.354066985646
1389,W62Zr63,125,2,"W,Zr",0,0.000000000000,62,0.496000000000,0,0.000000000000,63,0.504000000000
1390,W62Zr63,125,2,"W,Zr",0,0.000000000000,62,0.496000000000,0,0.000000000000,63,0.504000000000
1391,W62Zr63,125,2,"W,Zr",0,0.000000000000,62,0.496000000000,0,0.000000000000,63,0.504000000000
1392,W62Zr63,125,2,"W,Zr",0,0.000000000000,62,0.496000000000,0,0.000000000000,63,0.504000000000
1393,CrW62YZr65,129,4,"Cr,W,Y,Zr",1,0.007751937984,62,0.480620155039,1,0.007751937984,65,0.503875968992
1394,W63Zr63,126,2,"W,Zr",0,0.000000000000,63,0.500000000000,0,0.000000000000,63,0.500000000000
1395,CrW62Zr63,126,3,"Cr,W,Zr",1,0.007936507937,62,0.492063492063,0,0.000000000000,63,0.500000000000
1396,Y67Zr68,135,2,"Y,Zr",0,0.000000000000,0,0.000000000000,67,0.496296296296,68,0.503703703704
1397,W47Zr78,125,2,"W,Zr",0,0.000000000000,47,0.376000000000,0,0.000000000000,78,0.624000000000
1398,W47Zr78,125,2,"W,Zr",0,0.000000000000,47,0.376000000000,0,0.000000000000,78,0.624000000000
1399,W47Zr78,125,2,"W,Zr",0,0.000000000000,47,0.376000000000,0,0.000000000000,78,0.624000000000
1400,W47Zr78,125,2,"W,Zr",0,0.000000000000,47,0.376000000000,0,0.000000000000,78,0.624000000000
1401,W47Zr79,126,2,"W,Zr",0,0.000000000000,47,0.373015873016,0,0.000000000000,79,0.626984126984
1402,W47Zr70,117,2,"W,Zr",0,0.000000000000,47,0.401709401709,0,0.000000000000,70,0.598290598291
1403,W47Zr78,125,2,"W,Zr",0,0.000000000000,47,0.376000000000,0,0.000000000000,78,0.624000000000
1404,W47Zr78,125,2,"W,Zr",0,0.000000000000,47,0.376000000000,0,0.000000000000,78,0.624000000000
1405,W47Zr78,125,2,"W,Zr",0,0.000000000000,47,0.376000000000,0,0.000000000000,78,0.624000000000
1406,W47Zr78,125,2,"W,Zr",0,0.000000000000,47,0.376000000000,0,0.000000000000,78,0.624000000000
1407,W47Zr78,125,2,"W,Zr",0,0.000000000000,47,0.376000000000,0,0.000000000000,78,0.624000000000
1408,CrW47Zr78,126,3,"Cr,W,Zr",1,0.007936507937,47,0.373015873016,0,0.000000000000,78,0.619047619048
1409,W31Zr94,125,2,"W,Zr",0,0.000000000000,31,0.248000000000,0,0.000000000000,94,0.752000000000
1410,W31YZr94,126,3,"W,Y,Zr",0,0.000000000000,31,0.246031746032,1,0.007936507937,94,0.746031746032
1411,W31Zr94,125,2,"W,Zr",0,0.000000000000,31,0.248000000000,0,0.000000000000,94,0.752000000000
1412,W31Zr95,126,2,"W,Zr",0,0.000000000000,31,0.246031746032,0,0.000000000000,95,0.753968253968
1413,W33Zr95,128,2,"W,Zr",0,0.000000000000,33,0.257812500000,0,0.000000000000,95,0.742187500000
1414,W31Zr94,125,2,"W,Zr",0,0.000000000000,31,0.248000000000,0,0.000000000000,94,0.752000000000
1415,W31Zr94,125,2,"W,Zr",0,0.000000000000,31,0.248000000000,0,0.000000000000,94,0.752000000000
1416,W47Zr78,125,2,"W,Zr",0,0.000000000000,47,0.376000000000,0,0.000000000000,78,0.624000000000
1417,W41Zr75,116,2,"W,Zr",0,0.000000000000,41,0.353448275862,0,0.000000000000,75,0.646551724138
1418,W47Zr80,127,2,"W,Zr",0,0.000000000000,47,0.370078740157,0,0.000000000000,80,0.629921259843
1419,W47YZr79,127,3,"W,Y,Zr",0,0.000000000000,47,0.370078740157,1,0.007874015748,79,0.622047244094
1420,W27Zr86,113,2,"W,Zr",0,0.000000000000,27,0.238938053097,0,0.000000000000,86,0.761061946903
1421,W30Zr84,114,2,"W,Zr",0,0.000000000000,30,0.263157894737,0,0.000000000000,84,0.736842105263
1422,W31Zr96,127,2,"W,Zr",0,0.000000000000,31,0.244094488189,0,0.000000000000,96,0.755905511811
1423,W31Zr94,125,2,"W,Zr",0,0.000000000000,31,0.248000000000,0,0.000000000000,94,0.752000000000
1424,W31Zr94,125,2,"W,Zr",0,0.000000000000,31,0.248000000000,0,0.000000000000,94,0.752000000000
1425,W31Zr94,125,2,"W,Zr",0,0.000000000000,31,0.248000000000,0,0.000000000000,94,0.752000000000
1426,W16Zr109,125,2,"W,Zr",0,0.000000000000,16,0.128000000000,0,0.000000000000,109,0.872000000000
1427,W16Zr109,125,2,"W,Zr",0,0.000000000000,16,0.128000000000,0,0.000000000000,109,0.872000000000
1428,W16Zr109,125,2,"W,Zr",0,0.000000000000,16,0.128000000000,0,0.000000000000,109,0.872000000000
1429,W16Zr109,125,2,"W,Zr",0,0.000000000000,16,0.128000000000,0,0.000000000000,109,0.872000000000
1430,W16YZr110,127,3,"W,Y,Zr",0,0.000000000000,16,0.125984251969,1,0.007874015748,110,0.866141732283
1431,Y68Zr72,140,2,"Y,Zr",0,0.000000000000,0,0.000000000000,68,0.485714285714,72,0.514285714286
1432,W16YZr110,127,3,"W,Y,Zr",0,0.000000000000,16,0.125984251969,1,0.007874015748,110,0.866141732283
1433,W16Zr98,114,2,"W,Zr",0,0.000000000000,16,0.140350877193,0,0.000000000000,98,0.859649122807
1434,W18Zr110,128,2,"W,Zr",0,0.000000000000,18,0.140625000000,0,0.000000000000,110,0.859375000000
1435,W16Zr109,125,2,"W,Zr",0,0.000000000000,16,0.128000000000,0,0.000000000000,109,0.872000000000
1436,W31Zr94,125,2,"W,Zr",0,0.000000000000,31,0.248000000000,0,0.000000000000,94,0.752000000000
1437,W31Zr94,125,2,"W,Zr",0,0.000000000000,31,0.248000000000,0,0.000000000000,94,0.752000000000
1438,W16Zr109,125,2,"W,Zr",0,0.000000000000,16,0.128000000000,0,0.000000000000,109,0.872000000000
1439,W16Zr109,125,2,"W,Zr",0,0.000000000000,16,0.128000000000,0,0.000000000000,109,0.872000000000
1440,W16Zr109,125,2,"W,Zr",0,0.000000000000,16,0.128000000000,0,0.000000000000,109,0.872000000000
1441,W17Zr110,127,2,"W,Zr",0,0.000000000000,17,0.133858267717,0,0.000000000000,110,0.866141732283
1442,W171Zr103,274,2,"W,Zr",0,0.000000000000,171,0.624087591241,0,0.000000000000,103,0.375912408759
1443,W16Zr109,125,2,"W,Zr",0,0.000000000000,16,0.128000000000,0,0.000000000000,109,0.872000000000
1444,Y66Zr72,138,2,"Y,Zr",0,0.000000000000,0,0.000000000000,66,0.478260869565,72,0.521739130435
1445,Y66Zr69,135,2,"Y,Zr",0,0.000000000000,0,0.000000000000,66,0.488888888889,69,0.511111111111
1446,W16Zr109,125,2,"W,Zr",0,0.000000000000,16,0.128000000000,0,0.000000000000,109,0.872000000000
1447,W16Zr110,126,2,"W,Zr",0,0.000000000000,16,0.126984126984,0,0.000000000000,110,0.873015873016
1448,Y109Zr16,125,2,"Y,Zr",0,0.000000000000,0,0.000000000000,109,0.872000000000,16,0.128000000000
1449,Y109Zr16,125,2,"Y,Zr",0,0.000000000000,0,0.000000000000,109,0.872000000000,16,0.128000000000
1450,Y109Zr16,125,2,"Y,Zr",0,0.000000000000,0,0.000000000000,109,0.872000000000,16,0.128000000000
1451,Y109Zr16,125,2,"Y,Zr",0,0.000000000000,0,0.000000000000,109,0.872000000000,16,0.128000000000
1452,Y109Zr16,125,2,"Y,Zr",0,0.000000000000,0,0.000000000000,109,0.872000000000,16,0.128000000000
1453,Y109Zr16,125,2,"Y,Zr",0,0.000000000000,0,0.000000000000,109,0.872000000000,16,0.128000000000
1454,Y109Zr16,125,2,"Y,Zr",0,0.000000000000,0,0.000000000000,109,0.872000000000,16,0.128000000000
1455,Y109Zr16,125,2,"Y,Zr",0,0.000000000000,0,0.000000000000,109,0.872000000000,16,0.128000000000
1456,Y109Zr16,125,2,"Y,Zr",0,0.000000000000,0,0.000000000000,109,0.872000000000,16,0.128000000000
1457,Y109Zr16,125,2,"Y,Zr",0,0.000000000000,0,0.000000000000,109,0.872000000000,16,0.128000000000
1458,Y94Zr31,125,2,"Y,Zr",0,0.000000000000,0,0.000000000000,94,0.752000000000,31,0.248000000000
1459,Y91Zr29,120,2,"Y,Zr",0,0.000000000000,0,0.000000000000,91,0.758333333333,29,0.241666666667
1460,Y87Zr27,114,2,"Y,Zr",0,0.000000000000,0,0.000000000000,87,0.763157894737,27,0.236842105263
1461,CrY94Zr31,126,3,"Cr,Y,Zr",1,0.007936507937,0,0.000000000000,94,0.746031746032,31,0.246031746032
1462,Y94Zr31,125,2,"Y,Zr",0,0.000000000000,0,0.000000000000,94,0.752000000000,31,0.248000000000
1463,Y109Zr16,125,2,"Y,Zr",0,0.000000000000,0,0.000000000000,109,0.872000000000,16,0.128000000000
1464,Y100Zr14,114,2,"Y,Zr",0,0.000000000000,0,0.000000000000,100,0.877192982456,14,0.122807017544
1465,CrY109Zr16,126,3,"Cr,Y,Zr",1,0.007936507937,0,0.000000000000,109,0.865079365079,16,0.126984126984
1466,Y94Zr31,125,2,"Y,Zr",0,0.000000000000,0,0.000000000000,94,0.752000000000,31,0.248000000000
1467,Y94Zr31,125,2,"Y,Zr",0,0.000000000000,0,0.000000000000,94,0.752000000000,31,0.248000000000
1468,Y94Zr31,125,2,"Y,Zr",0,0.000000000000,0,0.000000000000,94,0.752000000000,31,0.248000000000
1469,Y84Zr30,114,2,"Y,Zr",0,0.000000000000,0,0.000000000000,84,0.736842105263,30,0.263157894737
1470,Y94Zr31,125,2,"Y,Zr",0,0.000000000000,0,0.000000000000,94,0.752000000000,31,0.248000000000
1471,Y94Zr31,125,2,"Y,Zr",0,0.000000000000,0,0.000000000000,94,0.752000000000,31,0.248000000000
1472,Y95Zr31,126,2,"Y,Zr",0,0.000000000000,0,0.000000000000,95,0.753968253968,31,0.246031746032
1473,W170Zr101,271,2,"W,Zr",0,0.000000000000,170,0.627306273063,0,0.000000000000,101,0.372693726937
1474,Y94Zr31,125,2,"Y,Zr",0,0.000000000000,0,0.000000000000,94,0.752000000000,31,0.248000000000
1475,Y94Zr31,125,2,"Y,Zr",0,0.000000000000,0,0.000000000000,94,0.752000000000,31,0.248000000000
1476,Y94Zr31,125,2,"Y,Zr",0,0.000000000000,0,0.000000000000,94,0.752000000000,31,0.248000000000
1477,Y94Zr31,125,2,"Y,Zr",0,0.000000000000,0,0.000000000000,94,0.752000000000,31,0.248000000000
1478,Y94Zr31,125,2,"Y,Zr",0,0.000000000000,0,0.000000000000,94,0.752000000000,31,0.248000000000
1479,Y78Zr47,125,2,"Y,Zr",0,0.000000000000,0,0.000000000000,78,0.624000000000,47,0.376000000000
1480,Y78Zr47,125,2,"Y,Zr",0,0.000000000000,0,0.000000000000,78,0.624000000000,47,0.376000000000
1481,W172Zr102,274,2,"W,Zr",0,0.000000000000,172,0.627737226277,0,0.000000000000,102,0.372262773723
1482,Y73Zr40,113,2,"Y,Zr",0,0.000000000000,0,0.000000000000,73,0.646017699115,40,0.353982300885
1483,Y78Zr47,125,2,"Y,Zr",0,0.000000000000,0,0.000000000000,78,0.624000000000,47,0.376000000000
1484,WY78Zr47,126,3,"W,Y,Zr",0,0.000000000000,1,0.007936507937,78,0.619047619048,47,0.373015873016
1485,Y78Zr47,125,2,"Y,Zr",0,0.000000000000,0,0.000000000000,78,0.624000000000,47,0.376000000000
1486,Y78Zr47,125,2,"Y,Zr",0,0.000000000000,0,0.000000000000,78,0.624000000000,47,0.376000000000
1487,Y78Zr47,125,2,"Y,Zr",0,0.000000000000,0,0.000000000000,78,0.624000000000,47,0.376000000000
1488,Y78Zr47,125,2,"Y,Zr",0,0.000000000000,0,0.000000000000,78,0.624000000000,47,0.376000000000
1489,Y75Zr47,122,2,"Y,Zr",0,0.000000000000,0,0.000000000000,75,0.614754098361,47,0.385245901639
1490,Y79Zr49,128,2,"Y,Zr",0,0.000000000000,0,0.000000000000,79,0.617187500000,49,0.382812500000
1491,Y79Zr47,126,2,"Y,Zr",0,0.000000000000,0,0.000000000000,79,0.626984126984,47,0.373015873016
1492,Y78Zr47,125,2,"Y,Zr",0,0.000000000000,0,0.000000000000,78,0.624000000000,47,0.376000000000
1493,Y78Zr47,125,2,"Y,Zr",0,0.000000000000,0,0.000000000000,78,0.624000000000,47,0.376000000000
1494,Y78Zr47,125,2,"Y,Zr",0,0.000000000000,0,0.000000000000,78,0.624000000000,47,0.376000000000
1495,Y71Zr44,115,2,"Y,Zr",0,0.000000000000,0,0.000000000000,71,0.617391304348,44,0.382608695652
1496,WY78Zr47,126,3,"W,Y,Zr",0,0.000000000000,1,0.007936507937,78,0.619047619048,47,0.373015873016
1497,W169Zr106,275,2,"W,Zr",0,0.000000000000,169,0.614545454545,0,0.000000000000,106,0.385454545455
1498,Y63Zr62,125,2,"Y,Zr",0,0.000000000000,0,0.000000000000,63,0.504000000000,62,0.496000000000
1499,WY78Zr48,127,3,"W,Y,Zr",0,0.000000000000,1,0.007874015748,78,0.614173228346,48,0.377952755906
1500,Y78Zr47,125,2,"Y,Zr",0,0.000000000000,0,0.000000000000,78,0.624000000000,47,0.376000000000
1501,Y63Zr62,125,2,"Y,Zr",0,0.000000000000,0,0.000000000000,63,0.504000000000,62,0.496000000000
1502,Y63Zr62,125,2,"Y,Zr",0,0.000000000000,0,0.000000000000,63,0.504000000000,62,0.496000000000
1503,Y63Zr62,125,2,"Y,Zr",0,0.000000000000,0,0.000000000000,63,0.504000000000,62,0.496000000000
1504,Y63Zr62,125,2,"Y,Zr",0,0.000000000000,0,0.000000000000,63,0.504000000000,62,0.496000000000
1505,Y63Zr62,125,2,"Y,Zr",0,0.000000000000,0,0.000000000000,63,0.504000000000,62,0.496000000000
1506,Y63Zr62,125,2,"Y,Zr",0,0.000000000000,0,0.000000000000,63,0.504000000000,62,0.496000000000
1507,Y63Zr62,125,2,"Y,Zr",0,0.000000000000,0,0.000000000000,63,0.504000000000,62,0.496000000000
1508,Y63Zr62,125,2,"Y,Zr",0,0.000000000000,0,0.000000000000,63,0.504000000000,62,0.496000000000
1509,Y60Zr60,120,2,"Y,Zr",0,0.000000000000,0,0.000000000000,60,0.500000000000,60,0.500000000000
1510,Y57Zr56,113,2,"Y,Zr",0,0.000000000000,0,0.000000000000,57,0.504424778761,56,0.495575221239
1511,Y63Zr62,125,2,"Y,Zr",0,0.000000000000,0,0.000000000000,63,0.504000000000,62,0.496000000000
1512,Y62Zr63,125,2,"Y,Zr",0,0.000000000000,0,0.000000000000,62,0.496000000000,63,0.504000000000
1513,Y62Zr63,125,2,"Y,Zr",0,0.000000000000,0,0.000000000000,62,0.496000000000,63,0.504000000000
1514,Y62Zr63,125,2,"Y,Zr",0,0.000000000000,0,0.000000000000,62,0.496000000000,63,0.504000000000
1515,Y62Zr63,125,2,"Y,Zr",0,0.000000000000,0,0.000000000000,62,0.496000000000,63,0.504000000000
1516,Y62Zr63,125,2,"Y,Zr",0,0.000000000000,0,0.000000000000,62,0.496000000000,63,0.504000000000
1517,Y60Zr56,116,2,"Y,Zr",0,0.000000000000,0,0.000000000000,60,0.517241379310,56,0.482758620690
1518,Y62Zr63,125,2,"Y,Zr",0,0.000000000000,0,0.000000000000,62,0.496000000000,63,0.504000000000
1519,Y62Zr63,125,2,"Y,Zr",0,0.000000000000,0,0.000000000000,62,0.496000000000,63,0.504000000000
1520,Y62Zr64,126,2,"Y,Zr",0,0.000000000000,0,0.000000000000,62,0.492063492063,64,0.507936507937
1521,Y47Zr78,125,2,"Y,Zr",0,0.000000000000,0,0.000000000000,47,0.376000000000,78,0.624000000000
1522,CrY48Zr79,128,3,"Cr,Y,Zr",1,0.007812500000,0,0.000000000000,48,0.375000000000,79,0.617187500000
1523,CrY47Zr78,126,3,"Cr,Y,Zr",1,0.007936507937,0,0.000000000000,47,0.373015873016,78,0.619047619048
1524,Y47Zr78,125,2,"Y,Zr",0,0.000000000000,0,0.000000000000,47,0.376000000000,78,0.624000000000
1525,Y48Zr78,126,2,"Y,Zr",0,0.000000000000,0,0.000000000000,48,0.380952380952,78,0.619047619048
1526,Y47Zr78,125,2,"Y,Zr",0,0.000000000000,0,0.000000000000,47,0.376000000000,78,0.624000000000
1527,Y47Zr78,125,2,"Y,Zr",0,0.000000000000,0,0.000000000000,47,0.376000000000,78,0.624000000000
1528,Y47Zr78,125,2,"Y,Zr",0,0.000000000000,0,0.000000000000,47,0.376000000000,78,0.624000000000
1529,Y47Zr78,125,2,"Y,Zr",0,0.000000000000,0,0.000000000000,47,0.376000000000,78,0.624000000000
1530,Y47Zr78,125,2,"Y,Zr",0,0.000000000000,0,0.000000000000,47,0.376000000000,78,0.624000000000
1531,W2Y47Zr80,129,3,"W,Y,Zr",0,0.000000000000,2,0.015503875969,47,0.364341085271,80,0.620155038760
1532,Y47Zr78,125,2,"Y,Zr",0,0.000000000000,0,0.000000000000,47,0.376000000000,78,0.624000000000
1533,Y43Zr70,113,2,"Y,Zr",0,0.000000000000,0,0.000000000000,43,0.380530973451,70,0.619469026549
1534,Y47Zr78,125,2,"Y,Zr",0,0.000000000000,0,0.000000000000,47,0.376000000000,78,0.624000000000
1535,Y47Zr78,125,2,"Y,Zr",0,0.000000000000,0,0.000000000000,47,0.376000000000,78,0.624000000000
1536,Y47Zr78,125,2,"Y,Zr",0,0.000000000000,0,0.000000000000,47,0.376000000000,78,0.624000000000
1537,Y43Zr70,113,2,"Y,Zr",0,0.000000000000,0,0.000000000000,43,0.380530973451,70,0.619469026549
1538,WY47Zr79,127,3,"W,Y,Zr",0,0.000000000000,1,0.007874015748,47,0.370078740157,79,0.622047244094
1539,Y47Zr78,125,2,"Y,Zr",0,0.000000000000,0,0.000000000000,47,0.376000000000,78,0.624000000000
1540,CrY47Zr78,126,3,"Cr,Y,Zr",1,0.007936507937,0,0.000000000000,47,0.373015873016,78,0.619047619048
1541,Y32Zr94,126,2,"Y,Zr",0,0.000000000000,0,0.000000000000,32,0.253968253968,94,0.746031746032
1542,Y31Zr94,125,2,"Y,Zr",0,0.000000000000,0,0.000000000000,31,0.248000000000,94,0.752000000000
1543,Y31Zr94,125,2,"Y,Zr",0,0.000000000000,0,0.000000000000,31,0.248000000000,94,0.752000000000
1544,Y31Zr94,125,2,"Y,Zr",0,0.000000000000,0,0.000000000000,31,0.248000000000,94,0.752000000000
1545,Y31Zr94,125,2,"Y,Zr",0,0.000000000000,0,0.000000000000,31,0.248000000000,94,0.752000000000
1546,Y31Zr94,125,2,"Y,Zr",0,0.000000000000,0,0.000000000000,31,0.248000000000,94,0.752000000000
1547,Y29Zr86,115,2,"Y,Zr",0,0.000000000000,0,0.000000000000,29,0.252173913043,86,0.747826086957
1548,CrY31Zr94,126,3,"Cr,Y,Zr",1,0.007936507937,0,0.000000000000,31,0.246031746032,94,0.746031746032
1549,Y16Zr109,125,2,"Y,Zr",0,0.000000000000,0,0.000000000000,16,0.128000000000,109,0.872000000000
1550,Y16Zr109,125,2,"Y,Zr",0,0.000000000000,0,0.000000000000,16,0.128000000000,109,0.872000000000
1551,Y31Zr94,125,2,"Y,Zr",0,0.000000000000,0,0.000000000000,31,0.248000000000,94,0.752000000000
1552,CrY31Zr95,127,3,"Cr,Y,Zr",1,0.007874015748,0,0.000000000000,31,0.244094488189,95,0.748031496063
1553,Y31Zr94,125,2,"Y,Zr",0,0.000000000000,0,0.000000000000,31,0.248000000000,94,0.752000000000
1554,Y31Zr94,125,2,"Y,Zr",0,0.000000000000,0,0.000000000000,31,0.248000000000,94,0.752000000000
1555,Y31Zr94,125,2,"Y,Zr",0,0.000000000000,0,0.000000000000,31,0.248000000000,94,0.752000000000
1556,CrY32Zr95,128,3,"Cr,Y,Zr",1,0.007812500000,0,0.000000000000,32,0.250000000000,95,0.742187500000
1557,Y31Zr94,125,2,"Y,Zr",0,0.000000000000,0,0.000000000000,31,0.248000000000,94,0.752000000000
1558,CrY31Zr94,126,3,"Cr,Y,Zr",1,0.007936507937,0,0.000000000000,31,0.246031746032,94,0.746031746032
1559,Y31Zr94,125,2,"Y,Zr",0,0.000000000000,0,0.000000000000,31,0.248000000000,94,0.752000000000
1560,Y31Zr94,125,2,"Y,Zr",0,0.000000000000,0,0.000000000000,31,0.248000000000,94,0.752000000000
1561,Y26Zr89,115,2,"Y,Zr",0,0.000000000000,0,0.000000000000,26,0.226086956522,89,0.773913043478
1562,Y31Zr94,125,2,"Y,Zr",0,0.000000000000,0,0.000000000000,31,0.248000000000,94,0.752000000000
1563,Y16Zr109,125,2,"Y,Zr",0,0.000000000000,0,0.000000000000,16,0.128000000000,109,0.872000000000
1564,Y16Zr109,125,2,"Y,Zr",0,0.000000000000,0,0.000000000000,16,0.128000000000,109,0.872000000000
1565,Y17Zr109,126,2,"Y,Zr",0,0.000000000000,0,0.000000000000,17,0.134920634921,109,0.865079365079
1566,Y16Zr109,125,2,"Y,Zr",0,0.000000000000,0,0.000000000000,16,0.128000000000,109,0.872000000000
1567,Cr82W16Y15,113,3,"Cr,W,Y",82,0.725663716814,16,0.141592920354,15,0.132743362832,0,0.000000000000
1568,Cr94W16Y15Zr,126,4,"Cr,W,Y,Zr",94,0.746031746032,16,0.126984126984,15,0.119047619048,1,0.007936507937
1569,Y16Zr109,125,2,"Y,Zr",0,0.000000000000,0,0.000000000000,16,0.128000000000,109,0.872000000000
1570,Y16Zr109,125,2,"Y,Zr",0,0.000000000000,0,0.000000000000,16,0.128000000000,109,0.872000000000
1571,Y16Zr109,125,2,"Y,Zr",0,0.000000000000,0,0.000000000000,16,0.128000000000,109,0.872000000000
1572,CrY16Zr111,128,3,"Cr,Y,Zr",1,0.007812500000,0,0.000000000000,16,0.125000000000,111,0.867187500000
1573,Y16Zr109,125,2,"Y,Zr",0,0.000000000000,0,0.000000000000,16,0.128000000000,109,0.872000000000
1574,Y16Zr109,125,2,"Y,Zr",0,0.000000000000,0,0.000000000000,16,0.128000000000,109,0.872000000000
1575,Y16Zr109,125,2,"Y,Zr",0,0.000000000000,0,0.000000000000,16,0.128000000000,109,0.872000000000
1576,Y11Zr104,115,2,"Y,Zr",0,0.000000000000,0,0.000000000000,11,0.095652173913,104,0.904347826087
1577,W2Y16Zr109,127,3,"W,Y,Zr",0,0.000000000000,2,0.015748031496,16,0.125984251969,109,0.858267716535
1578,Y16Zr109,125,2,"Y,Zr",0,0.000000000000,0,0.000000000000,16,0.128000000000,109,0.872000000000
1579,Cr94W16Y15,125,3,"Cr,W,Y",94,0.752000000000,16,0.128000000000,15,0.120000000000,0,0.000000000000
1580,Cr94W16Y15,125,3,"Cr,W,Y",94,0.752000000000,16,0.128000000000,15,0.120000000000,0,0.000000000000
1581,Cr94W16Y15,125,3,"Cr,W,Y",94,0.752000000000,16,0.128000000000,15,0.120000000000,0,0.000000000000
1582,Cr88W16Y11,115,3,"Cr,W,Y",88,0.765217391304,16,0.139130434783,11,0.095652173913,0,0.000000000000
1583,Cr94W16Y15,125,3,"Cr,W,Y",94,0.752000000000,16,0.128000000000,15,0.120000000000,0,0.000000000000
1584,Cr94W16Y15,125,3,"Cr,W,Y",94,0.752000000000,16,0.128000000000,15,0.120000000000,0,0.000000000000
1585,Cr94W16Y15,125,3,"Cr,W,Y",94,0.752000000000,16,0.128000000000,15,0.120000000000,0,0.000000000000
1586,Cr94W16Y15,125,3,"Cr,W,Y",94,0.752000000000,16,0.128000000000,15,0.120000000000,0,0.000000000000
1587,Cr92W15Y15,122,3,"Cr,W,Y",92,0.754098360656,15,0.122950819672,15,0.122950819672,0,0.000000000000
1588,Cr94W17Y15Zr2,128,4,"Cr,W,Y,Zr",94,0.734375000000,17,0.132812500000,15,0.117187500000,2,0.015625000000
1589,Cr94W16Y15,125,3,"Cr,W,Y",94,0.752000000000,16,0.128000000000,15,0.120000000000,0,0.000000000000
1590,Cr94W16Y15,125,3,"Cr,W,Y",94,0.752000000000,16,0.128000000000,15,0.120000000000,0,0.000000000000
1591,Cr94W16Y15,125,3,"Cr,W,Y",94,0.752000000000,16,0.128000000000,15,0.120000000000,0,0.000000000000
1592,Cr94W16Y15Zr,126,4,"Cr,W,Y,Zr",94,0.746031746032,16,0.126984126984,15,0.119047619048,1,0.007936507937
1593,Cr94W16Y15,125,3,"Cr,W,Y",94,0.752000000000,16,0.128000000000,15,0.120000000000,0,0.000000000000
1594,Cr94W16Y15,125,3,"Cr,W,Y",94,0.752000000000,16,0.128000000000,15,0.120000000000,0,0.000000000000
1595,Cr94W16Y15,125,3,"Cr,W,Y",94,0.752000000000,16,0.128000000000,15,0.120000000000,0,0.000000000000
1596,Cr94W16Y15,125,3,"Cr,W,Y",94,0.752000000000,16,0.128000000000,15,0.120000000000,0,0.000000000000
1597,Cr78W16Y31,125,3,"Cr,W,Y",78,0.624000000000,16,0.128000000000,31,0.248000000000,0,0.000000000000
1598,Cr78W16Y31,125,3,"Cr,W,Y",78,0.624000000000,16,0.128000000000,31,0.248000000000,0,0.000000000000
1599,Cr67W15Y31,113,3,"Cr,W,Y",67,0.592920353982,15,0.132743362832,31,0.274336283186,0,0.000000000000
1600,Cr78W16Y31,125,3,"Cr,W,Y",78,0.624000000000,16,0.128000000000,31,0.248000000000,0,0.000000000000
1601,Cr78W16Y31,125,3,"Cr,W,Y",78,0.624000000000,16,0.128000000000,31,0.248000000000,0,0.000000000000
1602,Cr78W16Y31,125,3,"Cr,W,Y",78,0.624000000000,16,0.128000000000,31,0.248000000000,0,0.000000000000
1603,Cr78W16Y31,125,3,"Cr,W,Y",78,0.624000000000,16,0.128000000000,31,0.248000000000,0,0.000000000000
1604,Cr78W16Y31,125,3,"Cr,W,Y",78,0.624000000000,16,0.128000000000,31,0.248000000000,0,0.000000000000
1605,Cr78W16Y31,125,3,"Cr,W,Y",78,0.624000000000,16,0.128000000000,31,0.248000000000,0,0.000000000000
1606,Cr78W16Y31,125,3,"Cr,W,Y",78,0.624000000000,16,0.128000000000,31,0.248000000000,0,0.000000000000
1607,Cr78W16Y31,125,3,"Cr,W,Y",78,0.624000000000,16,0.128000000000,31,0.248000000000,0,0.000000000000
1608,Cr78W16Y31,125,3,"Cr,W,Y",78,0.624000000000,16,0.128000000000,31,0.248000000000,0,0.000000000000
1609,Cr78W16Y31,125,3,"Cr,W,Y",78,0.624000000000,16,0.128000000000,31,0.248000000000,0,0.000000000000
1610,Cr78W16Y31,125,3,"Cr,W,Y",78,0.624000000000,16,0.128000000000,31,0.248000000000,0,0.000000000000
1611,Cr78W16Y31,125,3,"Cr,W,Y",78,0.624000000000,16,0.128000000000,31,0.248000000000,0,0.000000000000
1612,Cr62W16Y47,125,3,"Cr,W,Y",62,0.496000000000,16,0.128000000000,47,0.376000000000,0,0.000000000000
1613,Cr62W16Y47,125,3,"Cr,W,Y",62,0.496000000000,16,0.128000000000,47,0.376000000000,0,0.000000000000
1614,Cr59W16Y40,115,3,"Cr,W,Y",59,0.513043478261,16,0.139130434783,40,0.347826086957,0,0.000000000000
1615,Cr62W16Y47,125,3,"Cr,W,Y",62,0.496000000000,16,0.128000000000,47,0.376000000000,0,0.000000000000
1616,Cr58W13Y44,115,3,"Cr,W,Y",58,0.504347826087,13,0.113043478261,44,0.382608695652,0,0.000000000000
1617,Cr62W17Y47,126,3,"Cr,W,Y",62,0.492063492063,17,0.134920634921,47,0.373015873016,0,0.000000000000
1618,Cr78W16Y31,125,3,"Cr,W,Y",78,0.624000000000,16,0.128000000000,31,0.248000000000,0,0.000000000000
1619,Cr78W16Y31,125,3,"Cr,W,Y",78,0.624000000000,16,0.128000000000,31,0.248000000000,0,0.000000000000
1620,Cr78W16Y31,125,3,"Cr,W,Y",78,0.624000000000,16,0.128000000000,31,0.248000000000,0,0.000000000000
1621,Cr72W16Y28,116,3,"Cr,W,Y",72,0.620689655172,16,0.137931034483,28,0.241379310345,0,0.000000000000
1622,Cr78W16Y31,125,3,"Cr,W,Y",78,0.624000000000,16,0.128000000000,31,0.248000000000,0,0.000000000000
1623,Cr62W16Y47,125,3,"Cr,W,Y",62,0.496000000000,16,0.128000000000,47,0.376000000000,0,0.000000000000
1624,Cr62W16Y47,125,3,"Cr,W,Y",62,0.496000000000,16,0.128000000000,47,0.376000000000,0,0.000000000000
1625,Cr62W16Y47,125,3,"Cr,W,Y",62,0.496000000000,16,0.128000000000,47,0.376000000000,0,0.000000000000
1626,Cr62W16Y47,125,3,"Cr,W,Y",62,0.496000000000,16,0.128000000000,47,0.376000000000,0,0.000000000000
1627,Cr62W16Y47,125,3,"Cr,W,Y",62,0.496000000000,16,0.128000000000,47,0.376000000000,0,0.000000000000
1628,Cr47W16Y62,125,3,"Cr,W,Y",47,0.376000000000,16,0.128000000000,62,0.496000000000,0,0.000000000000
1629,Cr47W16Y62,125,3,"Cr,W,Y",47,0.376000000000,16,0.128000000000,62,0.496000000000,0,0.000000000000
1630,Cr47W16Y62,125,3,"Cr,W,Y",47,0.376000000000,16,0.128000000000,62,0.496000000000,0,0.000000000000
1631,Cr43W14Y62,119,3,"Cr,W,Y",43,0.361344537815,14,0.117647058824,62,0.521008403361,0,0.000000000000
1632,Cr47W16Y62,125,3,"Cr,W,Y",47,0.376000000000,16,0.128000000000,62,0.496000000000,0,0.000000000000
1633,Cr62W16Y47,125,3,"Cr,W,Y",62,0.496000000000,16,0.128000000000,47,0.376000000000,0,0.000000000000
1634,Cr62W16Y44,122,3,"Cr,W,Y",62,0.508196721311,16,0.131147540984,44,0.360655737705,0,0.000000000000
1635,Cr62W16Y47,125,3,"Cr,W,Y",62,0.496000000000,16,0.128000000000,47,0.376000000000,0,0.000000000000
1636,Cr62W16Y47,125,3,"Cr,W,Y",62,0.496000000000,16,0.128000000000,47,0.376000000000,0,0.000000000000
1637,Cr53W16Y45,114,3,"Cr,W,Y",53,0.464912280702,16,0.140350877193,45,0.394736842105,0,0.000000000000
1638,Cr62W17Y48,127,3,"Cr,W,Y",62,0.488188976378,17,0.133858267717,48,0.377952755906,0,0.000000000000
1639,Cr62W16Y47,125,3,"Cr,W,Y",62,0.496000000000,16,0.128000000000,47,0.376000000000,0,0.000000000000
1640,Cr62W16Y47,125,3,"Cr,W,Y",62,0.496000000000,16,0.128000000000,47,0.376000000000,0,0.000000000000
1641,Cr47W17Y62,126,3,"Cr,W,Y",47,0.373015873016,17,0.134920634921,62,0.492063492063,0,0.000000000000
1642,Cr44W15Y55,114,3,"Cr,W,Y",44,0.385964912281,15,0.131578947368,55,0.482456140351,0,0.000000000000
1643,Cr47W16Y63,126,3,"Cr,W,Y",47,0.373015873016,16,0.126984126984,63,0.500000000000,0,0.000000000000
1644,Cr47W16Y62,125,3,"Cr,W,Y",47,0.376000000000,16,0.128000000000,62,0.496000000000,0,0.000000000000
1645,Cr47W16Y62,125,3,"Cr,W,Y",47,0.376000000000,16,0.128000000000,62,0.496000000000,0,0.000000000000
1646,Cr47W16Y62,125,3,"Cr,W,Y",47,0.376000000000,16,0.128000000000,62,0.496000000000,0,0.000000000000
1647,Cr47W16Y62,125,3,"Cr,W,Y",47,0.376000000000,16,0.128000000000,62,0.496000000000,0,0.000000000000
1648,Cr47W18Y62,127,3,"Cr,W,Y",47,0.370078740157,18,0.141732283465,62,0.488188976378,0,0.000000000000
1649,Cr31W16Y78,125,3,"Cr,W,Y",31,0.248000000000,16,0.128000000000,78,0.624000000000,0,0.000000000000
1650,Cr31W16Y80,127,3,"Cr,W,Y",31,0.244094488189,16,0.125984251969,80,0.629921259843,0,0.000000000000
1651,Cr31W16Y78,125,3,"Cr,W,Y",31,0.248000000000,16,0.128000000000,78,0.624000000000,0,0.000000000000
1652,Cr47W16Y62,125,3,"Cr,W,Y",47,0.376000000000,16,0.128000000000,62,0.496000000000,0,0.000000000000
1653,Cr47W16Y62,125,3,"Cr,W,Y",47,0.376000000000,16,0.128000000000,62,0.496000000000,0,0.000000000000
1654,Cr47W16Y62,125,3,"Cr,W,Y",47,0.376000000000,16,0.128000000000,62,0.496000000000,0,0.000000000000
1655,Cr47W16Y62,125,3,"Cr,W,Y",47,0.376000000000,16,0.128000000000,62,0.496000000000,0,0.000000000000
1656,Cr47W16Y64,127,3,"Cr,W,Y",47,0.370078740157,16,0.125984251969,64,0.503937007874,0,0.000000000000
1657,Cr31W16Y78,125,3,"Cr,W,Y",31,0.248000000000,16,0.128000000000,78,0.624000000000,0,0.000000000000
1658,Cr30W16Y68,114,3,"Cr,W,Y",30,0.263157894737,16,0.140350877193,68,0.596491228070,0,0.000000000000
1659,Cr31W16Y78Zr,126,4,"Cr,W,Y,Zr",31,0.246031746032,16,0.126984126984,78,0.619047619048,1,0.007936507937
1660,Cr31W16Y78,125,3,"Cr,W,Y",31,0.248000000000,16,0.128000000000,78,0.624000000000,0,0.000000000000
1661,Cr31W16Y79,126,3,"Cr,W,Y",31,0.246031746032,16,0.126984126984,79,0.626984126984,0,0.000000000000
1662,Cr31W16Y79,126,3,"Cr,W,Y",31,0.246031746032,16,0.126984126984,79,0.626984126984,0,0.000000000000
1663,Cr31W16Y78,125,3,"Cr,W,Y",31,0.248000000000,16,0.128000000000,78,0.624000000000,0,0.000000000000
1664,Cr31W16Y78Zr,126,4,"Cr,W,Y,Zr",31,0.246031746032,16,0.126984126984,78,0.619047619048,1,0.007936507937
1665,Cr31W16Y78,125,3,"Cr,W,Y",31,0.248000000000,16,0.128000000000,78,0.624000000000,0,0.000000000000
1666,Cr31W17Y78,126,3,"Cr,W,Y",31,0.246031746032,17,0.134920634921,78,0.619047619048,0,0.000000000000
1667,Cr31W16Y78,125,3,"Cr,W,Y",31,0.248000000000,16,0.128000000000,78,0.624000000000,0,0.000000000000
1668,Cr31W16Y78,125,3,"Cr,W,Y",31,0.248000000000,16,0.128000000000,78,0.624000000000,0,0.000000000000
1669,Cr31W16Y78,125,3,"Cr,W,Y",31,0.248000000000,16,0.128000000000,78,0.624000000000,0,0.000000000000
1670,Cr31W16Y78,125,3,"Cr,W,Y",31,0.248000000000,16,0.128000000000,78,0.624000000000,0,0.000000000000
1671,Cr31W15Y70,116,3,"Cr,W,Y",31,0.267241379310,15,0.129310344828,70,0.603448275862,0,0.000000000000
1672,Cr31W16Y78,125,3,"Cr,W,Y",31,0.248000000000,16,0.128000000000,78,0.624000000000,0,0.000000000000
1673,Cr16W15Y94,125,3,"Cr,W,Y",16,0.128000000000,15,0.120000000000,94,0.752000000000,0,0.000000000000
1674,Cr16W15Y94,125,3,"Cr,W,Y",16,0.128000000000,15,0.120000000000,94,0.752000000000,0,0.000000000000
1675,Cr16W15Y94,125,3,"Cr,W,Y",16,0.128000000000,15,0.120000000000,94,0.752000000000,0,0.000000000000
1676,Cr16W15Y94,125,3,"Cr,W,Y",16,0.128000000000,15,0.120000000000,94,0.752000000000,0,0.000000000000
1677,Cr16W15Y94,125,3,"Cr,W,Y",16,0.128000000000,15,0.120000000000,94,0.752000000000,0,0.000000000000
1678,Cr16W16Y93,125,3,"Cr,W,Y",16,0.128000000000,16,0.128000000000,93,0.744000000000,0,0.000000000000
1679,Cr16W16Y93,125,3,"Cr,W,Y",16,0.128000000000,16,0.128000000000,93,0.744000000000,0,0.000000000000
1680,Cr16W16Y93Zr,126,4,"Cr,W,Y,Zr",16,0.126984126984,16,0.126984126984,93,0.738095238095,1,0.007936507937
1681,Cr16W15Y94,125,3,"Cr,W,Y",16,0.128000000000,15,0.120000000000,94,0.752000000000,0,0.000000000000
1682,Cr16W15Y94,125,3,"Cr,W,Y",16,0.128000000000,15,0.120000000000,94,0.752000000000,0,0.000000000000
1683,Cr16W13Y85,114,3,"Cr,W,Y",16,0.140350877193,13,0.114035087719,85,0.745614035088,0,0.000000000000
1684,Cr16W15Y94,125,3,"Cr,W,Y",16,0.128000000000,15,0.120000000000,94,0.752000000000,0,0.000000000000
1685,Cr16W16Y93,125,3,"Cr,W,Y",16,0.128000000000,16,0.128000000000,93,0.744000000000,0,0.000000000000
1686,Cr15W15Y83,113,3,"Cr,W,Y",15,0.132743362832,15,0.132743362832,83,0.734513274336,0,0.000000000000
1687,Cr17W16Y95,128,3,"Cr,W,Y",17,0.132812500000,16,0.125000000000,95,0.742187500000,0,0.000000000000
1688,Cr16W16Y93,125,3,"Cr,W,Y",16,0.128000000000,16,0.128000000000,93,0.744000000000,0,0.000000000000
1689,Cr16W16Y93,125,3,"Cr,W,Y",16,0.128000000000,16,0.128000000000,93,0.744000000000,0,0.000000000000
1690,Cr78W31Y16,125,3,"Cr,W,Y",78,0.624000000000,31,0.248000000000,16,0.128000000000,0,0.000000000000
1691,Cr76W31Y16,123,3,"Cr,W,Y",76,0.617886178862,31,0.252032520325,16,0.130081300813,0,0.000000000000
1692,Cr78W31Y16,125,3,"Cr,W,Y",78,0.624000000000,31,0.248000000000,16,0.128000000000,0,0.000000000000
1693,Cr78W31Y16,125,3,"Cr,W,Y",78,0.624000000000,31,0.248000000000,16,0.128000000000,0,0.000000000000
1694,Cr78W31Y16,125,3,"Cr,W,Y",78,0.624000000000,31,0.248000000000,16,0.128000000000,0,0.000000000000
1695,Cr78W32Y16Zr,127,4,"Cr,W,Y,Zr",78,0.614173228346,32,0.251968503937,16,0.125984251969,1,0.007874015748
1696,Cr78W31Y16,125,3,"Cr,W,Y",78,0.624000000000,31,0.248000000000,16,0.128000000000,0,0.000000000000
1697,Cr78W31Y16,125,3,"Cr,W,Y",78,0.624000000000,31,0.248000000000,16,0.128000000000,0,0.000000000000
1698,Cr78W31Y16,125,3,"Cr,W,Y",78,0.624000000000,31,0.248000000000,16,0.128000000000,0,0.000000000000
1699,Cr78W31Y16,125,3,"Cr,W,Y",78,0.624000000000,31,0.248000000000,16,0.128000000000,0,0.000000000000
1700,Cr79W31Y16,126,3,"Cr,W,Y",79,0.626984126984,31,0.246031746032,16,0.126984126984,0,0.000000000000
1701,Cr78W31Y16,125,3,"Cr,W,Y",78,0.624000000000,31,0.248000000000,16,0.128000000000,0,0.000000000000
1702,Cr78W31Y16,125,3,"Cr,W,Y",78,0.624000000000,31,0.248000000000,16,0.128000000000,0,0.000000000000
1703,Cr69W28Y16,113,3,"Cr,W,Y",69,0.610619469027,28,0.247787610619,16,0.141592920354,0,0.000000000000
1704,Cr78W31Y16,125,3,"Cr,W,Y",78,0.624000000000,31,0.248000000000,16,0.128000000000,0,0.000000000000
1705,Cr63W31Y31,125,3,"Cr,W,Y",63,0.504000000000,31,0.248000000000,31,0.248000000000,0,0.000000000000
1706,Cr78W31Y16,125,3,"Cr,W,Y",78,0.624000000000,31,0.248000000000,16,0.128000000000,0,0.000000000000
1707,Cr70W29Y14,113,3,"Cr,W,Y",70,0.619469026549,29,0.256637168142,14,0.123893805310,0,0.000000000000
1708,Cr78W31Y16,125,3,"Cr,W,Y",78,0.624000000000,31,0.248000000000,16,0.128000000000,0,0.000000000000
1709,Cr63W31Y31,125,3,"Cr,W,Y",63,0.504000000000,31,0.248000000000,31,0.248000000000,0,0.000000000000
1710,Cr63W31Y31,125,3,"Cr,W,Y",63,0.504000000000,31,0.248000000000,31,0.248000000000,0,0.000000000000
1711,Cr63W31Y31,125,3,"Cr,W,Y",63,0.504000000000,31,0.248000000000,31,0.248000000000,0,0.000000000000
1712,Cr63W31Y31,125,3,"Cr,W,Y",63,0.504000000000,31,0.248000000000,31,0.248000000000,0,0.000000000000
1713,Cr64W31Y31,126,3,"Cr,W,Y",64,0.507936507937,31,0.246031746032,31,0.246031746032,0,0.000000000000
1714,Cr62W31Y32,125,3,"Cr,W,Y",62,0.496000000000,31,0.248000000000,32,0.256000000000,0,0.000000000000
1715,Cr62W31Y32,125,3,"Cr,W,Y",62,0.496000000000,31,0.248000000000,32,0.256000000000,0,0.000000000000
1716,Cr62W31Y32Zr,126,4,"Cr,W,Y,Zr",62,0.492063492063,31,0.246031746032,32,0.253968253968,1,0.007936507937
1717,Cr63W31Y32,126,3,"Cr,W,Y",63,0.500000000000,31,0.246031746032,32,0.253968253968,0,0.000000000000
1718,Cr62W31Y32,125,3,"Cr,W,Y",62,0.496000000000,31,0.248000000000,32,0.256000000000,0,0.000000000000
1719,Cr47W31Y47,125,3,"Cr,W,Y",47,0.376000000000,31,0.248000000000,47,0.376000000000,0,0.000000000000
1720,Cr47W31Y47,125,3,"Cr,W,Y",47,0.376000000000,31,0.248000000000,47,0.376000000000,0,0.000000000000
1721,Cr63W31Y31,125,3,"Cr,W,Y",63,0.504000000000,31,0.248000000000,31,0.248000000000,0,0.000000000000
1722,Cr65W31Y32Zr,129,4,"Cr,W,Y,Zr",65,0.503875968992,31,0.240310077519,32,0.248062015504,1,0.007751937984
1723,Cr63W31Y31,125,3,"Cr,W,Y",63,0.504000000000,31,0.248000000000,31,0.248000000000,0,0.000000000000
1724,Cr62W31Y32,125,3,"Cr,W,Y",62,0.496000000000,31,0.248000000000,32,0.256000000000,0,0.000000000000
1725,Cr62W31Y32,125,3,"Cr,W,Y",62,0.496000000000,31,0.248000000000,32,0.256000000000,0,0.000000000000
1726,Cr62W31Y32Zr,126,4,"Cr,W,Y,Zr",62,0.492063492063,31,0.246031746032,32,0.253968253968,1,0.007936507937
1727,Cr47W31Y47,125,3,"Cr,W,Y",47,0.376000000000,31,0.248000000000,47,0.376000000000,0,0.000000000000
1728,Cr48W31Y47,126,3,"Cr,W,Y",48,0.380952380952,31,0.246031746032,47,0.373015873016,0,0.000000000000
1729,Cr47W31Y47,125,3,"Cr,W,Y",47,0.376000000000,31,0.248000000000,47,0.376000000000,0,0.000000000000
1730,Cr43W31Y42,116,3,"Cr,W,Y",43,0.370689655172,31,0.267241379310,42,0.362068965517,0,0.000000000000
1731,Cr47W31Y47Zr,126,4,"Cr,W,Y,Zr",47,0.373015873016,31,0.246031746032,47,0.373015873016,1,0.007936507937
1732,Cr47W31Y47,125,3,"Cr,W,Y",47,0.376000000000,31,0.248000000000,47,0.376000000000,0,0.000000000000
1733,Cr47W31Y47,125,3,"Cr,W,Y",47,0.376000000000,31,0.248000000000,47,0.376000000000,0,0.000000000000
1734,Cr31W31Y63,125,3,"Cr,W,Y",31,0.248000000000,31,0.248000000000,63,0.504000000000,0,0.000000000000
1735,Cr31W31Y63,125,3,"Cr,W,Y",31,0.248000000000,31,0.248000000000,63,0.504000000000,0,0.000000000000
1736,Cr31W31Y63,125,3,"Cr,W,Y",31,0.248000000000,31,0.248000000000,63,0.504000000000,0,0.000000000000
1737,Cr47W31Y47,125,3,"Cr,W,Y",47,0.376000000000,31,0.248000000000,47,0.376000000000,0,0.000000000000
1738,Cr49W31Y47,127,3,"Cr,W,Y",49,0.385826771654,31,0.244094488189,47,0.370078740157,0,0.000000000000
1739,Cr40W30Y44,114,3,"Cr,W,Y",40,0.350877192982,30,0.263157894737,44,0.385964912281,0,0.000000000000
1740,Cr47W33Y47,127,3,"Cr,W,Y",47,0.370078740157,33,0.259842519685,47,0.370078740157,0,0.000000000000
1741,Cr31W31Y63,125,3,"Cr,W,Y",31,0.248000000000,31,0.248000000000,63,0.504000000000,0,0.000000000000
1742,Cr31W31Y63,125,3,"Cr,W,Y",31,0.248000000000,31,0.248000000000,63,0.504000000000,0,0.000000000000
1743,Cr31W31Y63,125,3,"Cr,W,Y",31,0.248000000000,31,0.248000000000,63,0.504000000000,0,0.000000000000
1744,Cr29W27Y57,113,3,"Cr,W,Y",29,0.256637168142,27,0.238938053097,57,0.504424778761,0,0.000000000000
1745,Cr29W31Y55,115,3,"Cr,W,Y",29,0.252173913043,31,0.269565217391,55,0.478260869565,0,0.000000000000
1746,Cr31W31Y63,125,3,"Cr,W,Y",31,0.248000000000,31,0.248000000000,63,0.504000000000,0,0.000000000000
1747,Cr47W31Y47,125,3,"Cr,W,Y",47,0.376000000000,31,0.248000000000,47,0.376000000000,0,0.000000000000
1748,Cr47W31Y47,125,3,"Cr,W,Y",47,0.376000000000,31,0.248000000000,47,0.376000000000,0,0.000000000000
1749,Cr47W32Y47,126,3,"Cr,W,Y",47,0.373015873016,32,0.253968253968,47,0.373015873016,0,0.000000000000
1750,Cr47W31Y47,125,3,"Cr,W,Y",47,0.376000000000,31,0.248000000000,47,0.376000000000,0,0.000000000000
1751,Cr31W31Y63,125,3,"Cr,W,Y",31,0.248000000000,31,0.248000000000,63,0.504000000000,0,0.000000000000
1752,Cr31W31Y63Zr,126,4,"Cr,W,Y,Zr",31,0.246031746032,31,0.246031746032,63,0.500000000000,1,0.007936507937
1753,Cr31W31Y63,125,3,"Cr,W,Y",31,0.248000000000,31,0.248000000000,63,0.504000000000,0,0.000000000000
1754,Cr31W27Y58,116,3,"Cr,W,Y",31,0.267241379310,27,0.232758620690,58,0.500000000000,0,0.000000000000
1755,Cr31W31Y63Zr,126,4,"Cr,W,Y,Zr",31,0.246031746032,31,0.246031746032,63,0.500000000000,1,0.007936507937
1756,Cr16W31Y78,125,3,"Cr,W,Y",16,0.128000000000,31,0.248000000000,78,0.624000000000,0,0.000000000000
1757,Cr16W31Y78,125,3,"Cr,W,Y",16,0.128000000000,31,0.248000000000,78,0.624000000000,0,0.000000000000
1758,Cr16W31Y70,117,3,"Cr,W,Y",16,0.136752136752,31,0.264957264957,70,0.598290598291,0,0.000000000000
1759,Cr16W31Y78,125,3,"Cr,W,Y",16,0.128000000000,31,0.248000000000,78,0.624000000000,0,0.000000000000
1760,Cr26W30Y57,113,3,"Cr,W,Y",26,0.230088495575,30,0.265486725664,57,0.504424778761,0,0.000000000000
1761,Cr31W31Y63,125,3,"Cr,W,Y",31,0.248000000000,31,0.248000000000,63,0.504000000000,0,0.000000000000
1762,Cr16W31Y78,125,3,"Cr,W,Y",16,0.128000000000,31,0.248000000000,78,0.624000000000,0,0.000000000000
1763,Cr16W31Y78,125,3,"Cr,W,Y",16,0.128000000000,31,0.248000000000,78,0.624000000000,0,0.000000000000
1764,Cr16W32Y78,126,3,"Cr,W,Y",16,0.126984126984,32,0.253968253968,78,0.619047619048,0,0.000000000000
1765,Cr31W31Y63,125,3,"Cr,W,Y",31,0.248000000000,31,0.248000000000,63,0.504000000000,0,0.000000000000
1766,Cr31W31Y63,125,3,"Cr,W,Y",31,0.248000000000,31,0.248000000000,63,0.504000000000,0,0.000000000000
1767,Cr31W31Y64,126,3,"Cr,W,Y",31,0.246031746032,31,0.246031746032,64,0.507936507937,0,0.000000000000
1768,Cr16W31Y78,125,3,"Cr,W,Y",16,0.128000000000,31,0.248000000000,78,0.624000000000,0,0.000000000000
1769,Cr16W32Y78,126,3,"Cr,W,Y",16,0.126984126984,32,0.253968253968,78,0.619047619048,0,0.000000000000
1770,Cr16W31Y77,124,3,"Cr,W,Y",16,0.129032258065,31,0.250000000000,77,0.620967741935,0,0.000000000000
1771,Cr16W29Y68,113,3,"Cr,W,Y",16,0.141592920354,29,0.256637168142,68,0.601769911504,0,0.000000000000
1772,Cr16W31Y78,125,3,"Cr,W,Y",16,0.128000000000,31,0.248000000000,78,0.624000000000,0,0.000000000000
1773,Cr14W24Y76,114,3,"Cr,W,Y",14,0.122807017544,24,0.210526315789,76,0.666666666667,0,0.000000000000
1774,Cr16W31Y78,125,3,"Cr,W,Y",16,0.128000000000,31,0.248000000000,78,0.624000000000,0,0.000000000000
1775,Cr62W47Y16,125,3,"Cr,W,Y",62,0.496000000000,47,0.376000000000,16,0.128000000000,0,0.000000000000
1776,Cr63W47Y16,126,3,"Cr,W,Y",63,0.500000000000,47,0.373015873016,16,0.126984126984,0,0.000000000000
1777,Cr62W47Y16,125,3,"Cr,W,Y",62,0.496000000000,47,0.376000000000,16,0.128000000000,0,0.000000000000
1778,Cr63W47Y16,126,3,"Cr,W,Y",63,0.500000000000,47,0.373015873016,16,0.126984126984,0,0.000000000000
1779,Cr16W31Y78,125,3,"Cr,W,Y",16,0.128000000000,31,0.248000000000,78,0.624000000000,0,0.000000000000
1780,Cr16W31Y78,125,3,"Cr,W,Y",16,0.128000000000,31,0.248000000000,78,0.624000000000,0,0.000000000000
1781,Cr16W31Y78,125,3,"Cr,W,Y",16,0.128000000000,31,0.248000000000,78,0.624000000000,0,0.000000000000
1782,Cr16W31Y78,125,3,"Cr,W,Y",16,0.128000000000,31,0.248000000000,78,0.624000000000,0,0.000000000000
1783,Cr62W47Y16,125,3,"Cr,W,Y",62,0.496000000000,47,0.376000000000,16,0.128000000000,0,0.000000000000
1784,Cr62W47Y16,125,3,"Cr,W,Y",62,0.496000000000,47,0.376000000000,16,0.128000000000,0,0.000000000000
1785,Cr61W39Y15,115,3,"Cr,W,Y",61,0.530434782609,39,0.339130434783,15,0.130434782609,0,0.000000000000
1786,Cr62W47Y16,125,3,"Cr,W,Y",62,0.496000000000,47,0.376000000000,16,0.128000000000,0,0.000000000000
1787,Cr62W47Y16,125,3,"Cr,W,Y",62,0.496000000000,47,0.376000000000,16,0.128000000000,0,0.000000000000
1788,Cr62W47Y16,125,3,"Cr,W,Y",62,0.496000000000,47,0.376000000000,16,0.128000000000,0,0.000000000000
1789,Cr55W42Y16,113,3,"Cr,W,Y",55,0.486725663717,42,0.371681415929,16,0.141592920354,0,0.000000000000
1790,Cr62W47Y16,125,3,"Cr,W,Y",62,0.496000000000,47,0.376000000000,16,0.128000000000,0,0.000000000000
1791,Cr62W47Y16,125,3,"Cr,W,Y",62,0.496000000000,47,0.376000000000,16,0.128000000000,0,0.000000000000
1792,Cr63W47Y16,126,3,"Cr,W,Y",63,0.500000000000,47,0.373015873016,16,0.126984126984,0,0.000000000000
1793,Cr62W47Y16,125,3,"Cr,W,Y",62,0.496000000000,47,0.376000000000,16,0.128000000000,0,0.000000000000
1794,Cr47W47Y31,125,3,"Cr,W,Y",47,0.376000000000,47,0.376000000000,31,0.248000000000,0,0.000000000000
1795,Cr48W47Y31,126,3,"Cr,W,Y",48,0.380952380952,47,0.373015873016,31,0.246031746032,0,0.000000000000
1796,Cr40W44Y29,113,3,"Cr,W,Y",40,0.353982300885,44,0.389380530973,29,0.256637168142,0,0.000000000000
1797,Cr47W47Y31,125,3,"Cr,W,Y",47,0.376000000000,47,0.376000000000,31,0.248000000000,0,0.000000000000
1798,Cr47W47Y31,125,3,"Cr,W,Y",47,0.376000000000,47,0.376000000000,31,0.248000000000,0,0.000000000000
1799,Cr47W45Y31,123,3,"Cr,W,Y",47,0.382113821138,45,0.365853658537,31,0.252032520325,0,0.000000000000
1800,Cr41W46Y26,113,3,"Cr,W,Y",41,0.362831858407,46,0.407079646018,26,0.230088495575,0,0.000000000000
1801,Cr50W47Y31,128,3,"Cr,W,Y",50,0.390625000000,47,0.367187500000,31,0.242187500000,0,0.000000000000
1802,Cr47W47Y31,125,3,"Cr,W,Y",47,0.376000000000,47,0.376000000000,31,0.248000000000,0,0.000000000000
1803,Cr49W47Y31,127,3,"Cr,W,Y",49,0.385826771654,47,0.370078740157,31,0.244094488189,0,0.000000000000
1804,Cr48W47Y31,126,3,"Cr,W,Y",48,0.380952380952,47,0.373015873016,31,0.246031746032,0,0.000000000000
1805,Cr47W47Y31,125,3,"Cr,W,Y",47,0.376000000000,47,0.376000000000,31,0.248000000000,0,0.000000000000
1806,Cr47W47Y31Zr,126,4,"Cr,W,Y,Zr",47,0.373015873016,47,0.373015873016,31,0.246031746032,1,0.007936507937
1807,Cr47W47Y31,125,3,"Cr,W,Y",47,0.376000000000,47,0.376000000000,31,0.248000000000,0,0.000000000000
1808,Cr47W47Y31,125,3,"Cr,W,Y",47,0.376000000000,47,0.376000000000,31,0.248000000000,0,0.000000000000
1809,Cr47W47Y31,125,3,"Cr,W,Y",47,0.376000000000,47,0.376000000000,31,0.248000000000,0,0.000000000000
1810,Cr47W47Y31,125,3,"Cr,W,Y",47,0.376000000000,47,0.376000000000,31,0.248000000000,0,0.000000000000
1811,Cr31W47Y47,125,3,"Cr,W,Y",31,0.248000000000,47,0.376000000000,47,0.376000000000,0,0.000000000000
1812,Cr31W47Y47,125,3,"Cr,W,Y",31,0.248000000000,47,0.376000000000,47,0.376000000000,0,0.000000000000
1813,Cr31W47Y47,125,3,"Cr,W,Y",31,0.248000000000,47,0.376000000000,47,0.376000000000,0,0.000000000000
1814,Cr31W47Y47,125,3,"Cr,W,Y",31,0.248000000000,47,0.376000000000,47,0.376000000000,0,0.000000000000
1815,Cr31W47Y47,125,3,"Cr,W,Y",31,0.248000000000,47,0.376000000000,47,0.376000000000,0,0.000000000000
1816,Cr31W47Y48,126,3,"Cr,W,Y",31,0.246031746032,47,0.373015873016,48,0.380952380952,0,0.000000000000
1817,Cr31W47Y47,125,3,"Cr,W,Y",31,0.248000000000,47,0.376000000000,47,0.376000000000,0,0.000000000000
1818,Cr26W46Y42,114,3,"Cr,W,Y",26,0.228070175439,46,0.403508771930,42,0.368421052632,0,0.000000000000
1819,Cr31W39Y43,113,3,"Cr,W,Y",31,0.274336283186,39,0.345132743363,43,0.380530973451,0,0.000000000000
1820,Cr31W47Y47,125,3,"Cr,W,Y",31,0.248000000000,47,0.376000000000,47,0.376000000000,0,0.000000000000
1821,Cr31W47Y47,125,3,"Cr,W,Y",31,0.248000000000,47,0.376000000000,47,0.376000000000,0,0.000000000000
1822,Cr31W47Y47,125,3,"Cr,W,Y",31,0.248000000000,47,0.376000000000,47,0.376000000000,0,0.000000000000
1823,Cr31W47Y47,125,3,"Cr,W,Y",31,0.248000000000,47,0.376000000000,47,0.376000000000,0,0.000000000000
1824,Cr31W48Y47,126,3,"Cr,W,Y",31,0.246031746032,48,0.380952380952,47,0.373015873016,0,0.000000000000
1825,Cr31W47Y47,125,3,"Cr,W,Y",31,0.248000000000,47,0.376000000000,47,0.376000000000,0,0.000000000000
1826,Cr31W44Y46,121,3,"Cr,W,Y",31,0.256198347107,44,0.363636363636,46,0.380165289256,0,0.000000000000
1827,Cr31W47Y47,125,3,"Cr,W,Y",31,0.248000000000,47,0.376000000000,47,0.376000000000,0,0.000000000000
1828,Cr16W47Y62,125,3,"Cr,W,Y",16,0.128000000000,47,0.376000000000,62,0.496000000000,0,0.000000000000
1829,Cr16W47Y62,125,3,"Cr,W,Y",16,0.128000000000,47,0.376000000000,62,0.496000000000,0,0.000000000000
1830,Cr14W41Y59,114,3,"Cr,W,Y",14,0.122807017544,41,0.359649122807,59,0.517543859649,0,0.000000000000
1831,Cr16W47Y63,126,3,"Cr,W,Y",16,0.126984126984,47,0.373015873016,63,0.500000000000,0,0.000000000000
1832,Cr16W47Y62,125,3,"Cr,W,Y",16,0.128000000000,47,0.376000000000,62,0.496000000000,0,0.000000000000
1833,Cr16W47Y62,125,3,"Cr,W,Y",16,0.128000000000,47,0.376000000000,62,0.496000000000,0,0.000000000000
1834,Cr16W47Y62,125,3,"Cr,W,Y",16,0.128000000000,47,0.376000000000,62,0.496000000000,0,0.000000000000
1835,Cr16W47Y62,125,3,"Cr,W,Y",16,0.128000000000,47,0.376000000000,62,0.496000000000,0,0.000000000000
1836,Cr12W45Y61,118,3,"Cr,W,Y",12,0.101694915254,45,0.381355932203,61,0.516949152542,0,0.000000000000
1837,Cr17W47Y62,126,3,"Cr,W,Y",17,0.134920634921,47,0.373015873016,62,0.492063492063,0,0.000000000000
1838,Cr16W47Y62,125,3,"Cr,W,Y",16,0.128000000000,47,0.376000000000,62,0.496000000000,0,0.000000000000
1839,Cr14W41Y59,114,3,"Cr,W,Y",14,0.122807017544,41,0.359649122807,59,0.517543859649,0,0.000000000000
1840,Cr16W47Y62,125,3,"Cr,W,Y",16,0.128000000000,47,0.376000000000,62,0.496000000000,0,0.000000000000
1841,Cr16W47Y62,125,3,"Cr,W,Y",16,0.128000000000,47,0.376000000000,62,0.496000000000,0,0.000000000000
1842,Cr16W47Y62,125,3,"Cr,W,Y",16,0.128000000000,47,0.376000000000,62,0.496000000000,0,0.000000000000
1843,Cr16W47Y62,125,3,"Cr,W,Y",16,0.128000000000,47,0.376000000000,62,0.496000000000,0,0.000000000000
1844,Cr15W44Y54,113,3,"Cr,W,Y",15,0.132743362832,44,0.389380530973,54,0.477876106195,0,0.000000000000
1845,Cr16W49Y62,127,3,"Cr,W,Y",16,0.125984251969,49,0.385826771654,62,0.488188976378,0,0.000000000000
1846,Cr16W47Y62,125,3,"Cr,W,Y",16,0.128000000000,47,0.376000000000,62,0.496000000000,0,0.000000000000
1847,Cr47W62Y16,125,3,"Cr,W,Y",47,0.376000000000,62,0.496000000000,16,0.128000000000,0,0.000000000000
1848,Cr48W62Y16,126,3,"Cr,W,Y",48,0.380952380952,62,0.492063492063,16,0.126984126984,0,0.000000000000
1849,Cr16W47Y63Zr2,128,4,"Cr,W,Y,Zr",16,0.125000000000,47,0.367187500000,63,0.492187500000,2,0.015625000000
1850,Cr32W32Zr32,96,3,"Cr,W,Zr",32,0.333333333333,32,0.333333333333,0,0.000000000000,32,0.333333333333
1851,Cr32W32Zr32,96,3,"Cr,W,Zr",32,0.333333333333,32,0.333333333333,0,0.000000000000,32,0.333333333333
1852,Cr32W32Zr32,96,3,"Cr,W,Zr",32,0.333333333333,32,0.333333333333,0,0.000000000000,32,0.333333333333
1853,Cr31W26Zr31,88,3,"Cr,W,Zr",31,0.352272727273,26,0.295454545455,0,0.000000000000,31,0.352272727273
1854,Cr36W33Zr34,103,3,"Cr,W,Zr",36,0.349514563107,33,0.320388349515,0,0.000000000000,34,0.330097087379
1855,Cr48W62Y16,126,3,"Cr,W,Y",48,0.380952380952,62,0.492063492063,16,0.126984126984,0,0.000000000000
1856,Cr47W62Y16,125,3,"Cr,W,Y",47,0.376000000000,62,0.496000000000,16,0.128000000000,0,0.000000000000
1857,Cr47W62Y17,126,3,"Cr,W,Y",47,0.373015873016,62,0.492063492063,17,0.134920634921,0,0.000000000000
1858,Cr47W62Y16,125,3,"Cr,W,Y",47,0.376000000000,62,0.496000000000,16,0.128000000000,0,0.000000000000
1859,Cr46W56Y14,116,3,"Cr,W,Y",46,0.396551724138,56,0.482758620690,14,0.120689655172,0,0.000000000000
1860,Cr47W62Y16,125,3,"Cr,W,Y",47,0.376000000000,62,0.496000000000,16,0.128000000000,0,0.000000000000
1861,Cr47W62Y16,125,3,"Cr,W,Y",47,0.376000000000,62,0.496000000000,16,0.128000000000,0,0.000000000000
1862,Cr47W62Y16,125,3,"Cr,W,Y",47,0.376000000000,62,0.496000000000,16,0.128000000000,0,0.000000000000
1863,Cr47W62Y16,125,3,"Cr,W,Y",47,0.376000000000,62,0.496000000000,16,0.128000000000,0,0.000000000000
1864,Cr47W62Y17,126,3,"Cr,W,Y",47,0.373015873016,62,0.492063492063,17,0.134920634921,0,0.000000000000
1865,Cr37W33Zr35,105,3,"Cr,W,Zr",37,0.352380952381,33,0.314285714286,0,0.000000000000,35,0.333333333333
1866,Cr48W62Y16,126,3,"Cr,W,Y",48,0.380952380952,62,0.492063492063,16,0.126984126984,0,0.000000000000
1867,Cr47W62Y16,125,3,"Cr,W,Y",47,0.376000000000,62,0.496000000000,16,0.128000000000,0,0.000000000000
1868,Cr47W62Y16,125,3,"Cr,W,Y",47,0.376000000000,62,0.496000000000,16,0.128000000000,0,0.000000000000
1869,Cr31W63Y31,125,3,"Cr,W,Y",31,0.248000000000,63,0.504000000000,31,0.248000000000,0,0.000000000000
1870,Cr28W58Y27,113,3,"Cr,W,Y",28,0.247787610619,58,0.513274336283,27,0.238938053097,0,0.000000000000
1871,Cr31W63Y31,125,3,"Cr,W,Y",31,0.248000000000,63,0.504000000000,31,0.248000000000,0,0.000000000000
1872,Cr31W63Y32,126,3,"Cr,W,Y",31,0.246031746032,63,0.500000000000,32,0.253968253968,0,0.000000000000
1873,Cr31W63Y31,125,3,"Cr,W,Y",31,0.248000000000,63,0.504000000000,31,0.248000000000,0,0.000000000000
1874,Cr32W63Y31,126,3,"Cr,W,Y",32,0.253968253968,63,0.500000000000,31,0.246031746032,0,0.000000000000
1875,Cr31W63Y31,125,3,"Cr,W,Y",31,0.248000000000,63,0.504000000000,31,0.248000000000,0,0.000000000000
1876,Cr31W63Y31,125,3,"Cr,W,Y",31,0.248000000000,63,0.504000000000,31,0.248000000000,0,0.000000000000
1877,Cr31W63Y31,125,3,"Cr,W,Y",31,0.248000000000,63,0.504000000000,31,0.248000000000,0,0.000000000000
1878,Cr31W62Y32,125,3,"Cr,W,Y",31,0.248000000000,62,0.496000000000,32,0.256000000000,0,0.000000000000
1879,Cr31W62Y32,125,3,"Cr,W,Y",31,0.248000000000,62,0.496000000000,32,0.256000000000,0,0.000000000000
1880,Cr31W62Y32,125,3,"Cr,W,Y",31,0.248000000000,62,0.496000000000,32,0.256000000000,0,0.000000000000
1881,Cr31W62Y32,125,3,"Cr,W,Y",31,0.248000000000,62,0.496000000000,32,0.256000000000,0,0.000000000000
1882,Cr17W62Y47,126,3,"Cr,W,Y",17,0.134920634921,62,0.492063492063,47,0.373015873016,0,0.000000000000
1883,Cr16W62Y47,125,3,"Cr,W,Y",16,0.128000000000,62,0.496000000000,47,0.376000000000,0,0.000000000000
1884,Cr16W53Y46,115,3,"Cr,W,Y",16,0.139130434783,53,0.460869565217,46,0.400000000000,0,0.000000000000
1885,Cr16W62Y47,125,3,"Cr,W,Y",16,0.128000000000,62,0.496000000000,47,0.376000000000,0,0.000000000000
1886,Cr32W63Y33,128,3,"Cr,W,Y",32,0.250000000000,63,0.492187500000,33,0.257812500000,0,0.000000000000
1887,Cr31W62Y32,125,3,"Cr,W,Y",31,0.248000000000,62,0.496000000000,32,0.256000000000,0,0.000000000000
1888,Cr28W61Y29,118,3,"Cr,W,Y",28,0.237288135593,61,0.516949152542,29,0.245762711864,0,0.000000000000
1889,Cr32W64Y32,128,3,"Cr,W,Y",32,0.250000000000,64,0.500000000000,32,0.250000000000,0,0.000000000000
1890,Cr31W62Y32,125,3,"Cr,W,Y",31,0.248000000000,62,0.496000000000,32,0.256000000000,0,0.000000000000
1891,Cr16W62Y47,125,3,"Cr,W,Y",16,0.128000000000,62,0.496000000000,47,0.376000000000,0,0.000000000000
1892,Cr16W62Y47,125,3,"Cr,W,Y",16,0.128000000000,62,0.496000000000,47,0.376000000000,0,0.000000000000
1893,Cr37W32Zr34,103,3,"Cr,W,Zr",37,0.359223300971,32,0.310679611650,0,0.000000000000,34,0.330097087379
1894,Cr16W54Y45,115,3,"Cr,W,Y",16,0.139130434783,54,0.469565217391,45,0.391304347826,0,0.000000000000
1895,Cr16W62Y47,125,3,"Cr,W,Y",16,0.128000000000,62,0.496000000000,47,0.376000000000,0,0.000000000000
1896,Cr16W62Y47,125,3,"Cr,W,Y",16,0.128000000000,62,0.496000000000,47,0.376000000000,0,0.000000000000
1897,Cr14W60Y39,113,3,"Cr,W,Y",14,0.123893805310,60,0.530973451327,39,0.345132743363,0,0.000000000000
1898,Cr16W62Y47,125,3,"Cr,W,Y",16,0.128000000000,62,0.496000000000,47,0.376000000000,0,0.000000000000
1899,Cr31W78Y16,125,3,"Cr,W,Y",31,0.248000000000,78,0.624000000000,16,0.128000000000,0,0.000000000000
1900,Cr31W78Y16,125,3,"Cr,W,Y",31,0.248000000000,78,0.624000000000,16,0.128000000000,0,0.000000000000
1901,Cr31W78Y17,126,3,"Cr,W,Y",31,0.246031746032,78,0.619047619048,17,0.134920634921,0,0.000000000000
1902,Cr31W78Y16,125,3,"Cr,W,Y",31,0.248000000000,78,0.624000000000,16,0.128000000000,0,0.000000000000
1903,Cr32W78Y16Zr,127,4,"Cr,W,Y,Zr",32,0.251968503937,78,0.614173228346,16,0.125984251969,1,0.007874015748
1904,Cr31W78Y16Zr,126,4,"Cr,W,Y,Zr",31,0.246031746032,78,0.619047619048,16,0.126984126984,1,0.007936507937
1905,Cr16W62Y47,125,3,"Cr,W,Y",16,0.128000000000,62,0.496000000000,47,0.376000000000,0,0.000000000000
1906,Cr16W62Y47,125,3,"Cr,W,Y",16,0.128000000000,62,0.496000000000,47,0.376000000000,0,0.000000000000
1907,Cr16W62Y47,125,3,"Cr,W,Y",16,0.128000000000,62,0.496000000000,47,0.376000000000,0,0.000000000000
1908,Cr16W63Y47,126,3,"Cr,W,Y",16,0.126984126984,63,0.500000000000,47,0.373015873016,0,0.000000000000
1909,Cr31W78Y16,125,3,"Cr,W,Y",31,0.248000000000,78,0.624000000000,16,0.128000000000,0,0.000000000000
1910,Cr16W62Y47,125,3,"Cr,W,Y",16,0.128000000000,62,0.496000000000,47,0.376000000000,0,0.000000000000
1911,Cr14W60Y42,116,3,"Cr,W,Y",14,0.120689655172,60,0.517241379310,42,0.362068965517,0,0.000000000000
1912,Cr16W63Y47,126,3,"Cr,W,Y",16,0.126984126984,63,0.500000000000,47,0.373015873016,0,0.000000000000
1913,Cr31W78Y16,125,3,"Cr,W,Y",31,0.248000000000,78,0.624000000000,16,0.128000000000,0,0.000000000000
1914,Cr31W78Y16,125,3,"Cr,W,Y",31,0.248000000000,78,0.624000000000,16,0.128000000000,0,0.000000000000
1915,Cr26W75Y14,115,3,"Cr,W,Y",26,0.226086956522,75,0.652173913043,14,0.121739130435,0,0.000000000000
1916,Cr31W78Y16,125,3,"Cr,W,Y",31,0.248000000000,78,0.624000000000,16,0.128000000000,0,0.000000000000
1917,Cr16W78Y31,125,3,"Cr,W,Y",16,0.128000000000,78,0.624000000000,31,0.248000000000,0,0.000000000000
1918,Cr14W75Y28,117,3,"Cr,W,Y",14,0.119658119658,75,0.641025641026,28,0.239316239316,0,0.000000000000
1919,Cr16W69Y30,115,3,"Cr,W,Y",16,0.139130434783,69,0.600000000000,30,0.260869565217,0,0.000000000000
1920,Cr16W78Y31,125,3,"Cr,W,Y",16,0.128000000000,78,0.624000000000,31,0.248000000000,0,0.000000000000
1921,Cr16W78Y31,125,3,"Cr,W,Y",16,0.128000000000,78,0.624000000000,31,0.248000000000,0,0.000000000000
1922,Cr16W78Y31,125,3,"Cr,W,Y",16,0.128000000000,78,0.624000000000,31,0.248000000000,0,0.000000000000
1923,Cr17W78Y31Zr,127,4,"Cr,W,Y,Zr",17,0.133858267717,78,0.614173228346,31,0.244094488189,1,0.007874015748
1924,Cr31W78Y16,125,3,"Cr,W,Y",31,0.248000000000,78,0.624000000000,16,0.128000000000,0,0.000000000000
1925,Cr31W78Y16,125,3,"Cr,W,Y",31,0.248000000000,78,0.624000000000,16,0.128000000000,0,0.000000000000
1926,Cr31W78Y16,125,3,"Cr,W,Y",31,0.248000000000,78,0.624000000000,16,0.128000000000,0,0.000000000000
1927,Cr31W78Y16,125,3,"Cr,W,Y",31,0.248000000000,78,0.624000000000,16,0.128000000000,0,0.000000000000
1928,Cr31W78Y16Zr,126,4,"Cr,W,Y,Zr",31,0.246031746032,78,0.619047619048,16,0.126984126984,1,0.007936507937
1929,Cr16W78Y31,125,3,"Cr,W,Y",16,0.128000000000,78,0.624000000000,31,0.248000000000,0,0.000000000000
1930,Cr16W78Y31,125,3,"Cr,W,Y",16,0.128000000000,78,0.624000000000,31,0.248000000000,0,0.000000000000
1931,Cr37W34Zr34,105,3,"Cr,W,Zr",37,0.352380952381,34,0.323809523810,0,0.000000000000,34,0.323809523810
1932,Cr34W35Zr33,102,3,"Cr,W,Zr",34,0.333333333333,35,0.343137254902,0,0.000000000000,33,0.323529411765
1933,Cr16W78Y31,125,3,"Cr,W,Y",16,0.128000000000,78,0.624000000000,31,0.248000000000,0,0.000000000000
1934,Cr16W78Y31,125,3,"Cr,W,Y",16,0.128000000000,78,0.624000000000,31,0.248000000000,0,0.000000000000
1935,Cr15W69Y30,114,3,"Cr,W,Y",15,0.131578947368,69,0.605263157895,30,0.263157894737,0,0.000000000000
1936,Cr16W78Y31,125,3,"Cr,W,Y",16,0.128000000000,78,0.624000000000,31,0.248000000000,0,0.000000000000
1937,Cr16W78Y32,126,3,"Cr,W,Y",16,0.126984126984,78,0.619047619048,32,0.253968253968,0,0.000000000000
1938,Cr16W78Y31,125,3,"Cr,W,Y",16,0.128000000000,78,0.624000000000,31,0.248000000000,0,0.000000000000
1939,Cr16W78Y31,125,3,"Cr,W,Y",16,0.128000000000,78,0.624000000000,31,0.248000000000,0,0.000000000000
1940,Cr16W78Y31Zr,126,4,"Cr,W,Y,Zr",16,0.126984126984,78,0.619047619048,31,0.246031746032,1,0.007936507937
1941,Cr16W94Y15,125,3,"Cr,W,Y",16,0.128000000000,94,0.752000000000,15,0.120000000000,0,0.000000000000
1942,Cr16W94Y15,125,3,"Cr,W,Y",16,0.128000000000,94,0.752000000000,15,0.120000000000,0,0.000000000000
1943,Cr16W94Y16,126,3,"Cr,W,Y",16,0.126984126984,94,0.746031746032,16,0.126984126984,0,0.000000000000
1944,Cr16W94Y15,125,3,"Cr,W,Y",16,0.128000000000,94,0.752000000000,15,0.120000000000,0,0.000000000000
1945,Cr16W94Y15,125,3,"Cr,W,Y",16,0.128000000000,94,0.752000000000,15,0.120000000000,0,0.000000000000
1946,Cr16W94Y15,125,3,"Cr,W,Y",16,0.128000000000,94,0.752000000000,15,0.120000000000,0,0.000000000000
1947,Cr16W94Y15,125,3,"Cr,W,Y",16,0.128000000000,94,0.752000000000,15,0.120000000000,0,0.000000000000
1948,Cr15W85Y14,114,3,"Cr,W,Y",15,0.131578947368,85,0.745614035088,14,0.122807017544,0,0.000000000000
1949,Cr16W94Y15Zr2,127,4,"Cr,W,Y,Zr",16,0.125984251969,94,0.740157480315,15,0.118110236220,2,0.015748031496
1950,Cr16W94Y15,125,3,"Cr,W,Y",16,0.128000000000,94,0.752000000000,15,0.120000000000,0,0.000000000000
1951,Cr16W94Y15,125,3,"Cr,W,Y",16,0.128000000000,94,0.752000000000,15,0.120000000000,0,0.000000000000
1952,Cr16W94Y15,125,3,"Cr,W,Y",16,0.128000000000,94,0.752000000000,15,0.120000000000,0,0.000000000000
1953,Cr16W94Y16Zr,127,4,"Cr,W,Y,Zr",16,0.125984251969,94,0.740157480315,16,0.125984251969,1,0.007874015748
1954,Cr17W94Y15,126,3,"Cr,W,Y",17,0.134920634921,94,0.746031746032,15,0.119047619048,0,0.000000000000
1955,Cr16W94Y15,125,3,"Cr,W,Y",16,0.128000000000,94,0.752000000000,15,0.120000000000,0,0.000000000000
1956,Cr16W94Y15,125,3,"Cr,W,Y",16,0.128000000000,94,0.752000000000,15,0.120000000000,0,0.000000000000
1957,Cr94W16Zr16,126,3,"Cr,W,Zr",94,0.746031746032,16,0.126984126984,0,0.000000000000,16,0.126984126984
1958,Cr33W32Zr35,100,3,"Cr,W,Zr",33,0.330000000000,32,0.320000000000,0,0.000000000000,35,0.350000000000
1959,Cr94W16Zr15,125,3,"Cr,W,Zr",94,0.752000000000,16,0.128000000000,0,0.000000000000,15,0.120000000000
1960,Cr94W16Zr15,125,3,"Cr,W,Zr",94,0.752000000000,16,0.128000000000,0,0.000000000000,15,0.120000000000
1961,Cr94W16Zr15,125,3,"Cr,W,Zr",94,0.752000000000,16,0.128000000000,0,0.000000000000,15,0.120000000000
1962,Cr94W16Zr15,125,3,"Cr,W,Zr",94,0.752000000000,16,0.128000000000,0,0.000000000000,15,0.120000000000
1963,Cr94W16Zr15,125,3,"Cr,W,Zr",94,0.752000000000,16,0.128000000000,0,0.000000000000,15,0.120000000000
1964,Cr94W16Zr15,125,3,"Cr,W,Zr",94,0.752000000000,16,0.128000000000,0,0.000000000000,15,0.120000000000
1965,Cr94W16Zr15,125,3,"Cr,W,Zr",94,0.752000000000,16,0.128000000000,0,0.000000000000,15,0.120000000000
1966,Cr94W16Zr15,125,3,"Cr,W,Zr",94,0.752000000000,16,0.128000000000,0,0.000000000000,15,0.120000000000
1967,Cr94W16Zr15,125,3,"Cr,W,Zr",94,0.752000000000,16,0.128000000000,0,0.000000000000,15,0.120000000000
1968,Cr83W16Zr14,113,3,"Cr,W,Zr",83,0.734513274336,16,0.141592920354,0,0.000000000000,14,0.123893805310
1969,Cr95W16Zr15,126,3,"Cr,W,Zr",95,0.753968253968,16,0.126984126984,0,0.000000000000,15,0.119047619048
1970,Cr35W33Zr34,102,3,"Cr,W,Zr",35,0.343137254902,33,0.323529411765,0,0.000000000000,34,0.333333333333
1971,Cr94W16Zr15,125,3,"Cr,W,Zr",94,0.752000000000,16,0.128000000000,0,0.000000000000,15,0.120000000000
1972,Cr95W16Zr15,126,3,"Cr,W,Zr",95,0.753968253968,16,0.126984126984,0,0.000000000000,15,0.119047619048
1973,Cr95W18Zr15,128,3,"Cr,W,Zr",95,0.742187500000,18,0.140625000000,0,0.000000000000,15,0.117187500000
1974,Cr94W16Zr15,125,3,"Cr,W,Zr",94,0.752000000000,16,0.128000000000,0,0.000000000000,15,0.120000000000
1975,Cr78W16Zr31,125,3,"Cr,W,Zr",78,0.624000000000,16,0.128000000000,0,0.000000000000,31,0.248000000000
1976,Cr78W16Zr32,126,3,"Cr,W,Zr",78,0.619047619048,16,0.126984126984,0,0.000000000000,32,0.253968253968
1977,Cr78W16Zr31,125,3,"Cr,W,Zr",78,0.624000000000,16,0.128000000000,0,0.000000000000,31,0.248000000000
1978,Cr78W16Zr31,125,3,"Cr,W,Zr",78,0.624000000000,16,0.128000000000,0,0.000000000000,31,0.248000000000
1979,Cr78W16Zr31,125,3,"Cr,W,Zr",78,0.624000000000,16,0.128000000000,0,0.000000000000,31,0.248000000000
1980,Cr68W16Zr30,114,3,"Cr,W,Zr",68,0.596491228070,16,0.140350877193,0,0.000000000000,30,0.263157894737
1981,Cr78W16Zr31,125,3,"Cr,W,Zr",78,0.624000000000,16,0.128000000000,0,0.000000000000,31,0.248000000000
1982,Cr78W16Zr31,125,3,"Cr,W,Zr",78,0.624000000000,16,0.128000000000,0,0.000000000000,31,0.248000000000
1983,Cr33W36Zr33,102,3,"Cr,W,Zr",33,0.323529411765,36,0.352941176471,0,0.000000000000,33,0.323529411765
1984,Cr32W34Zr35,101,3,"Cr,W,Zr",32,0.316831683168,34,0.336633663366,0,0.000000000000,35,0.346534653465
1985,Cr78W16Zr31,125,3,"Cr,W,Zr",78,0.624000000000,16,0.128000000000,0,0.000000000000,31,0.248000000000
1986,Cr78W17Zr31,126,3,"Cr,W,Zr",78,0.619047619048,17,0.134920634921,0,0.000000000000,31,0.246031746032
1987,Cr37W33Zr35,105,3,"Cr,W,Zr",37,0.352380952381,33,0.314285714286,0,0.000000000000,35,0.333333333333
1988,Cr78W16Zr31,125,3,"Cr,W,Zr",78,0.624000000000,16,0.128000000000,0,0.000000000000,31,0.248000000000
1989,Cr78W16Zr31,125,3,"Cr,W,Zr",78,0.624000000000,16,0.128000000000,0,0.000000000000,31,0.248000000000
1990,Cr78W16Zr31,125,3,"Cr,W,Zr",78,0.624000000000,16,0.128000000000,0,0.000000000000,31,0.248000000000
1991,Cr78W16Zr31,125,3,"Cr,W,Zr",78,0.624000000000,16,0.128000000000,0,0.000000000000,31,0.248000000000
1992,Cr62W16YZr47,126,4,"Cr,W,Y,Zr",62,0.492063492063,16,0.126984126984,1,0.007936507937,47,0.373015873016
1993,Cr62W16Zr47,125,3,"Cr,W,Zr",62,0.496000000000,16,0.128000000000,0,0.000000000000,47,0.376000000000
1994,Cr62W17Zr49,128,3,"Cr,W,Zr",62,0.484375000000,17,0.132812500000,0,0.000000000000,49,0.382812500000
1995,Cr62W17Zr47,126,3,"Cr,W,Zr",62,0.492063492063,17,0.134920634921,0,0.000000000000,47,0.373015873016
1996,Cr62W16Zr47,125,3,"Cr,W,Zr",62,0.496000000000,16,0.128000000000,0,0.000000000000,47,0.376000000000
1997,Cr35W34Zr33,102,3,"Cr,W,Zr",35,0.343137254902,34,0.333333333333,0,0.000000000000,33,0.323529411765
1998,Cr62W16Zr47,125,3,"Cr,W,Zr",62,0.496000000000,16,0.128000000000,0,0.000000000000,47,0.376000000000
1999,Cr62W16Zr47,125,3,"Cr,W,Zr",62,0.496000000000,16,0.128000000000,0,0.000000000000,47,0.376000000000
2000,Cr62W16Zr47,125,3,"Cr,W,Zr",62,0.496000000000,16,0.128000000000,0,0.000000000000,47,0.376000000000
2001,Cr62W16Zr47,125,3,"Cr,W,Zr",62,0.496000000000,16,0.128000000000,0,0.000000000000,47,0.376000000000
2002,Cr62W16Zr47,125,3,"Cr,W,Zr",62,0.496000000000,16,0.128000000000,0,0.000000000000,47,0.376000000000
2003,Cr53W16Zr44,113,3,"Cr,W,Zr",53,0.469026548673,16,0.141592920354,0,0.000000000000,44,0.389380530973
2004,Cr62W16Zr47,125,3,"Cr,W,Zr",62,0.496000000000,16,0.128000000000,0,0.000000000000,47,0.376000000000
2005,Cr62W16Zr47,125,3,"Cr,W,Zr",62,0.496000000000,16,0.128000000000,0,0.000000000000,47,0.376000000000
2006,Cr62W16Zr47,125,3,"Cr,W,Zr",62,0.496000000000,16,0.128000000000,0,0.000000000000,47,0.376000000000
2007,Cr62W16Zr47,125,3,"Cr,W,Zr",62,0.496000000000,16,0.128000000000,0,0.000000000000,47,0.376000000000
2008,Cr62W16Zr47,125,3,"Cr,W,Zr",62,0.496000000000,16,0.128000000000,0,0.000000000000,47,0.376000000000
2009,Cr47W16Zr62,125,3,"Cr,W,Zr",47,0.376000000000,16,0.128000000000,0,0.000000000000,62,0.496000000000
2010,Cr47W16Zr62,125,3,"Cr,W,Zr",47,0.376000000000,16,0.128000000000,0,0.000000000000,62,0.496000000000
2011,Cr47W16Zr62,125,3,"Cr,W,Zr",47,0.376000000000,16,0.128000000000,0,0.000000000000,62,0.496000000000
2012,Cr47W16Zr63,126,3,"Cr,W,Zr",47,0.373015873016,16,0.126984126984,0,0.000000000000,63,0.500000000000
2013,Cr48W16Zr63,127,3,"Cr,W,Zr",48,0.377952755906,16,0.125984251969,0,0.000000000000,63,0.496062992126
2014,Cr47W16Zr62,125,3,"Cr,W,Zr",47,0.376000000000,16,0.128000000000,0,0.000000000000,62,0.496000000000
2015,Cr36W33Zr32,101,3,"Cr,W,Zr",36,0.356435643564,33,0.326732673267,0,0.000000000000,32,0.316831683168
2016,Cr35W35Zr34,104,3,"Cr,W,Zr",35,0.336538461538,35,0.336538461538,0,0.000000000000,34,0.326923076923
2017,Cr47W16Zr62,125,3,"Cr,W,Zr",47,0.376000000000,16,0.128000000000,0,0.000000000000,62,0.496000000000
2018,Cr47W16YZr62,126,4,"Cr,W,Y,Zr",47,0.373015873016,16,0.126984126984,1,0.007936507937,62,0.492063492063
2019,Cr47W16Zr62,125,3,"Cr,W,Zr",47,0.376000000000,16,0.128000000000,0,0.000000000000,62,0.496000000000
2020,Cr47W16Zr62,125,3,"Cr,W,Zr",47,0.376000000000,16,0.128000000000,0,0.000000000000,62,0.496000000000
2021,Cr41W14Zr58,113,3,"Cr,W,Zr",41,0.362831858407,14,0.123893805310,0,0.000000000000,58,0.513274336283
2022,Cr48W18Zr62,128,3,"Cr,W,Zr",48,0.375000000000,18,0.140625000000,0,0.000000000000,62,0.484375000000
2023,Cr47W16Zr62,125,3,"Cr,W,Zr",47,0.376000000000,16,0.128000000000,0,0.000000000000,62,0.496000000000
2024,Cr47W16Zr62,125,3,"Cr,W,Zr",47,0.376000000000,16,0.128000000000,0,0.000000000000,62,0.496000000000
2025,Cr34W32Zr38,104,3,"Cr,W,Zr",34,0.326923076923,32,0.307692307692,0,0.000000000000,38,0.365384615385
2026,Cr33W35Zr34,102,3,"Cr,W,Zr",33,0.323529411765,35,0.343137254902,0,0.000000000000,34,0.333333333333
2027,Cr31W16Zr78,125,3,"Cr,W,Zr",31,0.248000000000,16,0.128000000000,0,0.000000000000,78,0.624000000000
2028,Cr31W16Zr78,125,3,"Cr,W,Zr",31,0.248000000000,16,0.128000000000,0,0.000000000000,78,0.624000000000
2029,Cr31W16Zr79,126,3,"Cr,W,Zr",31,0.246031746032,16,0.126984126984,0,0.000000000000,79,0.626984126984
2030,Cr31W16Zr78,125,3,"Cr,W,Zr",31,0.248000000000,16,0.128000000000,0,0.000000000000,78,0.624000000000
2031,Cr31W16Zr78,125,3,"Cr,W,Zr",31,0.248000000000,16,0.128000000000,0,0.000000000000,78,0.624000000000
2032,Cr31W16Zr78,125,3,"Cr,W,Zr",31,0.248000000000,16,0.128000000000,0,0.000000000000,78,0.624000000000
2033,Cr31W16Zr78,125,3,"Cr,W,Zr",31,0.248000000000,16,0.128000000000,0,0.000000000000,78,0.624000000000
2034,Cr28W15Zr71,114,3,"Cr,W,Zr",28,0.245614035088,15,0.131578947368,0,0.000000000000,71,0.622807017544
2035,Cr31W16Zr78,125,3,"Cr,W,Zr",31,0.248000000000,16,0.128000000000,0,0.000000000000,78,0.624000000000
2036,Cr31W16Zr78,125,3,"Cr,W,Zr",31,0.248000000000,16,0.128000000000,0,0.000000000000,78,0.624000000000
2037,Cr31W16Zr78,125,3,"Cr,W,Zr",31,0.248000000000,16,0.128000000000,0,0.000000000000,78,0.624000000000
2038,Cr31W17Zr80,128,3,"Cr,W,Zr",31,0.242187500000,17,0.132812500000,0,0.000000000000,80,0.625000000000
2039,Cr31W16Zr78,125,3,"Cr,W,Zr",31,0.248000000000,16,0.128000000000,0,0.000000000000,78,0.624000000000
2040,Cr16W15Zr94,125,3,"Cr,W,Zr",16,0.128000000000,15,0.120000000000,0,0.000000000000,94,0.752000000000
2041,Cr16W15Zr83,114,3,"Cr,W,Zr",16,0.140350877193,15,0.131578947368,0,0.000000000000,83,0.728070175439
2042,Cr16W16Zr93,125,3,"Cr,W,Zr",16,0.128000000000,16,0.128000000000,0,0.000000000000,93,0.744000000000
2043,Cr16W15Zr94,125,3,"Cr,W,Zr",16,0.128000000000,15,0.120000000000,0,0.000000000000,94,0.752000000000
2044,Cr16W15Zr94,125,3,"Cr,W,Zr",16,0.128000000000,15,0.120000000000,0,0.000000000000,94,0.752000000000
2045,Cr16W15Zr94,125,3,"Cr,W,Zr",16,0.128000000000,15,0.120000000000,0,0.000000000000,94,0.752000000000
2046,Cr16W15Zr94,125,3,"Cr,W,Zr",16,0.128000000000,15,0.120000000000,0,0.000000000000,94,0.752000000000
2047,Cr16W15Zr94,125,3,"Cr,W,Zr",16,0.128000000000,15,0.120000000000,0,0.000000000000,94,0.752000000000
2048,Cr17W15Zr94,126,3,"Cr,W,Zr",17,0.134920634921,15,0.119047619048,0,0.000000000000,94,0.746031746032
2049,Cr33W39Zr33,105,3,"Cr,W,Zr",33,0.314285714286,39,0.371428571429,0,0.000000000000,33,0.314285714286
2050,Cr33W36Zr34,103,3,"Cr,W,Zr",33,0.320388349515,36,0.349514563107,0,0.000000000000,34,0.330097087379
2051,Cr16W16Zr93,125,3,"Cr,W,Zr",16,0.128000000000,16,0.128000000000,0,0.000000000000,93,0.744000000000
2052,Cr16W16Zr93,125,3,"Cr,W,Zr",16,0.128000000000,16,0.128000000000,0,0.000000000000,93,0.744000000000
2053,Cr16W16Zr93,125,3,"Cr,W,Zr",16,0.128000000000,16,0.128000000000,0,0.000000000000,93,0.744000000000
2054,Cr78W31Zr16,125,3,"Cr,W,Zr",78,0.624000000000,31,0.248000000000,0,0.000000000000,16,0.128000000000
2055,Cr78W31Zr16,125,3,"Cr,W,Zr",78,0.624000000000,31,0.248000000000,0,0.000000000000,16,0.128000000000
2056,Cr78W31Zr16,125,3,"Cr,W,Zr",78,0.624000000000,31,0.248000000000,0,0.000000000000,16,0.128000000000
2057,Cr78W31Zr16,125,3,"Cr,W,Zr",78,0.624000000000,31,0.248000000000,0,0.000000000000,16,0.128000000000
2058,Cr78W31Zr16,125,3,"Cr,W,Zr",78,0.624000000000,31,0.248000000000,0,0.000000000000,16,0.128000000000
2059,Cr78W31Zr16,125,3,"Cr,W,Zr",78,0.624000000000,31,0.248000000000,0,0.000000000000,16,0.128000000000
2060,Cr72W31Zr16,119,3,"Cr,W,Zr",72,0.605042016807,31,0.260504201681,0,0.000000000000,16,0.134453781513
2061,Cr78W31Zr16,125,3,"Cr,W,Zr",78,0.624000000000,31,0.248000000000,0,0.000000000000,16,0.128000000000
2062,Cr78W31Zr16,125,3,"Cr,W,Zr",78,0.624000000000,31,0.248000000000,0,0.000000000000,16,0.128000000000
2063,Cr16W16Zr93,125,3,"Cr,W,Zr",16,0.128000000000,16,0.128000000000,0,0.000000000000,93,0.744000000000
2064,Cr78W31Zr16,125,3,"Cr,W,Zr",78,0.624000000000,31,0.248000000000,0,0.000000000000,16,0.128000000000
2065,Cr63W31Zr31,125,3,"Cr,W,Zr",63,0.504000000000,31,0.248000000000,0,0.000000000000,31,0.248000000000
2066,Cr79W33YZr16,129,4,"Cr,W,Y,Zr",79,0.612403100775,33,0.255813953488,1,0.007751937984,16,0.124031007752
2067,Cr78W32Zr17,127,3,"Cr,W,Zr",78,0.614173228346,32,0.251968503937,0,0.000000000000,17,0.133858267717
2068,Cr63W31Zr31,125,3,"Cr,W,Zr",63,0.504000000000,31,0.248000000000,0,0.000000000000,31,0.248000000000
2069,Cr63W31Zr31,125,3,"Cr,W,Zr",63,0.504000000000,31,0.248000000000,0,0.000000000000,31,0.248000000000
2070,Cr63W31Zr31,125,3,"Cr,W,Zr",63,0.504000000000,31,0.248000000000,0,0.000000000000,31,0.248000000000
2071,Cr78W31Zr16,125,3,"Cr,W,Zr",78,0.624000000000,31,0.248000000000,0,0.000000000000,16,0.128000000000
2072,Cr78W31Zr16,125,3,"Cr,W,Zr",78,0.624000000000,31,0.248000000000,0,0.000000000000,16,0.128000000000
2073,Cr63W31Zr32,126,3,"Cr,W,Zr",63,0.500000000000,31,0.246031746032,0,0.000000000000,32,0.253968253968
2074,Cr63W31Zr31,125,3,"Cr,W,Zr",63,0.504000000000,31,0.248000000000,0,0.000000000000,31,0.248000000000
2075,Cr63W31Zr31,125,3,"Cr,W,Zr",63,0.504000000000,31,0.248000000000,0,0.000000000000,31,0.248000000000
2076,Cr63W31Zr31,125,3,"Cr,W,Zr",63,0.504000000000,31,0.248000000000,0,0.000000000000,31,0.248000000000
2077,Cr55W30Zr29,114,3,"Cr,W,Zr",55,0.482456140351,30,0.263157894737,0,0.000000000000,29,0.254385964912
2078,Cr62W31Zr32,125,3,"Cr,W,Zr",62,0.496000000000,31,0.248000000000,0,0.000000000000,32,0.256000000000
2079,Cr62W31Zr32,125,3,"Cr,W,Zr",62,0.496000000000,31,0.248000000000,0,0.000000000000,32,0.256000000000
2080,Cr62W31Zr32,125,3,"Cr,W,Zr",62,0.496000000000,31,0.248000000000,0,0.000000000000,32,0.256000000000
2081,Cr62W31Zr32,125,3,"Cr,W,Zr",62,0.496000000000,31,0.248000000000,0,0.000000000000,32,0.256000000000
2082,Cr62W31YZr32,126,4,"Cr,W,Y,Zr",62,0.492063492063,31,0.246031746032,1,0.007936507937,32,0.253968253968
2083,Cr36W34Zr34,104,3,"Cr,W,Zr",36,0.346153846154,34,0.326923076923,0,0.000000000000,34,0.326923076923
2084,Cr47W31Zr47,125,3,"Cr,W,Zr",47,0.376000000000,31,0.248000000000,0,0.000000000000,47,0.376000000000
2085,Cr47W31YZr47,126,4,"Cr,W,Y,Zr",47,0.373015873016,31,0.246031746032,1,0.007936507937,47,0.373015873016
2086,Cr47W31Zr49,127,3,"Cr,W,Zr",47,0.370078740157,31,0.244094488189,0,0.000000000000,49,0.385826771654
2087,Cr47W31Zr47,125,3,"Cr,W,Zr",47,0.376000000000,31,0.248000000000,0,0.000000000000,47,0.376000000000
2088,Cr47W31Zr47,125,3,"Cr,W,Zr",47,0.376000000000,31,0.248000000000,0,0.000000000000,47,0.376000000000
2089,Cr48W31Y2Zr47,128,4,"Cr,W,Y,Zr",48,0.375000000000,31,0.242187500000,2,0.015625000000,47,0.367187500000
2090,Cr47W31Zr47,125,3,"Cr,W,Zr",47,0.376000000000,31,0.248000000000,0,0.000000000000,47,0.376000000000
2091,Cr48W32Zr47,127,3,"Cr,W,Zr",48,0.377952755906,32,0.251968503937,0,0.000000000000,47,0.370078740157
2092,Cr47W31Zr47,125,3,"Cr,W,Zr",47,0.376000000000,31,0.248000000000,0,0.000000000000,47,0.376000000000
2093,Cr47W31Zr47,125,3,"Cr,W,Zr",47,0.376000000000,31,0.248000000000,0,0.000000000000,47,0.376000000000
2094,Cr44W28Zr41,113,3,"Cr,W,Zr",44,0.389380530973,28,0.247787610619,0,0.000000000000,41,0.362831858407
2095,Cr47W31YZr47,126,4,"Cr,W,Y,Zr",47,0.373015873016,31,0.246031746032,1,0.007936507937,47,0.373015873016
2096,Cr27W32Zr28,87,3,"Cr,W,Zr",27,0.310344827586,32,0.367816091954,0,0.000000000000,28,0.321839080460
2097,Cr32W35Zr33,100,3,"Cr,W,Zr",32,0.320000000000,35,0.350000000000,0,0.000000000000,33,0.330000000000
2098,Cr47W31Zr47,125,3,"Cr,W,Zr",47,0.376000000000,31,0.248000000000,0,0.000000000000,47,0.376000000000
2099,Cr47W31Zr47,125,3,"Cr,W,Zr",47,0.376000000000,31,0.248000000000,0,0.000000000000,47,0.376000000000
2100,Cr31W31YZr63,126,4,"Cr,W,Y,Zr",31,0.246031746032,31,0.246031746032,1,0.007936507937,63,0.500000000000
2101,Cr31W31Zr63,125,3,"Cr,W,Zr",31,0.248000000000,31,0.248000000000,0,0.000000000000,63,0.504000000000
2102,Cr31W31Zr63,125,3,"Cr,W,Zr",31,0.248000000000,31,0.248000000000,0,0.000000000000,63,0.504000000000
2103,Cr32W31Zr63,126,3,"Cr,W,Zr",32,0.253968253968,31,0.246031746032,0,0.000000000000,63,0.500000000000
2104,Cr31W31Zr63,125,3,"Cr,W,Zr",31,0.248000000000,31,0.248000000000,0,0.000000000000,63,0.504000000000
2105,Cr27W30Zr57,114,3,"Cr,W,Zr",27,0.236842105263,30,0.263157894737,0,0.000000000000,57,0.500000000000
2106,Cr31W31Zr64,126,3,"Cr,W,Zr",31,0.246031746032,31,0.246031746032,0,0.000000000000,64,0.507936507937
2107,Cr31W31Zr63,125,3,"Cr,W,Zr",31,0.248000000000,31,0.248000000000,0,0.000000000000,63,0.504000000000
2108,Cr16W31Zr78,125,3,"Cr,W,Zr",16,0.128000000000,31,0.248000000000,0,0.000000000000,78,0.624000000000
2109,Cr34W35Zr35,104,3,"Cr,W,Zr",34,0.326923076923,35,0.336538461538,0,0.000000000000,35,0.336538461538
2110,Cr31W31Zr63,125,3,"Cr,W,Zr",31,0.248000000000,31,0.248000000000,0,0.000000000000,63,0.504000000000
2111,Cr31W31Zr63,125,3,"Cr,W,Zr",31,0.248000000000,31,0.248000000000,0,0.000000000000,63,0.504000000000
2112,Cr31W31Zr63,125,3,"Cr,W,Zr",31,0.248000000000,31,0.248000000000,0,0.000000000000,63,0.504000000000
2113,Cr31W31Zr63,125,3,"Cr,W,Zr",31,0.248000000000,31,0.248000000000,0,0.000000000000,63,0.504000000000
2114,Cr31W32Zr63,126,3,"Cr,W,Zr",31,0.246031746032,32,0.253968253968,0,0.000000000000,63,0.500000000000
2115,Cr34W33Zr35,102,3,"Cr,W,Zr",34,0.333333333333,33,0.323529411765,0,0.000000000000,35,0.343137254902
2116,Cr16W31Zr78,125,3,"Cr,W,Zr",16,0.128000000000,31,0.248000000000,0,0.000000000000,78,0.624000000000
2117,Cr15W30Zr68,113,3,"Cr,W,Zr",15,0.132743362832,30,0.265486725664,0,0.000000000000,68,0.601769911504
2118,Cr16W31Zr79,126,3,"Cr,W,Zr",16,0.126984126984,31,0.246031746032,0,0.000000000000,79,0.626984126984
2119,Cr16W31YZr78,126,4,"Cr,W,Y,Zr",16,0.126984126984,31,0.246031746032,1,0.007936507937,78,0.619047619048
2120,Cr16W31Zr78,125,3,"Cr,W,Zr",16,0.128000000000,31,0.248000000000,0,0.000000000000,78,0.624000000000
2121,Cr12W28Zr75,115,3,"Cr,W,Zr",12,0.104347826087,28,0.243478260870,0,0.000000000000,75,0.652173913043
2122,Cr16W31Zr78,125,3,"Cr,W,Zr",16,0.128000000000,31,0.248000000000,0,0.000000000000,78,0.624000000000
2123,Cr16W32Zr79,127,3,"Cr,W,Zr",16,0.125984251969,32,0.251968503937,0,0.000000000000,79,0.622047244094
2124,Cr16W31Zr78,125,3,"Cr,W,Zr",16,0.128000000000,31,0.248000000000,0,0.000000000000,78,0.624000000000
2125,Cr33W32Zr35,100,3,"Cr,W,Zr",33,0.330000000000,32,0.320000000000,0,0.000000000000,35,0.350000000000
2126,Cr33W35Zr34,102,3,"Cr,W,Zr",33,0.323529411765,35,0.343137254902,0,0.000000000000,34,0.333333333333
2127,Cr16W31Zr78,125,3,"Cr,W,Zr",16,0.128000000000,31,0.248000000000,0,0.000000000000,78,0.624000000000
2128,Cr16W31Zr78,125,3,"Cr,W,Zr",16,0.128000000000,31,0.248000000000,0,0.000000000000,78,0.624000000000
2129,Cr62W47Zr16,125,3,"Cr,W,Zr",62,0.496000000000,47,0.376000000000,0,0.000000000000,16,0.128000000000
2130,Cr62W47Zr16,125,3,"Cr,W,Zr",62,0.496000000000,47,0.376000000000,0,0.000000000000,16,0.128000000000
2131,Cr16W31Zr78,125,3,"Cr,W,Zr",16,0.128000000000,31,0.248000000000,0,0.000000000000,78,0.624000000000
2132,Cr16W31Zr78,125,3,"Cr,W,Zr",16,0.128000000000,31,0.248000000000,0,0.000000000000,78,0.624000000000
2133,Cr62W47Zr16,125,3,"Cr,W,Zr",62,0.496000000000,47,0.376000000000,0,0.000000000000,16,0.128000000000
2134,Cr63W47Zr16,126,3,"Cr,W,Zr",63,0.500000000000,47,0.373015873016,0,0.000000000000,16,0.126984126984
2135,Cr62W47Zr16,125,3,"Cr,W,Zr",62,0.496000000000,47,0.376000000000,0,0.000000000000,16,0.128000000000
2136,Cr62W48Zr16,126,3,"Cr,W,Zr",62,0.492063492063,48,0.380952380952,0,0.000000000000,16,0.126984126984
2137,Cr35W32Zr34,101,3,"Cr,W,Zr",35,0.346534653465,32,0.316831683168,0,0.000000000000,34,0.336633663366
2138,Cr62W47Zr16,125,3,"Cr,W,Zr",62,0.496000000000,47,0.376000000000,0,0.000000000000,16,0.128000000000
2139,Cr62W47Zr16,125,3,"Cr,W,Zr",62,0.496000000000,47,0.376000000000,0,0.000000000000,16,0.128000000000
2140,Cr54W44Zr15,113,3,"Cr,W,Zr",54,0.477876106195,44,0.389380530973,0,0.000000000000,15,0.132743362832
2141,Cr62W47Zr16,125,3,"Cr,W,Zr",62,0.496000000000,47,0.376000000000,0,0.000000000000,16,0.128000000000
2142,Cr62W47Zr16,125,3,"Cr,W,Zr",62,0.496000000000,47,0.376000000000,0,0.000000000000,16,0.128000000000
2143,Cr62W47Zr16,125,3,"Cr,W,Zr",62,0.496000000000,47,0.376000000000,0,0.000000000000,16,0.128000000000
2144,Cr62W47Zr16,125,3,"Cr,W,Zr",62,0.496000000000,47,0.376000000000,0,0.000000000000,16,0.128000000000
2145,Cr47W47Zr31,125,3,"Cr,W,Zr",47,0.376000000000,47,0.376000000000,0,0.000000000000,31,0.248000000000
2146,Cr47W47Zr32,126,3,"Cr,W,Zr",47,0.373015873016,47,0.373015873016,0,0.000000000000,32,0.253968253968
2147,Cr34W33Zr33,100,3,"Cr,W,Zr",34,0.340000000000,33,0.330000000000,0,0.000000000000,33,0.330000000000
2148,Cr43W40Zr30,113,3,"Cr,W,Zr",43,0.380530973451,40,0.353982300885,0,0.000000000000,30,0.265486725664
2149,Cr47W47Zr31,125,3,"Cr,W,Zr",47,0.376000000000,47,0.376000000000,0,0.000000000000,31,0.248000000000
2150,Cr47W47Zr31,125,3,"Cr,W,Zr",47,0.376000000000,47,0.376000000000,0,0.000000000000,31,0.248000000000
2151,Cr48W47Zr31,126,3,"Cr,W,Zr",48,0.380952380952,47,0.373015873016,0,0.000000000000,31,0.246031746032
2152,Cr48W47Zr31,126,3,"Cr,W,Zr",48,0.380952380952,47,0.373015873016,0,0.000000000000,31,0.246031746032
2153,Cr48W47Zr31,126,3,"Cr,W,Zr",48,0.380952380952,47,0.373015873016,0,0.000000000000,31,0.246031746032
2154,Cr34W34Zr34,102,3,"Cr,W,Zr",34,0.333333333333,34,0.333333333333,0,0.000000000000,34,0.333333333333
2155,Cr32W49Zr47,128,3,"Cr,W,Zr",32,0.250000000000,49,0.382812500000,0,0.000000000000,47,0.367187500000
2156,Cr31W47Zr47,125,3,"Cr,W,Zr",31,0.248000000000,47,0.376000000000,0,0.000000000000,47,0.376000000000
2157,Cr47W47Zr31,125,3,"Cr,W,Zr",47,0.376000000000,47,0.376000000000,0,0.000000000000,31,0.248000000000
2158,Cr47W47Zr31,125,3,"Cr,W,Zr",47,0.376000000000,47,0.376000000000,0,0.000000000000,31,0.248000000000
2159,Cr47W47Zr31,125,3,"Cr,W,Zr",47,0.376000000000,47,0.376000000000,0,0.000000000000,31,0.248000000000
2160,Cr41W47Zr28,116,3,"Cr,W,Zr",41,0.353448275862,47,0.405172413793,0,0.000000000000,28,0.241379310345
2161,Cr47W47Zr31,125,3,"Cr,W,Zr",47,0.376000000000,47,0.376000000000,0,0.000000000000,31,0.248000000000
2162,Cr31W47Zr47,125,3,"Cr,W,Zr",31,0.248000000000,47,0.376000000000,0,0.000000000000,47,0.376000000000
2163,Cr31W47Zr47,125,3,"Cr,W,Zr",31,0.248000000000,47,0.376000000000,0,0.000000000000,47,0.376000000000
2164,Cr31W47Zr47,125,3,"Cr,W,Zr",31,0.248000000000,47,0.376000000000,0,0.000000000000,47,0.376000000000
2165,Cr31W47Zr47,125,3,"Cr,W,Zr",31,0.248000000000,47,0.376000000000,0,0.000000000000,47,0.376000000000
2166,Cr23W44Zr46,113,3,"Cr,W,Zr",23,0.203539823009,44,0.389380530973,0,0.000000000000,46,0.407079646018
2167,Cr31W47Zr47,125,3,"Cr,W,Zr",31,0.248000000000,47,0.376000000000,0,0.000000000000,47,0.376000000000
2168,Cr29W45Zr40,114,3,"Cr,W,Zr",29,0.254385964912,45,0.394736842105,0,0.000000000000,40,0.350877192982
2169,Cr31W47YZr47,126,4,"Cr,W,Y,Zr",31,0.246031746032,47,0.373015873016,1,0.007936507937,47,0.373015873016
2170,Cr31W47Zr49,127,3,"Cr,W,Zr",31,0.244094488189,47,0.370078740157,0,0.000000000000,49,0.385826771654
2171,Cr31W48Zr47,126,3,"Cr,W,Zr",31,0.246031746032,48,0.380952380952,0,0.000000000000,47,0.373015873016
2172,Cr16W47YZr62,126,4,"Cr,W,Y,Zr",16,0.126984126984,47,0.373015873016,1,0.007936507937,62,0.492063492063
2173,Cr31W47Zr47,125,3,"Cr,W,Zr",31,0.248000000000,47,0.376000000000,0,0.000000000000,47,0.376000000000
2174,Cr31W48Zr47,126,3,"Cr,W,Zr",31,0.246031746032,48,0.380952380952,0,0.000000000000,47,0.373015873016
2175,Cr16W47Zr62,125,3,"Cr,W,Zr",16,0.128000000000,47,0.376000000000,0,0.000000000000,62,0.496000000000
2176,Cr16W47Zr62,125,3,"Cr,W,Zr",16,0.128000000000,47,0.376000000000,0,0.000000000000,62,0.496000000000
2177,Cr16W47Zr62,125,3,"Cr,W,Zr",16,0.128000000000,47,0.376000000000,0,0.000000000000,62,0.496000000000
2178,Cr16W47Zr62,125,3,"Cr,W,Zr",16,0.128000000000,47,0.376000000000,0,0.000000000000,62,0.496000000000
2179,Cr13W45Zr60,118,3,"Cr,W,Zr",13,0.110169491525,45,0.381355932203,0,0.000000000000,60,0.508474576271
2180,Cr16W47Zr62,125,3,"Cr,W,Zr",16,0.128000000000,47,0.376000000000,0,0.000000000000,62,0.496000000000
2181,Cr48W62YZr18,129,4,"Cr,W,Y,Zr",48,0.372093023256,62,0.480620155039,1,0.007751937984,18,0.139534883721
2182,Cr47W62Zr16,125,3,"Cr,W,Zr",47,0.376000000000,62,0.496000000000,0,0.000000000000,16,0.128000000000
2183,Cr47W62Zr16,125,3,"Cr,W,Zr",47,0.376000000000,62,0.496000000000,0,0.000000000000,16,0.128000000000
2184,Cr16W47Zr62,125,3,"Cr,W,Zr",16,0.128000000000,47,0.376000000000,0,0.000000000000,62,0.496000000000
2185,Cr16W46Zr62,124,3,"Cr,W,Zr",16,0.129032258065,46,0.370967741935,0,0.000000000000,62,0.500000000000
2186,Cr15W44Zr55,114,3,"Cr,W,Zr",15,0.131578947368,44,0.385964912281,0,0.000000000000,55,0.482456140351
2187,Cr16W48Zr62,126,3,"Cr,W,Zr",16,0.126984126984,48,0.380952380952,0,0.000000000000,62,0.492063492063
2188,Cr16W47Zr62,125,3,"Cr,W,Zr",16,0.128000000000,47,0.376000000000,0,0.000000000000,62,0.496000000000
2189,Cr16W47Zr62,125,3,"Cr,W,Zr",16,0.128000000000,47,0.376000000000,0,0.000000000000,62,0.496000000000
2190,Cr16W47Zr62,125,3,"Cr,W,Zr",16,0.128000000000,47,0.376000000000,0,0.000000000000,62,0.496000000000
2191,Cr35W34Zr36,105,3,"Cr,W,Zr",35,0.333333333333,34,0.323809523810,0,0.000000000000,36,0.342857142857
2192,Cr49W62Zr16,127,3,"Cr,W,Zr",49,0.385826771654,62,0.488188976378,0,0.000000000000,16,0.125984251969
2193,Cr47W62Zr16,125,3,"Cr,W,Zr",47,0.376000000000,62,0.496000000000,0,0.000000000000,16,0.128000000000
2194,Cr47W62Zr16,125,3,"Cr,W,Zr",47,0.376000000000,62,0.496000000000,0,0.000000000000,16,0.128000000000
2195,Cr47W62Zr16,125,3,"Cr,W,Zr",47,0.376000000000,62,0.496000000000,0,0.000000000000,16,0.128000000000
2196,Cr18W47Zr62,127,3,"Cr,W,Zr",18,0.141732283465,47,0.370078740157,0,0.000000000000,62,0.488188976378
2197,Cr47W62Zr16,125,3,"Cr,W,Zr",47,0.376000000000,62,0.496000000000,0,0.000000000000,16,0.128000000000
2198,Cr47W62Zr16,125,3,"Cr,W,Zr",47,0.376000000000,62,0.496000000000,0,0.000000000000,16,0.128000000000
2199,Cr47W62Zr16,125,3,"Cr,W,Zr",47,0.376000000000,62,0.496000000000,0,0.000000000000,16,0.128000000000
2200,Cr47W62Zr16,125,3,"Cr,W,Zr",47,0.376000000000,62,0.496000000000,0,0.000000000000,16,0.128000000000
2201,Cr42W61Zr16,119,3,"Cr,W,Zr",42,0.352941176471,61,0.512605042017,0,0.000000000000,16,0.134453781513
2202,Cr47W62Zr16,125,3,"Cr,W,Zr",47,0.376000000000,62,0.496000000000,0,0.000000000000,16,0.128000000000
2203,Cr32W63Zr31,126,3,"Cr,W,Zr",32,0.253968253968,63,0.500000000000,0,0.000000000000,31,0.246031746032
2204,Cr32W63Zr31,126,3,"Cr,W,Zr",32,0.253968253968,63,0.500000000000,0,0.000000000000,31,0.246031746032
2205,Cr31W63Zr32,126,3,"Cr,W,Zr",31,0.246031746032,63,0.500000000000,0,0.000000000000,32,0.253968253968
2206,Cr31W63Zr32,126,3,"Cr,W,Zr",31,0.246031746032,63,0.500000000000,0,0.000000000000,32,0.253968253968
2207,Cr31W62Zr32,125,3,"Cr,W,Zr",31,0.248000000000,62,0.496000000000,0,0.000000000000,32,0.256000000000
2208,Cr26W58Zr31,115,3,"Cr,W,Zr",26,0.226086956522,58,0.504347826087,0,0.000000000000,31,0.269565217391
2209,Cr30W53Zr30,113,3,"Cr,W,Zr",30,0.265486725664,53,0.469026548673,0,0.000000000000,30,0.265486725664
2210,Cr31W58Zr24,113,3,"Cr,W,Zr",31,0.274336283186,58,0.513274336283,0,0.000000000000,24,0.212389380531
2211,Cr32W63Zr32,127,3,"Cr,W,Zr",32,0.251968503937,63,0.496062992126,0,0.000000000000,32,0.251968503937
2212,Cr31W63Zr31,125,3,"Cr,W,Zr",31,0.248000000000,63,0.504000000000,0,0.000000000000,31,0.248000000000
2213,Cr31W63Zr31,125,3,"Cr,W,Zr",31,0.248000000000,63,0.504000000000,0,0.000000000000,31,0.248000000000
2214,Cr32W64Zr31,127,3,"Cr,W,Zr",32,0.251968503937,64,0.503937007874,0,0.000000000000,31,0.244094488189
2215,Cr31W62Zr32,125,3,"Cr,W,Zr",31,0.248000000000,62,0.496000000000,0,0.000000000000,32,0.256000000000
2216,Cr31W62Zr32,125,3,"Cr,W,Zr",31,0.248000000000,62,0.496000000000,0,0.000000000000,32,0.256000000000
2217,Cr13W58Zr42,113,3,"Cr,W,Zr",13,0.115044247788,58,0.513274336283,0,0.000000000000,42,0.371681415929
2218,Cr16W62Zr47,125,3,"Cr,W,Zr",16,0.128000000000,62,0.496000000000,0,0.000000000000,47,0.376000000000
2219,Cr16W62Zr47,125,3,"Cr,W,Zr",16,0.128000000000,62,0.496000000000,0,0.000000000000,47,0.376000000000
2220,Cr17W62Zr48,127,3,"Cr,W,Zr",17,0.133858267717,62,0.488188976378,0,0.000000000000,48,0.377952755906
2221,Cr16W62Zr47,125,3,"Cr,W,Zr",16,0.128000000000,62,0.496000000000,0,0.000000000000,47,0.376000000000
2222,Cr16W62Zr47,125,3,"Cr,W,Zr",16,0.128000000000,62,0.496000000000,0,0.000000000000,47,0.376000000000
2223,Cr16W62Zr48,126,3,"Cr,W,Zr",16,0.126984126984,62,0.492063492063,0,0.000000000000,48,0.380952380952
2224,Cr15W61Zr39,115,3,"Cr,W,Zr",15,0.130434782609,61,0.530434782609,0,0.000000000000,39,0.339130434783
2225,Cr16W62Zr48,126,3,"Cr,W,Zr",16,0.126984126984,62,0.492063492063,0,0.000000000000,48,0.380952380952
2226,Cr16W58Zr45,119,3,"Cr,W,Zr",16,0.134453781513,58,0.487394957983,0,0.000000000000,45,0.378151260504
2227,Cr16W62Zr48,126,3,"Cr,W,Zr",16,0.126984126984,62,0.492063492063,0,0.000000000000,48,0.380952380952
2228,Cr16W62Zr47,125,3,"Cr,W,Zr",16,0.128000000000,62,0.496000000000,0,0.000000000000,47,0.376000000000
2229,Cr16W62Zr47,125,3,"Cr,W,Zr",16,0.128000000000,62,0.496000000000,0,0.000000000000,47,0.376000000000
2230,Cr16W64Zr47,127,3,"Cr,W,Zr",16,0.125984251969,64,0.503937007874,0,0.000000000000,47,0.370078740157
2231,Cr31W78Zr16,125,3,"Cr,W,Zr",31,0.248000000000,78,0.624000000000,0,0.000000000000,16,0.128000000000
2232,Cr31W78Zr16,125,3,"Cr,W,Zr",31,0.248000000000,78,0.624000000000,0,0.000000000000,16,0.128000000000
2233,Cr31W78YZr16,126,4,"Cr,W,Y,Zr",31,0.246031746032,78,0.619047619048,1,0.007936507937,16,0.126984126984
2234,Cr31W79Zr16,126,3,"Cr,W,Zr",31,0.246031746032,79,0.626984126984,0,0.000000000000,16,0.126984126984
2235,Cr31W78Zr16,125,3,"Cr,W,Zr",31,0.248000000000,78,0.624000000000,0,0.000000000000,16,0.128000000000
2236,Cr31W78Zr16,125,3,"Cr,W,Zr",31,0.248000000000,78,0.624000000000,0,0.000000000000,16,0.128000000000
2237,Cr29W73Zr16,118,3,"Cr,W,Zr",29,0.245762711864,73,0.618644067797,0,0.000000000000,16,0.135593220339
2238,Cr31W78Zr16,125,3,"Cr,W,Zr",31,0.248000000000,78,0.624000000000,0,0.000000000000,16,0.128000000000
2239,Cr31W79Zr17,127,3,"Cr,W,Zr",31,0.244094488189,79,0.622047244094,0,0.000000000000,17,0.133858267717
2240,Cr31W78Zr16,125,3,"Cr,W,Zr",31,0.248000000000,78,0.624000000000,0,0.000000000000,16,0.128000000000
2241,Cr16W78Zr31,125,3,"Cr,W,Zr",16,0.128000000000,78,0.624000000000,0,0.000000000000,31,0.248000000000
2242,Cr31W78Zr16,125,3,"Cr,W,Zr",31,0.248000000000,78,0.624000000000,0,0.000000000000,16,0.128000000000
2243,Cr31W78Zr16,125,3,"Cr,W,Zr",31,0.248000000000,78,0.624000000000,0,0.000000000000,16,0.128000000000
2244,Cr16W78Zr31,125,3,"Cr,W,Zr",16,0.128000000000,78,0.624000000000,0,0.000000000000,31,0.248000000000
2245,Cr16W78Zr31,125,3,"Cr,W,Zr",16,0.128000000000,78,0.624000000000,0,0.000000000000,31,0.248000000000
2246,Cr16W78Zr31,125,3,"Cr,W,Zr",16,0.128000000000,78,0.624000000000,0,0.000000000000,31,0.248000000000
2247,Cr16W78Zr31,125,3,"Cr,W,Zr",16,0.128000000000,78,0.624000000000,0,0.000000000000,31,0.248000000000
2248,Cr15W71Zr27,113,3,"Cr,W,Zr",15,0.132743362832,71,0.628318584071,0,0.000000000000,27,0.238938053097
2249,Cr17W79Zr31,127,3,"Cr,W,Zr",17,0.133858267717,79,0.622047244094,0,0.000000000000,31,0.244094488189
2250,Cr16W78Zr31,125,3,"Cr,W,Zr",16,0.128000000000,78,0.624000000000,0,0.000000000000,31,0.248000000000
2251,Cr14W68Zr31,113,3,"Cr,W,Zr",14,0.123893805310,68,0.601769911504,0,0.000000000000,31,0.274336283186
2252,Cr16W78YZr32,127,4,"Cr,W,Y,Zr",16,0.125984251969,78,0.614173228346,1,0.007874015748,32,0.251968503937
2253,Cr12W73Zr29,114,3,"Cr,W,Zr",12,0.105263157895,73,0.640350877193,0,0.000000000000,29,0.254385964912
2254,Cr16W78Zr31,125,3,"Cr,W,Zr",16,0.128000000000,78,0.624000000000,0,0.000000000000,31,0.248000000000
2255,Cr16W78Zr31,125,3,"Cr,W,Zr",16,0.128000000000,78,0.624000000000,0,0.000000000000,31,0.248000000000
2256,Cr16W78Zr32,126,3,"Cr,W,Zr",16,0.126984126984,78,0.619047619048,0,0.000000000000,32,0.253968253968
2257,Cr16W78Zr31,125,3,"Cr,W,Zr",16,0.128000000000,78,0.624000000000,0,0.000000000000,31,0.248000000000
2258,Cr16W94Zr15,125,3,"Cr,W,Zr",16,0.128000000000,94,0.752000000000,0,0.000000000000,15,0.120000000000
2259,Cr16W94Zr15,125,3,"Cr,W,Zr",16,0.128000000000,94,0.752000000000,0,0.000000000000,15,0.120000000000
2260,Cr16W94Zr15,125,3,"Cr,W,Zr",16,0.128000000000,94,0.752000000000,0,0.000000000000,15,0.120000000000
2261,Cr16W94Zr15,125,3,"Cr,W,Zr",16,0.128000000000,94,0.752000000000,0,0.000000000000,15,0.120000000000
2262,Cr16W94Zr15,125,3,"Cr,W,Zr",16,0.128000000000,94,0.752000000000,0,0.000000000000,15,0.120000000000
2263,Cr16W94Zr16,126,3,"Cr,W,Zr",16,0.126984126984,94,0.746031746032,0,0.000000000000,16,0.126984126984
2264,Cr13W88Zr15,116,3,"Cr,W,Zr",13,0.112068965517,88,0.758620689655,0,0.000000000000,15,0.129310344828
2265,Cr17W94Zr15,126,3,"Cr,W,Zr",17,0.134920634921,94,0.746031746032,0,0.000000000000,15,0.119047619048
2266,Cr16W94Zr15,125,3,"Cr,W,Zr",16,0.128000000000,94,0.752000000000,0,0.000000000000,15,0.120000000000
2267,Cr16W94Zr15,125,3,"Cr,W,Zr",16,0.128000000000,94,0.752000000000,0,0.000000000000,15,0.120000000000
2268,Cr16W84Zr15,115,3,"Cr,W,Zr",16,0.139130434783,84,0.730434782609,0,0.000000000000,15,0.130434782609
2269,Cr16W95YZr15,127,4,"Cr,W,Y,Zr",16,0.125984251969,95,0.748031496063,1,0.007874015748,15,0.118110236220
2270,Cr16W94Zr15,125,3,"Cr,W,Zr",16,0.128000000000,94,0.752000000000,0,0.000000000000,15,0.120000000000
2271,Cr88Y16Zr15,119,3,"Cr,Y,Zr",88,0.739495798319,0,0.000000000000,16,0.134453781513,15,0.126050420168
2272,Cr94Y16Zr15,125,3,"Cr,Y,Zr",94,0.752000000000,0,0.000000000000,16,0.128000000000,15,0.120000000000
2273,Cr94Y16Zr15,125,3,"Cr,Y,Zr",94,0.752000000000,0,0.000000000000,16,0.128000000000,15,0.120000000000
2274,Cr94Y16Zr15,125,3,"Cr,Y,Zr",94,0.752000000000,0,0.000000000000,16,0.128000000000,15,0.120000000000
2275,Cr94Y16Zr15,125,3,"Cr,Y,Zr",94,0.752000000000,0,0.000000000000,16,0.128000000000,15,0.120000000000
2276,Cr95Y16Zr15,126,3,"Cr,Y,Zr",95,0.753968253968,0,0.000000000000,16,0.126984126984,15,0.119047619048
2277,Cr16W94YZr15,126,4,"Cr,W,Y,Zr",16,0.126984126984,94,0.746031746032,1,0.007936507937,15,0.119047619048
2278,Cr94Y16Zr15,125,3,"Cr,Y,Zr",94,0.752000000000,0,0.000000000000,16,0.128000000000,15,0.120000000000
2279,Cr94Y16Zr15,125,3,"Cr,Y,Zr",94,0.752000000000,0,0.000000000000,16,0.128000000000,15,0.120000000000
2280,Cr94WY17Zr15,127,4,"Cr,W,Y,Zr",94,0.740157480315,1,0.007874015748,17,0.133858267717,15,0.118110236220
2281,Cr94Y16Zr15,125,3,"Cr,Y,Zr",94,0.752000000000,0,0.000000000000,16,0.128000000000,15,0.120000000000
2282,Cr94Y16Zr15,125,3,"Cr,Y,Zr",94,0.752000000000,0,0.000000000000,16,0.128000000000,15,0.120000000000
2283,Cr94Y16Zr15,125,3,"Cr,Y,Zr",94,0.752000000000,0,0.000000000000,16,0.128000000000,15,0.120000000000
2284,Cr94Y17Zr16,127,3,"Cr,Y,Zr",94,0.740157480315,0,0.000000000000,17,0.133858267717,16,0.125984251969
2285,Cr94Y16Zr15,125,3,"Cr,Y,Zr",94,0.752000000000,0,0.000000000000,16,0.128000000000,15,0.120000000000
2286,Cr95WY16Zr15,127,4,"Cr,W,Y,Zr",95,0.748031496063,1,0.007874015748,16,0.125984251969,15,0.118110236220
2287,Cr78Y16Zr31,125,3,"Cr,Y,Zr",78,0.624000000000,0,0.000000000000,16,0.128000000000,31,0.248000000000
2288,Cr78Y17Zr31,126,3,"Cr,Y,Zr",78,0.619047619048,0,0.000000000000,17,0.134920634921,31,0.246031746032
2289,Cr78Y16Zr32,126,3,"Cr,Y,Zr",78,0.619047619048,0,0.000000000000,16,0.126984126984,32,0.253968253968
2290,Cr78Y16Zr31,125,3,"Cr,Y,Zr",78,0.624000000000,0,0.000000000000,16,0.128000000000,31,0.248000000000
2291,Cr71Y15Zr30,116,3,"Cr,Y,Zr",71,0.612068965517,0,0.000000000000,15,0.129310344828,30,0.258620689655
2292,Cr78Y16Zr31,125,3,"Cr,Y,Zr",78,0.624000000000,0,0.000000000000,16,0.128000000000,31,0.248000000000
2293,Cr94W2Y16Zr16,128,4,"Cr,W,Y,Zr",94,0.734375000000,2,0.015625000000,16,0.125000000000,16,0.125000000000
2294,Cr94Y16Zr15,125,3,"Cr,Y,Zr",94,0.752000000000,0,0.000000000000,16,0.128000000000,15,0.120000000000
2295,Cr78Y16Zr31,125,3,"Cr,Y,Zr",78,0.624000000000,0,0.000000000000,16,0.128000000000,31,0.248000000000
2296,Cr78Y16Zr31,125,3,"Cr,Y,Zr",78,0.624000000000,0,0.000000000000,16,0.128000000000,31,0.248000000000
2297,Cr78Y16Zr31,125,3,"Cr,Y,Zr",78,0.624000000000,0,0.000000000000,16,0.128000000000,31,0.248000000000
2298,Cr78Y16Zr31,125,3,"Cr,Y,Zr",78,0.624000000000,0,0.000000000000,16,0.128000000000,31,0.248000000000
2299,Cr78WY16Zr32,127,4,"Cr,W,Y,Zr",78,0.614173228346,1,0.007874015748,16,0.125984251969,32,0.251968503937
2300,Cr62Y16Zr47,125,3,"Cr,Y,Zr",62,0.496000000000,0,0.000000000000,16,0.128000000000,47,0.376000000000
2301,Cr56Y16Zr42,114,3,"Cr,Y,Zr",56,0.491228070175,0,0.000000000000,16,0.140350877193,42,0.368421052632
2302,Cr62W2Y18Zr47,129,4,"Cr,W,Y,Zr",62,0.480620155039,2,0.015503875969,18,0.139534883721,47,0.364341085271
2303,Cr62Y17Zr47,126,3,"Cr,Y,Zr",62,0.492063492063,0,0.000000000000,17,0.134920634921,47,0.373015873016
2304,Cr78Y17Zr32,127,3,"Cr,Y,Zr",78,0.614173228346,0,0.000000000000,17,0.133858267717,32,0.251968503937
2305,Cr78Y16Zr31,125,3,"Cr,Y,Zr",78,0.624000000000,0,0.000000000000,16,0.128000000000,31,0.248000000000
2306,Cr62Y16Zr47,125,3,"Cr,Y,Zr",62,0.496000000000,0,0.000000000000,16,0.128000000000,47,0.376000000000
2307,Cr78Y16Zr31,125,3,"Cr,Y,Zr",78,0.624000000000,0,0.000000000000,16,0.128000000000,31,0.248000000000
2308,Cr78Y16Zr31,125,3,"Cr,Y,Zr",78,0.624000000000,0,0.000000000000,16,0.128000000000,31,0.248000000000
2309,Cr78Y16Zr31,125,3,"Cr,Y,Zr",78,0.624000000000,0,0.000000000000,16,0.128000000000,31,0.248000000000
2310,Cr79Y17Zr31,127,3,"Cr,Y,Zr",79,0.622047244094,0,0.000000000000,17,0.133858267717,31,0.244094488189
2311,Cr62Y16Zr47,125,3,"Cr,Y,Zr",62,0.496000000000,0,0.000000000000,16,0.128000000000,47,0.376000000000
2312,Cr62Y16Zr47,125,3,"Cr,Y,Zr",62,0.496000000000,0,0.000000000000,16,0.128000000000,47,0.376000000000
2313,Cr62Y16Zr47,125,3,"Cr,Y,Zr",62,0.496000000000,0,0.000000000000,16,0.128000000000,47,0.376000000000
2314,Cr47Y16Zr62,125,3,"Cr,Y,Zr",47,0.376000000000,0,0.000000000000,16,0.128000000000,62,0.496000000000
2315,Cr47Y16Zr62,125,3,"Cr,Y,Zr",47,0.376000000000,0,0.000000000000,16,0.128000000000,62,0.496000000000
2316,Cr47Y16Zr62,125,3,"Cr,Y,Zr",47,0.376000000000,0,0.000000000000,16,0.128000000000,62,0.496000000000
2317,Cr62Y16Zr47,125,3,"Cr,Y,Zr",62,0.496000000000,0,0.000000000000,16,0.128000000000,47,0.376000000000
2318,Cr62Y16Zr47,125,3,"Cr,Y,Zr",62,0.496000000000,0,0.000000000000,16,0.128000000000,47,0.376000000000
2319,Cr62Y16Zr47,125,3,"Cr,Y,Zr",62,0.496000000000,0,0.000000000000,16,0.128000000000,47,0.376000000000
2320,Cr62Y16Zr47,125,3,"Cr,Y,Zr",62,0.496000000000,0,0.000000000000,16,0.128000000000,47,0.376000000000
2321,Cr47Y16Zr62,125,3,"Cr,Y,Zr",47,0.376000000000,0,0.000000000000,16,0.128000000000,62,0.496000000000
2322,Cr47Y16Zr62,125,3,"Cr,Y,Zr",47,0.376000000000,0,0.000000000000,16,0.128000000000,62,0.496000000000
2323,Cr47Y16Zr62,125,3,"Cr,Y,Zr",47,0.376000000000,0,0.000000000000,16,0.128000000000,62,0.496000000000
2324,Cr47Y16Zr63,126,3,"Cr,Y,Zr",47,0.373015873016,0,0.000000000000,16,0.126984126984,63,0.500000000000
2325,Cr47Y16Zr62,125,3,"Cr,Y,Zr",47,0.376000000000,0,0.000000000000,16,0.128000000000,62,0.496000000000
2326,Cr46Y14Zr55,115,3,"Cr,Y,Zr",46,0.400000000000,0,0.000000000000,14,0.121739130435,55,0.478260869565
2327,Cr47WY16Zr62,126,4,"Cr,W,Y,Zr",47,0.373015873016,1,0.007936507937,16,0.126984126984,62,0.492063492063
2328,Cr62Y16Zr47,125,3,"Cr,Y,Zr",62,0.496000000000,0,0.000000000000,16,0.128000000000,47,0.376000000000
2329,Cr62Y16Zr47,125,3,"Cr,Y,Zr",62,0.496000000000,0,0.000000000000,16,0.128000000000,47,0.376000000000
2330,Cr62Y16Zr47,125,3,"Cr,Y,Zr",62,0.496000000000,0,0.000000000000,16,0.128000000000,47,0.376000000000
2331,Cr62Y16Zr47,125,3,"Cr,Y,Zr",62,0.496000000000,0,0.000000000000,16,0.128000000000,47,0.376000000000
2332,Cr62Y16Zr47,125,3,"Cr,Y,Zr",62,0.496000000000,0,0.000000000000,16,0.128000000000,47,0.376000000000
2333,Cr47Y16Zr62,125,3,"Cr,Y,Zr",47,0.376000000000,0,0.000000000000,16,0.128000000000,62,0.496000000000
2334,Cr31Y16Zr78,125,3,"Cr,Y,Zr",31,0.248000000000,0,0.000000000000,16,0.128000000000,78,0.624000000000
2335,Cr32Y16Zr79,127,3,"Cr,Y,Zr",32,0.251968503937,0,0.000000000000,16,0.125984251969,79,0.622047244094
2336,Cr31Y18Zr78,127,3,"Cr,Y,Zr",31,0.244094488189,0,0.000000000000,18,0.141732283465,78,0.614173228346
2337,Cr47Y16Zr62,125,3,"Cr,Y,Zr",47,0.376000000000,0,0.000000000000,16,0.128000000000,62,0.496000000000
2338,Cr47Y16Zr62,125,3,"Cr,Y,Zr",47,0.376000000000,0,0.000000000000,16,0.128000000000,62,0.496000000000
2339,Cr47Y16Zr62,125,3,"Cr,Y,Zr",47,0.376000000000,0,0.000000000000,16,0.128000000000,62,0.496000000000
2340,Cr40Y16Zr58,114,3,"Cr,Y,Zr",40,0.350877192982,0,0.000000000000,16,0.140350877193,58,0.508771929825
2341,Cr47Y16Zr62,125,3,"Cr,Y,Zr",47,0.376000000000,0,0.000000000000,16,0.128000000000,62,0.496000000000
2342,Cr31Y16Zr78,125,3,"Cr,Y,Zr",31,0.248000000000,0,0.000000000000,16,0.128000000000,78,0.624000000000
2343,Cr31Y16Zr78,125,3,"Cr,Y,Zr",31,0.248000000000,0,0.000000000000,16,0.128000000000,78,0.624000000000
2344,Cr31Y16Zr78,125,3,"Cr,Y,Zr",31,0.248000000000,0,0.000000000000,16,0.128000000000,78,0.624000000000
2345,Cr31Y16Zr78,125,3,"Cr,Y,Zr",31,0.248000000000,0,0.000000000000,16,0.128000000000,78,0.624000000000
2346,Cr31Y16Zr78,125,3,"Cr,Y,Zr",31,0.248000000000,0,0.000000000000,16,0.128000000000,78,0.624000000000
2347,Cr27Y15Zr72,114,3,"Cr,Y,Zr",27,0.236842105263,0,0.000000000000,15,0.131578947368,72,0.631578947368
2348,Cr31Y16Zr78,125,3,"Cr,Y,Zr",31,0.248000000000,0,0.000000000000,16,0.128000000000,78,0.624000000000
2349,Cr31Y16Zr78,125,3,"Cr,Y,Zr",31,0.248000000000,0,0.000000000000,16,0.128000000000,78,0.624000000000
2350,Cr31Y16Zr78,125,3,"Cr,Y,Zr",31,0.248000000000,0,0.000000000000,16,0.128000000000,78,0.624000000000
2351,Cr31Y16Zr78,125,3,"Cr,Y,Zr",31,0.248000000000,0,0.000000000000,16,0.128000000000,78,0.624000000000
2352,Cr31WY16Zr78,126,4,"Cr,W,Y,Zr",31,0.246031746032,1,0.007936507937,16,0.126984126984,78,0.619047619048
2353,Cr14Y12Zr90,116,3,"Cr,Y,Zr",14,0.120689655172,0,0.000000000000,12,0.103448275862,90,0.775862068966
2354,Cr19Y15Zr94,128,3,"Cr,Y,Zr",19,0.148437500000,0,0.000000000000,15,0.117187500000,94,0.734375000000
2355,Cr16Y15Zr94,125,3,"Cr,Y,Zr",16,0.128000000000,0,0.000000000000,15,0.120000000000,94,0.752000000000
2356,Cr31Y16Zr78,125,3,"Cr,Y,Zr",31,0.248000000000,0,0.000000000000,16,0.128000000000,78,0.624000000000
2357,Cr31Y16Zr78,125,3,"Cr,Y,Zr",31,0.248000000000,0,0.000000000000,16,0.128000000000,78,0.624000000000
2358,Cr31Y16Zr78,125,3,"Cr,Y,Zr",31,0.248000000000,0,0.000000000000,16,0.128000000000,78,0.624000000000
2359,Cr16Y15Zr94,125,3,"Cr,Y,Zr",16,0.128000000000,0,0.000000000000,15,0.120000000000,94,0.752000000000
2360,Cr16Y15Zr94,125,3,"Cr,Y,Zr",16,0.128000000000,0,0.000000000000,15,0.120000000000,94,0.752000000000
2361,Cr16Y15Zr94,125,3,"Cr,Y,Zr",16,0.128000000000,0,0.000000000000,15,0.120000000000,94,0.752000000000
2362,Cr16WY15Zr94,126,4,"Cr,W,Y,Zr",16,0.126984126984,1,0.007936507937,15,0.119047619048,94,0.746031746032
2363,Cr78Y31Zr16,125,3,"Cr,Y,Zr",78,0.624000000000,0,0.000000000000,31,0.248000000000,16,0.128000000000
2364,Cr78Y31Zr16,125,3,"Cr,Y,Zr",78,0.624000000000,0,0.000000000000,31,0.248000000000,16,0.128000000000
2365,Cr78Y31Zr16,125,3,"Cr,Y,Zr",78,0.624000000000,0,0.000000000000,31,0.248000000000,16,0.128000000000
2366,Cr78Y31Zr16,125,3,"Cr,Y,Zr",78,0.624000000000,0,0.000000000000,31,0.248000000000,16,0.128000000000
2367,Cr16Y16Zr93,125,3,"Cr,Y,Zr",16,0.128000000000,0,0.000000000000,16,0.128000000000,93,0.744000000000
2368,Cr16Y16Zr93,125,3,"Cr,Y,Zr",16,0.128000000000,0,0.000000000000,16,0.128000000000,93,0.744000000000
2369,Cr17Y16Zr94,127,3,"Cr,Y,Zr",17,0.133858267717,0,0.000000000000,16,0.125984251969,94,0.740157480315
2370,Cr16Y16Zr93,125,3,"Cr,Y,Zr",16,0.128000000000,0,0.000000000000,16,0.128000000000,93,0.744000000000
2371,Cr16Y16Zr93,125,3,"Cr,Y,Zr",16,0.128000000000,0,0.000000000000,16,0.128000000000,93,0.744000000000
2372,Cr16Y16Zr95,127,3,"Cr,Y,Zr",16,0.125984251969,0,0.000000000000,16,0.125984251969,95,0.748031496063
2373,Cr16Y16Zr93,125,3,"Cr,Y,Zr",16,0.128000000000,0,0.000000000000,16,0.128000000000,93,0.744000000000
2374,Cr16Y17Zr93,126,3,"Cr,Y,Zr",16,0.126984126984,0,0.000000000000,17,0.134920634921,93,0.738095238095
2375,Cr78Y31Zr16,125,3,"Cr,Y,Zr",78,0.624000000000,0,0.000000000000,31,0.248000000000,16,0.128000000000
2376,Cr78Y31Zr16,125,3,"Cr,Y,Zr",78,0.624000000000,0,0.000000000000,31,0.248000000000,16,0.128000000000
2377,Cr78Y31Zr16,125,3,"Cr,Y,Zr",78,0.624000000000,0,0.000000000000,31,0.248000000000,16,0.128000000000
2378,Cr78Y31Zr16,125,3,"Cr,Y,Zr",78,0.624000000000,0,0.000000000000,31,0.248000000000,16,0.128000000000
2379,Cr78Y31Zr16,125,3,"Cr,Y,Zr",78,0.624000000000,0,0.000000000000,31,0.248000000000,16,0.128000000000
2380,Cr78Y31Zr16,125,3,"Cr,Y,Zr",78,0.624000000000,0,0.000000000000,31,0.248000000000,16,0.128000000000
2381,Cr70Y29Zr15,114,3,"Cr,Y,Zr",70,0.614035087719,0,0.000000000000,29,0.254385964912,15,0.131578947368
2382,Cr78W2Y31Zr16,127,4,"Cr,W,Y,Zr",78,0.614173228346,2,0.015748031496,31,0.244094488189,16,0.125984251969
2383,Cr78Y31Zr16,125,3,"Cr,Y,Zr",78,0.624000000000,0,0.000000000000,31,0.248000000000,16,0.128000000000
2384,Cr78Y31Zr16,125,3,"Cr,Y,Zr",78,0.624000000000,0,0.000000000000,31,0.248000000000,16,0.128000000000
2385,Cr78Y31Zr16,125,3,"Cr,Y,Zr",78,0.624000000000,0,0.000000000000,31,0.248000000000,16,0.128000000000
2386,Cr69Y29Zr16,114,3,"Cr,Y,Zr",69,0.605263157895,0,0.000000000000,29,0.254385964912,16,0.140350877193
2387,Cr78Y31Zr16,125,3,"Cr,Y,Zr",78,0.624000000000,0,0.000000000000,31,0.248000000000,16,0.128000000000
2388,Cr79W2Y31Zr16,128,4,"Cr,W,Y,Zr",79,0.617187500000,2,0.015625000000,31,0.242187500000,16,0.125000000000
2389,Cr78Y31Zr16,125,3,"Cr,Y,Zr",78,0.624000000000,0,0.000000000000,31,0.248000000000,16,0.128000000000
2390,Cr78Y31Zr16,125,3,"Cr,Y,Zr",78,0.624000000000,0,0.000000000000,31,0.248000000000,16,0.128000000000
2391,Cr78Y31Zr16,125,3,"Cr,Y,Zr",78,0.624000000000,0,0.000000000000,31,0.248000000000,16,0.128000000000
2392,Cr63Y31Zr32,126,3,"Cr,Y,Zr",63,0.500000000000,0,0.000000000000,31,0.246031746032,32,0.253968253968
2393,Cr63Y31Zr31,125,3,"Cr,Y,Zr",63,0.504000000000,0,0.000000000000,31,0.248000000000,31,0.248000000000
2394,Cr63Y31Zr31,125,3,"Cr,Y,Zr",63,0.504000000000,0,0.000000000000,31,0.248000000000,31,0.248000000000
2395,Cr63Y31Zr31,125,3,"Cr,Y,Zr",63,0.504000000000,0,0.000000000000,31,0.248000000000,31,0.248000000000
2396,Cr63WY31Zr31,126,4,"Cr,W,Y,Zr",63,0.500000000000,1,0.007936507937,31,0.246031746032,31,0.246031746032
2397,Cr63Y31Zr31,125,3,"Cr,Y,Zr",63,0.504000000000,0,0.000000000000,31,0.248000000000,31,0.248000000000
2398,Cr63Y31Zr31,125,3,"Cr,Y,Zr",63,0.504000000000,0,0.000000000000,31,0.248000000000,31,0.248000000000
2399,Cr63Y31Zr31,125,3,"Cr,Y,Zr",63,0.504000000000,0,0.000000000000,31,0.248000000000,31,0.248000000000
2400,Cr63Y31Zr31,125,3,"Cr,Y,Zr",63,0.504000000000,0,0.000000000000,31,0.248000000000,31,0.248000000000
2401,Cr62Y31Zr32,125,3,"Cr,Y,Zr",62,0.496000000000,0,0.000000000000,31,0.248000000000,32,0.256000000000
2402,Cr62Y31Zr32,125,3,"Cr,Y,Zr",62,0.496000000000,0,0.000000000000,31,0.248000000000,32,0.256000000000
2403,Cr62Y31Zr32,125,3,"Cr,Y,Zr",62,0.496000000000,0,0.000000000000,31,0.248000000000,32,0.256000000000
2404,Cr57Y28Zr30,115,3,"Cr,Y,Zr",57,0.495652173913,0,0.000000000000,28,0.243478260870,30,0.260869565217
2405,Cr62WY31Zr32,126,4,"Cr,W,Y,Zr",62,0.492063492063,1,0.007936507937,31,0.246031746032,32,0.253968253968
2406,Cr62Y31Zr32,125,3,"Cr,Y,Zr",62,0.496000000000,0,0.000000000000,31,0.248000000000,32,0.256000000000
2407,Cr62Y31Zr32,125,3,"Cr,Y,Zr",62,0.496000000000,0,0.000000000000,31,0.248000000000,32,0.256000000000
2408,Cr62Y31Zr32,125,3,"Cr,Y,Zr",62,0.496000000000,0,0.000000000000,31,0.248000000000,32,0.256000000000
2409,Cr62Y31Zr32,125,3,"Cr,Y,Zr",62,0.496000000000,0,0.000000000000,31,0.248000000000,32,0.256000000000
2410,Cr47Y31Zr47,125,3,"Cr,Y,Zr",47,0.376000000000,0,0.000000000000,31,0.248000000000,47,0.376000000000
2411,Cr47Y31Zr47,125,3,"Cr,Y,Zr",47,0.376000000000,0,0.000000000000,31,0.248000000000,47,0.376000000000
2412,Cr47Y31Zr49,127,3,"Cr,Y,Zr",47,0.370078740157,0,0.000000000000,31,0.244094488189,49,0.385826771654
2413,Cr47Y31Zr48,126,3,"Cr,Y,Zr",47,0.373015873016,0,0.000000000000,31,0.246031746032,48,0.380952380952
2414,Cr47Y31Zr47,125,3,"Cr,Y,Zr",47,0.376000000000,0,0.000000000000,31,0.248000000000,47,0.376000000000
2415,Cr47Y31Zr47,125,3,"Cr,Y,Zr",47,0.376000000000,0,0.000000000000,31,0.248000000000,47,0.376000000000
2416,Cr47Y31Zr47,125,3,"Cr,Y,Zr",47,0.376000000000,0,0.000000000000,31,0.248000000000,47,0.376000000000
2417,Cr43Y31Zr40,114,3,"Cr,Y,Zr",43,0.377192982456,0,0.000000000000,31,0.271929824561,40,0.350877192982
2418,Cr47WY31Zr47,126,4,"Cr,W,Y,Zr",47,0.373015873016,1,0.007936507937,31,0.246031746032,47,0.373015873016
2419,Cr47Y31Zr47,125,3,"Cr,Y,Zr",47,0.376000000000,0,0.000000000000,31,0.248000000000,47,0.376000000000
2420,Cr47Y31Zr47,125,3,"Cr,Y,Zr",47,0.376000000000,0,0.000000000000,31,0.248000000000,47,0.376000000000
2421,Cr47Y31Zr47,125,3,"Cr,Y,Zr",47,0.376000000000,0,0.000000000000,31,0.248000000000,47,0.376000000000
2422,Cr47Y31Zr47,125,3,"Cr,Y,Zr",47,0.376000000000,0,0.000000000000,31,0.248000000000,47,0.376000000000
2423,Cr31Y31Zr63,125,3,"Cr,Y,Zr",31,0.248000000000,0,0.000000000000,31,0.248000000000,63,0.504000000000
2424,Cr28Y30Zr61,119,3,"Cr,Y,Zr",28,0.235294117647,0,0.000000000000,30,0.252100840336,61,0.512605042017
2425,Cr31Y32Zr63,126,3,"Cr,Y,Zr",31,0.246031746032,0,0.000000000000,32,0.253968253968,63,0.500000000000
2426,Cr47Y31Zr47,125,3,"Cr,Y,Zr",47,0.376000000000,0,0.000000000000,31,0.248000000000,47,0.376000000000
2427,Cr43Y26Zr47,116,3,"Cr,Y,Zr",43,0.370689655172,0,0.000000000000,26,0.224137931034,47,0.405172413793
2428,Cr47Y31Zr47,125,3,"Cr,Y,Zr",47,0.376000000000,0,0.000000000000,31,0.248000000000,47,0.376000000000
2429,Cr31Y31Zr63,125,3,"Cr,Y,Zr",31,0.248000000000,0,0.000000000000,31,0.248000000000,63,0.504000000000
2430,Cr47Y31Zr48,126,3,"Cr,Y,Zr",47,0.373015873016,0,0.000000000000,31,0.246031746032,48,0.380952380952
2431,Cr31Y31Zr63,125,3,"Cr,Y,Zr",31,0.248000000000,0,0.000000000000,31,0.248000000000,63,0.504000000000
2432,Cr31Y31Zr64,126,3,"Cr,Y,Zr",31,0.246031746032,0,0.000000000000,31,0.246031746032,64,0.507936507937
2433,Cr31Y31Zr63,125,3,"Cr,Y,Zr",31,0.248000000000,0,0.000000000000,31,0.248000000000,63,0.504000000000
2434,Cr31Y31Zr63,125,3,"Cr,Y,Zr",31,0.248000000000,0,0.000000000000,31,0.248000000000,63,0.504000000000
2435,Cr31Y31Zr63,125,3,"Cr,Y,Zr",31,0.248000000000,0,0.000000000000,31,0.248000000000,63,0.504000000000
2436,Cr31Y31Zr63,125,3,"Cr,Y,Zr",31,0.248000000000,0,0.000000000000,31,0.248000000000,63,0.504000000000
2437,Cr31Y31Zr63,125,3,"Cr,Y,Zr",31,0.248000000000,0,0.000000000000,31,0.248000000000,63,0.504000000000
2438,Cr31Y31Zr63,125,3,"Cr,Y,Zr",31,0.248000000000,0,0.000000000000,31,0.248000000000,63,0.504000000000
2439,Cr31Y31Zr63,125,3,"Cr,Y,Zr",31,0.248000000000,0,0.000000000000,31,0.248000000000,63,0.504000000000
2440,Cr31Y31Zr63,125,3,"Cr,Y,Zr",31,0.248000000000,0,0.000000000000,31,0.248000000000,63,0.504000000000
2441,Cr31Y31Zr63,125,3,"Cr,Y,Zr",31,0.248000000000,0,0.000000000000,31,0.248000000000,63,0.504000000000
2442,Cr31Y27Zr56,114,3,"Cr,Y,Zr",31,0.271929824561,0,0.000000000000,27,0.236842105263,56,0.491228070175
2443,Cr31Y31Zr63,125,3,"Cr,Y,Zr",31,0.248000000000,0,0.000000000000,31,0.248000000000,63,0.504000000000
2444,Cr16Y31Zr78,125,3,"Cr,Y,Zr",16,0.128000000000,0,0.000000000000,31,0.248000000000,78,0.624000000000
2445,Cr16Y31Zr78,125,3,"Cr,Y,Zr",16,0.128000000000,0,0.000000000000,31,0.248000000000,78,0.624000000000
2446,Cr16Y31Zr78,125,3,"Cr,Y,Zr",16,0.128000000000,0,0.000000000000,31,0.248000000000,78,0.624000000000
2447,Cr16Y31Zr78,125,3,"Cr,Y,Zr",16,0.128000000000,0,0.000000000000,31,0.248000000000,78,0.624000000000
2448,Cr16Y31Zr74,121,3,"Cr,Y,Zr",16,0.132231404959,0,0.000000000000,31,0.256198347107,74,0.611570247934
2449,Cr16Y32Zr78,126,3,"Cr,Y,Zr",16,0.126984126984,0,0.000000000000,32,0.253968253968,78,0.619047619048
2450,Cr16Y31Zr78,125,3,"Cr,Y,Zr",16,0.128000000000,0,0.000000000000,31,0.248000000000,78,0.624000000000
2451,Cr15Y25Zr76,116,3,"Cr,Y,Zr",15,0.129310344828,0,0.000000000000,25,0.215517241379,76,0.655172413793
2452,Cr16WY31Zr80,128,4,"Cr,W,Y,Zr",16,0.125000000000,1,0.007812500000,31,0.242187500000,80,0.625000000000
2453,Cr16Y32Zr78,126,3,"Cr,Y,Zr",16,0.126984126984,0,0.000000000000,32,0.253968253968,78,0.619047619048
2454,Cr16Y31Zr78,125,3,"Cr,Y,Zr",16,0.128000000000,0,0.000000000000,31,0.248000000000,78,0.624000000000
2455,Cr16Y31Zr78,125,3,"Cr,Y,Zr",16,0.128000000000,0,0.000000000000,31,0.248000000000,78,0.624000000000
2456,Cr62Y47Zr16,125,3,"Cr,Y,Zr",62,0.496000000000,0,0.000000000000,47,0.376000000000,16,0.128000000000
2457,Cr62W3Y47Zr17,129,4,"Cr,W,Y,Zr",62,0.480620155039,3,0.023255813953,47,0.364341085271,17,0.131782945736
2458,Cr62Y47Zr16,125,3,"Cr,Y,Zr",62,0.496000000000,0,0.000000000000,47,0.376000000000,16,0.128000000000
2459,Cr62Y47Zr16,125,3,"Cr,Y,Zr",62,0.496000000000,0,0.000000000000,47,0.376000000000,16,0.128000000000
2460,Cr62Y47Zr16,125,3,"Cr,Y,Zr",62,0.496000000000,0,0.000000000000,47,0.376000000000,16,0.128000000000
2461,Cr62WY47Zr16,126,4,"Cr,W,Y,Zr",62,0.492063492063,1,0.007936507937,47,0.373015873016,16,0.126984126984
2462,Cr62Y47Zr16,125,3,"Cr,Y,Zr",62,0.496000000000,0,0.000000000000,47,0.376000000000,16,0.128000000000
2463,Cr62Y47Zr16,125,3,"Cr,Y,Zr",62,0.496000000000,0,0.000000000000,47,0.376000000000,16,0.128000000000
2464,Cr62Y47Zr16,125,3,"Cr,Y,Zr",62,0.496000000000,0,0.000000000000,47,0.376000000000,16,0.128000000000
2465,Cr62Y47Zr16,125,3,"Cr,Y,Zr",62,0.496000000000,0,0.000000000000,47,0.376000000000,16,0.128000000000
2466,Cr62Y47Zr17,126,3,"Cr,Y,Zr",62,0.492063492063,0,0.000000000000,47,0.373015873016,17,0.134920634921
2467,Cr57Y43Zr13,113,3,"Cr,Y,Zr",57,0.504424778761,0,0.000000000000,43,0.380530973451,13,0.115044247788
2468,Cr62WY47Zr16,126,4,"Cr,W,Y,Zr",62,0.492063492063,1,0.007936507937,47,0.373015873016,16,0.126984126984
2469,Cr16Y31Zr78,125,3,"Cr,Y,Zr",16,0.128000000000,0,0.000000000000,31,0.248000000000,78,0.624000000000
2470,Cr16Y31Zr78,125,3,"Cr,Y,Zr",16,0.128000000000,0,0.000000000000,31,0.248000000000,78,0.624000000000
2471,Cr16Y31Zr78,125,3,"Cr,Y,Zr",16,0.128000000000,0,0.000000000000,31,0.248000000000,78,0.624000000000
2472,Cr16Y31Zr78,125,3,"Cr,Y,Zr",16,0.128000000000,0,0.000000000000,31,0.248000000000,78,0.624000000000
2473,Cr16Y31Zr79,126,3,"Cr,Y,Zr",16,0.126984126984,0,0.000000000000,31,0.246031746032,79,0.626984126984
2474,Cr42Y43Zr28,113,3,"Cr,Y,Zr",42,0.371681415929,0,0.000000000000,43,0.380530973451,28,0.247787610619
2475,Cr48WY48Zr31,128,4,"Cr,W,Y,Zr",48,0.375000000000,1,0.007812500000,48,0.375000000000,31,0.242187500000
2476,Cr47Y47Zr31,125,3,"Cr,Y,Zr",47,0.376000000000,0,0.000000000000,47,0.376000000000,31,0.248000000000
2477,Cr62Y47Zr16,125,3,"Cr,Y,Zr",62,0.496000000000,0,0.000000000000,47,0.376000000000,16,0.128000000000
2478,Cr62Y47Zr16,125,3,"Cr,Y,Zr",62,0.496000000000,0,0.000000000000,47,0.376000000000,16,0.128000000000
2479,Cr62Y47Zr16,125,3,"Cr,Y,Zr",62,0.496000000000,0,0.000000000000,47,0.376000000000,16,0.128000000000
2480,Cr63Y47Zr16,126,3,"Cr,Y,Zr",63,0.500000000000,0,0.000000000000,47,0.373015873016,16,0.126984126984
2481,Cr47Y47Zr31,125,3,"Cr,Y,Zr",47,0.376000000000,0,0.000000000000,47,0.376000000000,31,0.248000000000
2482,Cr47Y47Zr31,125,3,"Cr,Y,Zr",47,0.376000000000,0,0.000000000000,47,0.376000000000,31,0.248000000000
2483,Cr47Y47Zr31,125,3,"Cr,Y,Zr",47,0.376000000000,0,0.000000000000,47,0.376000000000,31,0.248000000000
2484,Cr44Y41Zr28,113,3,"Cr,Y,Zr",44,0.389380530973,0,0.000000000000,41,0.362831858407,28,0.247787610619
2485,Cr48Y47Zr32,127,3,"Cr,Y,Zr",48,0.377952755906,0,0.000000000000,47,0.370078740157,32,0.251968503937
2486,Cr47Y47Zr31,125,3,"Cr,Y,Zr",47,0.376000000000,0,0.000000000000,47,0.376000000000,31,0.248000000000
2487,Cr48Y47Zr31,126,3,"Cr,Y,Zr",48,0.380952380952,0,0.000000000000,47,0.373015873016,31,0.246031746032
2488,Cr62Y47Zr16,125,3,"Cr,Y,Zr",62,0.496000000000,0,0.000000000000,47,0.376000000000,16,0.128000000000
2489,Cr62Y48Zr16,126,3,"Cr,Y,Zr",62,0.492063492063,0,0.000000000000,48,0.380952380952,16,0.126984126984
2490,Cr62Y47Zr16,125,3,"Cr,Y,Zr",62,0.496000000000,0,0.000000000000,47,0.376000000000,16,0.128000000000
2491,Cr47Y47Zr31,125,3,"Cr,Y,Zr",47,0.376000000000,0,0.000000000000,47,0.376000000000,31,0.248000000000
2492,Cr47Y47Zr31,125,3,"Cr,Y,Zr",47,0.376000000000,0,0.000000000000,47,0.376000000000,31,0.248000000000
2493,Cr47Y47Zr31,125,3,"Cr,Y,Zr",47,0.376000000000,0,0.000000000000,47,0.376000000000,31,0.248000000000
2494,Cr47Y47Zr31,125,3,"Cr,Y,Zr",47,0.376000000000,0,0.000000000000,47,0.376000000000,31,0.248000000000
2495,Cr47Y47Zr31,125,3,"Cr,Y,Zr",47,0.376000000000,0,0.000000000000,47,0.376000000000,31,0.248000000000
2496,Cr31Y47Zr47,125,3,"Cr,Y,Zr",31,0.248000000000,0,0.000000000000,47,0.376000000000,47,0.376000000000
2497,Cr29Y43Zr42,114,3,"Cr,Y,Zr",29,0.254385964912,0,0.000000000000,43,0.377192982456,42,0.368421052632
2498,Cr32Y47Zr47,126,3,"Cr,Y,Zr",32,0.253968253968,0,0.000000000000,47,0.373015873016,47,0.373015873016
2499,Cr47Y48Zr31,126,3,"Cr,Y,Zr",47,0.373015873016,0,0.000000000000,48,0.380952380952,31,0.246031746032
2500,Cr47Y47Zr32,126,3,"Cr,Y,Zr",47,0.373015873016,0,0.000000000000,47,0.373015873016,32,0.253968253968
2501,Cr31Y47Zr47,125,3,"Cr,Y,Zr",31,0.248000000000,0,0.000000000000,47,0.376000000000,47,0.376000000000
2502,Cr31Y47Zr47,125,3,"Cr,Y,Zr",31,0.248000000000,0,0.000000000000,47,0.376000000000,47,0.376000000000
2503,Cr31Y47Zr47,125,3,"Cr,Y,Zr",31,0.248000000000,0,0.000000000000,47,0.376000000000,47,0.376000000000
2504,Cr32Y47Zr49,128,3,"Cr,Y,Zr",32,0.250000000000,0,0.000000000000,47,0.367187500000,49,0.382812500000
2505,Cr31Y47Zr47,125,3,"Cr,Y,Zr",31,0.248000000000,0,0.000000000000,47,0.376000000000,47,0.376000000000
2506,Cr31Y47Zr47,125,3,"Cr,Y,Zr",31,0.248000000000,0,0.000000000000,47,0.376000000000,47,0.376000000000
2507,Cr31Y47Zr47,125,3,"Cr,Y,Zr",31,0.248000000000,0,0.000000000000,47,0.376000000000,47,0.376000000000
2508,Cr31Y48Zr47,126,3,"Cr,Y,Zr",31,0.246031746032,0,0.000000000000,48,0.380952380952,47,0.373015873016
2509,Cr31Y47Zr47,125,3,"Cr,Y,Zr",31,0.248000000000,0,0.000000000000,47,0.376000000000,47,0.376000000000
2510,Cr31Y47Zr47,125,3,"Cr,Y,Zr",31,0.248000000000,0,0.000000000000,47,0.376000000000,47,0.376000000000
2511,Cr31Y47Zr47,125,3,"Cr,Y,Zr",31,0.248000000000,0,0.000000000000,47,0.376000000000,47,0.376000000000
2512,Cr31Y47Zr47,125,3,"Cr,Y,Zr",31,0.248000000000,0,0.000000000000,47,0.376000000000,47,0.376000000000
2513,Cr31Y47Zr47,125,3,"Cr,Y,Zr",31,0.248000000000,0,0.000000000000,47,0.376000000000,47,0.376000000000
2514,Cr31Y47Zr47,125,3,"Cr,Y,Zr",31,0.248000000000,0,0.000000000000,47,0.376000000000,47,0.376000000000
2515,Cr25Y44Zr45,114,3,"Cr,Y,Zr",25,0.219298245614,0,0.000000000000,44,0.385964912281,45,0.394736842105
2516,Cr31Y47Zr47,125,3,"Cr,Y,Zr",31,0.248000000000,0,0.000000000000,47,0.376000000000,47,0.376000000000
2517,Cr16Y48Zr62,126,3,"Cr,Y,Zr",16,0.126984126984,0,0.000000000000,48,0.380952380952,62,0.492063492063
2518,Cr16Y47Zr62,125,3,"Cr,Y,Zr",16,0.128000000000,0,0.000000000000,47,0.376000000000,62,0.496000000000
2519,Cr16Y48Zr62,126,3,"Cr,Y,Zr",16,0.126984126984,0,0.000000000000,48,0.380952380952,62,0.492063492063
2520,Cr16Y47Zr62,125,3,"Cr,Y,Zr",16,0.128000000000,0,0.000000000000,47,0.376000000000,62,0.496000000000
2521,Cr16Y47Zr62,125,3,"Cr,Y,Zr",16,0.128000000000,0,0.000000000000,47,0.376000000000,62,0.496000000000
2522,Cr16Y43Zr54,113,3,"Cr,Y,Zr",16,0.141592920354,0,0.000000000000,43,0.380530973451,54,0.477876106195
2523,Cr17WY47Zr62,127,4,"Cr,W,Y,Zr",17,0.133858267717,1,0.007874015748,47,0.370078740157,62,0.488188976378
2524,Cr16Y47Zr62,125,3,"Cr,Y,Zr",16,0.128000000000,0,0.000000000000,47,0.376000000000,62,0.496000000000
2525,Cr16Y47Zr62,125,3,"Cr,Y,Zr",16,0.128000000000,0,0.000000000000,47,0.376000000000,62,0.496000000000
2526,Cr17Y47Zr62,126,3,"Cr,Y,Zr",17,0.134920634921,0,0.000000000000,47,0.373015873016,62,0.492063492063
2527,Cr16Y47Zr62,125,3,"Cr,Y,Zr",16,0.128000000000,0,0.000000000000,47,0.376000000000,62,0.496000000000
2528,Cr16Y47Zr62,125,3,"Cr,Y,Zr",16,0.128000000000,0,0.000000000000,47,0.376000000000,62,0.496000000000
2529,Cr16Y47Zr62,125,3,"Cr,Y,Zr",16,0.128000000000,0,0.000000000000,47,0.376000000000,62,0.496000000000
2530,Cr13Y42Zr59,114,3,"Cr,Y,Zr",13,0.114035087719,0,0.000000000000,42,0.368421052632,59,0.517543859649
2531,Cr16Y47Zr62,125,3,"Cr,Y,Zr",16,0.128000000000,0,0.000000000000,47,0.376000000000,62,0.496000000000
2532,Cr16Y47Zr62,125,3,"Cr,Y,Zr",16,0.128000000000,0,0.000000000000,47,0.376000000000,62,0.496000000000
2533,Cr16Y47Zr62,125,3,"Cr,Y,Zr",16,0.128000000000,0,0.000000000000,47,0.376000000000,62,0.496000000000
2534,Cr44Y59Zr12,115,3,"Cr,Y,Zr",44,0.382608695652,0,0.000000000000,59,0.513043478261,12,0.104347826087
2535,Cr47WY62Zr17,127,4,"Cr,W,Y,Zr",47,0.370078740157,1,0.007874015748,62,0.488188976378,17,0.133858267717
2536,Cr16Y47Zr62,125,3,"Cr,Y,Zr",16,0.128000000000,0,0.000000000000,47,0.376000000000,62,0.496000000000
2537,Cr16Y47Zr62,125,3,"Cr,Y,Zr",16,0.128000000000,0,0.000000000000,47,0.376000000000,62,0.496000000000
2538,Cr47Y62Zr16,125,3,"Cr,Y,Zr",47,0.376000000000,0,0.000000000000,62,0.496000000000,16,0.128000000000
2539,Cr47Y62Zr16,125,3,"Cr,Y,Zr",47,0.376000000000,0,0.000000000000,62,0.496000000000,16,0.128000000000
2540,Cr47Y62Zr16,125,3,"Cr,Y,Zr",47,0.376000000000,0,0.000000000000,62,0.496000000000,16,0.128000000000
2541,Cr47Y63Zr16,126,3,"Cr,Y,Zr",47,0.373015873016,0,0.000000000000,63,0.500000000000,16,0.126984126984
2542,Cr47WY62Zr16,126,4,"Cr,W,Y,Zr",47,0.373015873016,1,0.007936507937,62,0.492063492063,16,0.126984126984
2543,Cr47Y62Zr16,125,3,"Cr,Y,Zr",47,0.376000000000,0,0.000000000000,62,0.496000000000,16,0.128000000000
2544,Cr47Y62Zr16,125,3,"Cr,Y,Zr",47,0.376000000000,0,0.000000000000,62,0.496000000000,16,0.128000000000
2545,Cr41Y58Zr16,115,3,"Cr,Y,Zr",41,0.356521739130,0,0.000000000000,58,0.504347826087,16,0.139130434783
2546,Cr47Y62Zr16,125,3,"Cr,Y,Zr",47,0.376000000000,0,0.000000000000,62,0.496000000000,16,0.128000000000
2547,Cr47Y62Zr16,125,3,"Cr,Y,Zr",47,0.376000000000,0,0.000000000000,62,0.496000000000,16,0.128000000000
2548,Cr47Y62Zr16,125,3,"Cr,Y,Zr",47,0.376000000000,0,0.000000000000,62,0.496000000000,16,0.128000000000
2549,Cr47WY62Zr16,126,4,"Cr,W,Y,Zr",47,0.373015873016,1,0.007936507937,62,0.492063492063,16,0.126984126984
2550,Cr47Y62Zr17,126,3,"Cr,Y,Zr",47,0.373015873016,0,0.000000000000,62,0.492063492063,17,0.134920634921
2551,Cr47Y62Zr16,125,3,"Cr,Y,Zr",47,0.376000000000,0,0.000000000000,62,0.496000000000,16,0.128000000000
2552,Cr47Y62Zr16,125,3,"Cr,Y,Zr",47,0.376000000000,0,0.000000000000,62,0.496000000000,16,0.128000000000
2553,Cr47Y62Zr16,125,3,"Cr,Y,Zr",47,0.376000000000,0,0.000000000000,62,0.496000000000,16,0.128000000000
2554,Cr47Y62Zr16,125,3,"Cr,Y,Zr",47,0.376000000000,0,0.000000000000,62,0.496000000000,16,0.128000000000
2555,Cr47Y62Zr16,125,3,"Cr,Y,Zr",47,0.376000000000,0,0.000000000000,62,0.496000000000,16,0.128000000000
2556,Cr31Y64Zr31,126,3,"Cr,Y,Zr",31,0.246031746032,0,0.000000000000,64,0.507936507937,31,0.246031746032
2557,Cr31Y63Zr31,125,3,"Cr,Y,Zr",31,0.248000000000,0,0.000000000000,63,0.504000000000,31,0.248000000000
2558,Cr31Y63Zr31,125,3,"Cr,Y,Zr",31,0.248000000000,0,0.000000000000,63,0.504000000000,31,0.248000000000
2559,Cr31Y62Zr32,125,3,"Cr,Y,Zr",31,0.248000000000,0,0.000000000000,62,0.496000000000,32,0.256000000000
2560,Cr31Y62Zr32,125,3,"Cr,Y,Zr",31,0.248000000000,0,0.000000000000,62,0.496000000000,32,0.256000000000
2561,Cr31Y62Zr32,125,3,"Cr,Y,Zr",31,0.248000000000,0,0.000000000000,62,0.496000000000,32,0.256000000000
2562,Cr28Y56Zr30,114,3,"Cr,Y,Zr",28,0.245614035088,0,0.000000000000,56,0.491228070175,30,0.263157894737
2563,Cr31Y62Zr32,125,3,"Cr,Y,Zr",31,0.248000000000,0,0.000000000000,62,0.496000000000,32,0.256000000000
2564,Cr31Y63Zr31,125,3,"Cr,Y,Zr",31,0.248000000000,0,0.000000000000,63,0.504000000000,31,0.248000000000
2565,Cr31Y63Zr31,125,3,"Cr,Y,Zr",31,0.248000000000,0,0.000000000000,63,0.504000000000,31,0.248000000000
2566,Cr31Y63Zr31,125,3,"Cr,Y,Zr",31,0.248000000000,0,0.000000000000,63,0.504000000000,31,0.248000000000
2567,Cr27Y58Zr29,114,3,"Cr,Y,Zr",27,0.236842105263,0,0.000000000000,58,0.508771929825,29,0.254385964912
2568,Cr31Y63Zr31,125,3,"Cr,Y,Zr",31,0.248000000000,0,0.000000000000,63,0.504000000000,31,0.248000000000
2569,Cr31Y62Zr32,125,3,"Cr,Y,Zr",31,0.248000000000,0,0.000000000000,62,0.496000000000,32,0.256000000000
2570,Cr31Y63Zr31,125,3,"Cr,Y,Zr",31,0.248000000000,0,0.000000000000,63,0.504000000000,31,0.248000000000
2571,Cr32Y64Zr31,127,3,"Cr,Y,Zr",32,0.251968503937,0,0.000000000000,64,0.503937007874,31,0.244094488189
2572,Cr16Y62Zr47,125,3,"Cr,Y,Zr",16,0.128000000000,0,0.000000000000,62,0.496000000000,47,0.376000000000
2573,Cr16Y62Zr47,125,3,"Cr,Y,Zr",16,0.128000000000,0,0.000000000000,62,0.496000000000,47,0.376000000000
2574,Cr16Y62Zr47,125,3,"Cr,Y,Zr",16,0.128000000000,0,0.000000000000,62,0.496000000000,47,0.376000000000
2575,Cr15Y56Zr45,116,3,"Cr,Y,Zr",15,0.129310344828,0,0.000000000000,56,0.482758620690,45,0.387931034483
2576,Cr16Y62Zr47,125,3,"Cr,Y,Zr",16,0.128000000000,0,0.000000000000,62,0.496000000000,47,0.376000000000
2577,Cr31Y62Zr32,125,3,"Cr,Y,Zr",31,0.248000000000,0,0.000000000000,62,0.496000000000,32,0.256000000000
2578,Cr31Y62Zr32,125,3,"Cr,Y,Zr",31,0.248000000000,0,0.000000000000,62,0.496000000000,32,0.256000000000
2579,Cr31Y62Zr32,125,3,"Cr,Y,Zr",31,0.248000000000,0,0.000000000000,62,0.496000000000,32,0.256000000000
2580,Cr16Y62Zr47,125,3,"Cr,Y,Zr",16,0.128000000000,0,0.000000000000,62,0.496000000000,47,0.376000000000
2581,Cr16Y62Zr47,125,3,"Cr,Y,Zr",16,0.128000000000,0,0.000000000000,62,0.496000000000,47,0.376000000000
2582,Cr16Y62Zr47,125,3,"Cr,Y,Zr",16,0.128000000000,0,0.000000000000,62,0.496000000000,47,0.376000000000
2583,Cr16Y62Zr47,125,3,"Cr,Y,Zr",16,0.128000000000,0,0.000000000000,62,0.496000000000,47,0.376000000000
2584,Cr16Y62Zr47,125,3,"Cr,Y,Zr",16,0.128000000000,0,0.000000000000,62,0.496000000000,47,0.376000000000
2585,Cr16Y62Zr48,126,3,"Cr,Y,Zr",16,0.126984126984,0,0.000000000000,62,0.492063492063,48,0.380952380952
2586,Cr16Y62Zr47,125,3,"Cr,Y,Zr",16,0.128000000000,0,0.000000000000,62,0.496000000000,47,0.376000000000
2587,Cr16Y62Zr47,125,3,"Cr,Y,Zr",16,0.128000000000,0,0.000000000000,62,0.496000000000,47,0.376000000000
2588,Cr15Y55Zr44,114,3,"Cr,Y,Zr",15,0.131578947368,0,0.000000000000,55,0.482456140351,44,0.385964912281
2589,Cr16Y62Zr47,125,3,"Cr,Y,Zr",16,0.128000000000,0,0.000000000000,62,0.496000000000,47,0.376000000000
2590,Cr31Y78Zr16,125,3,"Cr,Y,Zr",31,0.248000000000,0,0.000000000000,78,0.624000000000,16,0.128000000000
2591,Cr28Y70Zr16,114,3,"Cr,Y,Zr",28,0.245614035088,0,0.000000000000,70,0.614035087719,16,0.140350877193
2592,Cr31Y78Zr16,125,3,"Cr,Y,Zr",31,0.248000000000,0,0.000000000000,78,0.624000000000,16,0.128000000000
2593,Cr31Y78Zr16,125,3,"Cr,Y,Zr",31,0.248000000000,0,0.000000000000,78,0.624000000000,16,0.128000000000
2594,Cr31Y78Zr16,125,3,"Cr,Y,Zr",31,0.248000000000,0,0.000000000000,78,0.624000000000,16,0.128000000000
2595,Cr31Y78Zr16,125,3,"Cr,Y,Zr",31,0.248000000000,0,0.000000000000,78,0.624000000000,16,0.128000000000
2596,Cr32Y78Zr16,126,3,"Cr,Y,Zr",32,0.253968253968,0,0.000000000000,78,0.619047619048,16,0.126984126984
2597,Cr16Y62Zr47,125,3,"Cr,Y,Zr",16,0.128000000000,0,0.000000000000,62,0.496000000000,47,0.376000000000
2598,Cr16Y62Zr47,125,3,"Cr,Y,Zr",16,0.128000000000,0,0.000000000000,62,0.496000000000,47,0.376000000000
2599,Cr16Y62Zr47,125,3,"Cr,Y,Zr",16,0.128000000000,0,0.000000000000,62,0.496000000000,47,0.376000000000
2600,Cr31Y78Zr16,125,3,"Cr,Y,Zr",31,0.248000000000,0,0.000000000000,78,0.624000000000,16,0.128000000000
2601,Cr31Y78Zr17,126,3,"Cr,Y,Zr",31,0.246031746032,0,0.000000000000,78,0.619047619048,17,0.134920634921
2602,Cr31Y78Zr16,125,3,"Cr,Y,Zr",31,0.248000000000,0,0.000000000000,78,0.624000000000,16,0.128000000000
2603,Cr27Y72Zr15,114,3,"Cr,Y,Zr",27,0.236842105263,0,0.000000000000,72,0.631578947368,15,0.131578947368
2604,Cr31WY78Zr16,126,4,"Cr,W,Y,Zr",31,0.246031746032,1,0.007936507937,78,0.619047619048,16,0.126984126984
2605,Cr32Y78Zr16,126,3,"Cr,Y,Zr",32,0.253968253968,0,0.000000000000,78,0.619047619048,16,0.126984126984
2606,Cr31Y78Zr16,125,3,"Cr,Y,Zr",31,0.248000000000,0,0.000000000000,78,0.624000000000,16,0.128000000000
2607,Cr31Y78Zr16,125,3,"Cr,Y,Zr",31,0.248000000000,0,0.000000000000,78,0.624000000000,16,0.128000000000
2608,Cr31Y78Zr16,125,3,"Cr,Y,Zr",31,0.248000000000,0,0.000000000000,78,0.624000000000,16,0.128000000000
2609,Cr32Y79Zr16,127,3,"Cr,Y,Zr",32,0.251968503937,0,0.000000000000,79,0.622047244094,16,0.125984251969
2610,Cr16Y78Zr31,125,3,"Cr,Y,Zr",16,0.128000000000,0,0.000000000000,78,0.624000000000,31,0.248000000000
2611,Cr16Y78Zr31,125,3,"Cr,Y,Zr",16,0.128000000000,0,0.000000000000,78,0.624000000000,31,0.248000000000
2612,Cr16Y78Zr31,125,3,"Cr,Y,Zr",16,0.128000000000,0,0.000000000000,78,0.624000000000,31,0.248000000000
2613,Cr17Y79Zr33,129,3,"Cr,Y,Zr",17,0.131782945736,0,0.000000000000,79,0.612403100775,33,0.255813953488
2614,Cr16Y78Zr31,125,3,"Cr,Y,Zr",16,0.128000000000,0,0.000000000000,78,0.624000000000,31,0.248000000000
2615,Cr16Y94Zr15,125,3,"Cr,Y,Zr",16,0.128000000000,0,0.000000000000,94,0.752000000000,15,0.120000000000
2616,Cr16Y94Zr15,125,3,"Cr,Y,Zr",16,0.128000000000,0,0.000000000000,94,0.752000000000,15,0.120000000000
2617,Cr16Y94Zr15,125,3,"Cr,Y,Zr",16,0.128000000000,0,0.000000000000,94,0.752000000000,15,0.120000000000
2618,Cr16Y94Zr15,125,3,"Cr,Y,Zr",16,0.128000000000,0,0.000000000000,94,0.752000000000,15,0.120000000000
2619,Cr17Y94Zr17,128,3,"Cr,Y,Zr",17,0.132812500000,0,0.000000000000,94,0.734375000000,17,0.132812500000
2620,Cr16Y94Zr15,125,3,"Cr,Y,Zr",16,0.128000000000,0,0.000000000000,94,0.752000000000,15,0.120000000000
2621,Cr12Y89Zr14,115,3,"Cr,Y,Zr",12,0.104347826087,0,0.000000000000,89,0.773913043478,14,0.121739130435
2622,Cr15Y84Zr14,113,3,"Cr,Y,Zr",15,0.132743362832,0,0.000000000000,84,0.743362831858,14,0.123893805310
2623,Cr16Y95Zr16,127,3,"Cr,Y,Zr",16,0.125984251969,0,0.000000000000,95,0.748031496063,16,0.125984251969
2624,Cr16WY94Zr15,126,4,"Cr,W,Y,Zr",16,0.126984126984,1,0.007936507937,94,0.746031746032,15,0.119047619048
2625,Cr16Y94Zr15,125,3,"Cr,Y,Zr",16,0.128000000000,0,0.000000000000,94,0.752000000000,15,0.120000000000
2626,Cr16Y94Zr15,125,3,"Cr,Y,Zr",16,0.128000000000,0,0.000000000000,94,0.752000000000,15,0.120000000000
2627,Cr16Y94Zr15,125,3,"Cr,Y,Zr",16,0.128000000000,0,0.000000000000,94,0.752000000000,15,0.120000000000
2628,Cr16Y94Zr15,125,3,"Cr,Y,Zr",16,0.128000000000,0,0.000000000000,94,0.752000000000,15,0.120000000000
2629,Cr16Y95Zr16,127,3,"Cr,Y,Zr",16,0.125984251969,0,0.000000000000,95,0.748031496063,16,0.125984251969
2630,Cr16Y78Zr31,125,3,"Cr,Y,Zr",16,0.128000000000,0,0.000000000000,78,0.624000000000,31,0.248000000000
2631,Cr15Y77Zr28,120,3,"Cr,Y,Zr",15,0.125000000000,0,0.000000000000,77,0.641666666667,28,0.233333333333
2632,Cr16Y78Zr31,125,3,"Cr,Y,Zr",16,0.128000000000,0,0.000000000000,78,0.624000000000,31,0.248000000000
2633,Cr16WY94Zr15,126,4,"Cr,W,Y,Zr",16,0.126984126984,1,0.007936507937,94,0.746031746032,15,0.119047619048
2634,W96Y16Zr16,128,3,"W,Y,Zr",0,0.000000000000,96,0.750000000000,16,0.125000000000,16,0.125000000000
2635,Cr16Y78Zr31,125,3,"Cr,Y,Zr",16,0.128000000000,0,0.000000000000,78,0.624000000000,31,0.248000000000
2636,Cr15Y70Zr28,113,3,"Cr,Y,Zr",15,0.132743362832,0,0.000000000000,70,0.619469026549,28,0.247787610619
2637,Cr16WY78Zr32,127,4,"Cr,W,Y,Zr",16,0.125984251969,1,0.007874015748,78,0.614173228346,32,0.251968503937
2638,Cr16Y94Zr15,125,3,"Cr,Y,Zr",16,0.128000000000,0,0.000000000000,94,0.752000000000,15,0.120000000000
2639,W94Y16Zr15,125,3,"W,Y,Zr",0,0.000000000000,94,0.752000000000,16,0.128000000000,15,0.120000000000
2640,W94Y16Zr15,125,3,"W,Y,Zr",0,0.000000000000,94,0.752000000000,16,0.128000000000,15,0.120000000000
2641,W94Y16Zr15,125,3,"W,Y,Zr",0,0.000000000000,94,0.752000000000,16,0.128000000000,15,0.120000000000
2642,Cr16Y78Zr31,125,3,"Cr,Y,Zr",16,0.128000000000,0,0.000000000000,78,0.624000000000,31,0.248000000000
2643,Cr16Y78Zr31,125,3,"Cr,Y,Zr",16,0.128000000000,0,0.000000000000,78,0.624000000000,31,0.248000000000
2644,Cr16Y78Zr31,125,3,"Cr,Y,Zr",16,0.128000000000,0,0.000000000000,78,0.624000000000,31,0.248000000000
2645,Cr16Y78Zr31,125,3,"Cr,Y,Zr",16,0.128000000000,0,0.000000000000,78,0.624000000000,31,0.248000000000
2646,Cr16Y79Zr31,126,3,"Cr,Y,Zr",16,0.126984126984,0,0.000000000000,79,0.626984126984,31,0.246031746032
2647,Cr16WY94Zr15,126,4,"Cr,W,Y,Zr",16,0.126984126984,1,0.007936507937,94,0.746031746032,15,0.119047619048
2648,Cr16Y78Zr32,126,3,"Cr,Y,Zr",16,0.126984126984,0,0.000000000000,78,0.619047619048,32,0.253968253968
2649,Cr16Y78Zr31,125,3,"Cr,Y,Zr",16,0.128000000000,0,0.000000000000,78,0.624000000000,31,0.248000000000
2650,W94Y16Zr15,125,3,"W,Y,Zr",0,0.000000000000,94,0.752000000000,16,0.128000000000,15,0.120000000000
2651,W83Y15Zr15,113,3,"W,Y,Zr",0,0.000000000000,83,0.734513274336,15,0.132743362832,15,0.132743362832
2652,W94Y16Zr15,125,3,"W,Y,Zr",0,0.000000000000,94,0.752000000000,16,0.128000000000,15,0.120000000000
2653,W94Y16Zr15,125,3,"W,Y,Zr",0,0.000000000000,94,0.752000000000,16,0.128000000000,15,0.120000000000
2654,W94Y16Zr15,125,3,"W,Y,Zr",0,0.000000000000,94,0.752000000000,16,0.128000000000,15,0.120000000000
2655,W94Y16Zr15,125,3,"W,Y,Zr",0,0.000000000000,94,0.752000000000,16,0.128000000000,15,0.120000000000
2656,W94Y16Zr15,125,3,"W,Y,Zr",0,0.000000000000,94,0.752000000000,16,0.128000000000,15,0.120000000000
2657,W78Y16Zr31,125,3,"W,Y,Zr",0,0.000000000000,78,0.624000000000,16,0.128000000000,31,0.248000000000
2658,W78Y17Zr31,126,3,"W,Y,Zr",0,0.000000000000,78,0.619047619048,17,0.134920634921,31,0.246031746032
2659,CrW94Y16Zr15,126,4,"Cr,W,Y,Zr",1,0.007936507937,94,0.746031746032,16,0.126984126984,15,0.119047619048
2660,W96Y16Zr15,127,3,"W,Y,Zr",0,0.000000000000,96,0.755905511811,16,0.125984251969,15,0.118110236220
2661,W94Y16Zr15,125,3,"W,Y,Zr",0,0.000000000000,94,0.752000000000,16,0.128000000000,15,0.120000000000
2662,W78Y16Zr31,125,3,"W,Y,Zr",0,0.000000000000,78,0.624000000000,16,0.128000000000,31,0.248000000000
2663,W69Y15Zr30,114,3,"W,Y,Zr",0,0.000000000000,69,0.605263157895,15,0.131578947368,30,0.263157894737
2664,W78Y16Zr31,125,3,"W,Y,Zr",0,0.000000000000,78,0.624000000000,16,0.128000000000,31,0.248000000000
2665,W79Y16Zr32,127,3,"W,Y,Zr",0,0.000000000000,79,0.622047244094,16,0.125984251969,32,0.251968503937
2666,W78Y16Zr32,126,3,"W,Y,Zr",0,0.000000000000,78,0.619047619048,16,0.126984126984,32,0.253968253968
2667,W78Y16Zr31,125,3,"W,Y,Zr",0,0.000000000000,78,0.624000000000,16,0.128000000000,31,0.248000000000
2668,CrW78Y16Zr31,126,4,"Cr,W,Y,Zr",1,0.007936507937,78,0.619047619048,16,0.126984126984,31,0.246031746032
2669,W78Y16Zr31,125,3,"W,Y,Zr",0,0.000000000000,78,0.624000000000,16,0.128000000000,31,0.248000000000
2670,W78Y16Zr31,125,3,"W,Y,Zr",0,0.000000000000,78,0.624000000000,16,0.128000000000,31,0.248000000000
2671,W78Y16Zr31,125,3,"W,Y,Zr",0,0.000000000000,78,0.624000000000,16,0.128000000000,31,0.248000000000
2672,W78Y16Zr31,125,3,"W,Y,Zr",0,0.000000000000,78,0.624000000000,16,0.128000000000,31,0.248000000000
2673,W62Y16Zr47,125,3,"W,Y,Zr",0,0.000000000000,62,0.496000000000,16,0.128000000000,47,0.376000000000
2674,CrW62Y17Zr47,127,4,"Cr,W,Y,Zr",1,0.007874015748,62,0.488188976378,17,0.133858267717,47,0.370078740157
2675,W78Y16Zr32,126,3,"W,Y,Zr",0,0.000000000000,78,0.619047619048,16,0.126984126984,32,0.253968253968
2676,W62Y16Zr48,126,3,"W,Y,Zr",0,0.000000000000,62,0.492063492063,16,0.126984126984,48,0.380952380952
2677,W62Y16Zr47,125,3,"W,Y,Zr",0,0.000000000000,62,0.496000000000,16,0.128000000000,47,0.376000000000
2678,W58Y15Zr42,115,3,"W,Y,Zr",0,0.000000000000,58,0.504347826087,15,0.130434782609,42,0.365217391304
2679,W62Y16Zr49,127,3,"W,Y,Zr",0,0.000000000000,62,0.488188976378,16,0.125984251969,49,0.385826771654
2680,W62Y16Zr47,125,3,"W,Y,Zr",0,0.000000000000,62,0.496000000000,16,0.128000000000,47,0.376000000000
2681,W62Y16Zr47,125,3,"W,Y,Zr",0,0.000000000000,62,0.496000000000,16,0.128000000000,47,0.376000000000
2682,W62Y16Zr47,125,3,"W,Y,Zr",0,0.000000000000,62,0.496000000000,16,0.128000000000,47,0.376000000000
2683,W62Y16Zr47,125,3,"W,Y,Zr",0,0.000000000000,62,0.496000000000,16,0.128000000000,47,0.376000000000
2684,W62Y16Zr47,125,3,"W,Y,Zr",0,0.000000000000,62,0.496000000000,16,0.128000000000,47,0.376000000000
2685,W62Y16Zr47,125,3,"W,Y,Zr",0,0.000000000000,62,0.496000000000,16,0.128000000000,47,0.376000000000
2686,W62Y16Zr47,125,3,"W,Y,Zr",0,0.000000000000,62,0.496000000000,16,0.128000000000,47,0.376000000000
2687,W62Y16Zr47,125,3,"W,Y,Zr",0,0.000000000000,62,0.496000000000,16,0.128000000000,47,0.376000000000
2688,W56Y14Zr47,117,3,"W,Y,Zr",0,0.000000000000,56,0.478632478632,14,0.119658119658,47,0.401709401709
2689,W62Y16Zr47,125,3,"W,Y,Zr",0,0.000000000000,62,0.496000000000,16,0.128000000000,47,0.376000000000
2690,W47Y16Zr64,127,3,"W,Y,Zr",0,0.000000000000,47,0.370078740157,16,0.125984251969,64,0.503937007874
2691,W48Y16Zr62,126,3,"W,Y,Zr",0,0.000000000000,48,0.380952380952,16,0.126984126984,62,0.492063492063
2692,W47Y16Zr62,125,3,"W,Y,Zr",0,0.000000000000,47,0.376000000000,16,0.128000000000,62,0.496000000000
2693,CrW47Y16Zr62,126,4,"Cr,W,Y,Zr",1,0.007936507937,47,0.373015873016,16,0.126984126984,62,0.492063492063
2694,W45Y15Zr54,114,3,"W,Y,Zr",0,0.000000000000,45,0.394736842105,15,0.131578947368,54,0.473684210526
2695,W47Y17Zr62,126,3,"W,Y,Zr",0,0.000000000000,47,0.373015873016,17,0.134920634921,62,0.492063492063
2696,W47Y16Zr62,125,3,"W,Y,Zr",0,0.000000000000,47,0.376000000000,16,0.128000000000,62,0.496000000000
2697,W47Y16Zr62,125,3,"W,Y,Zr",0,0.000000000000,47,0.376000000000,16,0.128000000000,62,0.496000000000
2698,W47Y16Zr62,125,3,"W,Y,Zr",0,0.000000000000,47,0.376000000000,16,0.128000000000,62,0.496000000000
2699,W47Y16Zr63,126,3,"W,Y,Zr",0,0.000000000000,47,0.373015873016,16,0.126984126984,63,0.500000000000
2700,W47Y16Zr62,125,3,"W,Y,Zr",0,0.000000000000,47,0.376000000000,16,0.128000000000,62,0.496000000000
2701,W31Y16Zr78,125,3,"W,Y,Zr",0,0.000000000000,31,0.248000000000,16,0.128000000000,78,0.624000000000
2702,W31Y16Zr78,125,3,"W,Y,Zr",0,0.000000000000,31,0.248000000000,16,0.128000000000,78,0.624000000000
2703,W47Y16Zr62,125,3,"W,Y,Zr",0,0.000000000000,47,0.376000000000,16,0.128000000000,62,0.496000000000
2704,CrW47Y16Zr62,126,4,"Cr,W,Y,Zr",1,0.007936507937,47,0.373015873016,16,0.126984126984,62,0.492063492063
2705,W47Y16Zr62,125,3,"W,Y,Zr",0,0.000000000000,47,0.376000000000,16,0.128000000000,62,0.496000000000
2706,W47Y16Zr62,125,3,"W,Y,Zr",0,0.000000000000,47,0.376000000000,16,0.128000000000,62,0.496000000000
2707,W47Y16Zr62,125,3,"W,Y,Zr",0,0.000000000000,47,0.376000000000,16,0.128000000000,62,0.496000000000
2708,W39Y15Zr60,114,3,"W,Y,Zr",0,0.000000000000,39,0.342105263158,15,0.131578947368,60,0.526315789474
2709,W47Y16Zr63,126,3,"W,Y,Zr",0,0.000000000000,47,0.373015873016,16,0.126984126984,63,0.500000000000
2710,W31Y16Zr78,125,3,"W,Y,Zr",0,0.000000000000,31,0.248000000000,16,0.128000000000,78,0.624000000000
2711,W31Y16Zr78,125,3,"W,Y,Zr",0,0.000000000000,31,0.248000000000,16,0.128000000000,78,0.624000000000
2712,W31Y15Zr73,119,3,"W,Y,Zr",0,0.000000000000,31,0.260504201681,15,0.126050420168,73,0.613445378151
2713,CrW31Y17Zr78,127,4,"Cr,W,Y,Zr",1,0.007874015748,31,0.244094488189,17,0.133858267717,78,0.614173228346
2714,W31Y16Zr78,125,3,"W,Y,Zr",0,0.000000000000,31,0.248000000000,16,0.128000000000,78,0.624000000000
2715,W31Y16Zr78,125,3,"W,Y,Zr",0,0.000000000000,31,0.248000000000,16,0.128000000000,78,0.624000000000
2716,W31Y16Zr78,125,3,"W,Y,Zr",0,0.000000000000,31,0.248000000000,16,0.128000000000,78,0.624000000000
2717,W26Y14Zr76,116,3,"W,Y,Zr",0,0.000000000000,26,0.224137931034,14,0.120689655172,76,0.655172413793
2718,W31Y15Zr68,114,3,"W,Y,Zr",0,0.000000000000,31,0.271929824561,15,0.131578947368,68,0.596491228070
2719,W31Y16Zr78,125,3,"W,Y,Zr",0,0.000000000000,31,0.248000000000,16,0.128000000000,78,0.624000000000
2720,CrW31Y16Zr78,126,4,"Cr,W,Y,Zr",1,0.007936507937,31,0.246031746032,16,0.126984126984,78,0.619047619048
2721,W31Y17Zr78,126,3,"W,Y,Zr",0,0.000000000000,31,0.246031746032,17,0.134920634921,78,0.619047619048
2722,W16Y15Zr94,125,3,"W,Y,Zr",0,0.000000000000,16,0.128000000000,15,0.120000000000,94,0.752000000000
2723,W16Y15Zr94,125,3,"W,Y,Zr",0,0.000000000000,16,0.128000000000,15,0.120000000000,94,0.752000000000
2724,W31Y16Zr78,125,3,"W,Y,Zr",0,0.000000000000,31,0.248000000000,16,0.128000000000,78,0.624000000000
2725,CrW16Y15Zr94,126,4,"Cr,W,Y,Zr",1,0.007936507937,16,0.126984126984,15,0.119047619048,94,0.746031746032
2726,W16Y15Zr94,125,3,"W,Y,Zr",0,0.000000000000,16,0.128000000000,15,0.120000000000,94,0.752000000000
2727,W16Y15Zr94,125,3,"W,Y,Zr",0,0.000000000000,16,0.128000000000,15,0.120000000000,94,0.752000000000
2728,W16Y15Zr94,125,3,"W,Y,Zr",0,0.000000000000,16,0.128000000000,15,0.120000000000,94,0.752000000000
2729,W17Y16Zr95,128,3,"W,Y,Zr",0,0.000000000000,17,0.132812500000,16,0.125000000000,95,0.742187500000
2730,W15Y16Zr82,113,3,"W,Y,Zr",0,0.000000000000,15,0.132743362832,16,0.141592920354,82,0.725663716814
2731,W16Y16Zr93,125,3,"W,Y,Zr",0,0.000000000000,16,0.128000000000,16,0.128000000000,93,0.744000000000
2732,W16Y16Zr93,125,3,"W,Y,Zr",0,0.000000000000,16,0.128000000000,16,0.128000000000,93,0.744000000000
2733,W16Y15Zr94,125,3,"W,Y,Zr",0,0.000000000000,16,0.128000000000,15,0.120000000000,94,0.752000000000
2734,W16Y16Zr93,125,3,"W,Y,Zr",0,0.000000000000,16,0.128000000000,16,0.128000000000,93,0.744000000000
2735,W16Y16Zr93,125,3,"W,Y,Zr",0,0.000000000000,16,0.128000000000,16,0.128000000000,93,0.744000000000
2736,W16Y16Zr93,125,3,"W,Y,Zr",0,0.000000000000,16,0.128000000000,16,0.128000000000,93,0.744000000000
2737,W18Y16Zr93,127,3,"W,Y,Zr",0,0.000000000000,18,0.141732283465,16,0.125984251969,93,0.732283464567
2738,W78Y31Zr16,125,3,"W,Y,Zr",0,0.000000000000,78,0.624000000000,31,0.248000000000,16,0.128000000000
2739,W79Y31Zr17,127,3,"W,Y,Zr",0,0.000000000000,79,0.622047244094,31,0.244094488189,17,0.133858267717
2740,W78Y31Zr16,125,3,"W,Y,Zr",0,0.000000000000,78,0.624000000000,31,0.248000000000,16,0.128000000000
2741,W78Y31Zr16,125,3,"W,Y,Zr",0,0.000000000000,78,0.624000000000,31,0.248000000000,16,0.128000000000
2742,CrW78Y31Zr16,126,4,"Cr,W,Y,Zr",1,0.007936507937,78,0.619047619048,31,0.246031746032,16,0.126984126984
2743,W78Y31Zr16,125,3,"W,Y,Zr",0,0.000000000000,78,0.624000000000,31,0.248000000000,16,0.128000000000
2744,Cr2W78Y31Zr16,127,4,"Cr,W,Y,Zr",2,0.015748031496,78,0.614173228346,31,0.244094488189,16,0.125984251969
2745,W78Y31Zr16,125,3,"W,Y,Zr",0,0.000000000000,78,0.624000000000,31,0.248000000000,16,0.128000000000
2746,W78Y31Zr16,125,3,"W,Y,Zr",0,0.000000000000,78,0.624000000000,31,0.248000000000,16,0.128000000000
2747,W78Y31Zr16,125,3,"W,Y,Zr",0,0.000000000000,78,0.624000000000,31,0.248000000000,16,0.128000000000
2748,W70Y30Zr16,116,3,"W,Y,Zr",0,0.000000000000,70,0.603448275862,30,0.258620689655,16,0.137931034483
2749,W78Y31Zr16,125,3,"W,Y,Zr",0,0.000000000000,78,0.624000000000,31,0.248000000000,16,0.128000000000
2750,W78Y31Zr16,125,3,"W,Y,Zr",0,0.000000000000,78,0.624000000000,31,0.248000000000,16,0.128000000000
2751,W78Y31Zr16,125,3,"W,Y,Zr",0,0.000000000000,78,0.624000000000,31,0.248000000000,16,0.128000000000
2752,W78Y31Zr16,125,3,"W,Y,Zr",0,0.000000000000,78,0.624000000000,31,0.248000000000,16,0.128000000000
2753,W78Y31Zr16,125,3,"W,Y,Zr",0,0.000000000000,78,0.624000000000,31,0.248000000000,16,0.128000000000
2754,W78Y31Zr16,125,3,"W,Y,Zr",0,0.000000000000,78,0.624000000000,31,0.248000000000,16,0.128000000000
2755,W68Y29Zr16,113,3,"W,Y,Zr",0,0.000000000000,68,0.601769911504,29,0.256637168142,16,0.141592920354
2756,W78Y31Zr16,125,3,"W,Y,Zr",0,0.000000000000,78,0.624000000000,31,0.248000000000,16,0.128000000000
2757,W63Y31Zr31,125,3,"W,Y,Zr",0,0.000000000000,63,0.504000000000,31,0.248000000000,31,0.248000000000
2758,W63Y31Zr31,125,3,"W,Y,Zr",0,0.000000000000,63,0.504000000000,31,0.248000000000,31,0.248000000000
2759,W63Y31Zr31,125,3,"W,Y,Zr",0,0.000000000000,63,0.504000000000,31,0.248000000000,31,0.248000000000
2760,CrW63Y31Zr31,126,4,"Cr,W,Y,Zr",1,0.007936507937,63,0.500000000000,31,0.246031746032,31,0.246031746032
2761,W56Y30Zr28,114,3,"W,Y,Zr",0,0.000000000000,56,0.491228070175,30,0.263157894737,28,0.245614035088
2762,CrW63Y31Zr31,126,4,"Cr,W,Y,Zr",1,0.007936507937,63,0.500000000000,31,0.246031746032,31,0.246031746032
2763,W63Y31Zr31,125,3,"W,Y,Zr",0,0.000000000000,63,0.504000000000,31,0.248000000000,31,0.248000000000
2764,W63Y31Zr31,125,3,"W,Y,Zr",0,0.000000000000,63,0.504000000000,31,0.248000000000,31,0.248000000000
2765,W62Y31Zr33,126,3,"W,Y,Zr",0,0.000000000000,62,0.492063492063,31,0.246031746032,33,0.261904761905
2766,W62Y31Zr32,125,3,"W,Y,Zr",0,0.000000000000,62,0.496000000000,31,0.248000000000,32,0.256000000000
2767,W62Y31Zr32,125,3,"W,Y,Zr",0,0.000000000000,62,0.496000000000,31,0.248000000000,32,0.256000000000
2768,W54Y30Zr32,116,3,"W,Y,Zr",0,0.000000000000,54,0.465517241379,30,0.258620689655,32,0.275862068966
2769,Cr3W62Y31Zr32,128,4,"Cr,W,Y,Zr",3,0.023437500000,62,0.484375000000,31,0.242187500000,32,0.250000000000
2770,W62Y31Zr32,125,3,"W,Y,Zr",0,0.000000000000,62,0.496000000000,31,0.248000000000,32,0.256000000000
2771,W47Y31Zr47,125,3,"W,Y,Zr",0,0.000000000000,47,0.376000000000,31,0.248000000000,47,0.376000000000
2772,W47Y32Zr47,126,3,"W,Y,Zr",0,0.000000000000,47,0.373015873016,32,0.253968253968,47,0.373015873016
2773,W47Y31Zr47,125,3,"W,Y,Zr",0,0.000000000000,47,0.376000000000,31,0.248000000000,47,0.376000000000
2774,CrW47Y31Zr47,126,4,"Cr,W,Y,Zr",1,0.007936507937,47,0.373015873016,31,0.246031746032,47,0.373015873016
2775,W31Y31Zr63,125,3,"W,Y,Zr",0,0.000000000000,31,0.248000000000,31,0.248000000000,63,0.504000000000
2776,W47Y31Zr47,125,3,"W,Y,Zr",0,0.000000000000,47,0.376000000000,31,0.248000000000,47,0.376000000000
2777,CrW47Y31Zr48,127,4,"Cr,W,Y,Zr",1,0.007874015748,47,0.370078740157,31,0.244094488189,48,0.377952755906
2778,W47Y31Zr47,125,3,"W,Y,Zr",0,0.000000000000,47,0.376000000000,31,0.248000000000,47,0.376000000000
2779,W47Y31Zr47,125,3,"W,Y,Zr",0,0.000000000000,47,0.376000000000,31,0.248000000000,47,0.376000000000
2780,W31Y31Zr63,125,3,"W,Y,Zr",0,0.000000000000,31,0.248000000000,31,0.248000000000,63,0.504000000000
2781,W31Y31Zr63,125,3,"W,Y,Zr",0,0.000000000000,31,0.248000000000,31,0.248000000000,63,0.504000000000
2782,W32Y31Zr64,127,3,"W,Y,Zr",0,0.000000000000,32,0.251968503937,31,0.244094488189,64,0.503937007874
2783,W31Y32Zr63,126,3,"W,Y,Zr",0,0.000000000000,31,0.246031746032,32,0.253968253968,63,0.500000000000
2784,W31Y31Zr63,125,3,"W,Y,Zr",0,0.000000000000,31,0.248000000000,31,0.248000000000,63,0.504000000000
2785,W31Y30Zr56,117,3,"W,Y,Zr",0,0.000000000000,31,0.264957264957,30,0.256410256410,56,0.478632478632
2786,CrW31Y32Zr63,127,4,"Cr,W,Y,Zr",1,0.007874015748,31,0.244094488189,32,0.251968503937,63,0.496062992126
2787,W47Y31Zr47,125,3,"W,Y,Zr",0,0.000000000000,47,0.376000000000,31,0.248000000000,47,0.376000000000
2788,W47Y31Zr47,125,3,"W,Y,Zr",0,0.000000000000,47,0.376000000000,31,0.248000000000,47,0.376000000000
2789,W47Y31Zr47,125,3,"W,Y,Zr",0,0.000000000000,47,0.376000000000,31,0.248000000000,47,0.376000000000
2790,W46Y28Zr42,116,3,"W,Y,Zr",0,0.000000000000,46,0.396551724138,28,0.241379310345,42,0.362068965517
2791,W47Y31Zr47,125,3,"W,Y,Zr",0,0.000000000000,47,0.376000000000,31,0.248000000000,47,0.376000000000
2792,W41Y31Zr41,113,3,"W,Y,Zr",0,0.000000000000,41,0.362831858407,31,0.274336283186,41,0.362831858407
2793,W48Y31Zr48,127,3,"W,Y,Zr",0,0.000000000000,48,0.377952755906,31,0.244094488189,48,0.377952755906
2794,CrW47Y31Zr47,126,4,"Cr,W,Y,Zr",1,0.007936507937,47,0.373015873016,31,0.246031746032,47,0.373015873016
2795,CrW62Y31Zr32,126,4,"Cr,W,Y,Zr",1,0.007936507937,62,0.492063492063,31,0.246031746032,32,0.253968253968
2796,W16Y31Zr78,125,3,"W,Y,Zr",0,0.000000000000,16,0.128000000000,31,0.248000000000,78,0.624000000000
2797,W16Y31Zr78,125,3,"W,Y,Zr",0,0.000000000000,16,0.128000000000,31,0.248000000000,78,0.624000000000
2798,W16Y31Zr78,125,3,"W,Y,Zr",0,0.000000000000,16,0.128000000000,31,0.248000000000,78,0.624000000000
2799,W14Y28Zr71,113,3,"W,Y,Zr",0,0.000000000000,14,0.123893805310,28,0.247787610619,71,0.628318584071
2800,W16Y31Zr78,125,3,"W,Y,Zr",0,0.000000000000,16,0.128000000000,31,0.248000000000,78,0.624000000000
2801,W32Y31Zr64,127,3,"W,Y,Zr",0,0.000000000000,32,0.251968503937,31,0.244094488189,64,0.503937007874
2802,W48Y31Zr47,126,3,"W,Y,Zr",0,0.000000000000,48,0.380952380952,31,0.246031746032,47,0.373015873016
2803,W27Y30Zr58,115,3,"W,Y,Zr",0,0.000000000000,27,0.234782608696,30,0.260869565217,58,0.504347826087
2804,W31Y31Zr63,125,3,"W,Y,Zr",0,0.000000000000,31,0.248000000000,31,0.248000000000,63,0.504000000000
2805,W31Y31Zr63,125,3,"W,Y,Zr",0,0.000000000000,31,0.248000000000,31,0.248000000000,63,0.504000000000
2806,W31Y27Zr59,117,3,"W,Y,Zr",0,0.000000000000,31,0.264957264957,27,0.230769230769,59,0.504273504274
2807,W31Y31Zr63,125,3,"W,Y,Zr",0,0.000000000000,31,0.248000000000,31,0.248000000000,63,0.504000000000
2808,W16Y32Zr78,126,3,"W,Y,Zr",0,0.000000000000,16,0.126984126984,32,0.253968253968,78,0.619047619048
2809,W31Y31Zr63,125,3,"W,Y,Zr",0,0.000000000000,31,0.248000000000,31,0.248000000000,63,0.504000000000
2810,W31Y31Zr63,125,3,"W,Y,Zr",0,0.000000000000,31,0.248000000000,31,0.248000000000,63,0.504000000000
2811,W31Y31Zr65,127,3,"W,Y,Zr",0,0.000000000000,31,0.244094488189,31,0.244094488189,65,0.511811023622
2812,W32Y31Zr63,126,3,"W,Y,Zr",0,0.000000000000,32,0.253968253968,31,0.246031746032,63,0.500000000000
2813,W16Y31Zr78,125,3,"W,Y,Zr",0,0.000000000000,16,0.128000000000,31,0.248000000000,78,0.624000000000
2814,W16Y31Zr78,125,3,"W,Y,Zr",0,0.000000000000,16,0.128000000000,31,0.248000000000,78,0.624000000000
2815,W16Y31Zr78,125,3,"W,Y,Zr",0,0.000000000000,16,0.128000000000,31,0.248000000000,78,0.624000000000
2816,CrW62Y48Zr16,127,4,"Cr,W,Y,Zr",1,0.007874015748,62,0.488188976378,48,0.377952755906,16,0.125984251969
2817,W16Y31Zr78,125,3,"W,Y,Zr",0,0.000000000000,16,0.128000000000,31,0.248000000000,78,0.624000000000
2818,W16Y31Zr78,125,3,"W,Y,Zr",0,0.000000000000,16,0.128000000000,31,0.248000000000,78,0.624000000000
2819,W16Y31Zr78,125,3,"W,Y,Zr",0,0.000000000000,16,0.128000000000,31,0.248000000000,78,0.624000000000
2820,W16Y31Zr78,125,3,"W,Y,Zr",0,0.000000000000,16,0.128000000000,31,0.248000000000,78,0.624000000000
2821,W16Y31Zr80,127,3,"W,Y,Zr",0,0.000000000000,16,0.125984251969,31,0.244094488189,80,0.629921259843
2822,CrW16Y31Zr78,126,4,"Cr,W,Y,Zr",1,0.007936507937,16,0.126984126984,31,0.246031746032,78,0.619047619048
2823,W12Y28Zr74,114,3,"W,Y,Zr",0,0.000000000000,12,0.105263157895,28,0.245614035088,74,0.649122807018
2824,W16Y31Zr78,125,3,"W,Y,Zr",0,0.000000000000,16,0.128000000000,31,0.248000000000,78,0.624000000000
2825,W62Y47Zr16,125,3,"W,Y,Zr",0,0.000000000000,62,0.496000000000,47,0.376000000000,16,0.128000000000
2826,W62Y47Zr16,125,3,"W,Y,Zr",0,0.000000000000,62,0.496000000000,47,0.376000000000,16,0.128000000000
2827,W62Y47Zr16,125,3,"W,Y,Zr",0,0.000000000000,62,0.496000000000,47,0.376000000000,16,0.128000000000
2828,W62Y47Zr16,125,3,"W,Y,Zr",0,0.000000000000,62,0.496000000000,47,0.376000000000,16,0.128000000000
2829,W62Y47Zr16,125,3,"W,Y,Zr",0,0.000000000000,62,0.496000000000,47,0.376000000000,16,0.128000000000
2830,W62Y47Zr16,125,3,"W,Y,Zr",0,0.000000000000,62,0.496000000000,47,0.376000000000,16,0.128000000000
2831,W62Y47Zr16,125,3,"W,Y,Zr",0,0.000000000000,62,0.496000000000,47,0.376000000000,16,0.128000000000
2832,W62Y47Zr16,125,3,"W,Y,Zr",0,0.000000000000,62,0.496000000000,47,0.376000000000,16,0.128000000000
2833,W62Y47Zr16,125,3,"W,Y,Zr",0,0.000000000000,62,0.496000000000,47,0.376000000000,16,0.128000000000
2834,W64Y47Zr17,128,3,"W,Y,Zr",0,0.000000000000,64,0.500000000000,47,0.367187500000,17,0.132812500000
2835,W62Y47Zr17,126,3,"W,Y,Zr",0,0.000000000000,62,0.492063492063,47,0.373015873016,17,0.134920634921
2836,W62Y47Zr16,125,3,"W,Y,Zr",0,0.000000000000,62,0.496000000000,47,0.376000000000,16,0.128000000000
2837,W62Y47Zr16,125,3,"W,Y,Zr",0,0.000000000000,62,0.496000000000,47,0.376000000000,16,0.128000000000
2838,W62Y47Zr16,125,3,"W,Y,Zr",0,0.000000000000,62,0.496000000000,47,0.376000000000,16,0.128000000000
2839,W54Y44Zr16,114,3,"W,Y,Zr",0,0.000000000000,54,0.473684210526,44,0.385964912281,16,0.140350877193
2840,W62Y47Zr16,125,3,"W,Y,Zr",0,0.000000000000,62,0.496000000000,47,0.376000000000,16,0.128000000000
2841,W47Y47Zr31,125,3,"W,Y,Zr",0,0.000000000000,47,0.376000000000,47,0.376000000000,31,0.248000000000
2842,W47Y47Zr31,125,3,"W,Y,Zr",0,0.000000000000,47,0.376000000000,47,0.376000000000,31,0.248000000000
2843,W47Y47Zr31,125,3,"W,Y,Zr",0,0.000000000000,47,0.376000000000,47,0.376000000000,31,0.248000000000
2844,W46Y42Zr28,116,3,"W,Y,Zr",0,0.000000000000,46,0.396551724138,42,0.362068965517,28,0.241379310345
2845,W48Y47Zr31,126,3,"W,Y,Zr",0,0.000000000000,48,0.380952380952,47,0.373015873016,31,0.246031746032
2846,W47Y47Zr31,125,3,"W,Y,Zr",0,0.000000000000,47,0.376000000000,47,0.376000000000,31,0.248000000000
2847,W47Y47Zr31,125,3,"W,Y,Zr",0,0.000000000000,47,0.376000000000,47,0.376000000000,31,0.248000000000
2848,W47Y47Zr31,125,3,"W,Y,Zr",0,0.000000000000,47,0.376000000000,47,0.376000000000,31,0.248000000000
2849,W44Y42Zr27,113,3,"W,Y,Zr",0,0.000000000000,44,0.389380530973,42,0.371681415929,27,0.238938053097
2850,W48Y47Zr31,126,3,"W,Y,Zr",0,0.000000000000,48,0.380952380952,47,0.373015873016,31,0.246031746032
2851,W31Y47Zr47,125,3,"W,Y,Zr",0,0.000000000000,31,0.248000000000,47,0.376000000000,47,0.376000000000
2852,W47Y47Zr31,125,3,"W,Y,Zr",0,0.000000000000,47,0.376000000000,47,0.376000000000,31,0.248000000000
2853,W40Y46Zr29,115,3,"W,Y,Zr",0,0.000000000000,40,0.347826086957,46,0.400000000000,29,0.252173913043
2854,CrW47Y47Zr31,126,4,"Cr,W,Y,Zr",1,0.007936507937,47,0.373015873016,47,0.373015873016,31,0.246031746032
2855,W47Y47Zr31,125,3,"W,Y,Zr",0,0.000000000000,47,0.376000000000,47,0.376000000000,31,0.248000000000
2856,W47Y47Zr31,125,3,"W,Y,Zr",0,0.000000000000,47,0.376000000000,47,0.376000000000,31,0.248000000000
2857,W48Y47Zr31,126,3,"W,Y,Zr",0,0.000000000000,48,0.380952380952,47,0.373015873016,31,0.246031746032
2858,W31Y47Zr47,125,3,"W,Y,Zr",0,0.000000000000,31,0.248000000000,47,0.376000000000,47,0.376000000000
2859,W31Y47Zr47,125,3,"W,Y,Zr",0,0.000000000000,31,0.248000000000,47,0.376000000000,47,0.376000000000
2860,W29Y46Zr43,118,3,"W,Y,Zr",0,0.000000000000,29,0.245762711864,46,0.389830508475,43,0.364406779661
2861,W31Y47Zr47,125,3,"W,Y,Zr",0,0.000000000000,31,0.248000000000,47,0.376000000000,47,0.376000000000
2862,W31Y47Zr47,125,3,"W,Y,Zr",0,0.000000000000,31,0.248000000000,47,0.376000000000,47,0.376000000000
2863,W15Y41Zr57,113,3,"W,Y,Zr",0,0.000000000000,15,0.132743362832,41,0.362831858407,57,0.504424778761
2864,W16Y47Zr63,126,3,"W,Y,Zr",0,0.000000000000,16,0.126984126984,47,0.373015873016,63,0.500000000000
2865,W31Y47Zr47,125,3,"W,Y,Zr",0,0.000000000000,31,0.248000000000,47,0.376000000000,47,0.376000000000
2866,W29Y41Zr43,113,3,"W,Y,Zr",0,0.000000000000,29,0.256637168142,41,0.362831858407,43,0.380530973451
2867,W31Y48Zr47,126,3,"W,Y,Zr",0,0.000000000000,31,0.246031746032,48,0.380952380952,47,0.373015873016
2868,W31Y47Zr47,125,3,"W,Y,Zr",0,0.000000000000,31,0.248000000000,47,0.376000000000,47,0.376000000000
2869,W31Y48Zr47,126,3,"W,Y,Zr",0,0.000000000000,31,0.246031746032,48,0.380952380952,47,0.373015873016
2870,W31Y47Zr47,125,3,"W,Y,Zr",0,0.000000000000,31,0.248000000000,47,0.376000000000,47,0.376000000000
2871,W31Y47Zr47,125,3,"W,Y,Zr",0,0.000000000000,31,0.248000000000,47,0.376000000000,47,0.376000000000
2872,W31Y47Zr47,125,3,"W,Y,Zr",0,0.000000000000,31,0.248000000000,47,0.376000000000,47,0.376000000000
2873,CrW31Y47Zr47,126,4,"Cr,W,Y,Zr",1,0.007936507937,31,0.246031746032,47,0.373015873016,47,0.373015873016
2874,W31Y47Zr47,125,3,"W,Y,Zr",0,0.000000000000,31,0.248000000000,47,0.376000000000,47,0.376000000000
2875,W16Y47Zr62,125,3,"W,Y,Zr",0,0.000000000000,16,0.128000000000,47,0.376000000000,62,0.496000000000
2876,W16Y47Zr62,125,3,"W,Y,Zr",0,0.000000000000,16,0.128000000000,47,0.376000000000,62,0.496000000000
2877,W16Y47Zr62,125,3,"W,Y,Zr",0,0.000000000000,16,0.128000000000,47,0.376000000000,62,0.496000000000
2878,W16Y47Zr62,125,3,"W,Y,Zr",0,0.000000000000,16,0.128000000000,47,0.376000000000,62,0.496000000000
2879,W16Y47Zr62,125,3,"W,Y,Zr",0,0.000000000000,16,0.128000000000,47,0.376000000000,62,0.496000000000
2880,W16Y47Zr62,125,3,"W,Y,Zr",0,0.000000000000,16,0.128000000000,47,0.376000000000,62,0.496000000000
2881,W16Y48Zr63,127,3,"W,Y,Zr",0,0.000000000000,16,0.125984251969,48,0.377952755906,63,0.496062992126
2882,W16Y47Zr62,125,3,"W,Y,Zr",0,0.000000000000,16,0.128000000000,47,0.376000000000,62,0.496000000000
2883,W16Y47Zr62,125,3,"W,Y,Zr",0,0.000000000000,16,0.128000000000,47,0.376000000000,62,0.496000000000
2884,W16Y47Zr62,125,3,"W,Y,Zr",0,0.000000000000,16,0.128000000000,47,0.376000000000,62,0.496000000000
2885,W16Y47Zr62,125,3,"W,Y,Zr",0,0.000000000000,16,0.128000000000,47,0.376000000000,62,0.496000000000
2886,W16Y47Zr62,125,3,"W,Y,Zr",0,0.000000000000,16,0.128000000000,47,0.376000000000,62,0.496000000000
2887,W16Y47Zr62,125,3,"W,Y,Zr",0,0.000000000000,16,0.128000000000,47,0.376000000000,62,0.496000000000
2888,W16Y47Zr62,125,3,"W,Y,Zr",0,0.000000000000,16,0.128000000000,47,0.376000000000,62,0.496000000000
2889,W14Y43Zr59,116,3,"W,Y,Zr",0,0.000000000000,14,0.120689655172,43,0.370689655172,59,0.508620689655
2890,W16Y47Zr62,125,3,"W,Y,Zr",0,0.000000000000,16,0.128000000000,47,0.376000000000,62,0.496000000000
2891,W47Y62Zr16,125,3,"W,Y,Zr",0,0.000000000000,47,0.376000000000,62,0.496000000000,16,0.128000000000
2892,W47Y62Zr16,125,3,"W,Y,Zr",0,0.000000000000,47,0.376000000000,62,0.496000000000,16,0.128000000000
2893,W47Y62Zr16,125,3,"W,Y,Zr",0,0.000000000000,47,0.376000000000,62,0.496000000000,16,0.128000000000
2894,W46Y56Zr11,113,3,"W,Y,Zr",0,0.000000000000,46,0.407079646018,56,0.495575221239,11,0.097345132743
2895,W47Y62Zr16,125,3,"W,Y,Zr",0,0.000000000000,47,0.376000000000,62,0.496000000000,16,0.128000000000
2896,W39Y58Zr16,113,3,"W,Y,Zr",0,0.000000000000,39,0.345132743363,58,0.513274336283,16,0.141592920354
2897,W47Y62Zr16,125,3,"W,Y,Zr",0,0.000000000000,47,0.376000000000,62,0.496000000000,16,0.128000000000
2898,W47Y62Zr16,125,3,"W,Y,Zr",0,0.000000000000,47,0.376000000000,62,0.496000000000,16,0.128000000000
2899,W45Y53Zr15,113,3,"W,Y,Zr",0,0.000000000000,45,0.398230088496,53,0.469026548673,15,0.132743362832
2900,W47Y62Zr17,126,3,"W,Y,Zr",0,0.000000000000,47,0.373015873016,62,0.492063492063,17,0.134920634921
2901,W47Y62Zr16,125,3,"W,Y,Zr",0,0.000000000000,47,0.376000000000,62,0.496000000000,16,0.128000000000
2902,W47Y62Zr16,125,3,"W,Y,Zr",0,0.000000000000,47,0.376000000000,62,0.496000000000,16,0.128000000000
2903,W47Y62Zr17,126,3,"W,Y,Zr",0,0.000000000000,47,0.373015873016,62,0.492063492063,17,0.134920634921
2904,W31Y64Zr32,127,3,"W,Y,Zr",0,0.000000000000,31,0.244094488189,64,0.503937007874,32,0.251968503937
2905,W47Y62Zr16,125,3,"W,Y,Zr",0,0.000000000000,47,0.376000000000,62,0.496000000000,16,0.128000000000
2906,W47Y62Zr16,125,3,"W,Y,Zr",0,0.000000000000,47,0.376000000000,62,0.496000000000,16,0.128000000000
2907,CrW47Y63Zr16,127,4,"Cr,W,Y,Zr",1,0.007874015748,47,0.370078740157,63,0.496062992126,16,0.125984251969
2908,CrW47Y62Zr16,126,4,"Cr,W,Y,Zr",1,0.007936507937,47,0.373015873016,62,0.492063492063,16,0.126984126984
2909,W31Y63Zr31,125,3,"W,Y,Zr",0,0.000000000000,31,0.248000000000,63,0.504000000000,31,0.248000000000
2910,W31Y57Zr27,115,3,"W,Y,Zr",0,0.000000000000,31,0.269565217391,57,0.495652173913,27,0.234782608696
2911,W31Y63Zr31,125,3,"W,Y,Zr",0,0.000000000000,31,0.248000000000,63,0.504000000000,31,0.248000000000
2912,W31Y63Zr31,125,3,"W,Y,Zr",0,0.000000000000,31,0.248000000000,63,0.504000000000,31,0.248000000000
2913,W31Y63Zr31,125,3,"W,Y,Zr",0,0.000000000000,31,0.248000000000,63,0.504000000000,31,0.248000000000
2914,W31Y63Zr31,125,3,"W,Y,Zr",0,0.000000000000,31,0.248000000000,63,0.504000000000,31,0.248000000000
2915,W28Y58Zr31,117,3,"W,Y,Zr",0,0.000000000000,28,0.239316239316,58,0.495726495726,31,0.264957264957
2916,W31Y65Zr32,128,3,"W,Y,Zr",0,0.000000000000,31,0.242187500000,65,0.507812500000,32,0.250000000000
2917,CrW31Y63Zr32,127,4,"Cr,W,Y,Zr",1,0.007874015748,31,0.244094488189,63,0.496062992126,32,0.251968503937
2918,W31Y62Zr32,125,3,"W,Y,Zr",0,0.000000000000,31,0.248000000000,62,0.496000000000,32,0.256000000000
2919,W26Y57Zr32,115,3,"W,Y,Zr",0,0.000000000000,26,0.226086956522,57,0.495652173913,32,0.278260869565
2920,W31Y62Zr32,125,3,"W,Y,Zr",0,0.000000000000,31,0.248000000000,62,0.496000000000,32,0.256000000000
2921,W31Y62Zr32,125,3,"W,Y,Zr",0,0.000000000000,31,0.248000000000,62,0.496000000000,32,0.256000000000
2922,W29Y58Zr27,114,3,"W,Y,Zr",0,0.000000000000,29,0.254385964912,58,0.508771929825,27,0.236842105263
2923,W32Y62Zr32,126,3,"W,Y,Zr",0,0.000000000000,32,0.253968253968,62,0.492063492063,32,0.253968253968
2924,W31Y62Zr32,125,3,"W,Y,Zr",0,0.000000000000,31,0.248000000000,62,0.496000000000,32,0.256000000000
2925,W32Y62Zr32,126,3,"W,Y,Zr",0,0.000000000000,32,0.253968253968,62,0.492063492063,32,0.253968253968
2926,W16Y62Zr47,125,3,"W,Y,Zr",0,0.000000000000,16,0.128000000000,62,0.496000000000,47,0.376000000000
2927,W16Y62Zr49,127,3,"W,Y,Zr",0,0.000000000000,16,0.125984251969,62,0.488188976378,49,0.385826771654
2928,W16Y62Zr47,125,3,"W,Y,Zr",0,0.000000000000,16,0.128000000000,62,0.496000000000,47,0.376000000000
2929,W16Y62Zr47,125,3,"W,Y,Zr",0,0.000000000000,16,0.128000000000,62,0.496000000000,47,0.376000000000
2930,W16Y62Zr47,125,3,"W,Y,Zr",0,0.000000000000,16,0.128000000000,62,0.496000000000,47,0.376000000000
2931,W16Y63Zr47,126,3,"W,Y,Zr",0,0.000000000000,16,0.126984126984,63,0.500000000000,47,0.373015873016
2932,W16Y62Zr47,125,3,"W,Y,Zr",0,0.000000000000,16,0.128000000000,62,0.496000000000,47,0.376000000000
2933,W16Y62Zr47,125,3,"W,Y,Zr",0,0.000000000000,16,0.128000000000,62,0.496000000000,47,0.376000000000
2934,W13Y56Zr44,113,3,"W,Y,Zr",0,0.000000000000,13,0.115044247788,56,0.495575221239,44,0.389380530973
2935,W16Y62Zr47,125,3,"W,Y,Zr",0,0.000000000000,16,0.128000000000,62,0.496000000000,47,0.376000000000
2936,W16Y62Zr47,125,3,"W,Y,Zr",0,0.000000000000,16,0.128000000000,62,0.496000000000,47,0.376000000000
2937,W16Y62Zr47,125,3,"W,Y,Zr",0,0.000000000000,16,0.128000000000,62,0.496000000000,47,0.376000000000
2938,W17Y62Zr47,126,3,"W,Y,Zr",0,0.000000000000,17,0.134920634921,62,0.492063492063,47,0.373015873016
2939,W16Y62Zr47,125,3,"W,Y,Zr",0,0.000000000000,16,0.128000000000,62,0.496000000000,47,0.376000000000
2940,W16Y59Zr40,115,3,"W,Y,Zr",0,0.000000000000,16,0.139130434783,59,0.513043478261,40,0.347826086957
2941,CrW16Y62Zr47,126,4,"Cr,W,Y,Zr",1,0.007936507937,16,0.126984126984,62,0.492063492063,47,0.373015873016
2942,W31Y78Zr16,125,3,"W,Y,Zr",0,0.000000000000,31,0.248000000000,78,0.624000000000,16,0.128000000000
2943,Cr2W31Y78Zr16,127,4,"Cr,W,Y,Zr",2,0.015748031496,31,0.244094488189,78,0.614173228346,16,0.125984251969
2944,W31Y78Zr16,125,3,"W,Y,Zr",0,0.000000000000,31,0.248000000000,78,0.624000000000,16,0.128000000000
2945,W31Y78Zr16,125,3,"W,Y,Zr",0,0.000000000000,31,0.248000000000,78,0.624000000000,16,0.128000000000
2946,W31Y78Zr16,125,3,"W,Y,Zr",0,0.000000000000,31,0.248000000000,78,0.624000000000,16,0.128000000000
2947,W30Y72Zr12,114,3,"W,Y,Zr",0,0.000000000000,30,0.263157894737,72,0.631578947368,12,0.105263157895
2948,W31Y78Zr17,126,3,"W,Y,Zr",0,0.000000000000,31,0.246031746032,78,0.619047619048,17,0.134920634921
2949,W16Y78Zr31,125,3,"W,Y,Zr",0,0.000000000000,16,0.128000000000,78,0.624000000000,31,0.248000000000
2950,W16Y78Zr31,125,3,"W,Y,Zr",0,0.000000000000,16,0.128000000000,78,0.624000000000,31,0.248000000000
2951,W16Y79Zr31,126,3,"W,Y,Zr",0,0.000000000000,16,0.126984126984,79,0.626984126984,31,0.246031746032
2952,W30Y77Zr13,120,3,"W,Y,Zr",0,0.000000000000,30,0.250000000000,77,0.641666666667,13,0.108333333333
2953,W31Y78Zr16,125,3,"W,Y,Zr",0,0.000000000000,31,0.248000000000,78,0.624000000000,16,0.128000000000
2954,W16Y78Zr32,126,3,"W,Y,Zr",0,0.000000000000,16,0.126984126984,78,0.619047619048,32,0.253968253968
2955,W31Y78Zr16,125,3,"W,Y,Zr",0,0.000000000000,31,0.248000000000,78,0.624000000000,16,0.128000000000
2956,W31Y78Zr16,125,3,"W,Y,Zr",0,0.000000000000,31,0.248000000000,78,0.624000000000,16,0.128000000000
2957,W31Y79Zr16,126,3,"W,Y,Zr",0,0.000000000000,31,0.246031746032,79,0.626984126984,16,0.126984126984
2958,W31Y78Zr16,125,3,"W,Y,Zr",0,0.000000000000,31,0.248000000000,78,0.624000000000,16,0.128000000000
2959,W31Y78Zr16,125,3,"W,Y,Zr",0,0.000000000000,31,0.248000000000,78,0.624000000000,16,0.128000000000
2960,W31Y78Zr16,125,3,"W,Y,Zr",0,0.000000000000,31,0.248000000000,78,0.624000000000,16,0.128000000000
2961,W26Y74Zr16,116,3,"W,Y,Zr",0,0.000000000000,26,0.224137931034,74,0.637931034483,16,0.137931034483
2962,W29Y70Zr15,114,3,"W,Y,Zr",0,0.000000000000,29,0.254385964912,70,0.614035087719,15,0.131578947368
2963,W31Y78Zr16,125,3,"W,Y,Zr",0,0.000000000000,31,0.248000000000,78,0.624000000000,16,0.128000000000
2964,W16Y78Zr31,125,3,"W,Y,Zr",0,0.000000000000,16,0.128000000000,78,0.624000000000,31,0.248000000000
2965,W16Y78Zr31,125,3,"W,Y,Zr",0,0.000000000000,16,0.128000000000,78,0.624000000000,31,0.248000000000
2966,W16Y71Zr27,114,3,"W,Y,Zr",0,0.000000000000,16,0.140350877193,71,0.622807017544,27,0.236842105263
2967,W18Y78Zr31,127,3,"W,Y,Zr",0,0.000000000000,18,0.141732283465,78,0.614173228346,31,0.244094488189
2968,W16Y78Zr31,125,3,"W,Y,Zr",0,0.000000000000,16,0.128000000000,78,0.624000000000,31,0.248000000000
2969,W16Y78Zr31,125,3,"W,Y,Zr",0,0.000000000000,16,0.128000000000,78,0.624000000000,31,0.248000000000
2970,W16Y78Zr31,125,3,"W,Y,Zr",0,0.000000000000,16,0.128000000000,78,0.624000000000,31,0.248000000000
2971,W15Y70Zr30,115,3,"W,Y,Zr",0,0.000000000000,15,0.130434782609,70,0.608695652174,30,0.260869565217
2972,W16Y79Zr31,126,3,"W,Y,Zr",0,0.000000000000,16,0.126984126984,79,0.626984126984,31,0.246031746032
2973,W16Y78Zr31,125,3,"W,Y,Zr",0,0.000000000000,16,0.128000000000,78,0.624000000000,31,0.248000000000
2974,W16Y78Zr31,125,3,"W,Y,Zr",0,0.000000000000,16,0.128000000000,78,0.624000000000,31,0.248000000000
2975,W17Y94Zr15,126,3,"W,Y,Zr",0,0.000000000000,17,0.134920634921,94,0.746031746032,15,0.119047619048
2976,W16Y94Zr15,125,3,"W,Y,Zr",0,0.000000000000,16,0.128000000000,94,0.752000000000,15,0.120000000000
2977,W17Y94Zr15,126,3,"W,Y,Zr",0,0.000000000000,17,0.134920634921,94,0.746031746032,15,0.119047619048
2978,W16Y94Zr15,125,3,"W,Y,Zr",0,0.000000000000,16,0.128000000000,94,0.752000000000,15,0.120000000000
2979,W16Y94Zr15,125,3,"W,Y,Zr",0,0.000000000000,16,0.128000000000,94,0.752000000000,15,0.120000000000
2980,W13Y71Zr30,114,3,"W,Y,Zr",0,0.000000000000,13,0.114035087719,71,0.622807017544,30,0.263157894737
2981,CrW16Y78Zr31,126,4,"Cr,W,Y,Zr",1,0.007936507937,16,0.126984126984,78,0.619047619048,31,0.246031746032
2982,W16Y94Zr15,125,3,"W,Y,Zr",0,0.000000000000,16,0.128000000000,94,0.752000000000,15,0.120000000000
2983,W16Y94Zr15,125,3,"W,Y,Zr",0,0.000000000000,16,0.128000000000,94,0.752000000000,15,0.120000000000
2984,W16Y94Zr15,125,3,"W,Y,Zr",0,0.000000000000,16,0.128000000000,94,0.752000000000,15,0.120000000000
2985,W16Y94Zr15,125,3,"W,Y,Zr",0,0.000000000000,16,0.128000000000,94,0.752000000000,15,0.120000000000
2986,W16Y94Zr15,125,3,"W,Y,Zr",0,0.000000000000,16,0.128000000000,94,0.752000000000,15,0.120000000000
2987,W16Y82Zr15,113,3,"W,Y,Zr",0,0.000000000000,16,0.141592920354,82,0.725663716814,15,0.132743362832
2988,W16Y94Zr15,125,3,"W,Y,Zr",0,0.000000000000,16,0.128000000000,94,0.752000000000,15,0.120000000000
2989,W16Y90Zr12,118,3,"W,Y,Zr",0,0.000000000000,16,0.135593220339,90,0.762711864407,12,0.101694915254
2990,W16Y94Zr17,127,3,"W,Y,Zr",0,0.000000000000,16,0.125984251969,94,0.740157480315,17,0.133858267717
2991,W16Y94Zr15,125,3,"W,Y,Zr",0,0.000000000000,16,0.128000000000,94,0.752000000000,15,0.120000000000
