structure_index,formula,total_atoms,distinct_elements,elements,count_Cr,fraction_Cr,count_W,fraction_W,count_Y,fraction_Y,count_Zr,fraction_Zr
0,Y125,125,1,Y,0,0.000000000000,0,0.000000000000,125,1.000000000000,0,0.000000000000
1,Y125,125,1,Y,0,0.000000000000,0,0.000000000000,125,1.000000000000,0,0.000000000000
2,Y125,125,1,Y,0,0.000000000000,0,0.000000000000,125,1.000000000000,0,0.000000000000
3,Y125,125,1,Y,0,0.000000000000,0,0.000000000000,125,1.000000000000,0,0.000000000000
4,Y125,125,1,Y,0,0.000000000000,0,0.000000000000,125,1.000000000000,0,0.000000000000
5,Y125,125,1,Y,0,0.000000000000,0,0.000000000000,125,1.000000000000,0,0.000000000000
6,Y125,125,1,Y,0,0.000000000000,0,0.000000000000,125,1.000000000000,0,0.000000000000
7,Y125,125,1,Y,0,0.000000000000,0,0.000000000000,125,1.000000000000,0,0.000000000000
8,Y125,125,1,Y,0,0.000000000000,0,0.000000000000,125,1.000000000000,0,0.000000000000
9,Y125,125,1,Y,0,0.000000000000,0,0.000000000000,125,1.000000000000,0,0.000000000000
10,Y125,125,1,Y,0,0.000000000000,0,0.000000000000,125,1.000000000000,0,0.000000000000
11,Y125,125,1,Y,0,0.000000000000,0,0.000000000000,125,1.000000000000,0,0.000000000000
12,Y125,125,1,Y,0,0.000000000000,0,0.000000000000,125,1.000000000000,0,0.000000000000
13,Y125,125,1,Y,0,0.000000000000,0,0.000000000000,125,1.000000000000,0,0.000000000000
14,Y125,125,1,Y,0,0.000000000000,0,0.000000000000,125,1.000000000000,0,0.000000000000
15,Y125,125,1,Y,0,0.000000000000,0,0.000000000000,125,1.000000000000,0,0.000000000000
16,Y125,125,1,Y,0,0.000000000000,0,0.000000000000,125,1.000000000000,0,0.000000000000
17,Y125,125,1,Y,0,0.000000000000,0,0.000000000000,125,1.000000000000,0,0.000000000000
18,Y125,125,1,Y,0,0.000000000000,0,0.000000000000,125,1.000000000000,0,0.000000000000
19,Y125,125,1,Y,0,0.000000000000,0,0.000000000000,125,1.000000000000,0,0.000000000000
20,Y125,125,1,Y,0,0.000000000000,0,0.000000000000,125,1.000000000000,0,0.000000000000
21,Y125,125,1,Y,0,0.000000000000,0,0.000000000000,125,1.000000000000,0,0.000000000000
22,Y125,125,1,Y,0,0.000000000000,0,0.000000000000,125,1.000000000000,0,0.000000000000
23,Y125,125,1,Y,0,0.000000000000,0,0.000000000000,125,1.000000000000,0,0.000000000000
24,Y125,125,1,Y,0,0.000000000000,0,0.000000000000,125,1.000000000000,0,0.000000000000
25,Y125,125,1,Y,0,0.000000000000,0,0.000000000000,125,1.000000000000,0,0.000000000000
26,Y125,125,1,Y,0,0.000000000000,0,0.000000000000,125,1.000000000000,0,0.000000000000
27,Y125,125,1,Y,0,0.000000000000,0,0.000000000000,125,1.000000000000,0,0.000000000000
28,Y125,125,1,Y,0,0.000000000000,0,0.000000000000,125,1.000000000000,0,0.000000000000
29,Y125,125,1,Y,0,0.000000000000,0,0.000000000000,125,1.000000000000,0,0.000000000000
30,Y125,125,1,Y,0,0.000000000000,0,0.000000000000,125,1.000000000000,0,0.000000000000
31,Y125,125,1,Y,0,0.000000000000,0,0.000000000000,125,1.000000000000,0,0.000000000000
32,Y125,125,1,Y,0,0.000000000000,0,0.000000000000,125,1.000000000000,0,0.000000000000
33,Y125,125,1,Y,0,0.000000000000,0,0.000000000000,125,1.000000000000,0,0.000000000000
34,Y125,125,1,Y,0,0.000000000000,0,0.000000000000,125,1.000000000000,0,0.000000000000
35,Y125,125,1,Y,0,0.000000000000,0,0.000000000000,125,1.000000000000,0,0.000000000000
36,Y125,125,1,Y,0,0.000000000000,0,0.000000000000,125,1.000000000000,0,0.000000000000
37,Y125,125,1,Y,0,0.000000000000,0,0.000000000000,125,1.000000000000,0,0.000000000000
38,Y125,125,1,Y,0,0.000000000000,0,0.000000000000,125,1.000000000000,0,0.000000000000
39,Y125,125,1,Y,0,0.000000000000,0,0.000000000000,125,1.000000000000,0,0.000000000000
40,Y125,125,1,Y,0,0.000000000000,0,0.000000000000,125,1.000000000000,0,0.000000000000
41,Y125,125,1,Y,0,0.000000000000,0,0.000000000000,125,1.000000000000,0,0.000000000000
42,Y125,125,1,Y,0,0.000000000000,0,0.000000000000,125,1.000000000000,0,0.000000000000
43,Y125,125,1,Y,0,0.000000000000,0,0.000000000000,125,1.000000000000,0,0.000000000000
44,Y125,125,1,Y,0,0.000000000000,0,0.000000000000,125,1.000000000000,0,0.000000000000
45,Y125,125,1,Y,0,0.000000000000,0,0.000000000000,125,1.000000000000,0,0.000000000000
46,Y125,125,1,Y,0,0.000000000000,0,0.000000000000,125,1.000000000000,0,0.000000000000
47,Y125,125,1,Y,0,0.000000000000,0,0.000000000000,125,1.000000000000,0,0.000000000000
48,Y125,125,1,Y,0,0.000000000000,0,0.000000000000,125,1.000000000000,0,0.000000000000
49,Y125,125,1,Y,0,0.000000000000,0,0.000000000000,125,1.000000000000,0,0.000000000000
50,Y125,125,1,Y,0,0.000000000000,0,0.000000000000,125,1.000000000000,0,0.000000000000
51,Y125,125,1,Y,0,0.000000000000,0,0.000000000000,125,1.000000000000,0,0.000000000000
52,Y125,125,1,Y,0,0.000000000000,0,0.000000000000,125,1.000000000000,0,0.000000000000
53,Y125,125,1,Y,0,0.000000000000,0,0.000000000000,125,1.000000000000,0,0.000000000000
54,Y125,125,1,Y,0,0.000000000000,0,0.000000000000,125,1.000000000000,0,0.000000000000
55,Y125,125,1,Y,0,0.000000000000,0,0.000000000000,125,1.000000000000,0,0.000000000000
56,Y135,135,1,Y,0,0.000000000000,0,0.000000000000,135,1.000000000000,0,0.000000000000
57,Zr125,125,1,Zr,0,0.000000000000,0,0.000000000000,0,0.000000000000,125,1.000000000000
58,Zr125,125,1,Zr,0,0.000000000000,0,0.000000000000,0,0.000000000000,125,1.000000000000
59,Zr125,125,1,Zr,0,0.000000000000,0,0.000000000000,0,0.000000000000,125,1.000000000000
60,Zr125,125,1,Zr,0,0.000000000000,0,0.000000000000,0,0.000000000000,125,1.000000000000
61,Zr125,125,1,Zr,0,0.000000000000,0,0.000000000000,0,0.000000000000,125,1.000000000000
62,Zr125,125,1,Zr,0,0.000000000000,0,0.000000000000,0,0.000000000000,125,1.000000000000
63,Zr125,125,1,Zr,0,0.000000000000,0,0.000000000000,0,0.000000000000,125,1.000000000000
64,Zr125,125,1,Zr,0,0.000000000000,0,0.000000000000,0,0.000000000000,125,1.000000000000
65,Zr125,125,1,Zr,0,0.000000000000,0,0.000000000000,0,0.000000000000,125,1.000000000000
66,Zr125,125,1,Zr,0,0.000000000000,0,0.000000000000,0,0.000000000000,125,1.000000000000
67,Zr125,125,1,Zr,0,0.000000000000,0,0.000000000000,0,0.000000000000,125,1.000000000000
68,Zr125,125,1,Zr,0,0.000000000000,0,0.000000000000,0,0.000000000000,125,1.000000000000
69,Zr125,125,1,Zr,0,0.000000000000,0,0.000000000000,0,0.000000000000,125,1.000000000000
70,Zr125,125,1,Zr,0,0.000000000000,0,0.000000000000,0,0.000000000000,125,1.000000000000
71,Zr125,125,1,Zr,0,0.000000000000,0,0.000000000000,0,0.000000000000,125,1.000000000000
72,Zr125,125,1,Zr,0,0.000000000000,0,0.000000000000,0,0.000000000000,125,1.000000000000
73,Zr125,125,1,Zr,0,0.000000000000,0,0.000000000000,0,0.000000000000,125,1.000000000000
74,Zr125,125,1,Zr,0,0.000000000000,0,0.000000000000,0,0.000000000000,125,1.000000000000
75,Zr125,125,1,Zr,0,0.000000000000,0,0.000000000000,0,0.000000000000,125,1.000000000000
76,Zr125,125,1,Zr,0,0.000000000000,0,0.000000000000,0,0.000000000000,125,1.000000000000
77,Zr125,125,1,Zr,0,0.000000000000,0,0.000000000000,0,0.000000000000,125,1.000000000000
78,Zr125,125,1,Zr,0,0.000000000000,0,0.000000000000,0,0.000000000000,125,1.000000000000
79,Zr125,125,1,Zr,0,0.000000000000,0,0.000000000000,0,0.000000000000,125,1.000000000000
80,Zr125,125,1,Zr,0,0.000000000000,0,0.000000000000,0,0.000000000000,125,1.000000000000
81,Zr125,125,1,Zr,0,0.000000000000,0,0.000000000000,0,0.000000000000,125,1.000000000000
82,Zr125,125,1,Zr,0,0.000000000000,0,0.000000000000,0,0.000000000000,125,1.000000000000
83,Zr125,125,1,Zr,0,0.000000000000,0,0.000000000000,0,0.000000000000,125,1.000000000000
84,Zr125,125,1,Zr,0,0.000000000000,0,0.000000000000,0,0.000000000000,125,1.000000000000
85,Zr125,125,1,Zr,0,0.000000000000,0,0.000000000000,0,0.000000000000,125,1.000000000000
86,Zr125,125,1,Zr,0,0.000000000000,0,0.000000000000,0,0.000000000000,125,1.000000000000
87,Zr125,125,1,Zr,0,0.000000000000,0,0.000000000000,0,0.000000000000,125,1.000000000000
88,Zr125,125,1,Zr,0,0.000000000000,0,0.000000000000,0,0.000000000000,125,1.000000000000
89,Zr125,125,1,Zr,0,0.000000000000,0,0.000000000000,0,0.000000000000,125,1.000000000000
90,Zr125,125,1,Zr,0,0.000000000000,0,0.000000000000,0,0.000000000000,125,1.000000000000
91,Zr125,125,1,Zr,0,0.000000000000,0,0.000000000000,0,0.000000000000,125,1.000000000000
92,Zr125,125,1,Zr,0,0.000000000000,0,0.000000000000,0,0.000000000000,125,1.000000000000
93,Zr125,125,1,Zr,0,0.000000000000,0,0.000000000000,0,0.000000000000,125,1.000000000000
94,Zr125,125,1,Zr,0,0.000000000000,0,0.000000000000,0,0.000000000000,125,1.000000000000
95,Zr125,125,1,Zr,0,0.000000000000,0,0.000000000000,0,0.000000000000,125,1.000000000000
96,Zr125,125,1,Zr,0,0.000000000000,0,0.000000000000,0,0.000000000000,125,1.000000000000
97,Zr125,125,1,Zr,0,0.000000000000,0,0.000000000000,0,0.000000000000,125,1.000000000000
98,Zr125,125,1,Zr,0,0.000000000000,0,0.000000000000,0,0.000000000000,125,1.000000000000
99,Zr125,125,1,Zr,0,0.000000000000,0,0.000000000000,0,0.000000000000,125,1.000000000000
100,Zr125,125,1,Zr,0,0.000000000000,0,0.000000000000,0,0.000000000000,125,1.000000000000
101,Zr125,125,1,Zr,0,0.000000000000,0,0.000000000000,0,0.000000000000,125,1.000000000000
102,Zr125,125,1,Zr,0,0.000000000000,0,0.000000000000,0,0.000000000000,125,1.000000000000
103,Zr125,125,1,Zr,0,0.000000000000,0,0.000000000000,0,0.000000000000,125,1.000000000000
104,Zr125,125,1,Zr,0,0.000000000000,0,0.000000000000,0,0.000000000000,125,1.000000000000
105,Zr125,125,1,Zr,0,0.000000000000,0,0.000000000000,0,0.000000000000,125,1.000000000000
106,Zr125,125,1,Zr,0,0.000000000000,0,0.000000000000,0,0.000000000000,125,1.000000000000
107,Zr125,125,1,Zr,0,0.000000000000,0,0.000000000000,0,0.000000000000,125,1.000000000000
108,Zr125,125,1,Zr,0,0.000000000000,0,0.000000000000,0,0.000000000000,125,1.000000000000
109,Zr125,125,1,Zr,0,0.000000000000,0,0.000000000000,0,0.000000000000,125,1.000000000000
110,Zr125,125,1,Zr,0,0.000000000000,0,0.000000000000,0,0.000000000000,125,1.000000000000
111,Zr125,125,1,Zr,0,0.000000000000,0,0.000000000000,0,0.000000000000,125,1.000000000000
112,Zr125,125,1,Zr,0,0.000000000000,0,0.000000000000,0,0.000000000000,125,1.000000000000
113,Zr133,133,1,Zr,0,0.000000000000,0,0.000000000000,0,0.000000000000,133,1.000000000000
114,Zr125,125,1,Zr,0,0.000000000000,0,0.000000000000,0,0.000000000000,125,1.000000000000
115,Zr125,125,1,Zr,0,0.000000000000,0,0.000000000000,0,0.000000000000,125,1.000000000000
116,Zr125,125,1,Zr,0,0.000000000000,0,0.000000000000,0,0.000000000000,125,1.000000000000
117,Zr125,125,1,Zr,0,0.000000000000,0,0.000000000000,0,0.000000000000,125,1.000000000000
118,Zr125,125,1,Zr,0,0.000000000000,0,0.000000000000,0,0.000000000000,125,1.000000000000
119,Zr125,125,1,Zr,0,0.000000000000,0,0.000000000000,0,0.000000000000,125,1.000000000000
120,Zr125,125,1,Zr,0,0.000000000000,0,0.000000000000,0,0.000000000000,125,1.000000000000
121,Zr125,125,1,Zr,0,0.000000000000,0,0.000000000000,0,0.000000000000,125,1.000000000000
122,Zr125,125,1,Zr,0,0.000000000000,0,0.000000000000,0,0.000000000000,125,1.000000000000
123,Zr125,125,1,Zr,0,0.000000000000,0,0.000000000000,0,0.000000000000,125,1.000000000000
124,Zr125,125,1,Zr,0,0.000000000000,0,0.000000000000,0,0.000000000000,125,1.000000000000
125,Zr125,125,1,Zr,0,0.000000000000,0,0.000000000000,0,0.000000000000,125,1.000000000000
126,Zr125,125,1,Zr,0,0.000000000000,0,0.000000000000,0,0.000000000000,125,1.000000000000
127,Zr125,125,1,Zr,0,0.000000000000,0,0.000000000000,0,0.000000000000,125,1.000000000000
128,Zr125,125,1,Zr,0,0.000000000000,0,0.000000000000,0,0.000000000000,125,1.000000000000
129,Zr125,125,1,Zr,0,0.000000000000,0,0.000000000000,0,0.000000000000,125,1.000000000000
130,Zr125,125,1,Zr,0,0.000000000000,0,0.000000000000,0,0.000000000000,125,1.000000000000
131,Zr125,125,1,Zr,0,0.000000000000,0,0.000000000000,0,0.000000000000,125,1.000000000000
132,Zr125,125,1,Zr,0,0.000000000000,0,0.000000000000,0,0.000000000000,125,1.000000000000
133,Zr125,125,1,Zr,0,0.000000000000,0,0.000000000000,0,0.000000000000,125,1.000000000000
134,Zr125,125,1,Zr,0,0.000000000000,0,0.000000000000,0,0.000000000000,125,1.000000000000
135,Zr125,125,1,Zr,0,0.000000000000,0,0.000000000000,0,0.000000000000,125,1.000000000000
136,Zr125,125,1,Zr,0,0.000000000000,0,0.000000000000,0,0.000000000000,125,1.000000000000
137,Zr125,125,1,Zr,0,0.000000000000,0,0.000000000000,0,0.000000000000,125,1.000000000000
138,Zr125,125,1,Zr,0,0.000000000000,0,0.000000000000,0,0.000000000000,125,1.000000000000
139,Zr125,125,1,Zr,0,0.000000000000,0,0.000000000000,0,0.000000000000,125,1.000000000000
140,Zr125,125,1,Zr,0,0.000000000000,0,0.000000000000,0,0.000000000000,125,1.000000000000
141,Zr125,125,1,Zr,0,0.000000000000,0,0.000000000000,0,0.000000000000,125,1.000000000000
142,Zr125,125,1,Zr,0,0.000000000000,0,0.000000000000,0,0.000000000000,125,1.000000000000
143,Zr125,125,1,Zr,0,0.000000000000,0,0.000000000000,0,0.000000000000,125,1.000000000000
144,Zr125,125,1,Zr,0,0.000000000000,0,0.000000000000,0,0.000000000000,125,1.000000000000
145,Zr125,125,1,Zr,0,0.000000000000,0,0.000000000000,0,0.000000000000,125,1.000000000000
146,Zr125,125,1,Zr,0,0.000000000000,0,0.000000000000,0,0.000000000000,125,1.000000000000
147,Zr125,125,1,Zr,0,0.000000000000,0,0.000000000000,0,0.000000000000,125,1.000000000000
148,Zr125,125,1,Zr,0,0.000000000000,0,0.000000000000,0,0.000000000000,125,1.000000000000
149,Zr125,125,1,Zr,0,0.000000000000,0,0.000000000000,0,0.000000000000,125,1.000000000000
150,Zr125,125,1,Zr,0,0.000000000000,0,0.000000000000,0,0.000000000000,125,1.000000000000
151,Zr125,125,1,Zr,0,0.000000000000,0,0.000000000000,0,0.000000000000,125,1.000000000000
152,Zr125,125,1,Zr,0,0.000000000000,0,0.000000000000,0,0.000000000000,125,1.000000000000
153,Zr125,125,1,Zr,0,0.000000000000,0,0.000000000000,0,0.000000000000,125,1.000000000000
154,Zr125,125,1,Zr,0,0.000000000000,0,0.000000000000,0,0.000000000000,125,1.000000000000
155,Zr125,125,1,Zr,0,0.000000000000,0,0.000000000000,0,0.000000000000,125,1.000000000000
156,Zr125,125,1,Zr,0,0.000000000000,0,0.000000000000,0,0.000000000000,125,1.000000000000
157,Zr125,125,1,Zr,0,0.000000000000,0,0.000000000000,0,0.000000000000,125,1.000000000000
158,Zr125,125,1,Zr,0,0.000000000000,0,0.000000000000,0,0.000000000000,125,1.000000000000
159,Zr125,125,1,Zr,0,0.000000000000,0,0.000000000000,0,0.000000000000,125,1.000000000000
160,Zr125,125,1,Zr,0,0.000000000000,0,0.000000000000,0,0.000000000000,125,1.000000000000
161,Zr125,125,1,Zr,0,0.000000000000,0,0.000000000000,0,0.000000000000,125,1.000000000000
162,Zr125,125,1,Zr,0,0.000000000000,0,0.000000000000,0,0.000000000000,125,1.000000000000
163,Zr125,125,1,Zr,0,0.000000000000,0,0.000000000000,0,0.000000000000,125,1.000000000000
164,Zr125,125,1,Zr,0,0.000000000000,0,0.000000000000,0,0.000000000000,125,1.000000000000
165,Zr125,125,1,Zr,0,0.000000000000,0,0.000000000000,0,0.000000000000,125,1.000000000000
166,Zr125,125,1,Zr,0,0.000000000000,0,0.000000000000,0,0.000000000000,125,1.000000000000
167,Zr125,125,1,Zr,0,0.000000000000,0,0.000000000000,0,0.000000000000,125,1.000000000000
168,Zr125,125,1,Zr,0,0.000000000000,0,0.000000000000,0,0.000000000000,125,1.000000000000
169,Zr135,135,1,Zr,0,0.000000000000,0,0.000000000000,0,0.000000000000,135,1.000000000000
170,Y128,128,1,Y,0,0.000000000000,0,0.000000000000,128,1.000000000000,0,0.000000000000
171,Y128,128,1,Y,0,0.000000000000,0,0.000000000000,128,1.000000000000,0,0.000000000000
172,Y128,128,1,Y,0,0.000000000000,0,0.000000000000,128,1.000000000000,0,0.000000000000
173,Y128,128,1,Y,0,0.000000000000,0,0.000000000000,128,1.000000000000,0,0.000000000000
174,Y128,128,1,Y,0,0.000000000000,0,0.000000000000,128,1.000000000000,0,0.000000000000
175,Y128,128,1,Y,0,0.000000000000,0,0.000000000000,128,1.000000000000,0,0.000000000000
176,Y128,128,1,Y,0,0.000000000000,0,0.000000000000,128,1.000000000000,0,0.000000000000
177,Y128,128,1,Y,0,0.000000000000,0,0.000000000000,128,1.000000000000,0,0.000000000000
178,Y128,128,1,Y,0,0.000000000000,0,0.000000000000,128,1.000000000000,0,0.000000000000
179,Y128,128,1,Y,0,0.000000000000,0,0.000000000000,128,1.000000000000,0,0.000000000000
180,Y128,128,1,Y,0,0.000000000000,0,0.000000000000,128,1.000000000000,0,0.000000000000
181,Y128,128,1,Y,0,0.000000000000,0,0.000000000000,128,1.000000000000,0,0.000000000000
182,Y128,128,1,Y,0,0.000000000000,0,0.000000000000,128,1.000000000000,0,0.000000000000
183,Y128,128,1,Y,0,0.000000000000,0,0.000000000000,128,1.000000000000,0,0.000000000000
184,Y128,128,1,Y,0,0.000000000000,0,0.000000000000,128,1.000000000000,0,0.000000000000
185,Y128,128,1,Y,0,0.000000000000,0,0.000000000000,128,1.000000000000,0,0.000000000000
186,Y128,128,1,Y,0,0.000000000000,0,0.000000000000,128,1.000000000000,0,0.000000000000
187,Y128,128,1,Y,0,0.000000000000,0,0.000000000000,128,1.000000000000,0,0.000000000000
188,Y128,128,1,Y,0,0.000000000000,0,0.000000000000,128,1.000000000000,0,0.000000000000
189,Y128,128,1,Y,0,0.000000000000,0,0.000000000000,128,1.000000000000,0,0.000000000000
190,Y128,128,1,Y,0,0.000000000000,0,0.000000000000,128,1.000000000000,0,0.000000000000
191,Y128,128,1,Y,0,0.000000000000,0,0.000000000000,128,1.000000000000,0,0.000000000000
192,Y128,128,1,Y,0,0.000000000000,0,0.000000000000,128,1.000000000000,0,0.000000000000
193,Y128,128,1,Y,0,0.000000000000,0,0.000000000000,128,1.000000000000,0,0.000000000000
194,Y128,128,1,Y,0,0.000000000000,0,0.000000000000,128,1.000000000000,0,0.000000000000
195,Y128,128,1,Y,0,0.000000000000,0,0.000000000000,128,1.000000000000,0,0.000000000000
196,Y128,128,1,Y,0,0.000000000000,0,0.000000000000,128,1.000000000000,0,0.000000000000
197,Y128,128,1,Y,0,0.000000000000,0,0.000000000000,128,1.000000000000,0,0.000000000000
198,Y128,128,1,Y,0,0.000000000000,0,0.000000000000,128,1.000000000000,0,0.000000000000
199,Y128,128,1,Y,0,0.000000000000,0,0.000000000000,128,1.000000000000,0,0.000000000000
200,Y128,128,1,Y,0,0.000000000000,0,0.000000000000,128,1.000000000000,0,0.000000000000
201,Y128,128,1,Y,0,0.000000000000,0,0.000000000000,128,1.000000000000,0,0.000000000000
202,Y128,128,1,Y,0,0.000000000000,0,0.000000000000,128,1.000000000000,0,0.000000000000
203,Y128,128,1,Y,0,0.000000000000,0,0.000000000000,128,1.000000000000,0,0.000000000000
204,Y128,128,1,Y,0,0.000000000000,0,0.000000000000,128,1.000000000000,0,0.000000000000
205,Y128,128,1,Y,0,0.000000000000,0,0.000000000000,128,1.000000000000,0,0.000000000000
206,Y128,128,1,Y,0,0.000000000000,0,0.000000000000,128,1.000000000000,0,0.000000000000
207,Y128,128,1,Y,0,0.000000000000,0,0.000000000000,128,1.000000000000,0,0.000000000000
208,Y128,128,1,Y,0,0.000000000000,0,0.000000000000,128,1.000000000000,0,0.000000000000
209,Y128,128,1,Y,0,0.000000000000,0,0.000000000000,128,1.000000000000,0,0.000000000000
210,Y128,128,1,Y,0,0.000000000000,0,0.000000000000,128,1.000000000000,0,0.000000000000
211,Y128,128,1,Y,0,0.000000000000,0,0.000000000000,128,1.000000000000,0,0.000000000000
212,Y128,128,1,Y,0,0.000000000000,0,0.000000000000,128,1.000000000000,0,0.000000000000
213,Y128,128,1,Y,0,0.000000000000,0,0.000000000000,128,1.000000000000,0,0.000000000000
214,Y128,128,1,Y,0,0.000000000000,0,0.000000000000,128,1.000000000000,0,0.000000000000
215,Y128,128,1,Y,0,0.000000000000,0,0.000000000000,128,1.000000000000,0,0.000000000000
216,Y128,128,1,Y,0,0.000000000000,0,0.000000000000,128,1.000000000000,0,0.000000000000
217,Y128,128,1,Y,0,0.000000000000,0,0.000000000000,128,1.000000000000,0,0.000000000000
218,Y128,128,1,Y,0,0.000000000000,0,0.000000000000,128,1.000000000000,0,0.000000000000
219,Y128,128,1,Y,0,0.000000000000,0,0.000000000000,128,1.000000000000,0,0.000000000000
220,Y128,128,1,Y,0,0.000000000000,0,0.000000000000,128,1.000000000000,0,0.000000000000
221,Y128,128,1,Y,0,0.000000000000,0,0.000000000000,128,1.000000000000,0,0.000000000000
222,Y128,128,1,Y,0,0.000000000000,0,0.000000000000,128,1.000000000000,0,0.000000000000
223,Y128,128,1,Y,0,0.000000000000,0,0.000000000000,128,1.000000000000,0,0.000000000000
224,Y137,137,1,Y,0,0.000000000000,0,0.000000000000,137,1.000000000000,0,0.000000000000
225,Y128,128,1,Y,0,0.000000000000,0,0.000000000000,128,1.000000000000,0,0.000000000000
226,Y128,128,1,Y,0,0.000000000000,0,0.000000000000,128,1.000000000000,0,0.000000000000
227,Y128,128,1,Y,0,0.000000000000,0,0.000000000000,128,1.000000000000,0,0.000000000000
228,Y128,128,1,Y,0,0.000000000000,0,0.000000000000,128,1.000000000000,0,0.000000000000
229,Y128,128,1,Y,0,0.000000000000,0,0.000000000000,128,1.000000000000,0,0.000000000000
230,Y128,128,1,Y,0,0.000000000000,0,0.000000000000,128,1.000000000000,0,0.000000000000
231,Y128,128,1,Y,0,0.000000000000,0,0.000000000000,128,1.000000000000,0,0.000000000000
232,Y128,128,1,Y,0,0.000000000000,0,0.000000000000,128,1.000000000000,0,0.000000000000
233,Y128,128,1,Y,0,0.000000000000,0,0.000000000000,128,1.000000000000,0,0.000000000000
234,Y128,128,1,Y,0,0.000000000000,0,0.000000000000,128,1.000000000000,0,0.000000000000
235,Y128,128,1,Y,0,0.000000000000,0,0.000000000000,128,1.000000000000,0,0.000000000000
236,Y128,128,1,Y,0,0.000000000000,0,0.000000000000,128,1.000000000000,0,0.000000000000
237,Y128,128,1,Y,0,0.000000000000,0,0.000000000000,128,1.000000000000,0,0.000000000000
238,Y128,128,1,Y,0,0.000000000000,0,0.000000000000,128,1.000000000000,0,0.000000000000
239,Y128,128,1,Y,0,0.000000000000,0,0.000000000000,128,1.000000000000,0,0.000000000000
240,Y128,128,1,Y,0,0.000000000000,0,0.000000000000,128,1.000000000000,0,0.000000000000
241,Y128,128,1,Y,0,0.000000000000,0,0.000000000000,128,1.000000000000,0,0.000000000000
242,Y128,128,1,Y,0,0.000000000000,0,0.000000000000,128,1.000000000000,0,0.000000000000
243,Y128,128,1,Y,0,0.000000000000,0,0.000000000000,128,1.000000000000,0,0.000000000000
244,Y128,128,1,Y,0,0.000000000000,0,0.000000000000,128,1.000000000000,0,0.000000000000
245,Y128,128,1,Y,0,0.000000000000,0,0.000000000000,128,1.000000000000,0,0.000000000000
246,Y128,128,1,Y,0,0.000000000000,0,0.000000000000,128,1.000000000000,0,0.000000000000
247,Y128,128,1,Y,0,0.000000000000,0,0.000000000000,128,1.000000000000,0,0.000000000000
248,Y128,128,1,Y,0,0.000000000000,0,0.000000000000,128,1.000000000000,0,0.000000000000
249,Y128,128,1,Y,0,0.000000000000,0,0.000000000000,128,1.000000000000,0,0.000000000000
250,Y128,128,1,Y,0,0.000000000000,0,0.000000000000,128,1.000000000000,0,0.000000000000
251,Y128,128,1,Y,0,0.000000000000,0,0.000000000000,128,1.000000000000,0,0.000000000000
252,Y128,128,1,Y,0,0.000000000000,0,0.000000000000,128,1.000000000000,0,0.000000000000
253,Y128,128,1,Y,0,0.000000000000,0,0.000000000000,128,1.000000000000,0,0.000000000000
254,Y128,128,1,Y,0,0.000000000000,0,0.000000000000,128,1.000000000000,0,0.000000000000
255,Y128,128,1,Y,0,0.000000000000,0,0.000000000000,128,1.000000000000,0,0.000000000000
256,Y128,128,1,Y,0,0.000000000000,0,0.000000000000,128,1.000000000000,0,0.000000000000
257,Y128,128,1,Y,0,0.000000000000,0,0.000000000000,128,1.000000000000,0,0.000000000000
258,Y128,128,1,Y,0,0.000000000000,0,0.000000000000,128,1.000000000000,0,0.000000000000
259,Y128,128,1,Y,0,0.000000000000,0,0.000000000000,128,1.000000000000,0,0.000000000000
260,Y128,128,1,Y,0,0.000000000000,0,0.000000000000,128,1.000000000000,0,0.000000000000
261,Y128,128,1,Y,0,0.000000000000,0,0.000000000000,128,1.000000000000,0,0.000000000000
262,Y128,128,1,Y,0,0.000000000000,0,0.000000000000,128,1.000000000000,0,0.000000000000
263,Y128,128,1,Y,0,0.000000000000,0,0.000000000000,128,1.000000000000,0,0.000000000000
264,Y128,128,1,Y,0,0.000000000000,0,0.000000000000,128,1.000000000000,0,0.000000000000
265,Y128,128,1,Y,0,0.000000000000,0,0.000000000000,128,1.000000000000,0,0.000000000000
266,Y128,128,1,Y,0,0.000000000000,0,0.000000000000,128,1.000000000000,0,0.000000000000
267,Y128,128,1,Y,0,0.000000000000,0,0.000000000000,128,1.000000000000,0,0.000000000000
268,Y128,128,1,Y,0,0.000000000000,0,0.000000000000,128,1.000000000000,0,0.000000000000
269,Y128,128,1,Y,0,0.000000000000,0,0.000000000000,128,1.000000000000,0,0.000000000000
270,Y128,128,1,Y,0,0.000000000000,0,0.000000000000,128,1.000000000000,0,0.000000000000
271,Y128,128,1,Y,0,0.000000000000,0,0.000000000000,128,1.000000000000,0,0.000000000000
272,Y128,128,1,Y,0,0.000000000000,0,0.000000000000,128,1.000000000000,0,0.000000000000
273,Y128,128,1,Y,0,0.000000000000,0,0.000000000000,128,1.000000000000,0,0.000000000000
274,Y128,128,1,Y,0,0.000000000000,0,0.000000000000,128,1.000000000000,0,0.000000000000
275,Y128,128,1,Y,0,0.000000000000,0,0.000000000000,128,1.000000000000,0,0.000000000000
276,Y128,128,1,Y,0,0.000000000000,0,0.000000000000,128,1.000000000000,0,0.000000000000
277,Y128,128,1,Y,0,0.000000000000,0,0.000000000000,128,1.000000000000,0,0.000000000000
278,Y128,128,1,Y,0,0.000000000000,0,0.000000000000,128,1.000000000000,0,0.000000000000
279,Y128,128,1,Y,0,0.000000000000,0,0.000000000000,128,1.000000000000,0,0.000000000000
280,Y135,135,1,Y,0,0.000000000000,0,0.000000000000,135,1.000000000000,0,0.000000000000
281,Zr128,128,1,Zr,0,0.000000000000,0,0.000000000000,0,0.000000000000,128,1.000000000000
282,Zr128,128,1,Zr,0,0.000000000000,0,0.000000000000,0,0.000000000000,128,1.000000000000
283,Zr128,128,1,Zr,0,0.000000000000,0,0.000000000000,0,0.000000000000,128,1.000000000000
284,Zr128,128,1,Zr,0,0.000000000000,0,0.000000000000,0,0.000000000000,128,1.000000000000
285,Zr128,128,1,Zr,0,0.000000000000,0,0.000000000000,0,0.000000000000,128,1.000000000000
286,Zr128,128,1,Zr,0,0.000000000000,0,0.000000000000,0,0.000000000000,128,1.000000000000
287,Zr128,128,1,Zr,0,0.000000000000,0,0.000000000000,0,0.000000000000,128,1.000000000000
288,Zr128,128,1,Zr,0,0.000000000000,0,0.000000000000,0,0.000000000000,128,1.000000000000
289,Zr128,128,1,Zr,0,0.000000000000,0,0.000000000000,0,0.000000000000,128,1.000000000000
290,Zr128,128,1,Zr,0,0.000000000000,0,0.000000000000,0,0.000000000000,128,1.000000000000
291,Zr128,128,1,Zr,0,0.000000000000,0,0.000000000000,0,0.000000000000,128,1.000000000000
292,Zr128,128,1,Zr,0,0.000000000000,0,0.000000000000,0,0.000000000000,128,1.000000000000
293,Zr128,128,1,Zr,0,0.000000000000,0,0.000000000000,0,0.000000000000,128,1.000000000000
294,Zr128,128,1,Zr,0,0.000000000000,0,0.000000000000,0,0.000000000000,128,1.000000000000
295,Zr128,128,1,Zr,0,0.000000000000,0,0.000000000000,0,0.000000000000,128,1.000000000000
296,Zr128,128,1,Zr,0,0.000000000000,0,0.000000000000,0,0.000000000000,128,1.000000000000
297,Zr128,128,1,Zr,0,0.000000000000,0,0.000000000000,0,0.000000000000,128,1.000000000000
298,Zr128,128,1,Zr,0,0.000000000000,0,0.000000000000,0,0.000000000000,128,1.000000000000
299,Zr128,128,1,Zr,0,0.000000000000,0,0.000000000000,0,0.000000000000,128,1.000000000000
300,Zr128,128,1,Zr,0,0.000000000000,0,0.000000000000,0,0.000000000000,128,1.000000000000
301,Zr128,128,1,Zr,0,0.000000000000,0,0.000000000000,0,0.000000000000,128,1.000000000000
302,Zr128,128,1,Zr,0,0.000000000000,0,0.000000000000,0,0.000000000000,128,1.000000000000
303,Zr128,128,1,Zr,0,0.000000000000,0,0.000000000000,0,0.000000000000,128,1.000000000000
304,Zr128,128,1,Zr,0,0.000000000000,0,0.000000000000,0,0.000000000000,128,1.000000000000
305,Zr128,128,1,Zr,0,0.000000000000,0,0.000000000000,0,0.000000000000,128,1.000000000000
306,Zr128,128,1,Zr,0,0.000000000000,0,0.000000000000,0,0.000000000000,128,1.000000000000
307,Zr128,128,1,Zr,0,0.000000000000,0,0.000000000000,0,0.000000000000,128,1.000000000000
308,Zr128,128,1,Zr,0,0.000000000000,0,0.000000000000,0,0.000000000000,128,1.000000000000
309,Zr128,128,1,Zr,0,0.000000000000,0,0.000000000000,0,0.000000000000,128,1.000000000000
310,Zr128,128,1,Zr,0,0.000000000000,0,0.000000000000,0,0.000000000000,128,1.000000000000
311,Zr128,128,1,Zr,0,0.000000000000,0,0.000000000000,0,0.000000000000,128,1.000000000000
312,Zr128,128,1,Zr,0,0.000000000000,0,0.000000000000,0,0.000000000000,128,1.000000000000
313,Zr128,128,1,Zr,0,0.000000000000,0,0.000000000000,0,0.000000000000,128,1.000000000000
314,Zr128,128,1,Zr,0,0.000000000000,0,0.000000000000,0,0.000000000000,128,1.000000000000
315,Zr128,128,1,Zr,0,0.000000000000,0,0.000000000000,0,0.000000000000,128,1.000000000000
316,Zr128,128,1,Zr,0,0.000000000000,0,0.000000000000,0,0.000000000000,128,1.000000000000
317,Zr128,128,1,Zr,0,0.000000000000,0,0.000000000000,0,0.000000000000,128,1.000000000000
318,Zr128,128,1,Zr,0,0.000000000000,0,0.000000000000,0,0.000000000000,128,1.000000000000
319,Zr128,128,1,Zr,0,0.000000000000,0,0.000000000000,0,0.000000000000,128,1.000000000000
320,Zr128,128,1,Zr,0,0.000000000000,0,0.000000000000,0,0.000000000000,128,1.000000000000
321,Zr128,128,1,Zr,0,0.000000000000,0,0.000000000000,0,0.000000000000,128,1.000000000000
322,Zr128,128,1,Zr,0,0.000000000000,0,0.000000000000,0,0.000000000000,128,1.000000000000
323,Zr128,128,1,Zr,0,0.000000000000,0,0.000000000000,0,0.000000000000,128,1.000000000000
324,Zr128,128,1,Zr,0,0.000000000000,0,0.000000000000,0,0.000000000000,128,1.000000000000
325,Zr128,128,1,Zr,0,0.000000000000,0,0.000000000000,0,0.000000000000,128,1.000000000000
326,Zr128,128,1,Zr,0,0.000000000000,0,0.000000000000,0,0.000000000000,128,1.000000000000
327,Zr128,128,1,Zr,0,0.000000000000,0,0.000000000000,0,0.000000000000,128,1.000000000000
328,Zr128,128,1,Zr,0,0.000000000000,0,0.000000000000,0,0.000000000000,128,1.000000000000
329,Zr128,128,1,Zr,0,0.000000000000,0,0.000000000000,0,0.000000000000,128,1.000000000000
330,Zr128,128,1,Zr,0,0.000000000000,0,0.000000000000,0,0.000000000000,128,1.000000000000
331,Zr128,128,1,Zr,0,0.000000000000,0,0.000000000000,0,0.000000000000,128,1.000000000000
332,Zr128,128,1,Zr,0,0.000000000000,0,0.000000000000,0,0.000000000000,128,1.000000000000
333,Zr128,128,1,Zr,0,0.000000000000,0,0.000000000000,0,0.000000000000,128,1.000000000000
334,Zr128,128,1,Zr,0,0.000000000000,0,0.000000000000,0,0.000000000000,128,1.000000000000
335,Zr128,128,1,Zr,0,0.000000000000,0,0.000000000000,0,0.000000000000,128,1.000000000000
336,Zr139,139,1,Zr,0,0.000000000000,0,0.000000000000,0,0.000000000000,139,1.000000000000
337,W125,125,1,W,0,0.000000000000,125,1.000000000000,0,0.000000000000,0,0.000000000000
338,W125,125,1,W,0,0.000000000000,125,1.000000000000,0,0.000000000000,0,0.000000000000
339,W125,125,1,W,0,0.000000000000,125,1.000000000000,0,0.000000000000,0,0.000000000000
340,W125,125,1,W,0,0.000000000000,125,1.000000000000,0,0.000000000000,0,0.000000000000
341,W125,125,1,W,0,0.000000000000,125,1.000000000000,0,0.000000000000,0,0.000000000000
342,W125,125,1,W,0,0.000000000000,125,1.000000000000,0,0.000000000000,0,0.000000000000
343,W125,125,1,W,0,0.000000000000,125,1.000000000000,0,0.000000000000,0,0.000000000000
344,W125,125,1,W,0,0.000000000000,125,1.000000000000,0,0.000000000000,0,0.000000000000
345,W125,125,1,W,0,0.000000000000,125,1.000000000000,0,0.000000000000,0,0.000000000000
346,W125,125,1,W,0,0.000000000000,125,1.000000000000,0,0.000000000000,0,0.000000000000
347,W125,125,1,W,0,0.000000000000,125,1.000000000000,0,0.000000000000,0,0.000000000000
348,W125,125,1,W,0,0.000000000000,125,1.000000000000,0,0.000000000000,0,0.000000000000
349,W125,125,1,W,0,0.000000000000,125,1.000000000000,0,0.000000000000,0,0.000000000000
350,W125,125,1,W,0,0.000000000000,125,1.000000000000,0,0.000000000000,0,0.000000000000
351,W125,125,1,W,0,0.000000000000,125,1.000000000000,0,0.000000000000,0,0.000000000000
352,W125,125,1,W,0,0.000000000000,125,1.000000000000,0,0.000000000000,0,0.000000000000
353,W125,125,1,W,0,0.000000000000,125,1.000000000000,0,0.000000000000,0,0.000000000000
354,W125,125,1,W,0,0.000000000000,125,1.000000000000,0,0.000000000000,0,0.000000000000
355,W125,125,1,W,0,0.000000000000,125,1.000000000000,0,0.000000000000,0,0.000000000000
356,W125,125,1,W,0,0.000000000000,125,1.000000000000,0,0.000000000000,0,0.000000000000
357,W125,125,1,W,0,0.000000000000,125,1.000000000000,0,0.000000000000,0,0.000000000000
358,W125,125,1,W,0,0.000000000000,125,1.000000000000,0,0.000000000000,0,0.000000000000
359,W125,125,1,W,0,0.000000000000,125,1.000000000000,0,0.000000000000,0,0.000000000000
360,W125,125,1,W,0,0.000000000000,125,1.000000000000,0,0.000000000000,0,0.000000000000
361,W125,125,1,W,0,0.000000000000,125,1.000000000000,0,0.000000000000,0,0.000000000000
362,W125,125,1,W,0,0.000000000000,125,1.000000000000,0,0.000000000000,0,0.000000000000
363,W125,125,1,W,0,0.000000000000,125,1.000000000000,0,0.000000000000,0,0.000000000000
364,W125,125,1,W,0,0.000000000000,125,1.000000000000,0,0.000000000000,0,0.000000000000
365,W125,125,1,W,0,0.000000000000,125,1.000000000000,0,0.000000000000,0,0.000000000000
366,W125,125,1,W,0,0.000000000000,125,1.000000000000,0,0.000000000000,0,0.000000000000
367,W125,125,1,W,0,0.000000000000,125,1.000000000000,0,0.000000000000,0,0.000000000000
368,W125,125,1,W,0,0.000000000000,125,1.000000000000,0,0.000000000000,0,0.000000000000
369,W125,125,1,W,0,0.000000000000,125,1.000000000000,0,0.000000000000,0,0.000000000000
370,W125,125,1,W,0,0.000000000000,125,1.000000000000,0,0.000000000000,0,0.000000000000
371,W125,125,1,W,0,0.000000000000,125,1.000000000000,0,0.000000000000,0,0.000000000000
372,W125,125,1,W,0,0.000000000000,125,1.000000000000,0,0.000000000000,0,0.000000000000
373,W125,125,1,W,0,0.000000000000,125,1.000000000000,0,0.000000000000,0,0.000000000000
374,W125,125,1,W,0,0.000000000000,125,1.000000000000,0,0.000000000000,0,0.000000000000
375,W125,125,1,W,0,0.000000000000,125,1.000000000000,0,0.000000000000,0,0.000000000000
376,W125,125,1,W,0,0.000000000000,125,1.000000000000,0,0.000000000000,0,0.000000000000
377,W125,125,1,W,0,0.000000000000,125,1.000000000000,0,0.000000000000,0,0.000000000000
378,W125,125,1,W,0,0.000000000000,125,1.000000000000,0,0.000000000000,0,0.000000000000
379,W125,125,1,W,0,0.000000000000,125,1.000000000000,0,0.000000000000,0,0.000000000000
380,W125,125,1,W,0,0.000000000000,125,1.000000000000,0,0.000000000000,0,0.000000000000
381,W125,125,1,W,0,0.000000000000,125,1.000000000000,0,0.000000000000,0,0.000000000000
382,W125,125,1,W,0,0.000000000000,125,1.000000000000,0,0.000000000000,0,0.000000000000
383,W125,125,1,W,0,0.000000000000,125,1.000000000000,0,0.000000000000,0,0.000000000000
384,W125,125,1,W,0,0.000000000000,125,1.000000000000,0,0.000000000000,0,0.000000000000
385,W125,125,1,W,0,0.000000000000,125,1.000000000000,0,0.000000000000,0,0.000000000000
386,W125,125,1,W,0,0.000000000000,125,1.000000000000,0,0.000000000000,0,0.000000000000
387,W125,125,1,W,0,0.000000000000,125,1.000000000000,0,0.000000000000,0,0.000000000000
388,W125,125,1,W,0,0.000000000000,125,1.000000000000,0,0.000000000000,0,0.000000000000
389,W125,125,1,W,0,0.000000000000,125,1.000000000000,0,0.000000000000,0,0.000000000000
390,W125,125,1,W,0,0.000000000000,125,1.000000000000,0,0.000000000000,0,0.000000000000
391,W125,125,1,W,0,0.000000000000,125,1.000000000000,0,0.000000000000,0,0.000000000000
392,W125,125,1,W,0,0.000000000000,125,1.000000000000,0,0.000000000000,0,0.000000000000
393,W125,125,1,W,0,0.000000000000,125,1.000000000000,0,0.000000000000,0,0.000000000000
394,W125,125,1,W,0,0.000000000000,125,1.000000000000,0,0.000000000000,0,0.000000000000
395,W114,114,1,W,0,0.000000000000,114,1.000000000000,0,0.000000000000,0,0.000000000000
396,W136,136,1,W,0,0.000000000000,136,1.000000000000,0,0.000000000000,0,0.000000000000
397,W132,132,1,W,0,0.000000000000,132,1.000000000000,0,0.000000000000,0,0.000000000000
398,W134,134,1,W,0,0.000000000000,134,1.000000000000,0,0.000000000000,0,0.000000000000
399,W125,125,1,W,0,0.000000000000,125,1.000000000000,0,0.000000000000,0,0.000000000000
400,W125,125,1,W,0,0.000000000000,125,1.000000000000,0,0.000000000000,0,0.000000000000
401,W125,125,1,W,0,0.000000000000,125,1.000000000000,0,0.000000000000,0,0.000000000000
402,W125,125,1,W,0,0.000000000000,125,1.000000000000,0,0.000000000000,0,0.000000000000
403,W125,125,1,W,0,0.000000000000,125,1.000000000000,0,0.000000000000,0,0.000000000000
404,W125,125,1,W,0,0.000000000000,125,1.000000000000,0,0.000000000000,0,0.000000000000
405,W125,125,1,W,0,0.000000000000,125,1.000000000000,0,0.000000000000,0,0.000000000000
406,W125,125,1,W,0,0.000000000000,125,1.000000000000,0,0.000000000000,0,0.000000000000
407,W125,125,1,W,0,0.000000000000,125,1.000000000000,0,0.000000000000,0,0.000000000000
408,W125,125,1,W,0,0.000000000000,125,1.000000000000,0,0.000000000000,0,0.000000000000
409,W125,125,1,W,0,0.000000000000,125,1.000000000000,0,0.000000000000,0,0.000000000000
410,W125,125,1,W,0,0.000000000000,125,1.000000000000,0,0.000000000000,0,0.000000000000
411,W125,125,1,W,0,0.000000000000,125,1.000000000000,0,0.000000000000,0,0.000000000000
412,W125,125,1,W,0,0.000000000000,125,1.000000000000,0,0.000000000000,0,0.000000000000
413,W125,125,1,W,0,0.000000000000,125,1.000000000000,0,0.000000000000,0,0.000000000000
414,W125,125,1,W,0,0.000000000000,125,1.000000000000,0,0.000000000000,0,0.000000000000
415,W125,125,1,W,0,0.000000000000,125,1.000000000000,0,0.000000000000,0,0.000000000000
416,W125,125,1,W,0,0.000000000000,125,1.000000000000,0,0.000000000000,0,0.000000000000
417,W125,125,1,W,0,0.000000000000,125,1.000000000000,0,0.000000000000,0,0.000000000000
418,W125,125,1,W,0,0.000000000000,125,1.000000000000,0,0.000000000000,0,0.000000000000
419,W125,125,1,W,0,0.000000000000,125,1.000000000000,0,0.000000000000,0,0.000000000000
420,W125,125,1,W,0,0.000000000000,125,1.000000000000,0,0.000000000000,0,0.000000000000
421,W125,125,1,W,0,0.000000000000,125,1.000000000000,0,0.000000000000,0,0.000000000000
422,W125,125,1,W,0,0.000000000000,125,1.000000000000,0,0.000000000000,0,0.000000000000
423,W125,125,1,W,0,0.000000000000,125,1.000000000000,0,0.000000000000,0,0.000000000000
424,W125,125,1,W,0,0.000000000000,125,1.000000000000,0,0.000000000000,0,0.000000000000
425,W125,125,1,W,0,0.000000000000,125,1.000000000000,0,0.000000000000,0,0.000000000000
426,W125,125,1,W,0,0.000000000000,125,1.000000000000,0,0.000000000000,0,0.000000000000
427,W125,125,1,W,0,0.000000000000,125,1.000000000000,0,0.000000000000,0,0.000000000000
428,W125,125,1,W,0,0.000000000000,125,1.000000000000,0,0.000000000000,0,0.000000000000
429,W125,125,1,W,0,0.000000000000,125,1.000000000000,0,0.000000000000,0,0.000000000000
430,W125,125,1,W,0,0.000000000000,125,1.000000000000,0,0.000000000000,0,0.000000000000
431,W125,125,1,W,0,0.000000000000,125,1.000000000000,0,0.000000000000,0,0.000000000000
432,W125,125,1,W,0,0.000000000000,125,1.000000000000,0,0.000000000000,0,0.000000000000
433,W125,125,1,W,0,0.000000000000,125,1.000000000000,0,0.000000000000,0,0.000000000000
434,W125,125,1,W,0,0.000000000000,125,1.000000000000,0,0.000000000000,0,0.000000000000
435,W125,125,1,W,0,0.000000000000,125,1.000000000000,0,0.000000000000,0,0.000000000000
436,W125,125,1,W,0,0.000000000000,125,1.000000000000,0,0.000000000000,0,0.000000000000
437,W125,125,1,W,0,0.000000000000,125,1.000000000000,0,0.000000000000,0,0.000000000000
438,W125,125,1,W,0,0.000000000000,125,1.000000000000,0,0.000000000000,0,0.000000000000
439,W125,125,1,W,0,0.000000000000,125,1.000000000000,0,0.000000000000,0,0.000000000000
440,W125,125,1,W,0,0.000000000000,125,1.000000000000,0,0.000000000000,0,0.000000000000
441,W125,125,1,W,0,0.000000000000,125,1.000000000000,0,0.000000000000,0,0.000000000000
442,W125,125,1,W,0,0.000000000000,125,1.000000000000,0,0.000000000000,0,0.000000000000
443,W125,125,1,W,0,0.000000000000,125,1.000000000000,0,0.000000000000,0,0.000000000000
444,W125,125,1,W,0,0.000000000000,125,1.000000000000,0,0.000000000000,0,0.000000000000
445,W125,125,1,W,0,0.000000000000,125,1.000000000000,0,0.000000000000,0,0.000000000000
446,W125,125,1,W,0,0.000000000000,125,1.000000000000,0,0.000000000000,0,0.000000000000
447,W125,125,1,W,0,0.000000000000,125,1.000000000000,0,0.000000000000,0,0.000000000000
448,W125,125,1,W,0,0.000000000000,125,1.000000000000,0,0.000000000000,0,0.000000000000
449,W125,125,1,W,0,0.000000000000,125,1.000000000000,0,0.000000000000,0,0.000000000000
450,W125,125,1,W,0,0.000000000000,125,1.000000000000,0,0.000000000000,0,0.000000000000
451,W125,125,1,W,0,0.000000000000,125,1.000000000000,0,0.000000000000,0,0.000000000000
452,W125,125,1,W,0,0.000000000000,125,1.000000000000,0,0.000000000000,0,0.000000000000
453,W125,125,1,W,0,0.000000000000,125,1.000000000000,0,0.000000000000,0,0.000000000000
454,W125,125,1,W,0,0.000000000000,125,1.000000000000,0,0.000000000000,0,0.000000000000
455,W125,125,1,W,0,0.000000000000,125,1.000000000000,0,0.000000000000,0,0.000000000000
456,W125,125,1,W,0,0.000000000000,125,1.000000000000,0,0.000000000000,0,0.000000000000
457,W125,125,1,W,0,0.000000000000,125,1.000000000000,0,0.000000000000,0,0.000000000000
458,W113,113,1,W,0,0.000000000000,113,1.000000000000,0,0.000000000000,0,0.000000000000
459,W131,131,1,W,0,0.000000000000,131,1.000000000000,0,0.000000000000,0,0.000000000000
460,W133,133,1,W,0,0.000000000000,133,1.000000000000,0,0.000000000000,0,0.000000000000
461,W135,135,1,W,0,0.000000000000,135,1.000000000000,0,0.000000000000,0,0.000000000000
462,W128,128,1,W,0,0.000000000000,128,1.000000000000,0,0.000000000000,0,0.000000000000
463,W128,128,1,W,0,0.000000000000,128,1.000000000000,0,0.000000000000,0,0.000000000000
464,W128,128,1,W,0,0.000000000000,128,1.000000000000,0,0.000000000000,0,0.000000000000
465,W128,128,1,W,0,0.000000000000,128,1.000000000000,0,0.000000000000,0,0.000000000000
466,W128,128,1,W,0,0.000000000000,128,1.000000000000,0,0.000000000000,0,0.000000000000
467,W128,128,1,W,0,0.000000000000,128,1.000000000000,0,0.000000000000,0,0.000000000000
468,W128,128,1,W,0,0.000000000000,128,1.000000000000,0,0.000000000000,0,0.000000000000
469,W128,128,1,W,0,0.000000000000,128,1.000000000000,0,0.000000000000,0,0.000000000000
470,W128,128,1,W,0,0.000000000000,128,1.000000000000,0,0.000000000000,0,0.000000000000
471,W128,128,1,W,0,0.000000000000,128,1.000000000000,0,0.000000000000,0,0.000000000000
472,W128,128,1,W,0,0.000000000000,128,1.000000000000,0,0.000000000000,0,0.000000000000
473,W128,128,1,W,0,0.000000000000,128,1.000000000000,0,0.000000000000,0,0.000000000000
474,W128,128,1,W,0,0.000000000000,128,1.000000000000,0,0.000000000000,0,0.000000000000
475,W128,128,1,W,0,0.000000000000,128,1.000000000000,0,0.000000000000,0,0.000000000000
476,W128,128,1,W,0,0.000000000000,128,1.000000000000,0,0.000000000000,0,0.000000000000
477,W128,128,1,W,0,0.000000000000,128,1.000000000000,0,0.000000000000,0,0.000000000000
478,W128,128,1,W,0,0.000000000000,128,1.000000000000,0,0.000000000000,0,0.000000000000
479,W128,128,1,W,0,0.000000000000,128,1.000000000000,0,0.000000000000,0,0.000000000000
480,W128,128,1,W,0,0.000000000000,128,1.000000000000,0,0.000000000000,0,0.000000000000
481,W128,128,1,W,0,0.000000000000,128,1.000000000000,0,0.000000000000,0,0.000000000000
482,W128,128,1,W,0,0.000000000000,128,1.000000000000,0,0.000000000000,0,0.000000000000
483,W128,128,1,W,0,0.000000000000,128,1.000000000000,0,0.000000000000,0,0.000000000000
484,W128,128,1,W,0,0.000000000000,128,1.000000000000,0,0.000000000000,0,0.000000000000
485,W128,128,1,W,0,0.000000000000,128,1.000000000000,0,0.000000000000,0,0.000000000000
486,W128,128,1,W,0,0.000000000000,128,1.000000000000,0,0.000000000000,0,0.000000000000
487,W128,128,1,W,0,0.000000000000,128,1.000000000000,0,0.000000000000,0,0.000000000000
488,W128,128,1,W,0,0.000000000000,128,1.000000000000,0,0.000000000000,0,0.000000000000
489,W128,128,1,W,0,0.000000000000,128,1.000000000000,0,0.000000000000,0,0.000000000000
490,W128,128,1,W,0,0.000000000000,128,1.000000000000,0,0.000000000000,0,0.000000000000
491,W128,128,1,W,0,0.000000000000,128,1.000000000000,0,0.000000000000,0,0.000000000000
492,W128,128,1,W,0,0.000000000000,128,1.000000000000,0,0.000000000000,0,0.000000000000
493,W128,128,1,W,0,0.000000000000,128,1.000000000000,0,0.000000000000,0,0.000000000000
494,W128,128,1,W,0,0.000000000000,128,1.000000000000,0,0.000000000000,0,0.000000000000
495,W128,128,1,W,0,0.000000000000,128,1.000000000000,0,0.000000000000,0,0.000000000000
496,W128,128,1,W,0,0.000000000000,128,1.000000000000,0,0.000000000000,0,0.000000000000
497,W128,128,1,W,0,0.000000000000,128,1.000000000000,0,0.000000000000,0,0.000000000000
498,W128,128,1,W,0,0.000000000000,128,1.000000000000,0,0.000000000000,0,0.000000000000
499,W128,128,1,W,0,0.000000000000,128,1.000000000000,0,0.000000000000,0,0.000000000000
500,W128,128,1,W,0,0.000000000000,128,1.000000000000,0,0.000000000000,0,0.000000000000
501,W128,128,1,W,0,0.000000000000,128,1.000000000000,0,0.000000000000,0,0.000000000000
502,W128,128,1,W,0,0.000000000000,128,1.000000000000,0,0.000000000000,0,0.000000000000
503,W128,128,1,W,0,0.000000000000,128,1.000000000000,0,0.000000000000,0,0.000000000000
504,W128,128,1,W,0,0.000000000000,128,1.000000000000,0,0.000000000000,0,0.000000000000
505,W128,128,1,W,0,0.000000000000,128,1.000000000000,0,0.000000000000,0,0.000000000000
506,W128,128,1,W,0,0.000000000000,128,1.000000000000,0,0.000000000000,0,0.000000000000
507,W128,128,1,W,0,0.000000000000,128,1.000000000000,0,0.000000000000,0,0.000000000000
508,W128,128,1,W,0,0.000000000000,128,1.000000000000,0,0.000000000000,0,0.000000000000
509,W128,128,1,W,0,0.000000000000,128,1.000000000000,0,0.000000000000,0,0.000000000000
510,W128,128,1,W,0,0.000000000000,128,1.000000000000,0,0.000000000000,0,0.000000000000
511,W128,128,1,W,0,0.000000000000,128,1.000000000000,0,0.000000000000,0,0.000000000000
512,W128,128,1,W,0,0.000000000000,128,1.000000000000,0,0.000000000000,0,0.000000000000
513,W128,128,1,W,0,0.000000000000,128,1.000000000000,0,0.000000000000,0,0.000000000000
514,W128,128,1,W,0,0.000000000000,128,1.000000000000,0,0.000000000000,0,0.000000000000
515,W128,128,1,W,0,0.000000000000,128,1.000000000000,0,0.000000000000,0,0.000000000000
516,W128,128,1,W,0,0.000000000000,128,1.000000000000,0,0.000000000000,0,0.000000000000
517,W128,128,1,W,0,0.000000000000,128,1.000000000000,0,0.000000000000,0,0.000000000000
518,W128,128,1,W,0,0.000000000000,128,1.000000000000,0,0.000000000000,0,0.000000000000
519,W128,128,1,W,0,0.000000000000,128,1.000000000000,0,0.000000000000,0,0.000000000000
520,W128,128,1,W,0,0.000000000000,128,1.000000000000,0,0.000000000000,0,0.000000000000
521,W135,135,1,W,0,0.000000000000,135,1.000000000000,0,0.000000000000,0,0.000000000000
522,W139,139,1,W,0,0.000000000000,139,1.000000000000,0,0.000000000000,0,0.000000000000
523,W137,137,1,W,0,0.000000000000,137,1.000000000000,0,0.000000000000,0,0.000000000000
524,Cr54W54,108,2,"Cr,W",54,0.500000000000,54,0.500000000000,0,0.000000000000,0,0.000000000000
525,Cr47W53,100,2,"Cr,W",47,0.470000000000,53,0.530000000000,0,0.000000000000,0,0.000000000000
526,Cr56W55,111,2,"Cr,W",56,0.504504504505,55,0.495495495495,0,0.000000000000,0,0.000000000000
527,Cr55W54,109,2,"Cr,W",55,0.504587155963,54,0.495412844037,0,0.000000000000,0,0.000000000000
528,Cr54W54,108,2,"Cr,W",54,0.500000000000,54,0.500000000000,0,0.000000000000,0,0.000000000000
529,Cr54W54,108,2,"Cr,W",54,0.500000000000,54,0.500000000000,0,0.000000000000,0,0.000000000000
530,Cr54W54,108,2,"Cr,W",54,0.500000000000,54,0.500000000000,0,0.000000000000,0,0.000000000000
531,Cr54W54,108,2,"Cr,W",54,0.500000000000,54,0.500000000000,0,0.000000000000,0,0.000000000000
532,Cr51W47,98,2,"Cr,W",51,0.520408163265,47,0.479591836735,0,0.000000000000,0,0.000000000000
533,Cr56W56,112,2,"Cr,W",56,0.500000000000,56,0.500000000000,0,0.000000000000,0,0.000000000000
534,Cr58W58,116,2,"Cr,W",58,0.500000000000,58,0.500000000000,0,0.000000000000,0,0.000000000000
535,Cr55W55,110,2,"Cr,W",55,0.500000000000,55,0.500000000000,0,0.000000000000,0,0.000000000000
536,Cr54W55,109,2,"Cr,W",54,0.495412844037,55,0.504587155963,0,0.000000000000,0,0.000000000000
537,Cr125,125,1,Cr,125,1.000000000000,0,0.000000000000,0,0.000000000000,0,0.000000000000
538,Cr125,125,1,Cr,125,1.000000000000,0,0.000000000000,0,0.000000000000,0,0.000000000000
539,Cr125,125,1,Cr,125,1.000000000000,0,0.000000000000,0,0.000000000000,0,0.000000000000
540,Cr125,125,1,Cr,125,1.000000000000,0,0.000000000000,0,0.000000000000,0,0.000000000000
541,Cr125,125,1,Cr,125,1.000000000000,0,0.000000000000,0,0.000000000000,0,0.000000000000
542,Cr125,125,1,Cr,125,1.000000000000,0,0.000000000000,0,0.000000000000,0,0.000000000000
543,Cr125,125,1,Cr,125,1.000000000000,0,0.000000000000,0,0.000000000000,0,0.000000000000
544,Cr125,125,1,Cr,125,1.000000000000,0,0.000000000000,0,0.000000000000,0,0.000000000000
545,Cr125,125,1,Cr,125,1.000000000000,0,0.000000000000,0,0.000000000000,0,0.000000000000
546,Cr125,125,1,Cr,125,1.000000000000,0,0.000000000000,0,0.000000000000,0,0.000000000000
547,Cr125,125,1,Cr,125,1.000000000000,0,0.000000000000,0,0.000000000000,0,0.000000000000
548,Cr125,125,1,Cr,125,1.000000000000,0,0.000000000000,0,0.000000000000,0,0.000000000000
549,Cr125,125,1,Cr,125,1.000000000000,0,0.000000000000,0,0.000000000000,0,0.000000000000
550,Cr125,125,1,Cr,125,1.000000000000,0,0.000000000000,0,0.000000000000,0,0.000000000000
551,Cr125,125,1,Cr,125,1.000000000000,0,0.000000000000,0,0.000000000000,0,0.000000000000
552,Cr125,125,1,Cr,125,1.000000000000,0,0.000000000000,0,0.000000000000,0,0.000000000000
553,Cr125,125,1,Cr,125,1.000000000000,0,0.000000000000,0,0.000000000000,0,0.000000000000
554,Cr125,125,1,Cr,125,1.000000000000,0,0.000000000000,0,0.000000000000,0,0.000000000000
555,Cr125,125,1,Cr,125,1.000000000000,0,0.000000000000,0,0.000000000000,0,0.000000000000
556,Cr125,125,1,Cr,125,1.000000000000,0,0.000000000000,0,0.000000000000,0,0.000000000000
557,Cr125,125,1,Cr,125,1.000000000000,0,0.000000000000,0,0.000000000000,0,0.000000000000
558,Cr125,125,1,Cr,125,1.000000000000,0,0.000000000000,0,0.000000000000,0,0.000000000000
559,Cr125,125,1,Cr,125,1.000000000000,0,0.000000000000,0,0.000000000000,0,0.000000000000
560,Cr125,125,1,Cr,125,1.000000000000,0,0.000000000000,0,0.000000000000,0,0.000000000000
561,Cr125,125,1,Cr,125,1.000000000000,0,0.000000000000,0,0.000000000000,0,0.000000000000
562,Cr125,125,1,Cr,125,1.000000000000,0,0.000000000000,0,0.000000000000,0,0.000000000000
563,Cr125,125,1,Cr,125,1.000000000000,0,0.000000000000,0,0.000000000000,0,0.000000000000
564,Cr125,125,1,Cr,125,1.000000000000,0,0.000000000000,0,0.000000000000,0,0.000000000000
565,Cr125,125,1,Cr,125,1.000000000000,0,0.000000000000,0,0.000000000000,0,0.000000000000
566,Cr125,125,1,Cr,125,1.000000000000,0,0.000000000000,0,0.000000000000,0,0.000000000000
567,Cr125,125,1,Cr,125,1.000000000000,0,0.000000000000,0,0.000000000000,0,0.000000000000
568,Cr125,125,1,Cr,125,1.000000000000,0,0.000000000000,0,0.000000000000,0,0.000000000000
569,Cr125,125,1,Cr,125,1.000000000000,0,0.000000000000,0,0.000000000000,0,0.000000000000
570,Cr125,125,1,Cr,125,1.000000000000,0,0.000000000000,0,0.000000000000,0,0.000000000000
571,Cr125,125,1,Cr,125,1.000000000000,0,0.000000000000,0,0.000000000000,0,0.000000000000
572,Cr125,125,1,Cr,125,1.000000000000,0,0.000000000000,0,0.000000000000,0,0.000000000000
573,Cr125,125,1,Cr,125,1.000000000000,0,0.000000000000,0,0.000000000000,0,0.000000000000
574,Cr125,125,1,Cr,125,1.000000000000,0,0.000000000000,0,0.000000000000,0,0.000000000000
575,Cr125,125,1,Cr,125,1.000000000000,0,0.000000000000,0,0.000000000000,0,0.000000000000
576,Cr125,125,1,Cr,125,1.000000000000,0,0.000000000000,0,0.000000000000,0,0.000000000000
577,Cr125,125,1,Cr,125,1.000000000000,0,0.000000000000,0,0.000000000000,0,0.000000000000
578,Cr125,125,1,Cr,125,1.000000000000,0,0.000000000000,0,0.000000000000,0,0.000000000000
579,Cr125,125,1,Cr,125,1.000000000000,0,0.000000000000,0,0.000000000000,0,0.000000000000
580,Cr125,125,1,Cr,125,1.000000000000,0,0.000000000000,0,0.000000000000,0,0.000000000000
581,Cr125,125,1,Cr,125,1.000000000000,0,0.000000000000,0,0.000000000000,0,0.000000000000
582,Cr125,125,1,Cr,125,1.000000000000,0,0.000000000000,0,0.000000000000,0,0.000000000000
583,Cr125,125,1,Cr,125,1.000000000000,0,0.000000000000,0,0.000000000000,0,0.000000000000
584,Cr125,125,1,Cr,125,1.000000000000,0,0.000000000000,0,0.000000000000,0,0.000000000000
585,Cr125,125,1,Cr,125,1.000000000000,0,0.000000000000,0,0.000000000000,0,0.000000000000
586,Cr125,125,1,Cr,125,1.000000000000,0,0.000000000000,0,0.000000000000,0,0.000000000000
587,Cr125,125,1,Cr,125,1.000000000000,0,0.000000000000,0,0.000000000000,0,0.000000000000
588,Cr125,125,1,Cr,125,1.000000000000,0,0.000000000000,0,0.000000000000,0,0.000000000000
589,Cr125,125,1,Cr,125,1.000000000000,0,0.000000000000,0,0.000000000000,0,0.000000000000
590,Cr125,125,1,Cr,125,1.000000000000,0,0.000000000000,0,0.000000000000,0,0.000000000000
591,Cr125,125,1,Cr,125,1.000000000000,0,0.000000000000,0,0.000000000000,0,0.000000000000
592,Cr125,125,1,Cr,125,1.000000000000,0,0.000000000000,0,0.000000000000,0,0.000000000000
593,Cr125,125,1,Cr,125,1.000000000000,0,0.000000000000,0,0.000000000000,0,0.000000000000
594,Cr125,125,1,Cr,125,1.000000000000,0,0.000000000000,0,0.000000000000,0,0.000000000000
595,Cr125,125,1,Cr,125,1.000000000000,0,0.000000000000,0,0.000000000000,0,0.000000000000
596,Cr125,125,1,Cr,125,1.000000000000,0,0.000000000000,0,0.000000000000,0,0.000000000000
597,Cr125,125,1,Cr,125,1.000000000000,0,0.000000000000,0,0.000000000000,0,0.000000000000
598,Cr113,113,1,Cr,113,1.000000000000,0,0.000000000000,0,0.000000000000,0,0.000000000000
599,Cr128,128,1,Cr,128,1.000000000000,0,0.000000000000,0,0.000000000000,0,0.000000000000
600,Cr132,132,1,Cr,132,1.000000000000,0,0.000000000000,0,0.000000000000,0,0.000000000000
601,Cr130,130,1,Cr,130,1.000000000000,0,0.000000000000,0,0.000000000000,0,0.000000000000
602,Cr94W31,125,2,"Cr,W",94,0.752000000000,31,0.248000000000,0,0.000000000000,0,0.000000000000
603,Cr94W31,125,2,"Cr,W",94,0.752000000000,31,0.248000000000,0,0.000000000000,0,0.000000000000
604,Cr47W78,125,2,"Cr,W",47,0.376000000000,78,0.624000000000,0,0.000000000000,0,0.000000000000
605,Cr47W78,125,2,"Cr,W",47,0.376000000000,78,0.624000000000,0,0.000000000000,0,0.000000000000
606,Cr47W78,125,2,"Cr,W",47,0.376000000000,78,0.624000000000,0,0.000000000000,0,0.000000000000
607,Cr17W109,126,2,"Cr,W",17,0.134920634921,109,0.865079365079,0,0.000000000000,0,0.000000000000
608,Cr73W40,113,2,"Cr,W",73,0.646017699115,40,0.353982300885,0,0.000000000000,0,0.000000000000
609,Cr79W47,126,2,"Cr,W",79,0.626984126984,47,0.373015873016,0,0.000000000000,0,0.000000000000
610,Cr31W94,125,2,"Cr,W",31,0.248000000000,94,0.752000000000,0,0.000000000000,0,0.000000000000
611,Cr31W83,114,2,"Cr,W",31,0.271929824561,83,0.728070175439,0,0.000000000000,0,0.000000000000
612,Cr31W95,126,2,"Cr,W",31,0.246031746032,95,0.753968253968,0,0.000000000000,0,0.000000000000
613,Cr48W78,126,2,"Cr,W",48,0.380952380952,78,0.619047619048,0,0.000000000000,0,0.000000000000
614,Cr63W62,125,2,"Cr,W",63,0.504000000000,62,0.496000000000,0,0.000000000000,0,0.000000000000
615,Cr63W62Zr,126,3,"Cr,W,Zr",63,0.500000000000,62,0.492063492063,0,0.000000000000,1,0.007936507937
616,Cr63W62,125,2,"Cr,W",63,0.504000000000,62,0.496000000000,0,0.000000000000,0,0.000000000000
617,Cr109W16,125,2,"Cr,W",109,0.872000000000,16,0.128000000000,0,0.000000000000,0,0.000000000000
618,Cr94W31,125,2,"Cr,W",94,0.752000000000,31,0.248000000000,0,0.000000000000,0,0.000000000000
619,Cr94W31,125,2,"Cr,W",94,0.752000000000,31,0.248000000000,0,0.000000000000,0,0.000000000000
620,Cr16W109,125,2,"Cr,W",16,0.128000000000,109,0.872000000000,0,0.000000000000,0,0.000000000000
621,Cr32W94,126,2,"Cr,W",32,0.253968253968,94,0.746031746032,0,0.000000000000,0,0.000000000000
622,Cr41W73,114,2,"Cr,W",41,0.359649122807,73,0.640350877193,0,0.000000000000,0,0.000000000000
623,Cr47W78,125,2,"Cr,W",47,0.376000000000,78,0.624000000000,0,0.000000000000,0,0.000000000000
624,Cr94W31,125,2,"Cr,W",94,0.752000000000,31,0.248000000000,0,0.000000000000,0,0.000000000000
625,Cr94W31,125,2,"Cr,W",94,0.752000000000,31,0.248000000000,0,0.000000000000,0,0.000000000000
626,Cr94W31,125,2,"Cr,W",94,0.752000000000,31,0.248000000000,0,0.000000000000,0,0.000000000000
627,Cr94W31,125,2,"Cr,W",94,0.752000000000,31,0.248000000000,0,0.000000000000,0,0.000000000000
628,Cr109W16,125,2,"Cr,W",109,0.872000000000,16,0.128000000000,0,0.000000000000,0,0.000000000000
629,Cr109W16,125,2,"Cr,W",109,0.872000000000,16,0.128000000000,0,0.000000000000,0,0.000000000000
630,Cr109W16,125,2,"Cr,W",109,0.872000000000,16,0.128000000000,0,0.000000000000,0,0.000000000000
631,Cr109W16,125,2,"Cr,W",109,0.872000000000,16,0.128000000000,0,0.000000000000,0,0.000000000000
632,Cr109W16,125,2,"Cr,W",109,0.872000000000,16,0.128000000000,0,0.000000000000,0,0.000000000000
633,Cr94W31,125,2,"Cr,W",94,0.752000000000,31,0.248000000000,0,0.000000000000,0,0.000000000000
634,Cr78W47,125,2,"Cr,W",78,0.624000000000,47,0.376000000000,0,0.000000000000,0,0.000000000000
635,Cr80W47,127,2,"Cr,W",80,0.629921259843,47,0.370078740157,0,0.000000000000,0,0.000000000000
636,Cr62W63,125,2,"Cr,W",62,0.496000000000,63,0.504000000000,0,0.000000000000,0,0.000000000000
637,Cr62W63,125,2,"Cr,W",62,0.496000000000,63,0.504000000000,0,0.000000000000,0,0.000000000000
638,Cr62W63,125,2,"Cr,W",62,0.496000000000,63,0.504000000000,0,0.000000000000,0,0.000000000000
639,Cr62W63,125,2,"Cr,W",62,0.496000000000,63,0.504000000000,0,0.000000000000,0,0.000000000000
640,Cr62W63,125,2,"Cr,W",62,0.496000000000,63,0.504000000000,0,0.000000000000,0,0.000000000000
641,Cr109W16,125,2,"Cr,W",109,0.872000000000,16,0.128000000000,0,0.000000000000,0,0.000000000000
642,Cr109W16,125,2,"Cr,W",109,0.872000000000,16,0.128000000000,0,0.000000000000,0,0.000000000000
643,Cr101W13,114,2,"Cr,W",101,0.885964912281,13,0.114035087719,0,0.000000000000,0,0.000000000000
644,Cr109W16Zr,126,3,"Cr,W,Zr",109,0.865079365079,16,0.126984126984,0,0.000000000000,1,0.007936507937
645,Cr16W109,125,2,"Cr,W",16,0.128000000000,109,0.872000000000,0,0.000000000000,0,0.000000000000
646,Cr16W109,125,2,"Cr,W",16,0.128000000000,109,0.872000000000,0,0.000000000000,0,0.000000000000
647,Cr15W98,113,2,"Cr,W",15,0.132743362832,98,0.867256637168,0,0.000000000000,0,0.000000000000
648,Cr16W109,125,2,"Cr,W",16,0.128000000000,109,0.872000000000,0,0.000000000000,0,0.000000000000
649,Cr109W16,125,2,"Cr,W",109,0.872000000000,16,0.128000000000,0,0.000000000000,0,0.000000000000
650,Cr109W17Y,127,3,"Cr,W,Y",109,0.858267716535,17,0.133858267717,1,0.007874015748,0,0.000000000000
651,Cr128,128,1,Cr,128,1.000000000000,0,0.000000000000,0,0.000000000000,0,0.000000000000
652,Cr128,128,1,Cr,128,1.000000000000,0,0.000000000000,0,0.000000000000,0,0.000000000000
653,Cr128,128,1,Cr,128,1.000000000000,0,0.000000000000,0,0.000000000000,0,0.000000000000
654,Cr128,128,1,Cr,128,1.000000000000,0,0.000000000000,0,0.000000000000,0,0.000000000000
655,Cr128,128,1,Cr,128,1.000000000000,0,0.000000000000,0,0.000000000000,0,0.000000000000
656,Cr128,128,1,Cr,128,1.000000000000,0,0.000000000000,0,0.000000000000,0,0.000000000000
657,Cr128,128,1,Cr,128,1.000000000000,0,0.000000000000,0,0.000000000000,0,0.000000000000
658,Cr128,128,1,Cr,128,1.000000000000,0,0.000000000000,0,0.000000000000,0,0.000000000000
659,Cr128,128,1,Cr,128,1.000000000000,0,0.000000000000,0,0.000000000000,0,0.000000000000
660,Cr128,128,1,Cr,128,1.000000000000,0,0.000000000000,0,0.000000000000,0,0.000000000000
661,Cr128,128,1,Cr,128,1.000000000000,0,0.000000000000,0,0.000000000000,0,0.000000000000
662,Cr128,128,1,Cr,128,1.000000000000,0,0.000000000000,0,0.000000000000,0,0.000000000000
663,Cr128,128,1,Cr,128,1.000000000000,0,0.000000000000,0,0.000000000000,0,0.000000000000
664,Cr128,128,1,Cr,128,1.000000000000,0,0.000000000000,0,0.000000000000,0,0.000000000000
665,Cr128,128,1,Cr,128,1.000000000000,0,0.000000000000,0,0.000000000000,0,0.000000000000
666,Cr128,128,1,Cr,128,1.000000000000,0,0.000000000000,0,0.000000000000,0,0.000000000000
667,Cr128,128,1,Cr,128,1.000000000000,0,0.000000000000,0,0.000000000000,0,0.000000000000
668,Cr128,128,1,Cr,128,1.000000000000,0,0.000000000000,0,0.000000000000,0,0.000000000000
669,Cr128,128,1,Cr,128,1.000000000000,0,0.000000000000,0,0.000000000000,0,0.000000000000
670,Cr128,128,1,Cr,128,1.000000000000,0,0.000000000000,0,0.000000000000,0,0.000000000000
671,Cr128,128,1,Cr,128,1.000000000000,0,0.000000000000,0,0.000000000000,0,0.000000000000
672,Cr128,128,1,Cr,128,1.000000000000,0,0.000000000000,0,0.000000000000,0,0.000000000000
673,Cr128,128,1,Cr,128,1.000000000000,0,0.000000000000,0,0.000000000000,0,0.000000000000
674,Cr128,128,1,Cr,128,1.000000000000,0,0.000000000000,0,0.000000000000,0,0.000000000000
675,Cr128,128,1,Cr,128,1.000000000000,0,0.000000000000,0,0.000000000000,0,0.000000000000
676,Cr128,128,1,Cr,128,1.000000000000,0,0.000000000000,0,0.000000000000,0,0.000000000000
677,Cr128,128,1,Cr,128,1.000000000000,0,0.000000000000,0,0.000000000000,0,0.000000000000
678,Cr128,128,1,Cr,128,1.000000000000,0,0.000000000000,0,0.000000000000,0,0.000000000000
679,Cr128,128,1,Cr,128,1.000000000000,0,0.000000000000,0,0.000000000000,0,0.000000000000
680,Cr128,128,1,Cr,128,1.000000000000,0,0.000000000000,0,0.000000000000,0,0.000000000000
681,Cr128,128,1,Cr,128,1.000000000000,0,0.000000000000,0,0.000000000000,0,0.000000000000
682,Cr128,128,1,Cr,128,1.000000000000,0,0.000000000000,0,0.000000000000,0,0.000000000000
683,Cr128,128,1,Cr,128,1.000000000000,0,0.000000000000,0,0.000000000000,0,0.000000000000
684,Cr128,128,1,Cr,128,1.000000000000,0,0.000000000000,0,0.000000000000,0,0.000000000000
685,Cr128,128,1,Cr,128,1.000000000000,0,0.000000000000,0,0.000000000000,0,0.000000000000
686,Cr128,128,1,Cr,128,1.000000000000,0,0.000000000000,0,0.000000000000,0,0.000000000000
687,Cr128,128,1,Cr,128,1.000000000000,0,0.000000000000,0,0.000000000000,0,0.000000000000
688,Cr128,128,1,Cr,128,1.000000000000,0,0.000000000000,0,0.000000000000,0,0.000000000000
689,Cr128,128,1,Cr,128,1.000000000000,0,0.000000000000,0,0.000000000000,0,0.000000000000
690,Cr128,128,1,Cr,128,1.000000000000,0,0.000000000000,0,0.000000000000,0,0.000000000000
691,Cr128,128,1,Cr,128,1.000000000000,0,0.000000000000,0,0.000000000000,0,0.000000000000
692,Cr128,128,1,Cr,128,1.000000000000,0,0.000000000000,0,0.000000000000,0,0.000000000000
693,Cr128,128,1,Cr,128,1.000000000000,0,0.000000000000,0,0.000000000000,0,0.000000000000
694,Cr128,128,1,Cr,128,1.000000000000,0,0.000000000000,0,0.000000000000,0,0.000000000000
695,Cr128,128,1,Cr,128,1.000000000000,0,0.000000000000,0,0.000000000000,0,0.000000000000
696,Cr128,128,1,Cr,128,1.000000000000,0,0.000000000000,0,0.000000000000,0,0.000000000000
697,Cr128,128,1,Cr,128,1.000000000000,0,0.000000000000,0,0.000000000000,0,0.000000000000
698,Cr128,128,1,Cr,128,1.000000000000,0,0.000000000000,0,0.000000000000,0,0.000000000000
699,Cr128,128,1,Cr,128,1.000000000000,0,0.000000000000,0,0.000000000000,0,0.000000000000
700,Cr128,128,1,Cr,128,1.000000000000,0,0.000000000000,0,0.000000000000,0,0.000000000000
701,Cr128,128,1,Cr,128,1.000000000000,0,0.000000000000,0,0.000000000000,0,0.000000000000
702,Cr128,128,1,Cr,128,1.000000000000,0,0.000000000000,0,0.000000000000,0,0.000000000000
703,Cr128,128,1,Cr,128,1.000000000000,0,0.000000000000,0,0.000000000000,0,0.000000000000
704,Cr128,128,1,Cr,128,1.000000000000,0,0.000000000000,0,0.000000000000,0,0.000000000000
705,Cr128,128,1,Cr,128,1.000000000000,0,0.000000000000,0,0.000000000000,0,0.000000000000
706,Cr128,128,1,Cr,128,1.000000000000,0,0.000000000000,0,0.000000000000,0,0.000000000000
707,Cr128,128,1,Cr,128,1.000000000000,0,0.000000000000,0,0.000000000000,0,0.000000000000
708,Cr128,128,1,Cr,128,1.000000000000,0,0.000000000000,0,0.000000000000,0,0.000000000000
709,Cr128,128,1,Cr,128,1.000000000000,0,0.000000000000,0,0.000000000000,0,0.000000000000
710,Cr128,128,1,Cr,128,1.000000000000,0,0.000000000000,0,0.000000000000,0,0.000000000000
711,Cr128,128,1,Cr,128,1.000000000000,0,0.000000000000,0,0.000000000000,0,0.000000000000
712,Cr128,128,1,Cr,128,1.000000000000,0,0.000000000000,0,0.000000000000,0,0.000000000000
713,Cr117,117,1,Cr,117,1.000000000000,0,0.000000000000,0,0.000000000000,0,0.000000000000
714,Cr132,132,1,Cr,132,1.000000000000,0,0.000000000000,0,0.000000000000,0,0.000000000000
715,Cr78W47,125,2,"Cr,W",78,0.624000000000,47,0.376000000000,0,0.000000000000,0,0.000000000000
716,Cr68W46,114,2,"Cr,W",68,0.596491228070,46,0.403508771930,0,0.000000000000,0,0.000000000000
717,Cr78W47,125,2,"Cr,W",78,0.624000000000,47,0.376000000000,0,0.000000000000,0,0.000000000000
718,Cr109W16,125,2,"Cr,W",109,0.872000000000,16,0.128000000000,0,0.000000000000,0,0.000000000000
719,Cr78W47,125,2,"Cr,W",78,0.624000000000,47,0.376000000000,0,0.000000000000,0,0.000000000000
720,Cr78W47,125,2,"Cr,W",78,0.624000000000,47,0.376000000000,0,0.000000000000,0,0.000000000000
721,Cr78W47,125,2,"Cr,W",78,0.624000000000,47,0.376000000000,0,0.000000000000,0,0.000000000000
722,Cr78W47,125,2,"Cr,W",78,0.624000000000,47,0.376000000000,0,0.000000000000,0,0.000000000000
723,Cr47W78,125,2,"Cr,W",47,0.376000000000,78,0.624000000000,0,0.000000000000,0,0.000000000000
724,Cr47W78,125,2,"Cr,W",47,0.376000000000,78,0.624000000000,0,0.000000000000,0,0.000000000000
725,Cr47W78,125,2,"Cr,W",47,0.376000000000,78,0.624000000000,0,0.000000000000,0,0.000000000000
726,Cr78W47,125,2,"Cr,W",78,0.624000000000,47,0.376000000000,0,0.000000000000,0,0.000000000000
727,Cr78W47Y,126,3,"Cr,W,Y",78,0.619047619048,47,0.373015873016,1,0.007936507937,0,0.000000000000
728,Cr84W30,114,2,"Cr,W",84,0.736842105263,30,0.263157894737,0,0.000000000000,0,0.000000000000
729,Cr94W31Y,126,3,"Cr,W,Y",94,0.746031746032,31,0.246031746032,1,0.007936507937,0,0.000000000000
730,Cr54W61,115,2,"Cr,W",54,0.469565217391,61,0.530434782609,0,0.000000000000,0,0.000000000000
731,Cr62W63,125,2,"Cr,W",62,0.496000000000,63,0.504000000000,0,0.000000000000,0,0.000000000000
732,Cr109W17,126,2,"Cr,W",109,0.865079365079,17,0.134920634921,0,0.000000000000,0,0.000000000000
733,Cr32W94,126,2,"Cr,W",32,0.253968253968,94,0.746031746032,0,0.000000000000,0,0.000000000000
734,Cr63W62Y,126,3,"Cr,W,Y",63,0.500000000000,62,0.492063492063,1,0.007936507937,0,0.000000000000
735,Cr31W94,125,2,"Cr,W",31,0.248000000000,94,0.752000000000,0,0.000000000000,0,0.000000000000
736,Cr31W94,125,2,"Cr,W",31,0.248000000000,94,0.752000000000,0,0.000000000000,0,0.000000000000
737,Cr31W94,125,2,"Cr,W",31,0.248000000000,94,0.752000000000,0,0.000000000000,0,0.000000000000
738,Cr31W94,125,2,"Cr,W",31,0.248000000000,94,0.752000000000,0,0.000000000000,0,0.000000000000
739,Cr31W94,125,2,"Cr,W",31,0.248000000000,94,0.752000000000,0,0.000000000000,0,0.000000000000
740,Cr31W94,125,2,"Cr,W",31,0.248000000000,94,0.752000000000,0,0.000000000000,0,0.000000000000
741,Cr25W88,113,2,"Cr,W",25,0.221238938053,88,0.778761061947,0,0.000000000000,0,0.000000000000
742,Cr31W94Y,126,3,"Cr,W,Y",31,0.246031746032,94,0.746031746032,1,0.007936507937,0,0.000000000000
743,Cr31W94,125,2,"Cr,W",31,0.248000000000,94,0.752000000000,0,0.000000000000,0,0.000000000000
744,Cr31W94,125,2,"Cr,W",31,0.248000000000,94,0.752000000000,0,0.000000000000,0,0.000000000000
745,Cr78W47,125,2,"Cr,W",78,0.624000000000,47,0.376000000000,0,0.000000000000,0,0.000000000000
746,Cr78W49,127,2,"Cr,W",78,0.614173228346,49,0.385826771654,0,0.000000000000,0,0.000000000000
747,Cr94W31,125,2,"Cr,W",94,0.752000000000,31,0.248000000000,0,0.000000000000,0,0.000000000000
748,Cr94W31,125,2,"Cr,W",94,0.752000000000,31,0.248000000000,0,0.000000000000,0,0.000000000000
749,Cr94W31,125,2,"Cr,W",94,0.752000000000,31,0.248000000000,0,0.000000000000,0,0.000000000000
750,Cr63W62,125,2,"Cr,W",63,0.504000000000,62,0.496000000000,0,0.000000000000,0,0.000000000000
751,Cr125,125,1,Cr,125,1.000000000000,0,0.000000000000,0,0.000000000000,0,0.000000000000
752,Cr125,125,1,Cr,125,1.000000000000,0,0.000000000000,0,0.000000000000,0,0.000000000000
753,Cr125,125,1,Cr,125,1.000000000000,0,0.000000000000,0,0.000000000000,0,0.000000000000
754,Cr125,125,1,Cr,125,1.000000000000,0,0.000000000000,0,0.000000000000,0,0.000000000000
755,Cr125,125,1,Cr,125,1.000000000000,0,0.000000000000,0,0.000000000000,0,0.000000000000
756,Cr125,125,1,Cr,125,1.000000000000,0,0.000000000000,0,0.000000000000,0,0.000000000000
757,Cr125,125,1,Cr,125,1.000000000000,0,0.000000000000,0,0.000000000000,0,0.000000000000
758,Cr125,125,1,Cr,125,1.000000000000,0,0.000000000000,0,0.000000000000,0,0.000000000000
759,Cr125,125,1,Cr,125,1.000000000000,0,0.000000000000,0,0.000000000000,0,0.000000000000
760,Cr125,125,1,Cr,125,1.000000000000,0,0.000000000000,0,0.000000000000,0,0.000000000000
761,Cr125,125,1,Cr,125,1.000000000000,0,0.000000000000,0,0.000000000000,0,0.000000000000
762,Cr125,125,1,Cr,125,1.000000000000,0,0.000000000000,0,0.000000000000,0,0.000000000000
763,Cr125,125,1,Cr,125,1.000000000000,0,0.000000000000,0,0.000000000000,0,0.000000000000
764,Cr125,125,1,Cr,125,1.000000000000,0,0.000000000000,0,0.000000000000,0,0.000000000000
765,Cr125,125,1,Cr,125,1.000000000000,0,0.000000000000,0,0.000000000000,0,0.000000000000
766,Cr125,125,1,Cr,125,1.000000000000,0,0.000000000000,0,0.000000000000,0,0.000000000000
767,Cr125,125,1,Cr,125,1.000000000000,0,0.000000000000,0,0.000000000000,0,0.000000000000
768,Cr125,125,1,Cr,125,1.000000000000,0,0.000000000000,0,0.000000000000,0,0.000000000000
769,Cr125,125,1,Cr,125,1.000000000000,0,0.000000000000,0,0.000000000000,0,0.000000000000
770,Cr125,125,1,Cr,125,1.000000000000,0,0.000000000000,0,0.000000000000,0,0.000000000000
771,Cr125,125,1,Cr,125,1.000000000000,0,0.000000000000,0,0.000000000000,0,0.000000000000
772,Cr125,125,1,Cr,125,1.000000000000,0,0.000000000000,0,0.000000000000,0,0.000000000000
773,Cr125,125,1,Cr,125,1.000000000000,0,0.000000000000,0,0.000000000000,0,0.000000000000
774,Cr125,125,1,Cr,125,1.000000000000,0,0.000000000000,0,0.000000000000,0,0.000000000000
775,Cr125,125,1,Cr,125,1.000000000000,0,0.000000000000,0,0.000000000000,0,0.000000000000
776,Cr125,125,1,Cr,125,1.000000000000,0,0.000000000000,0,0.000000000000,0,0.000000000000
777,Cr125,125,1,Cr,125,1.000000000000,0,0.000000000000,0,0.000000000000,0,0.000000000000
778,Cr125,125,1,Cr,125,1.000000000000,0,0.000000000000,0,0.000000000000,0,0.000000000000
779,Cr125,125,1,Cr,125,1.000000000000,0,0.000000000000,0,0.000000000000,0,0.000000000000
780,Cr125,125,1,Cr,125,1.000000000000,0,0.000000000000,0,0.000000000000,0,0.000000000000
781,Cr125,125,1,Cr,125,1.000000000000,0,0.000000000000,0,0.000000000000,0,0.000000000000
782,Cr125,125,1,Cr,125,1.000000000000,0,0.000000000000,0,0.000000000000,0,0.000000000000
783,Cr125,125,1,Cr,125,1.000000000000,0,0.000000000000,0,0.000000000000,0,0.000000000000
784,Cr125,125,1,Cr,125,1.000000000000,0,0.000000000000,0,0.000000000000,0,0.000000000000
785,Cr125,125,1,Cr,125,1.000000000000,0,0.000000000000,0,0.000000000000,0,0.000000000000
786,Cr125,125,1,Cr,125,1.000000000000,0,0.000000000000,0,0.000000000000,0,0.000000000000
787,Cr125,125,1,Cr,125,1.000000000000,0,0.000000000000,0,0.000000000000,0,0.000000000000
788,Cr125,125,1,Cr,125,1.000000000000,0,0.000000000000,0,0.000000000000,0,0.000000000000
789,Cr125,125,1,Cr,125,1.000000000000,0,0.000000000000,0,0.000000000000,0,0.000000000000
790,Cr125,125,1,Cr,125,1.000000000000,0,0.000000000000,0,0.000000000000,0,0.000000000000
791,Cr125,125,1,Cr,125,1.000000000000,0,0.000000000000,0,0.000000000000,0,0.000000000000
792,Cr125,125,1,Cr,125,1.000000000000,0,0.000000000000,0,0.000000000000,0,0.000000000000
793,Cr125,125,1,Cr,125,1.000000000000,0,0.000000000000,0,0.000000000000,0,0.000000000000
794,Cr125,125,1,Cr,125,1.000000000000,0,0.000000000000,0,0.000000000000,0,0.000000000000
795,Cr125,125,1,Cr,125,1.000000000000,0,0.000000000000,0,0.000000000000,0,0.000000000000
796,Cr125,125,1,Cr,125,1.000000000000,0,0.000000000000,0,0.000000000000,0,0.000000000000
797,Cr125,125,1,Cr,125,1.000000000000,0,0.000000000000,0,0.000000000000,0,0.000000000000
798,Cr125,125,1,Cr,125,1.000000000000,0,0.000000000000,0,0.000000000000,0,0.000000000000
799,Cr125,125,1,Cr,125,1.000000000000,0,0.000000000000,0,0.000000000000,0,0.000000000000
800,Cr125,125,1,Cr,125,1.000000000000,0,0.000000000000,0,0.000000000000,0,0.000000000000
801,Cr125,125,1,Cr,125,1.000000000000,0,0.000000000000,0,0.000000000000,0,0.000000000000
802,Cr125,125,1,Cr,125,1.000000000000,0,0.000000000000,0,0.000000000000,0,0.000000000000
803,Cr125,125,1,Cr,125,1.000000000000,0,0.000000000000,0,0.000000000000,0,0.000000000000
804,Cr125,125,1,Cr,125,1.000000000000,0,0.000000000000,0,0.000000000000,0,0.000000000000
805,Cr125,125,1,Cr,125,1.000000000000,0,0.000000000000,0,0.000000000000,0,0.000000000000
806,Cr125,125,1,Cr,125,1.000000000000,0,0.000000000000,0,0.000000000000,0,0.000000000000
807,Cr125,125,1,Cr,125,1.000000000000,0,0.000000000000,0,0.000000000000,0,0.000000000000
808,Cr125,125,1,Cr,125,1.000000000000,0,0.000000000000,0,0.000000000000,0,0.000000000000
809,Cr125,125,1,Cr,125,1.000000000000,0,0.000000000000,0,0.000000000000,0,0.000000000000
810,Cr125,125,1,Cr,125,1.000000000000,0,0.000000000000,0,0.000000000000,0,0.000000000000
811,Cr125,125,1,Cr,125,1.000000000000,0,0.000000000000,0,0.000000000000,0,0.000000000000
812,Cr125,125,1,Cr,125,1.000000000000,0,0.000000000000,0,0.000000000000,0,0.000000000000
813,Cr113,113,1,Cr,113,1.000000000000,0,0.000000000000,0,0.000000000000,0,0.000000000000
814,Cr125,125,1,Cr,125,1.000000000000,0,0.000000000000,0,0.000000000000,0,0.000000000000
815,Cr79W48Zr,128,3,"Cr,W,Zr",79,0.617187500000,48,0.375000000000,0,0.000000000000,1,0.007812500000
816,Cr45W69,114,2,"Cr,W",45,0.394736842105,69,0.605263157895,0,0.000000000000,0,0.000000000000
817,Cr48W80Y,129,3,"Cr,W,Y",48,0.372093023256,80,0.620155038760,1,0.007751937984,0,0.000000000000
818,Cr47W78Y,126,3,"Cr,W,Y",47,0.373015873016,78,0.619047619048,1,0.007936507937,0,0.000000000000
819,Cr109W16,125,2,"Cr,W",109,0.872000000000,16,0.128000000000,0,0.000000000000,0,0.000000000000
820,Cr63W63Zr,127,3,"Cr,W,Zr",63,0.496062992126,63,0.496062992126,0,0.000000000000,1,0.007874015748
821,Cr47W78,125,2,"Cr,W",47,0.376000000000,78,0.624000000000,0,0.000000000000,0,0.000000000000
822,Cr95W31YZr,128,4,"Cr,W,Y,Zr",95,0.742187500000,31,0.242187500000,1,0.007812500000,1,0.007812500000
823,Cr16W109,125,2,"Cr,W",16,0.128000000000,109,0.872000000000,0,0.000000000000,0,0.000000000000
824,Cr16W109,125,2,"Cr,W",16,0.128000000000,109,0.872000000000,0,0.000000000000,0,0.000000000000
825,Cr13W102,115,2,"Cr,W",13,0.113043478261,102,0.886956521739,0,0.000000000000,0,0.000000000000
826,Cr16W109,125,2,"Cr,W",16,0.128000000000,109,0.872000000000,0,0.000000000000,0,0.000000000000
827,Cr16W109,125,2,"Cr,W",16,0.128000000000,109,0.872000000000,0,0.000000000000,0,0.000000000000
828,Cr16W109,125,2,"Cr,W",16,0.128000000000,109,0.872000000000,0,0.000000000000,0,0.000000000000
829,Cr109Y16,125,2,"Cr,Y",109,0.872000000000,0,0.000000000000,16,0.128000000000,0,0.000000000000
830,Cr109Y16,125,2,"Cr,Y",109,0.872000000000,0,0.000000000000,16,0.128000000000,0,0.000000000000
831,Cr16W109,125,2,"Cr,W",16,0.128000000000,109,0.872000000000,0,0.000000000000,0,0.000000000000
832,Cr16W110,126,2,"Cr,W",16,0.126984126984,110,0.873015873016,0,0.000000000000,0,0.000000000000
833,Cr109Y16,125,2,"Cr,Y",109,0.872000000000,0,0.000000000000,16,0.128000000000,0,0.000000000000
834,Cr109WY18,128,3,"Cr,W,Y",109,0.851562500000,1,0.007812500000,18,0.140625000000,0,0.000000000000
835,Cr8Zr34,42,2,"Cr,Zr",8,0.190476190476,0,0.000000000000,0,0.000000000000,34,0.809523809524
836,Cr10Zr32,42,2,"Cr,Zr",10,0.238095238095,0,0.000000000000,0,0.000000000000,32,0.761904761905
837,Cr70Zr34,104,2,"Cr,Zr",70,0.673076923077,0,0.000000000000,0,0.000000000000,34,0.326923076923
838,Cr109Y16,125,2,"Cr,Y",109,0.872000000000,0,0.000000000000,16,0.128000000000,0,0.000000000000
839,Cr66Zr35,101,2,"Cr,Zr",66,0.653465346535,0,0.000000000000,0,0.000000000000,35,0.346534653465
840,Cr109Y16,125,2,"Cr,Y",109,0.872000000000,0,0.000000000000,16,0.128000000000,0,0.000000000000
841,Cr109Y16,125,2,"Cr,Y",109,0.872000000000,0,0.000000000000,16,0.128000000000,0,0.000000000000
842,Cr109Y16,125,2,"Cr,Y",109,0.872000000000,0,0.000000000000,16,0.128000000000,0,0.000000000000
843,Cr109Y16,125,2,"Cr,Y",109,0.872000000000,0,0.000000000000,16,0.128000000000,0,0.000000000000
844,Cr109Y16,125,2,"Cr,Y",109,0.872000000000,0,0.000000000000,16,0.128000000000,0,0.000000000000
845,Cr101Y15,116,2,"Cr,Y",101,0.870689655172,0,0.000000000000,15,0.129310344828,0,0.000000000000
846,Cr110WY16,127,3,"Cr,W,Y",110,0.866141732283,1,0.007874015748,16,0.125984251969,0,0.000000000000
847,Cr109Y16,125,2,"Cr,Y",109,0.872000000000,0,0.000000000000,16,0.128000000000,0,0.000000000000
848,Cr109Y16,125,2,"Cr,Y",109,0.872000000000,0,0.000000000000,16,0.128000000000,0,0.000000000000
849,Cr109Y16,125,2,"Cr,Y",109,0.872000000000,0,0.000000000000,16,0.128000000000,0,0.000000000000
850,Cr109Y16,125,2,"Cr,Y",109,0.872000000000,0,0.000000000000,16,0.128000000000,0,0.000000000000
851,Cr109Y16,125,2,"Cr,Y",109,0.872000000000,0,0.000000000000,16,0.128000000000,0,0.000000000000
852,Cr109Y16,125,2,"Cr,Y",109,0.872000000000,0,0.000000000000,16,0.128000000000,0,0.000000000000
853,Cr98Y15,113,2,"Cr,Y",98,0.867256637168,0,0.000000000000,15,0.132743362832,0,0.000000000000
854,Cr109Y17,126,2,"Cr,Y",109,0.865079365079,0,0.000000000000,17,0.134920634921,0,0.000000000000
855,Cr109Y16,125,2,"Cr,Y",109,0.872000000000,0,0.000000000000,16,0.128000000000,0,0.000000000000
856,Cr110Y16,126,2,"Cr,Y",110,0.873015873016,0,0.000000000000,16,0.126984126984,0,0.000000000000
857,Cr94Y31Zr,126,3,"Cr,Y,Zr",94,0.746031746032,0,0.000000000000,31,0.246031746032,1,0.007936507937
858,Cr94Y31,125,2,"Cr,Y",94,0.752000000000,0,0.000000000000,31,0.248000000000,0,0.000000000000
859,Cr94Y31,125,2,"Cr,Y",94,0.752000000000,0,0.000000000000,31,0.248000000000,0,0.000000000000
860,Cr94Y31,125,2,"Cr,Y",94,0.752000000000,0,0.000000000000,31,0.248000000000,0,0.000000000000
861,Cr89Y27,116,2,"Cr,Y",89,0.767241379310,0,0.000000000000,27,0.232758620690,0,0.000000000000
862,Cr94Y32Zr,127,3,"Cr,Y,Zr",94,0.740157480315,0,0.000000000000,32,0.251968503937,1,0.007874015748
863,Cr94Y31,125,2,"Cr,Y",94,0.752000000000,0,0.000000000000,31,0.248000000000,0,0.000000000000
864,Cr94Y31,125,2,"Cr,Y",94,0.752000000000,0,0.000000000000,31,0.248000000000,0,0.000000000000
865,Cr94Y31,125,2,"Cr,Y",94,0.752000000000,0,0.000000000000,31,0.248000000000,0,0.000000000000
866,Cr94Y31,125,2,"Cr,Y",94,0.752000000000,0,0.000000000000,31,0.248000000000,0,0.000000000000
867,Cr94Y31,125,2,"Cr,Y",94,0.752000000000,0,0.000000000000,31,0.248000000000,0,0.000000000000
868,Cr94Y31,125,2,"Cr,Y",94,0.752000000000,0,0.000000000000,31,0.248000000000,0,0.000000000000
869,Cr95Y31,126,2,"Cr,Y",95,0.753968253968,0,0.000000000000,31,0.246031746032,0,0.000000000000
870,Cr94Y31,125,2,"Cr,Y",94,0.752000000000,0,0.000000000000,31,0.248000000000,0,0.000000000000
871,Cr94Y31,125,2,"Cr,Y",94,0.752000000000,0,0.000000000000,31,0.248000000000,0,0.000000000000
872,Cr87Y28,115,2,"Cr,Y",87,0.756521739130,0,0.000000000000,28,0.243478260870,0,0.000000000000
873,Cr94Y31,125,2,"Cr,Y",94,0.752000000000,0,0.000000000000,31,0.248000000000,0,0.000000000000
874,Cr94Y31,125,2,"Cr,Y",94,0.752000000000,0,0.000000000000,31,0.248000000000,0,0.000000000000
875,Cr78Y47,125,2,"Cr,Y",78,0.624000000000,0,0.000000000000,47,0.376000000000,0,0.000000000000
876,Cr78Y47,125,2,"Cr,Y",78,0.624000000000,0,0.000000000000,47,0.376000000000,0,0.000000000000
877,Cr78Y47Zr,126,3,"Cr,Y,Zr",78,0.619047619048,0,0.000000000000,47,0.373015873016,1,0.007936507937
878,Cr31Y94,125,2,"Cr,Y",31,0.248000000000,0,0.000000000000,94,0.752000000000,0,0.000000000000
879,Cr26Y88,114,2,"Cr,Y",26,0.228070175439,0,0.000000000000,88,0.771929824561,0,0.000000000000
880,Cr31Y94,125,2,"Cr,Y",31,0.248000000000,0,0.000000000000,94,0.752000000000,0,0.000000000000
881,Cr78Y47,125,2,"Cr,Y",78,0.624000000000,0,0.000000000000,47,0.376000000000,0,0.000000000000
882,Cr79Y47,126,2,"Cr,Y",79,0.626984126984,0,0.000000000000,47,0.373015873016,0,0.000000000000
883,Cr39Y75,114,2,"Cr,Y",39,0.342105263158,0,0.000000000000,75,0.657894736842,0,0.000000000000
884,Cr47WY78,126,3,"Cr,W,Y",47,0.373015873016,1,0.007936507937,78,0.619047619048,0,0.000000000000
885,Cr62Y63,125,2,"Cr,Y",62,0.496000000000,0,0.000000000000,63,0.504000000000,0,0.000000000000
886,Cr62Y63,125,2,"Cr,Y",62,0.496000000000,0,0.000000000000,63,0.504000000000,0,0.000000000000
887,Cr62Y63,125,2,"Cr,Y",62,0.496000000000,0,0.000000000000,63,0.504000000000,0,0.000000000000
888,Cr78Y47,125,2,"Cr,Y",78,0.624000000000,0,0.000000000000,47,0.376000000000,0,0.000000000000
889,Cr78Y47,125,2,"Cr,Y",78,0.624000000000,0,0.000000000000,47,0.376000000000,0,0.000000000000
890,Cr78Y47,125,2,"Cr,Y",78,0.624000000000,0,0.000000000000,47,0.376000000000,0,0.000000000000
891,Cr78Y47,125,2,"Cr,Y",78,0.624000000000,0,0.000000000000,47,0.376000000000,0,0.000000000000
892,Cr70Y44,114,2,"Cr,Y",70,0.614035087719,0,0.000000000000,44,0.385964912281,0,0.000000000000
893,Cr78WY48,127,3,"Cr,W,Y",78,0.614173228346,1,0.007874015748,48,0.377952755906,0,0.000000000000
894,Cr63Y62,125,2,"Cr,Y",63,0.504000000000,0,0.000000000000,62,0.496000000000,0,0.000000000000
895,Cr63Y62,125,2,"Cr,Y",63,0.504000000000,0,0.000000000000,62,0.496000000000,0,0.000000000000
896,Cr63Y62,125,2,"Cr,Y",63,0.504000000000,0,0.000000000000,62,0.496000000000,0,0.000000000000
897,Cr57Y56,113,2,"Cr,Y",57,0.504424778761,0,0.000000000000,56,0.495575221239,0,0.000000000000
898,Cr63Y62,125,2,"Cr,Y",63,0.504000000000,0,0.000000000000,62,0.496000000000,0,0.000000000000
899,Cr31Y94,125,2,"Cr,Y",31,0.248000000000,0,0.000000000000,94,0.752000000000,0,0.000000000000
900,Cr31Y94,125,2,"Cr,Y",31,0.248000000000,0,0.000000000000,94,0.752000000000,0,0.000000000000
901,Cr47Y78,125,2,"Cr,Y",47,0.376000000000,0,0.000000000000,78,0.624000000000,0,0.000000000000
902,Cr47Y78,125,2,"Cr,Y",47,0.376000000000,0,0.000000000000,78,0.624000000000,0,0.000000000000
903,Cr47Y78,125,2,"Cr,Y",47,0.376000000000,0,0.000000000000,78,0.624000000000,0,0.000000000000
904,Cr31Y95,126,2,"Cr,Y",31,0.246031746032,0,0.000000000000,95,0.753968253968,0,0.000000000000
905,Cr94Y31,125,2,"Cr,Y",94,0.752000000000,0,0.000000000000,31,0.248000000000,0,0.000000000000
906,Cr94Y31,125,2,"Cr,Y",94,0.752000000000,0,0.000000000000,31,0.248000000000,0,0.000000000000
907,Cr94Y31,125,2,"Cr,Y",94,0.752000000000,0,0.000000000000,31,0.248000000000,0,0.000000000000
908,Cr94Y31Zr,126,3,"Cr,Y,Zr",94,0.746031746032,0,0.000000000000,31,0.246031746032,1,0.007936507937
909,Cr63WY62,126,3,"Cr,W,Y",63,0.500000000000,1,0.007936507937,62,0.492063492063,0,0.000000000000
910,Cr63Y62,125,2,"Cr,Y",63,0.504000000000,0,0.000000000000,62,0.496000000000,0,0.000000000000
911,Cr63Y62,125,2,"Cr,Y",63,0.504000000000,0,0.000000000000,62,0.496000000000,0,0.000000000000
912,Cr63Y62,125,2,"Cr,Y",63,0.504000000000,0,0.000000000000,62,0.496000000000,0,0.000000000000
913,Cr63Y62,125,2,"Cr,Y",63,0.504000000000,0,0.000000000000,62,0.496000000000,0,0.000000000000
914,Cr63Y62,125,2,"Cr,Y",63,0.504000000000,0,0.000000000000,62,0.496000000000,0,0.000000000000
915,Cr63Y62Zr,126,3,"Cr,Y,Zr",63,0.500000000000,0,0.000000000000,62,0.492063492063,1,0.007936507937
916,Cr62Y63,125,2,"Cr,Y",62,0.496000000000,0,0.000000000000,63,0.504000000000,0,0.000000000000
917,Cr62Y63,125,2,"Cr,Y",62,0.496000000000,0,0.000000000000,63,0.504000000000,0,0.000000000000
918,Cr62Y63,125,2,"Cr,Y",62,0.496000000000,0,0.000000000000,63,0.504000000000,0,0.000000000000
919,Cr62Y63,125,2,"Cr,Y",62,0.496000000000,0,0.000000000000,63,0.504000000000,0,0.000000000000
920,Cr47Y78,125,2,"Cr,Y",47,0.376000000000,0,0.000000000000,78,0.624000000000,0,0.000000000000
921,Cr47Y78,125,2,"Cr,Y",47,0.376000000000,0,0.000000000000,78,0.624000000000,0,0.000000000000
922,Cr47Y78,125,2,"Cr,Y",47,0.376000000000,0,0.000000000000,78,0.624000000000,0,0.000000000000
923,Cr47Y78Zr,126,3,"Cr,Y,Zr",47,0.373015873016,0,0.000000000000,78,0.619047619048,1,0.007936507937
924,Cr78Y47,125,2,"Cr,Y",78,0.624000000000,0,0.000000000000,47,0.376000000000,0,0.000000000000
925,Cr78Y47,125,2,"Cr,Y",78,0.624000000000,0,0.000000000000,47,0.376000000000,0,0.000000000000
926,Cr78Y47,125,2,"Cr,Y",78,0.624000000000,0,0.000000000000,47,0.376000000000,0,0.000000000000
927,Cr78Y47,125,2,"Cr,Y",78,0.624000000000,0,0.000000000000,47,0.376000000000,0,0.000000000000
928,Cr78Y47,125,2,"Cr,Y",78,0.624000000000,0,0.000000000000,47,0.376000000000,0,0.000000000000
929,Cr78Y47,125,2,"Cr,Y",78,0.624000000000,0,0.000000000000,47,0.376000000000,0,0.000000000000
930,Cr62Y63,125,2,"Cr,Y",62,0.496000000000,0,0.000000000000,63,0.504000000000,0,0.000000000000
931,Cr55Y58,113,2,"Cr,Y",55,0.486725663717,0,0.000000000000,58,0.513274336283,0,0.000000000000
932,Cr62Y63,125,2,"Cr,Y",62,0.496000000000,0,0.000000000000,63,0.504000000000,0,0.000000000000
933,Cr46Y67,113,2,"Cr,Y",46,0.407079646018,0,0.000000000000,67,0.592920353982,0,0.000000000000
934,Cr48WY79,128,3,"Cr,W,Y",48,0.375000000000,1,0.007812500000,79,0.617187500000,0,0.000000000000
935,Cr17Y109,126,2,"Cr,Y",17,0.134920634921,0,0.000000000000,109,0.865079365079,0,0.000000000000
936,Cr8Zr32,40,2,"Cr,Zr",8,0.200000000000,0,0.000000000000,0,0.000000000000,32,0.800000000000
937,Cr8Zr32,40,2,"Cr,Zr",8,0.200000000000,0,0.000000000000,0,0.000000000000,32,0.800000000000
938,Cr8Zr32,40,2,"Cr,Zr",8,0.200000000000,0,0.000000000000,0,0.000000000000,32,0.800000000000
939,Cr8Zr29,37,2,"Cr,Zr",8,0.216216216216,0,0.000000000000,0,0.000000000000,29,0.783783783784
940,Cr8Zr34,42,2,"Cr,Zr",8,0.190476190476,0,0.000000000000,0,0.000000000000,34,0.809523809524
941,Cr78Y47,125,2,"Cr,Y",78,0.624000000000,0,0.000000000000,47,0.376000000000,0,0.000000000000
942,Cr78Y47,125,2,"Cr,Y",78,0.624000000000,0,0.000000000000,47,0.376000000000,0,0.000000000000
943,Cr47Y78,125,2,"Cr,Y",47,0.376000000000,0,0.000000000000,78,0.624000000000,0,0.000000000000
944,Cr31Y94,125,2,"Cr,Y",31,0.248000000000,0,0.000000000000,94,0.752000000000,0,0.000000000000
945,Cr31Y94,125,2,"Cr,Y",31,0.248000000000,0,0.000000000000,94,0.752000000000,0,0.000000000000
946,Cr31Y94,125,2,"Cr,Y",31,0.248000000000,0,0.000000000000,94,0.752000000000,0,0.000000000000
947,Cr31Y94,125,2,"Cr,Y",31,0.248000000000,0,0.000000000000,94,0.752000000000,0,0.000000000000
948,Cr31Y83,114,2,"Cr,Y",31,0.271929824561,0,0.000000000000,83,0.728070175439,0,0.000000000000
949,Cr31Y94,125,2,"Cr,Y",31,0.248000000000,0,0.000000000000,94,0.752000000000,0,0.000000000000
950,Cr78Y47,125,2,"Cr,Y",78,0.624000000000,0,0.000000000000,47,0.376000000000,0,0.000000000000
951,Cr78Y47,125,2,"Cr,Y",78,0.624000000000,0,0.000000000000,47,0.376000000000,0,0.000000000000
952,Cr78Y47,125,2,"Cr,Y",78,0.624000000000,0,0.000000000000,47,0.376000000000,0,0.000000000000
953,Cr78Y47,125,2,"Cr,Y",78,0.624000000000,0,0.000000000000,47,0.376000000000,0,0.000000000000
954,Cr31Y94,125,2,"Cr,Y",31,0.248000000000,0,0.000000000000,94,0.752000000000,0,0.000000000000
955,Cr31WY94,126,3,"Cr,W,Y",31,0.246031746032,1,0.007936507937,94,0.746031746032,0,0.000000000000
956,Cr63Y62,125,2,"Cr,Y",63,0.504000000000,0,0.000000000000,62,0.496000000000,0,0.000000000000
957,Cr31Y94,125,2,"Cr,Y",31,0.248000000000,0,0.000000000000,94,0.752000000000,0,0.000000000000
958,Cr26Y87,113,2,"Cr,Y",26,0.230088495575,0,0.000000000000,87,0.769911504425,0,0.000000000000
959,Cr31WY94,126,3,"Cr,W,Y",31,0.246031746032,1,0.007936507937,94,0.746031746032,0,0.000000000000
960,Cr109Zr16,125,2,"Cr,Zr",109,0.872000000000,0,0.000000000000,0,0.000000000000,16,0.128000000000
961,Cr109Zr16,125,2,"Cr,Zr",109,0.872000000000,0,0.000000000000,0,0.000000000000,16,0.128000000000
962,Cr109WYZr16,127,4,"Cr,W,Y,Zr",109,0.858267716535,1,0.007874015748,1,0.007874015748,16,0.125984251969
963,Cr69Y44,113,2,"Cr,Y",69,0.610619469027,0,0.000000000000,44,0.389380530973,0,0.000000000000
964,Cr78Y47,125,2,"Cr,Y",78,0.624000000000,0,0.000000000000,47,0.376000000000,0,0.000000000000
965,Cr16Y109Zr2,127,3,"Cr,Y,Zr",16,0.125984251969,0,0.000000000000,109,0.858267716535,2,0.015748031496
966,Cr109Zr16,125,2,"Cr,Zr",109,0.872000000000,0,0.000000000000,0,0.000000000000,16,0.128000000000
967,Cr16Y109,125,2,"Cr,Y",16,0.128000000000,0,0.000000000000,109,0.872000000000,0,0.000000000000
968,Cr16Y109,125,2,"Cr,Y",16,0.128000000000,0,0.000000000000,109,0.872000000000,0,0.000000000000
969,Cr14Y104,118,2,"Cr,Y",14,0.118644067797,0,0.000000000000,104,0.881355932203,0,0.000000000000
970,Cr16Y109Zr,126,3,"Cr,Y,Zr",16,0.126984126984,0,0.000000000000,109,0.865079365079,1,0.007936507937
971,Cr16Y109,125,2,"Cr,Y",16,0.128000000000,0,0.000000000000,109,0.872000000000,0,0.000000000000
972,Cr16Y97,113,2,"Cr,Y",16,0.141592920354,0,0.000000000000,97,0.858407079646,0,0.000000000000
973,Cr16Y109Zr,126,3,"Cr,Y,Zr",16,0.126984126984,0,0.000000000000,109,0.865079365079,1,0.007936507937
974,Cr109Zr16,125,2,"Cr,Zr",109,0.872000000000,0,0.000000000000,0,0.000000000000,16,0.128000000000
975,Cr16Y109,125,2,"Cr,Y",16,0.128000000000,0,0.000000000000,109,0.872000000000,0,0.000000000000
976,Cr16Y109,125,2,"Cr,Y",16,0.128000000000,0,0.000000000000,109,0.872000000000,0,0.000000000000
977,Cr47Y78,125,2,"Cr,Y",47,0.376000000000,0,0.000000000000,78,0.624000000000,0,0.000000000000
978,Cr47Y78,125,2,"Cr,Y",47,0.376000000000,0,0.000000000000,78,0.624000000000,0,0.000000000000
979,Cr47Y78,125,2,"Cr,Y",47,0.376000000000,0,0.000000000000,78,0.624000000000,0,0.000000000000
980,Cr16Y111,127,2,"Cr,Y",16,0.125984251969,0,0.000000000000,111,0.874015748031,0,0.000000000000
981,Cr16Y109,125,2,"Cr,Y",16,0.128000000000,0,0.000000000000,109,0.872000000000,0,0.000000000000
982,Cr16Y109,125,2,"Cr,Y",16,0.128000000000,0,0.000000000000,109,0.872000000000,0,0.000000000000
983,Cr16Y109,125,2,"Cr,Y",16,0.128000000000,0,0.000000000000,109,0.872000000000,0,0.000000000000
984,Cr14Y102,116,2,"Cr,Y",14,0.120689655172,0,0.000000000000,102,0.879310344828,0,0.000000000000
985,Cr17Y109,126,2,"Cr,Y",17,0.134920634921,0,0.000000000000,109,0.865079365079,0,0.000000000000
986,Cr47Y78,125,2,"Cr,Y",47,0.376000000000,0,0.000000000000,78,0.624000000000,0,0.000000000000
987,Cr47Y78,125,2,"Cr,Y",47,0.376000000000,0,0.000000000000,78,0.624000000000,0,0.000000000000
988,Cr47Y78,125,2,"Cr,Y",47,0.376000000000,0,0.000000000000,78,0.624000000000,0,0.000000000000
989,Cr43Y70,113,2,"Cr,Y",43,0.380530973451,0,0.000000000000,70,0.619469026549,0,0.000000000000
990,Cr47Y78,125,2,"Cr,Y",47,0.376000000000,0,0.000000000000,78,0.624000000000,0,0.000000000000
991,Cr109Zr16,125,2,"Cr,Zr",109,0.872000000000,0,0.000000000000,0,0.000000000000,16,0.128000000000
992,Cr31Y94,125,2,"Cr,Y",31,0.248000000000,0,0.000000000000,94,0.752000000000,0,0.000000000000
993,Cr31Y94,125,2,"Cr,Y",31,0.248000000000,0,0.000000000000,94,0.752000000000,0,0.000000000000
994,Cr31Y94,125,2,"Cr,Y",31,0.248000000000,0,0.000000000000,94,0.752000000000,0,0.000000000000
995,Cr109Zr16,125,2,"Cr,Zr",109,0.872000000000,0,0.000000000000,0,0.000000000000,16,0.128000000000
996,Cr109Zr16,125,2,"Cr,Zr",109,0.872000000000,0,0.000000000000,0,0.000000000000,16,0.128000000000
997,Cr109Zr16,125,2,"Cr,Zr",109,0.872000000000,0,0.000000000000,0,0.000000000000,16,0.128000000000
998,Cr109Zr16,125,2,"Cr,Zr",109,0.872000000000,0,0.000000000000,0,0.000000000000,16,0.128000000000
999,Cr98Zr16,114,2,"Cr,Zr",98,0.859649122807,0,0.000000000000,0,0.000000000000,16,0.140350877193
1000,Cr109Zr16,125,2,"Cr,Zr",109,0.872000000000,0,0.000000000000,0,0.000000000000,16,0.128000000000
1001,Cr109Zr16,125,2,"Cr,Zr",109,0.872000000000,0,0.000000000000,0,0.000000000000,16,0.128000000000
1002,Cr109Zr16,125,2,"Cr,Zr",109,0.872000000000,0,0.000000000000,0,0.000000000000,16,0.128000000000
1003,Cr109Zr16,125,2,"Cr,Zr",109,0.872000000000,0,0.000000000000,0,0.000000000000,16,0.128000000000
1004,Cr135Zr67,202,2,"Cr,Zr",135,0.668316831683,0,0.000000000000,0,0.000000000000,67,0.331683168317
1005,Cr136Zr73,209,2,"Cr,Zr",136,0.650717703349,0,0.000000000000,0,0.000000000000,73,0.349282296651
1006,Cr9Zr33,42,2,"Cr,Zr",9,0.214285714286,0,0.000000000000,0,0.000000000000,33,0.785714285714
1007,Cr94Zr31,125,2,"Cr,Zr",94,0.752000000000,0,0.000000000000,0,0.000000000000,31,0.248000000000
1008,Cr94Zr31,125,2,"Cr,Zr",94,0.752000000000,0,0.000000000000,0,0.000000000000,31,0.248000000000
1009,Cr95YZr31,127,3,"Cr,Y,Zr",95,0.748031496063,0,0.000000000000,1,0.007874015748,31,0.244094488189
1010,Cr8Zr35,43,2,"Cr,Zr",8,0.186046511628,0,0.000000000000,0,0.000000000000,35,0.813953488372
1011,Cr94Zr31,125,2,"Cr,Zr",94,0.752000000000,0,0.000000000000,0,0.000000000000,31,0.248000000000
1012,Cr94Zr31,125,2,"Cr,Zr",94,0.752000000000,0,0.000000000000,0,0.000000000000,31,0.248000000000
1013,Cr8Zr35,43,2,"Cr,Zr",8,0.186046511628,0,0.000000000000,0,0.000000000000,35,0.813953488372
1014,Cr10Zr32,42,2,"Cr,Zr",10,0.238095238095,0,0.000000000000,0,0.000000000000,32,0.761904761905
1015,Cr94Zr31,125,2,"Cr,Zr",94,0.752000000000,0,0.000000000000,0,0.000000000000,31,0.248000000000
1016,Cr113Zr61,174,2,"Cr,Zr",113,0.649425287356,0,0.000000000000,0,0.000000000000,61,0.350574712644
1017,Cr139Zr70,209,2,"Cr,Zr",139,0.665071770335,0,0.000000000000,0,0.000000000000,70,0.334928229665
1018,Cr136Zr73,209,2,"Cr,Zr",136,0.650717703349,0,0.000000000000,0,0.000000000000,73,0.349282296651
1019,Cr64Zr32,96,2,"Cr,Zr",64,0.666666666667,0,0.000000000000,0,0.000000000000,32,0.333333333333
1020,Cr64Zr32,96,2,"Cr,Zr",64,0.666666666667,0,0.000000000000,0,0.000000000000,32,0.333333333333
1021,Cr64Zr32,96,2,"Cr,Zr",64,0.666666666667,0,0.000000000000,0,0.000000000000,32,0.333333333333
1022,Cr64Zr32,96,2,"Cr,Zr",64,0.666666666667,0,0.000000000000,0,0.000000000000,32,0.333333333333
1023,Cr64Zr40,104,2,"Cr,Zr",64,0.615384615385,0,0.000000000000,0,0.000000000000,40,0.384615384615
1024,Cr67Zr36,103,2,"Cr,Zr",67,0.650485436893,0,0.000000000000,0,0.000000000000,36,0.349514563107
1025,Cr94Zr31,125,2,"Cr,Zr",94,0.752000000000,0,0.000000000000,0,0.000000000000,31,0.248000000000
1026,Cr94Zr31,125,2,"Cr,Zr",94,0.752000000000,0,0.000000000000,0,0.000000000000,31,0.248000000000
1027,Cr94YZr31,126,3,"Cr,Y,Zr",94,0.746031746032,0,0.000000000000,1,0.007936507937,31,0.246031746032
1028,Cr67Zr36,103,2,"Cr,Zr",67,0.650485436893,0,0.000000000000,0,0.000000000000,36,0.349514563107
1029,Cr65Zr37,102,2,"Cr,Zr",65,0.637254901961,0,0.000000000000,0,0.000000000000,37,0.362745098039
1030,Cr67Zr38,105,2,"Cr,Zr",67,0.638095238095,0,0.000000000000,0,0.000000000000,38,0.361904761905
1031,Cr69Zr35,104,2,"Cr,Zr",69,0.663461538462,0,0.000000000000,0,0.000000000000,35,0.336538461538
1032,Cr94Zr31,125,2,"Cr,Zr",94,0.752000000000,0,0.000000000000,0,0.000000000000,31,0.248000000000
1033,Cr94Zr31,125,2,"Cr,Zr",94,0.752000000000,0,0.000000000000,0,0.000000000000,31,0.248000000000
1034,Cr94Zr31,125,2,"Cr,Zr",94,0.752000000000,0,0.000000000000,0,0.000000000000,31,0.248000000000
1035,Cr84Zr30,114,2,"Cr,Zr",84,0.736842105263,0,0.000000000000,0,0.000000000000,30,0.263157894737
1036,Cr94YZr31,126,3,"Cr,Y,Zr",94,0.746031746032,0,0.000000000000,1,0.007936507937,31,0.246031746032
1037,Cr94Zr31,125,2,"Cr,Zr",94,0.752000000000,0,0.000000000000,0,0.000000000000,31,0.248000000000
1038,Cr94Zr31,125,2,"Cr,Zr",94,0.752000000000,0,0.000000000000,0,0.000000000000,31,0.248000000000
1039,Cr94Zr32,126,2,"Cr,Zr",94,0.746031746032,0,0.000000000000,0,0.000000000000,32,0.253968253968
1040,Cr78Zr47,125,2,"Cr,Zr",78,0.624000000000,0,0.000000000000,0,0.000000000000,47,0.376000000000
1041,Cr78Zr47,125,2,"Cr,Zr",78,0.624000000000,0,0.000000000000,0,0.000000000000,47,0.376000000000
1042,Cr70Zr44,114,2,"Cr,Zr",70,0.614035087719,0,0.000000000000,0,0.000000000000,44,0.385964912281
1043,Cr78Zr47,125,2,"Cr,Zr",78,0.624000000000,0,0.000000000000,0,0.000000000000,47,0.376000000000
1044,Cr79Zr47,126,2,"Cr,Zr",79,0.626984126984,0,0.000000000000,0,0.000000000000,47,0.373015873016
1045,Cr78Zr47,125,2,"Cr,Zr",78,0.624000000000,0,0.000000000000,0,0.000000000000,47,0.376000000000
1046,Cr78Zr47,125,2,"Cr,Zr",78,0.624000000000,0,0.000000000000,0,0.000000000000,47,0.376000000000
1047,Cr78Zr47,125,2,"Cr,Zr",78,0.624000000000,0,0.000000000000,0,0.000000000000,47,0.376000000000
1048,Cr73Zr42,115,2,"Cr,Zr",73,0.634782608696,0,0.000000000000,0,0.000000000000,42,0.365217391304
1049,Cr78Zr48,126,2,"Cr,Zr",78,0.619047619048,0,0.000000000000,0,0.000000000000,48,0.380952380952
1050,Cr78Zr47,125,2,"Cr,Zr",78,0.624000000000,0,0.000000000000,0,0.000000000000,47,0.376000000000
1051,Cr78WZr47,126,3,"Cr,W,Zr",78,0.619047619048,1,0.007936507937,0,0.000000000000,47,0.373015873016
1052,Cr78Zr47,125,2,"Cr,Zr",78,0.624000000000,0,0.000000000000,0,0.000000000000,47,0.376000000000
1053,Cr78Zr48,126,2,"Cr,Zr",78,0.619047619048,0,0.000000000000,0,0.000000000000,48,0.380952380952
1054,Cr128Zr64,192,2,"Cr,Zr",128,0.666666666667,0,0.000000000000,0,0.000000000000,64,0.333333333333
1055,Cr128Zr64,192,2,"Cr,Zr",128,0.666666666667,0,0.000000000000,0,0.000000000000,64,0.333333333333
1056,Cr128Zr64,192,2,"Cr,Zr",128,0.666666666667,0,0.000000000000,0,0.000000000000,64,0.333333333333
1057,Cr128Zr64,192,2,"Cr,Zr",128,0.666666666667,0,0.000000000000,0,0.000000000000,64,0.333333333333
1058,Cr134Zr69,203,2,"Cr,Zr",134,0.660098522167,0,0.000000000000,0,0.000000000000,69,0.339901477833
1059,Cr133Zr70,203,2,"Cr,Zr",133,0.655172413793,0,0.000000000000,0,0.000000000000,70,0.344827586207
1060,Cr78Zr47,125,2,"Cr,Zr",78,0.624000000000,0,0.000000000000,0,0.000000000000,47,0.376000000000
1061,Cr78Zr47,125,2,"Cr,Zr",78,0.624000000000,0,0.000000000000,0,0.000000000000,47,0.376000000000
1062,Cr78Zr47,125,2,"Cr,Zr",78,0.624000000000,0,0.000000000000,0,0.000000000000,47,0.376000000000
1063,Cr78WYZr47,127,4,"Cr,W,Y,Zr",78,0.614173228346,1,0.007874015748,1,0.007874015748,47,0.370078740157
1064,Cr63Zr62,125,2,"Cr,Zr",63,0.504000000000,0,0.000000000000,0,0.000000000000,62,0.496000000000
1065,Cr64Zr62,126,2,"Cr,Zr",64,0.507936507937,0,0.000000000000,0,0.000000000000,62,0.492063492063
1066,Cr63Zr62,125,2,"Cr,Zr",63,0.504000000000,0,0.000000000000,0,0.000000000000,62,0.496000000000
1067,Cr63Zr62,125,2,"Cr,Zr",63,0.504000000000,0,0.000000000000,0,0.000000000000,62,0.496000000000
1068,Cr63Zr62,125,2,"Cr,Zr",63,0.504000000000,0,0.000000000000,0,0.000000000000,62,0.496000000000
1069,Cr62Zr64,126,2,"Cr,Zr",62,0.492063492063,0,0.000000000000,0,0.000000000000,64,0.507936507937
1070,Cr47Zr78,125,2,"Cr,Zr",47,0.376000000000,0,0.000000000000,0,0.000000000000,78,0.624000000000
1071,Cr47Zr78,125,2,"Cr,Zr",47,0.376000000000,0,0.000000000000,0,0.000000000000,78,0.624000000000
1072,Cr47Zr78,125,2,"Cr,Zr",47,0.376000000000,0,0.000000000000,0,0.000000000000,78,0.624000000000
1073,Cr48Zr80,128,2,"Cr,Zr",48,0.375000000000,0,0.000000000000,0,0.000000000000,80,0.625000000000
1074,Cr47Zr78,125,2,"Cr,Zr",47,0.376000000000,0,0.000000000000,0,0.000000000000,78,0.624000000000
1075,Cr47Zr78,125,2,"Cr,Zr",47,0.376000000000,0,0.000000000000,0,0.000000000000,78,0.624000000000
1076,Cr48W2Zr78,128,3,"Cr,W,Zr",48,0.375000000000,2,0.015625000000,0,0.000000000000,78,0.609375000000
1077,Cr63Zr62,125,2,"Cr,Zr",63,0.504000000000,0,0.000000000000,0,0.000000000000,62,0.496000000000
1078,Cr62Zr63,125,2,"Cr,Zr",62,0.496000000000,0,0.000000000000,0,0.000000000000,63,0.504000000000
1079,Cr47Zr78,125,2,"Cr,Zr",47,0.376000000000,0,0.000000000000,0,0.000000000000,78,0.624000000000
1080,Cr41Zr72,113,2,"Cr,Zr",41,0.362831858407,0,0.000000000000,0,0.000000000000,72,0.637168141593
1081,Cr47WZr78,126,3,"Cr,W,Zr",47,0.373015873016,1,0.007936507937,0,0.000000000000,78,0.619047619048
1082,Cr47Zr78,125,2,"Cr,Zr",47,0.376000000000,0,0.000000000000,0,0.000000000000,78,0.624000000000
1083,Cr31YZr95,127,3,"Cr,Y,Zr",31,0.244094488189,0,0.000000000000,1,0.007874015748,95,0.748031496063
1084,Cr48Zr78,126,2,"Cr,Zr",48,0.380952380952,0,0.000000000000,0,0.000000000000,78,0.619047619048
1085,Cr63Zr62,125,2,"Cr,Zr",63,0.504000000000,0,0.000000000000,0,0.000000000000,62,0.496000000000
1086,Cr59Zr54,113,2,"Cr,Zr",59,0.522123893805,0,0.000000000000,0,0.000000000000,54,0.477876106195
1087,Cr63Zr62,125,2,"Cr,Zr",63,0.504000000000,0,0.000000000000,0,0.000000000000,62,0.496000000000
1088,Cr16Zr109,125,2,"Cr,Zr",16,0.128000000000,0,0.000000000000,0,0.000000000000,109,0.872000000000
1089,Cr16Zr109,125,2,"Cr,Zr",16,0.128000000000,0,0.000000000000,0,0.000000000000,109,0.872000000000
1090,Cr31Zr94,125,2,"Cr,Zr",31,0.248000000000,0,0.000000000000,0,0.000000000000,94,0.752000000000
1091,Cr31Zr94,125,2,"Cr,Zr",31,0.248000000000,0,0.000000000000,0,0.000000000000,94,0.752000000000
1092,Cr62Zr63,125,2,"Cr,Zr",62,0.496000000000,0,0.000000000000,0,0.000000000000,63,0.504000000000
1093,Cr62Zr63,125,2,"Cr,Zr",62,0.496000000000,0,0.000000000000,0,0.000000000000,63,0.504000000000
1094,Cr62Zr63,125,2,"Cr,Zr",62,0.496000000000,0,0.000000000000,0,0.000000000000,63,0.504000000000
1095,Cr62Zr63,125,2,"Cr,Zr",62,0.496000000000,0,0.000000000000,0,0.000000000000,63,0.504000000000
1096,Cr62Zr63,125,2,"Cr,Zr",62,0.496000000000,0,0.000000000000,0,0.000000000000,63,0.504000000000
1097,Cr57Zr58,115,2,"Cr,Zr",57,0.495652173913,0,0.000000000000,0,0.000000000000,58,0.504347826087
1098,Cr62Zr63,125,2,"Cr,Zr",62,0.496000000000,0,0.000000000000,0,0.000000000000,63,0.504000000000
1099,Cr47WZr78,126,3,"Cr,W,Zr",47,0.373015873016,1,0.007936507937,0,0.000000000000,78,0.619047619048
1100,Cr31Zr94,125,2,"Cr,Zr",31,0.248000000000,0,0.000000000000,0,0.000000000000,94,0.752000000000
1101,Cr30Zr83,113,2,"Cr,Zr",30,0.265486725664,0,0.000000000000,0,0.000000000000,83,0.734513274336
1102,Cr31Zr94,125,2,"Cr,Zr",31,0.248000000000,0,0.000000000000,0,0.000000000000,94,0.752000000000
1103,Cr47Zr78,125,2,"Cr,Zr",47,0.376000000000,0,0.000000000000,0,0.000000000000,78,0.624000000000
1104,Cr47Zr78,125,2,"Cr,Zr",47,0.376000000000,0,0.000000000000,0,0.000000000000,78,0.624000000000
1105,Cr41Zr76,117,2,"Cr,Zr",41,0.350427350427,0,0.000000000000,0,0.000000000000,76,0.649572649573
1106,Cr47Zr78,125,2,"Cr,Zr",47,0.376000000000,0,0.000000000000,0,0.000000000000,78,0.624000000000
1107,Cr16Zr109,125,2,"Cr,Zr",16,0.128000000000,0,0.000000000000,0,0.000000000000,109,0.872000000000
1108,Cr16Zr109,125,2,"Cr,Zr",16,0.128000000000,0,0.000000000000,0,0.000000000000,109,0.872000000000
1109,Cr16WZr111,128,3,"Cr,W,Zr",16,0.125000000000,1,0.007812500000,0,0.000000000000,111,0.867187500000
1110,Cr16Zr109,125,2,"Cr,Zr",16,0.128000000000,0,0.000000000000,0,0.000000000000,109,0.872000000000
1111,Cr31Zr94,125,2,"Cr,Zr",31,0.248000000000,0,0.000000000000,0,0.000000000000,94,0.752000000000
1112,Cr31Zr94,125,2,"Cr,Zr",31,0.248000000000,0,0.000000000000,0,0.000000000000,94,0.752000000000
1113,Cr16WZr109,126,3,"Cr,W,Zr",16,0.126984126984,1,0.007936507937,0,0.000000000000,109,0.865079365079
1114,Cr16Zr109,125,2,"Cr,Zr",16,0.128000000000,0,0.000000000000,0,0.000000000000,109,0.872000000000
1115,Cr31Zr94,125,2,"Cr,Zr",31,0.248000000000,0,0.000000000000,0,0.000000000000,94,0.752000000000
1116,Cr31Zr94,125,2,"Cr,Zr",31,0.248000000000,0,0.000000000000,0,0.000000000000,94,0.752000000000
1117,Cr31Zr94,125,2,"Cr,Zr",31,0.248000000000,0,0.000000000000,0,0.000000000000,94,0.752000000000
1118,Cr31WZr94,126,3,"Cr,W,Zr",31,0.246031746032,1,0.007936507937,0,0.000000000000,94,0.746031746032
1119,Cr16Zr109,125,2,"Cr,Zr",16,0.128000000000,0,0.000000000000,0,0.000000000000,109,0.872000000000
1120,Cr16Zr109,125,2,"Cr,Zr",16,0.128000000000,0,0.000000000000,0,0.000000000000,109,0.872000000000
1121,Cr31Zr94,125,2,"Cr,Zr",31,0.248000000000,0,0.000000000000,0,0.000000000000,94,0.752000000000
1122,Cr26Zr88,114,2,"Cr,Zr",26,0.228070175439,0,0.000000000000,0,0.000000000000,88,0.771929824561
1123,Cr32Zr94,126,2,"Cr,Zr",32,0.253968253968,0,0.000000000000,0,0.000000000000,94,0.746031746032
1124,Cr16Zr109,125,2,"Cr,Zr",16,0.128000000000,0,0.000000000000,0,0.000000000000,109,0.872000000000
1125,Cr16Zr98,114,2,"Cr,Zr",16,0.140350877193,0,0.000000000000,0,0.000000000000,98,0.859649122807
1126,Cr16Zr109,125,2,"Cr,Zr",16,0.128000000000,0,0.000000000000,0,0.000000000000,109,0.872000000000
1127,Cr31Zr94,125,2,"Cr,Zr",31,0.248000000000,0,0.000000000000,0,0.000000000000,94,0.752000000000
1128,Cr139Zr70,209,2,"Cr,Zr",139,0.665071770335,0,0.000000000000,0,0.000000000000,70,0.334928229665
1129,Cr138Zr69,207,2,"Cr,Zr",138,0.666666666667,0,0.000000000000,0,0.000000000000,69,0.333333333333
1130,Cr137Zr72,209,2,"Cr,Zr",137,0.655502392344,0,0.000000000000,0,0.000000000000,72,0.344497607656
1131,Cr133Zr70,203,2,"Cr,Zr",133,0.655172413793,0,0.000000000000,0,0.000000000000,70,0.344827586207
1132,Cr136Zr69,205,2,"Cr,Zr",136,0.663414634146,0,0.000000000000,0,0.000000000000,69,0.336585365854
1133,Cr133Zr69,202,2,"Cr,Zr",133,0.658415841584,0,0.000000000000,0,0.000000000000,69,0.341584158416
1134,Cr134Zr70,204,2,"Cr,Zr",134,0.656862745098,0,0.000000000000,0,0.000000000000,70,0.343137254902
1135,W109Y16,125,2,"W,Y",0,0.000000000000,109,0.872000000000,16,0.128000000000,0,0.000000000000
1136,W109Y16,125,2,"W,Y",0,0.000000000000,109,0.872000000000,16,0.128000000000,0,0.000000000000
1137,W109Y16,125,2,"W,Y",0,0.000000000000,109,0.872000000000,16,0.128000000000,0,0.000000000000
1138,W109Y16,125,2,"W,Y",0,0.000000000000,109,0.872000000000,16,0.128000000000,0,0.000000000000
1139,W109Y16,125,2,"W,Y",0,0.000000000000,109,0.872000000000,16,0.128000000000,0,0.000000000000
1140,Cr140Zr70,210,2,"Cr,Zr",140,0.666666666667,0,0.000000000000,0,0.000000000000,70,0.333333333333
1141,Cr16Zr109,125,2,"Cr,Zr",16,0.128000000000,0,0.000000000000,0,0.000000000000,109,0.872000000000
1142,Cr16Zr109,125,2,"Cr,Zr",16,0.128000000000,0,0.000000000000,0,0.000000000000,109,0.872000000000
1143,W109Y16,125,2,"W,Y",0,0.000000000000,109,0.872000000000,16,0.128000000000,0,0.000000000000
1144,W98Y16,114,2,"W,Y",0,0.000000000000,98,0.859649122807,16,0.140350877193,0,0.000000000000
1145,W109Y17,126,2,"W,Y",0,0.000000000000,109,0.865079365079,17,0.134920634921,0,0.000000000000
1146,W109Y16Zr,126,3,"W,Y,Zr",0,0.000000000000,109,0.865079365079,16,0.126984126984,1,0.007936507937
1147,W109Y16,125,2,"W,Y",0,0.000000000000,109,0.872000000000,16,0.128000000000,0,0.000000000000
1148,W109Y16,125,2,"W,Y",0,0.000000000000,109,0.872000000000,16,0.128000000000,0,0.000000000000
1149,W109Y16,125,2,"W,Y",0,0.000000000000,109,0.872000000000,16,0.128000000000,0,0.000000000000
1150,W110Y16,126,2,"W,Y",0,0.000000000000,110,0.873015873016,16,0.126984126984,0,0.000000000000
1151,W109Y16,125,2,"W,Y",0,0.000000000000,109,0.872000000000,16,0.128000000000,0,0.000000000000
1152,W109Y16,125,2,"W,Y",0,0.000000000000,109,0.872000000000,16,0.128000000000,0,0.000000000000
1153,W109Y16,125,2,"W,Y",0,0.000000000000,109,0.872000000000,16,0.128000000000,0,0.000000000000
1154,W100Y15,115,2,"W,Y",0,0.000000000000,100,0.869565217391,15,0.130434782609,0,0.000000000000
1155,CrW109Y16,126,3,"Cr,W,Y",1,0.007936507937,109,0.865079365079,16,0.126984126984,0,0.000000000000
1156,W109Y16,125,2,"W,Y",0,0.000000000000,109,0.872000000000,16,0.128000000000,0,0.000000000000
1157,CrW109Y17,127,3,"Cr,W,Y",1,0.007874015748,109,0.858267716535,17,0.133858267717,0,0.000000000000
1158,W94Y31,125,2,"W,Y",0,0.000000000000,94,0.752000000000,31,0.248000000000,0,0.000000000000
1159,W9Zr33,42,2,"W,Zr",0,0.000000000000,9,0.214285714286,0,0.000000000000,33,0.785714285714
1160,W94Y31,125,2,"W,Y",0,0.000000000000,94,0.752000000000,31,0.248000000000,0,0.000000000000
1161,W94Y31,125,2,"W,Y",0,0.000000000000,94,0.752000000000,31,0.248000000000,0,0.000000000000
1162,W94Y31,125,2,"W,Y",0,0.000000000000,94,0.752000000000,31,0.248000000000,0,0.000000000000
1163,W94Y31,125,2,"W,Y",0,0.000000000000,94,0.752000000000,31,0.248000000000,0,0.000000000000
1164,W94Y31,125,2,"W,Y",0,0.000000000000,94,0.752000000000,31,0.248000000000,0,0.000000000000
1165,W94Y31,125,2,"W,Y",0,0.000000000000,94,0.752000000000,31,0.248000000000,0,0.000000000000
1166,W85Y29,114,2,"W,Y",0,0.000000000000,85,0.745614035088,29,0.254385964912,0,0.000000000000
1167,W94Y32,126,2,"W,Y",0,0.000000000000,94,0.746031746032,32,0.253968253968,0,0.000000000000
1168,CrW94Y31,126,3,"Cr,W,Y",1,0.007936507937,94,0.746031746032,31,0.246031746032,0,0.000000000000
1169,W94Y31,125,2,"W,Y",0,0.000000000000,94,0.752000000000,31,0.248000000000,0,0.000000000000
1170,W94Y31,125,2,"W,Y",0,0.000000000000,94,0.752000000000,31,0.248000000000,0,0.000000000000
1171,W83Y30,113,2,"W,Y",0,0.000000000000,83,0.734513274336,30,0.265486725664,0,0.000000000000
1172,CrW95Y31,127,3,"Cr,W,Y",1,0.007874015748,95,0.748031496063,31,0.244094488189,0,0.000000000000
1173,W10Zr33,43,2,"W,Zr",0,0.000000000000,10,0.232558139535,0,0.000000000000,33,0.767441860465
1174,W8Zr32,40,2,"W,Zr",0,0.000000000000,8,0.200000000000,0,0.000000000000,32,0.800000000000
1175,W8Zr32,40,2,"W,Zr",0,0.000000000000,8,0.200000000000,0,0.000000000000,32,0.800000000000
1176,W8Zr32,40,2,"W,Zr",0,0.000000000000,8,0.200000000000,0,0.000000000000,32,0.800000000000
1177,W9Zr33,42,2,"W,Zr",0,0.000000000000,9,0.214285714286,0,0.000000000000,33,0.785714285714
1178,W94Y31,125,2,"W,Y",0,0.000000000000,94,0.752000000000,31,0.248000000000,0,0.000000000000
1179,W94Y31,125,2,"W,Y",0,0.000000000000,94,0.752000000000,31,0.248000000000,0,0.000000000000
1180,W94Y31,125,2,"W,Y",0,0.000000000000,94,0.752000000000,31,0.248000000000,0,0.000000000000
1181,W94Y32,126,2,"W,Y",0,0.000000000000,94,0.746031746032,32,0.253968253968,0,0.000000000000
1182,W94Y31,125,2,"W,Y",0,0.000000000000,94,0.752000000000,31,0.248000000000,0,0.000000000000
1183,W78Y47,125,2,"W,Y",0,0.000000000000,78,0.624000000000,47,0.376000000000,0,0.000000000000
1184,W79Y47,126,2,"W,Y",0,0.000000000000,79,0.626984126984,47,0.373015873016,0,0.000000000000
1185,W78Y47,125,2,"W,Y",0,0.000000000000,78,0.624000000000,47,0.376000000000,0,0.000000000000
1186,W79Y47,126,2,"W,Y",0,0.000000000000,79,0.626984126984,47,0.373015873016,0,0.000000000000
1187,W71Zr34,105,2,"W,Zr",0,0.000000000000,71,0.676190476190,0,0.000000000000,34,0.323809523810
1188,W70Zr34,104,2,"W,Zr",0,0.000000000000,70,0.673076923077,0,0.000000000000,34,0.326923076923
1189,W78Y47,125,2,"W,Y",0,0.000000000000,78,0.624000000000,47,0.376000000000,0,0.000000000000
1190,W79Y47,126,2,"W,Y",0,0.000000000000,79,0.626984126984,47,0.373015873016,0,0.000000000000
1191,W78Y47,125,2,"W,Y",0,0.000000000000,78,0.624000000000,47,0.376000000000,0,0.000000000000
1192,W78Y47,125,2,"W,Y",0,0.000000000000,78,0.624000000000,47,0.376000000000,0,0.000000000000
1193,W68Y45,113,2,"W,Y",0,0.000000000000,68,0.601769911504,45,0.398230088496,0,0.000000000000
1194,W73Y41,114,2,"W,Y",0,0.000000000000,73,0.640350877193,41,0.359649122807,0,0.000000000000
1195,W78Y47,125,2,"W,Y",0,0.000000000000,78,0.624000000000,47,0.376000000000,0,0.000000000000
1196,W69Zr36,105,2,"W,Zr",0,0.000000000000,69,0.657142857143,0,0.000000000000,36,0.342857142857
1197,W78Y47,125,2,"W,Y",0,0.000000000000,78,0.624000000000,47,0.376000000000,0,0.000000000000
1198,W78Y47,125,2,"W,Y",0,0.000000000000,78,0.624000000000,47,0.376000000000,0,0.000000000000
1199,W78Y47,125,2,"W,Y",0,0.000000000000,78,0.624000000000,47,0.376000000000,0,0.000000000000
1200,W71Y42,113,2,"W,Y",0,0.000000000000,71,0.628318584071,42,0.371681415929,0,0.000000000000
1201,W78Y47,125,2,"W,Y",0,0.000000000000,78,0.624000000000,47,0.376000000000,0,0.000000000000
1202,W63Y62,125,2,"W,Y",0,0.000000000000,63,0.504000000000,62,0.496000000000,0,0.000000000000
1203,W78Y47,125,2,"W,Y",0,0.000000000000,78,0.624000000000,47,0.376000000000,0,0.000000000000
1204,W78Y47,125,2,"W,Y",0,0.000000000000,78,0.624000000000,47,0.376000000000,0,0.000000000000
1205,W78Y47,125,2,"W,Y",0,0.000000000000,78,0.624000000000,47,0.376000000000,0,0.000000000000
1206,W78Y47,125,2,"W,Y",0,0.000000000000,78,0.624000000000,47,0.376000000000,0,0.000000000000
1207,W63Y62,125,2,"W,Y",0,0.000000000000,63,0.504000000000,62,0.496000000000,0,0.000000000000
1208,W63Y62,125,2,"W,Y",0,0.000000000000,63,0.504000000000,62,0.496000000000,0,0.000000000000
1209,W64Zr32,96,2,"W,Zr",0,0.000000000000,64,0.666666666667,0,0.000000000000,32,0.333333333333
1210,W64Zr32,96,2,"W,Zr",0,0.000000000000,64,0.666666666667,0,0.000000000000,32,0.333333333333
1211,W64Zr32,96,2,"W,Zr",0,0.000000000000,64,0.666666666667,0,0.000000000000,32,0.333333333333
1212,W60Zr29,89,2,"W,Zr",0,0.000000000000,60,0.674157303371,0,0.000000000000,29,0.325842696629
1213,W67Zr34,101,2,"W,Zr",0,0.000000000000,67,0.663366336634,0,0.000000000000,34,0.336633663366
1214,W69Zr32,101,2,"W,Zr",0,0.000000000000,69,0.683168316832,0,0.000000000000,32,0.316831683168
1215,W66Zr37,103,2,"W,Zr",0,0.000000000000,66,0.640776699029,0,0.000000000000,37,0.359223300971
1216,W63Y63,126,2,"W,Y",0,0.000000000000,63,0.500000000000,63,0.500000000000,0,0.000000000000
1217,W63Y62,125,2,"W,Y",0,0.000000000000,63,0.504000000000,62,0.496000000000,0,0.000000000000
1218,W63Y62,125,2,"W,Y",0,0.000000000000,63,0.504000000000,62,0.496000000000,0,0.000000000000
1219,W63Y62,125,2,"W,Y",0,0.000000000000,63,0.504000000000,62,0.496000000000,0,0.000000000000
1220,W55Y60,115,2,"W,Y",0,0.000000000000,55,0.478260869565,60,0.521739130435,0,0.000000000000
1221,CrW63Y62,126,3,"Cr,W,Y",1,0.007936507937,63,0.500000000000,62,0.492063492063,0,0.000000000000
1222,W136Zr70,206,2,"W,Zr",0,0.000000000000,136,0.660194174757,0,0.000000000000,70,0.339805825243
1223,W62Y63,125,2,"W,Y",0,0.000000000000,62,0.496000000000,63,0.504000000000,0,0.000000000000
1224,W58Y56,114,2,"W,Y",0,0.000000000000,58,0.508771929825,56,0.491228070175,0,0.000000000000
1225,W62Y63,125,2,"W,Y",0,0.000000000000,62,0.496000000000,63,0.504000000000,0,0.000000000000
1226,W62Y63,125,2,"W,Y",0,0.000000000000,62,0.496000000000,63,0.504000000000,0,0.000000000000
1227,W62Y63,125,2,"W,Y",0,0.000000000000,62,0.496000000000,63,0.504000000000,0,0.000000000000
1228,W55Y59,114,2,"W,Y",0,0.000000000000,55,0.482456140351,59,0.517543859649,0,0.000000000000
1229,W62Y63,125,2,"W,Y",0,0.000000000000,62,0.496000000000,63,0.504000000000,0,0.000000000000
1230,W6Zr31,37,2,"W,Zr",0,0.000000000000,6,0.162162162162,0,0.000000000000,31,0.837837837838
1231,W9Zr34,43,2,"W,Zr",0,0.000000000000,9,0.209302325581,0,0.000000000000,34,0.790697674419
1232,W11Zr32,43,2,"W,Zr",0,0.000000000000,11,0.255813953488,0,0.000000000000,32,0.744186046512
1233,W62Y63,125,2,"W,Y",0,0.000000000000,62,0.496000000000,63,0.504000000000,0,0.000000000000
1234,W47Y78,125,2,"W,Y",0,0.000000000000,47,0.376000000000,78,0.624000000000,0,0.000000000000
1235,W47Y78,125,2,"W,Y",0,0.000000000000,47,0.376000000000,78,0.624000000000,0,0.000000000000
1236,W43Y71,114,2,"W,Y",0,0.000000000000,43,0.377192982456,71,0.622807017544,0,0.000000000000
1237,W48Y78,126,2,"W,Y",0,0.000000000000,48,0.380952380952,78,0.619047619048,0,0.000000000000
1238,W47Y78,125,2,"W,Y",0,0.000000000000,47,0.376000000000,78,0.624000000000,0,0.000000000000
1239,W47Y78,125,2,"W,Y",0,0.000000000000,47,0.376000000000,78,0.624000000000,0,0.000000000000
1240,W47Y78,125,2,"W,Y",0,0.000000000000,47,0.376000000000,78,0.624000000000,0,0.000000000000
1241,CrW48Y78,127,3,"Cr,W,Y",1,0.007874015748,48,0.377952755906,78,0.614173228346,0,0.000000000000
1242,W47Y78,125,2,"W,Y",0,0.000000000000,47,0.376000000000,78,0.624000000000,0,0.000000000000
1243,W47Y78,125,2,"W,Y",0,0.000000000000,47,0.376000000000,78,0.624000000000,0,0.000000000000
1244,W47Y78,125,2,"W,Y",0,0.000000000000,47,0.376000000000,78,0.624000000000,0,0.000000000000
1245,W47Y78,125,2,"W,Y",0,0.000000000000,47,0.376000000000,78,0.624000000000,0,0.000000000000
1246,W47Y78,125,2,"W,Y",0,0.000000000000,47,0.376000000000,78,0.624000000000,0,0.000000000000
1247,W32Y94,126,2,"W,Y",0,0.000000000000,32,0.253968253968,94,0.746031746032,0,0.000000000000
1248,W131Zr71,202,2,"W,Zr",0,0.000000000000,131,0.648514851485,0,0.000000000000,71,0.351485148515
1249,W31Y94,125,2,"W,Y",0,0.000000000000,31,0.248000000000,94,0.752000000000,0,0.000000000000
1250,W31Y94,125,2,"W,Y",0,0.000000000000,31,0.248000000000,94,0.752000000000,0,0.000000000000
1251,W29Y85,114,2,"W,Y",0,0.000000000000,29,0.254385964912,85,0.745614035088,0,0.000000000000
1252,W26Y90,116,2,"W,Y",0,0.000000000000,26,0.224137931034,90,0.775862068966,0,0.000000000000
1253,W32Y94Zr,127,3,"W,Y,Zr",0,0.000000000000,32,0.251968503937,94,0.740157480315,1,0.007874015748
1254,W16Y109,125,2,"W,Y",0,0.000000000000,16,0.128000000000,109,0.872000000000,0,0.000000000000
1255,W16Y109,125,2,"W,Y",0,0.000000000000,16,0.128000000000,109,0.872000000000,0,0.000000000000
1256,W16Y98,114,2,"W,Y",0,0.000000000000,16,0.140350877193,98,0.859649122807,0,0.000000000000
1257,W15Y103,118,2,"W,Y",0,0.000000000000,15,0.127118644068,103,0.872881355932,0,0.000000000000
1258,W16Y109,125,2,"W,Y",0,0.000000000000,16,0.128000000000,109,0.872000000000,0,0.000000000000
1259,W16Y111,127,2,"W,Y",0,0.000000000000,16,0.125984251969,111,0.874015748031,0,0.000000000000
1260,W31Y94,125,2,"W,Y",0,0.000000000000,31,0.248000000000,94,0.752000000000,0,0.000000000000
1261,W31Y94,125,2,"W,Y",0,0.000000000000,31,0.248000000000,94,0.752000000000,0,0.000000000000
1262,CrW32Y94,127,3,"Cr,W,Y",1,0.007874015748,32,0.251968503937,94,0.740157480315,0,0.000000000000
1263,W31Y94Zr,126,3,"W,Y,Zr",0,0.000000000000,31,0.246031746032,94,0.746031746032,1,0.007936507937
1264,W40Y74,114,2,"W,Y",0,0.000000000000,40,0.350877192982,74,0.649122807018,0,0.000000000000
1265,W47Y70,117,2,"W,Y",0,0.000000000000,47,0.401709401709,70,0.598290598291,0,0.000000000000
1266,W47Y78,125,2,"W,Y",0,0.000000000000,47,0.376000000000,78,0.624000000000,0,0.000000000000
1267,CrW16Y109,126,3,"Cr,W,Y",1,0.007936507937,16,0.126984126984,109,0.865079365079,0,0.000000000000
1268,W16Y109,125,2,"W,Y",0,0.000000000000,16,0.128000000000,109,0.872000000000,0,0.000000000000
1269,W17Y110,127,2,"W,Y",0,0.000000000000,17,0.133858267717,110,0.866141732283,0,0.000000000000
1270,W31Y94,125,2,"W,Y",0,0.000000000000,31,0.248000000000,94,0.752000000000,0,0.000000000000
1271,W28Y89,117,2,"W,Y",0,0.000000000000,28,0.239316239316,89,0.760683760684,0,0.000000000000
1272,W31Y94,125,2,"W,Y",0,0.000000000000,31,0.248000000000,94,0.752000000000,0,0.000000000000
1273,W31Y94,125,2,"W,Y",0,0.000000000000,31,0.248000000000,94,0.752000000000,0,0.000000000000
1274,W31Y95,126,2,"W,Y",0,0.000000000000,31,0.246031746032,95,0.753968253968,0,0.000000000000
1275,W15Y101,116,2,"W,Y",0,0.000000000000,15,0.129310344828,101,0.870689655172,0,0.000000000000
1276,W16Y109,125,2,"W,Y",0,0.000000000000,16,0.128000000000,109,0.872000000000,0,0.000000000000
1277,W16Y109,125,2,"W,Y",0,0.000000000000,16,0.128000000000,109,0.872000000000,0,0.000000000000
1278,W16Y109,125,2,"W,Y",0,0.000000000000,16,0.128000000000,109,0.872000000000,0,0.000000000000
1279,W16Y109,125,2,"W,Y",0,0.000000000000,16,0.128000000000,109,0.872000000000,0,0.000000000000
1280,W31Y94,125,2,"W,Y",0,0.000000000000,31,0.248000000000,94,0.752000000000,0,0.000000000000
1281,W31Y84,115,2,"W,Y",0,0.000000000000,31,0.269565217391,84,0.730434782609,0,0.000000000000
1282,W31Y94,125,2,"W,Y",0,0.000000000000,31,0.248000000000,94,0.752000000000,0,0.000000000000
1283,W16Y109,125,2,"W,Y",0,0.000000000000,16,0.128000000000,109,0.872000000000,0,0.000000000000
1284,W17Y109Zr,127,3,"W,Y,Zr",0,0.000000000000,17,0.133858267717,109,0.858267716535,1,0.007874015748
1285,Cr2W109Zr16,127,3,"Cr,W,Zr",2,0.015748031496,109,0.858267716535,0,0.000000000000,16,0.125984251969
1286,W109Zr16,125,2,"W,Zr",0,0.000000000000,109,0.872000000000,0,0.000000000000,16,0.128000000000
1287,W109Zr16,125,2,"W,Zr",0,0.000000000000,109,0.872000000000,0,0.000000000000,16,0.128000000000
1288,W128Zr64,192,2,"W,Zr",0,0.000000000000,128,0.666666666667,0,0.000000000000,64,0.333333333333
1289,W128Zr64,192,2,"W,Zr",0,0.000000000000,128,0.666666666667,0,0.000000000000,64,0.333333333333
1290,W128Zr64,192,2,"W,Zr",0,0.000000000000,128,0.666666666667,0,0.000000000000,64,0.333333333333
1291,W128Zr64,192,2,"W,Zr",0,0.000000000000,128,0.666666666667,0,0.000000000000,64,0.333333333333
1292,W128Zr64,192,2,"W,Zr",0,0.000000000000,128,0.666666666667,0,0.000000000000,64,0.333333333333
1293,W116Zr57,173,2,"W,Zr",0,0.000000000000,116,0.670520231214,0,0.000000000000,57,0.329479768786
1294,W133Zr73,206,2,"W,Zr",0,0.000000000000,133,0.645631067961,0,0.000000000000,73,0.354368932039
1295,W109Zr16,125,2,"W,Zr",0,0.000000000000,109,0.872000000000,0,0.000000000000,16,0.128000000000
1296,W109Zr16,125,2,"W,Zr",0,0.000000000000,109,0.872000000000,0,0.000000000000,16,0.128000000000
1297,CrW109Zr16,126,3,"Cr,W,Zr",1,0.007936507937,109,0.865079365079,0,0.000000000000,16,0.126984126984
1298,W109Zr16,125,2,"W,Zr",0,0.000000000000,109,0.872000000000,0,0.000000000000,16,0.128000000000
1299,W109Zr16,125,2,"W,Zr",0,0.000000000000,109,0.872000000000,0,0.000000000000,16,0.128000000000
1300,W109Zr16,125,2,"W,Zr",0,0.000000000000,109,0.872000000000,0,0.000000000000,16,0.128000000000
1301,CrW109Zr16,126,3,"Cr,W,Zr",1,0.007936507937,109,0.865079365079,0,0.000000000000,16,0.126984126984
1302,W8Zr34,42,2,"W,Zr",0,0.000000000000,8,0.190476190476,0,0.000000000000,34,0.809523809524
1303,W101Zr12,113,2,"W,Zr",0,0.000000000000,101,0.893805309735,0,0.000000000000,12,0.106194690265
1304,W109Y2Zr16,127,3,"W,Y,Zr",0,0.000000000000,109,0.858267716535,2,0.015748031496,16,0.125984251969
1305,W97Zr16,113,2,"W,Zr",0,0.000000000000,97,0.858407079646,0,0.000000000000,16,0.141592920354
1306,W109Y2Zr16,127,3,"W,Y,Zr",0,0.000000000000,109,0.858267716535,2,0.015748031496,16,0.125984251969
1307,W109Zr16,125,2,"W,Zr",0,0.000000000000,109,0.872000000000,0,0.000000000000,16,0.128000000000
1308,W65Zr38,103,2,"W,Zr",0,0.000000000000,65,0.631067961165,0,0.000000000000,38,0.368932038835
1309,W94Zr31,125,2,"W,Zr",0,0.000000000000,94,0.752000000000,0,0.000000000000,31,0.248000000000
1310,W94Zr31,125,2,"W,Zr",0,0.000000000000,94,0.752000000000,0,0.000000000000,31,0.248000000000
1311,W9Zr33,42,2,"W,Zr",0,0.000000000000,9,0.214285714286,0,0.000000000000,33,0.785714285714
1312,W94YZr31,126,3,"W,Y,Zr",0,0.000000000000,94,0.746031746032,1,0.007936507937,31,0.246031746032
1313,W94Zr31,125,2,"W,Zr",0,0.000000000000,94,0.752000000000,0,0.000000000000,31,0.248000000000
1314,W94Zr31,125,2,"W,Zr",0,0.000000000000,94,0.752000000000,0,0.000000000000,31,0.248000000000
1315,CrW94Zr31,126,3,"Cr,W,Zr",1,0.007936507937,94,0.746031746032,0,0.000000000000,31,0.246031746032
1316,W8Zr34,42,2,"W,Zr",0,0.000000000000,8,0.190476190476,0,0.000000000000,34,0.809523809524
1317,W94Zr31,125,2,"W,Zr",0,0.000000000000,94,0.752000000000,0,0.000000000000,31,0.248000000000
1318,W94Zr31,125,2,"W,Zr",0,0.000000000000,94,0.752000000000,0,0.000000000000,31,0.248000000000
1319,W85Zr29,114,2,"W,Zr",0,0.000000000000,85,0.745614035088,0,0.000000000000,29,0.254385964912
1320,W94Zr31,125,2,"W,Zr",0,0.000000000000,94,0.752000000000,0,0.000000000000,31,0.248000000000
1321,W94Zr31,125,2,"W,Zr",0,0.000000000000,94,0.752000000000,0,0.000000000000,31,0.248000000000
1322,W88Zr25,113,2,"W,Zr",0,0.000000000000,88,0.778761061947,0,0.000000000000,25,0.221238938053
1323,W94Zr31,125,2,"W,Zr",0,0.000000000000,94,0.752000000000,0,0.000000000000,31,0.248000000000
1324,Y69Zr71,140,2,"Y,Zr",0,0.000000000000,0,0.000000000000,69,0.492857142857,71,0.507142857143
1325,W78Zr47,125,2,"W,Zr",0,0.000000000000,78,0.624000000000,0,0.000000000000,47,0.376000000000
1326,W78Zr47,125,2,"W,Zr",0,0.000000000000,78,0.624000000000,0,0.000000000000,47,0.376000000000
1327,W78Zr47,125,2,"W,Zr",0,0.000000000000,78,0.624000000000,0,0.000000000000,47,0.376000000000
1328,W78Zr47,125,2,"W,Zr",0,0.000000000000,78,0.624000000000,0,0.000000000000,47,0.376000000000
1329,W78Zr47,125,2,"W,Zr",0,0.000000000000,78,0.624000000000,0,0.000000000000,47,0.376000000000
1330,Y67Zr69,136,2,"Y,Zr",0,0.000000000000,0,0.000000000000,67,0.492647058824,69,0.507352941176
1331,W68Zr37,105,2,"W,Zr",0,0.000000000000,68,0.647619047619,0,0.000000000000,37,0.352380952381
1332,W133Zr74,207,2,"W,Zr",0,0.000000000000,133,0.642512077295,0,0.000000000000,74,0.357487922705
1333,W173Zr106,279,2,"W,Zr",0,0.000000000000,173,0.620071684588,0,0.000000000000,106,0.379928315412
1334,W70Zr45,115,2,"W,Zr",0,0.000000000000,70,0.608695652174,0,0.000000000000,45,0.391304347826
1335,W78Zr47,125,2,"W,Zr",0,0.000000000000,78,0.624000000000,0,0.000000000000,47,0.376000000000
1336,W68Zr34,102,2,"W,Zr",0,0.000000000000,68,0.666666666667,0,0.000000000000,34,0.333333333333
1337,Y64Zr64,128,2,"Y,Zr",0,0.000000000000,0,0.000000000000,64,0.500000000000,64,0.500000000000
1338,Y64Zr64,128,2,"Y,Zr",0,0.000000000000,0,0.000000000000,64,0.500000000000,64,0.500000000000
1339,Y64Zr64,128,2,"Y,Zr",0,0.000000000000,0,0.000000000000,64,0.500000000000,64,0.500000000000
1340,Y64Zr64,128,2,"Y,Zr",0,0.000000000000,0,0.000000000000,64,0.500000000000,64,0.500000000000
1341,Y69Zr71,140,2,"Y,Zr",0,0.000000000000,0,0.000000000000,69,0.492857142857,71,0.507142857143
1342,W78Zr47,125,2,"W,Zr",0,0.000000000000,78,0.624000000000,0,0.000000000000,47,0.376000000000
1343,W70Zr43,113,2,"W,Zr",0,0.000000000000,70,0.619469026549,0,0.000000000000,43,0.380530973451
1344,W78Zr48,126,2,"W,Zr",0,0.000000000000,78,0.619047619048,0,0.000000000000,48,0.380952380952
1345,W78Zr47,125,2,"W,Zr",0,0.000000000000,78,0.624000000000,0,0.000000000000,47,0.376000000000
1346,W73Zr40,113,2,"W,Zr",0,0.000000000000,73,0.646017699115,0,0.000000000000,40,0.353982300885
1347,W78Y2Zr47,127,3,"W,Y,Zr",0,0.000000000000,78,0.614173228346,2,0.015748031496,47,0.370078740157
1348,W67Zr36,103,2,"W,Zr",0,0.000000000000,67,0.650485436893,0,0.000000000000,36,0.349514563107
1349,W78Zr47,125,2,"W,Zr",0,0.000000000000,78,0.624000000000,0,0.000000000000,47,0.376000000000
1350,W78Zr47,125,2,"W,Zr",0,0.000000000000,78,0.624000000000,0,0.000000000000,47,0.376000000000
1351,W78YZr47,126,3,"W,Y,Zr",0,0.000000000000,78,0.619047619048,1,0.007936507937,47,0.373015873016
1352,W171Zr103,274,2,"W,Zr",0,0.000000000000,171,0.624087591241,0,0.000000000000,103,0.375912408759
1353,W138Zr71,209,2,"W,Zr",0,0.000000000000,138,0.660287081340,0,0.000000000000,71,0.339712918660
1354,Y68Zr68,136,2,"Y,Zr",0,0.000000000000,0,0.000000000000,68,0.500000000000,68,0.500000000000
1355,W63Zr63,126,2,"W,Zr",0,0.000000000000,63,0.500000000000,0,0.000000000000,63,0.500000000000
1356,W160Zr96,256,2,"W,Zr",0,0.000000000000,160,0.625000000000,0,0.000000000000,96,0.375000000000
1357,W160Zr96,256,2,"W,Zr",0,0.000000000000,160,0.625000000000,0,0.000000000000,96,0.375000000000
1358,W160Zr96,256,2,"W,Zr",0,0.000000000000,160,0.625000000000,0,0.000000000000,96,0.375000000000
1359,W141Zr90,231,2,"W,Zr",0,0.000000000000,141,0.610389610390,0,0.000000000000,90,0.389610389610
1360,W169Zr102,271,2,"W,Zr",0,0.000000000000,169,0.623616236162,0,0.000000000000,102,0.376383763838
1361,W133Zr71,204,2,"W,Zr",0,0.000000000000,133,0.651960784314,0,0.000000000000,71,0.348039215686
1362,W63Zr62,125,2,"W,Zr",0,0.000000000000,63,0.504000000000,0,0.000000000000,62,0.496000000000
1363,W54Zr59,113,2,"W,Zr",0,0.000000000000,54,0.477876106195,0,0.000000000000,59,0.522123893805
1364,W59Zr54,113,2,"W,Zr",0,0.000000000000,59,0.522123893805,0,0.000000000000,54,0.477876106195
1365,W63Zr63,126,2,"W,Zr",0,0.000000000000,63,0.500000000000,0,0.000000000000,63,0.500000000000
1366,W63Zr62,125,2,"W,Zr",0,0.000000000000,63,0.504000000000,0,0.000000000000,62,0.496000000000
1367,W63Zr62,125,2,"W,Zr",0,0.000000000000,63,0.504000000000,0,0.000000000000,62,0.496000000000
1368,W63Zr62,125,2,"W,Zr",0,0.000000000000,63,0.504000000000,0,0.000000000000,62,0.496000000000
1369,CrW64Zr62,127,3,"Cr,W,Zr",1,0.007874015748,64,0.503937007874,0,0.000000000000,62,0.488188976378
1370,W62Zr63,125,2,"W,Zr",0,0.000000000000,62,0.496000000000,0,0.000000000000,63,0.504000000000
1371,W62Zr63,125,2,"W,Zr",0,0.000000000000,62,0.496000000000,0,0.000000000000,63,0.504000000000
1372,W62Zr63,125,2,"W,Zr",0,0.000000000000,62,0.496000000000,0,0.000000000000,63,0.504000000000
1373,W135Zr74,209,2,"W,Zr",0,0.000000000000,135,0.645933014354,0,0.000000000000,74,0.354066985646
1374,CrW62Zr63,126,3,"Cr,W,Zr",1,0.007936507937,62,0.492063492063,0,0.000000000000,63,0.500000000000
1375,W62Zr63,125,2,"W,Zr",0,0.000000000000,62,0.496000000000,0,0.000000000000,63,0.504000000000
1376,CrW62YZr65,129,4,"Cr,W,Y,Zr",1,0.007751937984,62,0.480620155039,1,0.007751937984,65,0.503875968992
1377,W63Zr63,126,2,"W,Zr",0,0.000000000000,63,0.500000000000,0,0.000000000000,63,0.500000000000
1378,Y67Zr68,135,2,"Y,Zr",0,0.000000000000,0,0.000000000000,67,0.496296296296,68,0.503703703704
1379,W47Zr78,125,2,"W,Zr",0,0.000000000000,47,0.376000000000,0,0.000000000000,78,0.624000000000
1380,W47Zr78,125,2,"W,Zr",0,0.000000000000,47,0.376000000000,0,0.000000000000,78,0.624000000000
1381,W47Zr78,125,2,"W,Zr",0,0.000000000000,47,0.376000000000,0,0.000000000000,78,0.624000000000
1382,W47Zr78,125,2,"W,Zr",0,0.000000000000,47,0.376000000000,0,0.000000000000,78,0.624000000000
1383,W45Zr68,113,2,"W,Zr",0,0.000000000000,45,0.398230088496,0,0.000000000000,68,0.601769911504
1384,W47Zr78,125,2,"W,Zr",0,0.000000000000,47,0.376000000000,0,0.000000000000,78,0.624000000000
1385,W47Zr78,125,2,"W,Zr",0,0.000000000000,47,0.376000000000,0,0.000000000000,78,0.624000000000
1386,W47Zr78,125,2,"W,Zr",0,0.000000000000,47,0.376000000000,0,0.000000000000,78,0.624000000000
1387,W47Zr79,126,2,"W,Zr",0,0.000000000000,47,0.373015873016,0,0.000000000000,79,0.626984126984
1388,W47Zr78,125,2,"W,Zr",0,0.000000000000,47,0.376000000000,0,0.000000000000,78,0.624000000000
1389,W47Zr78,125,2,"W,Zr",0,0.000000000000,47,0.376000000000,0,0.000000000000,78,0.624000000000
1390,W43Zr70,113,2,"W,Zr",0,0.000000000000,43,0.380530973451,0,0.000000000000,70,0.619469026549
1391,CrW47Zr78,126,3,"Cr,W,Zr",1,0.007936507937,47,0.373015873016,0,0.000000000000,78,0.619047619048
1392,W31Zr94,125,2,"W,Zr",0,0.000000000000,31,0.248000000000,0,0.000000000000,94,0.752000000000
1393,W31Zr94,125,2,"W,Zr",0,0.000000000000,31,0.248000000000,0,0.000000000000,94,0.752000000000
1394,W31Zr95,126,2,"W,Zr",0,0.000000000000,31,0.246031746032,0,0.000000000000,95,0.753968253968
1395,W47YZr79,127,3,"W,Y,Zr",0,0.000000000000,47,0.370078740157,1,0.007874015748,79,0.622047244094
1396,W31Zr94,125,2,"W,Zr",0,0.000000000000,31,0.248000000000,0,0.000000000000,94,0.752000000000
1397,W31Zr94,125,2,"W,Zr",0,0.000000000000,31,0.248000000000,0,0.000000000000,94,0.752000000000
1398,W31YZr94,126,3,"W,Y,Zr",0,0.000000000000,31,0.246031746032,1,0.007936507937,94,0.746031746032
1399,W27Zr86,113,2,"W,Zr",0,0.000000000000,27,0.238938053097,0,0.000000000000,86,0.761061946903
1400,W30Zr84,114,2,"W,Zr",0,0.000000000000,30,0.263157894737,0,0.000000000000,84,0.736842105263
1401,W31Zr96,127,2,"W,Zr",0,0.000000000000,31,0.244094488189,0,0.000000000000,96,0.755905511811
1402,W31Zr94,125,2,"W,Zr",0,0.000000000000,31,0.248000000000,0,0.000000000000,94,0.752000000000
1403,W31Zr94,125,2,"W,Zr",0,0.000000000000,31,0.248000000000,0,0.000000000000,94,0.752000000000
1404,W31Zr94,125,2,"W,Zr",0,0.000000000000,31,0.248000000000,0,0.000000000000,94,0.752000000000
1405,W16Zr109,125,2,"W,Zr",0,0.000000000000,16,0.128000000000,0,0.000000000000,109,0.872000000000
1406,W16Zr109,125,2,"W,Zr",0,0.000000000000,16,0.128000000000,0,0.000000000000,109,0.872000000000
1407,Y68Zr72,140,2,"Y,Zr",0,0.000000000000,0,0.000000000000,68,0.485714285714,72,0.514285714286
1408,W16Zr109,125,2,"W,Zr",0,0.000000000000,16,0.128000000000,0,0.000000000000,109,0.872000000000
1409,W16YZr110,127,3,"W,Y,Zr",0,0.000000000000,16,0.125984251969,1,0.007874015748,110,0.866141732283
1410,W16Zr109,125,2,"W,Zr",0,0.000000000000,16,0.128000000000,0,0.000000000000,109,0.872000000000
1411,W16YZr110,127,3,"W,Y,Zr",0,0.000000000000,16,0.125984251969,1,0.007874015748,110,0.866141732283
1412,W171Zr103,274,2,"W,Zr",0,0.000000000000,171,0.624087591241,0,0.000000000000,103,0.375912408759
1413,W16Zr109,125,2,"W,Zr",0,0.000000000000,16,0.128000000000,0,0.000000000000,109,0.872000000000
1414,W16Zr109,125,2,"W,Zr",0,0.000000000000,16,0.128000000000,0,0.000000000000,109,0.872000000000
1415,W31Zr94,125,2,"W,Zr",0,0.000000000000,31,0.248000000000,0,0.000000000000,94,0.752000000000
1416,W16Zr109,125,2,"W,Zr",0,0.000000000000,16,0.128000000000,0,0.000000000000,109,0.872000000000
1417,W16Zr109,125,2,"W,Zr",0,0.000000000000,16,0.128000000000,0,0.000000000000,109,0.872000000000
1418,W17Zr110,127,2,"W,Zr",0,0.000000000000,17,0.133858267717,0,0.000000000000,110,0.866141732283
1419,Y66Zr69,135,2,"Y,Zr",0,0.000000000000,0,0.000000000000,66,0.488888888889,69,0.511111111111
1420,W16Zr109,125,2,"W,Zr",0,0.000000000000,16,0.128000000000,0,0.000000000000,109,0.872000000000
1421,W16Zr97,113,2,"W,Zr",0,0.000000000000,16,0.141592920354,0,0.000000000000,97,0.858407079646
1422,W13Zr102,115,2,"W,Zr",0,0.000000000000,13,0.113043478261,0,0.000000000000,102,0.886956521739
1423,W16Zr110,126,2,"W,Zr",0,0.000000000000,16,0.126984126984,0,0.000000000000,110,0.873015873016
1424,Y109Zr16,125,2,"Y,Zr",0,0.000000000000,0,0.000000000000,109,0.872000000000,16,0.128000000000
1425,Y109Zr16,125,2,"Y,Zr",0,0.000000000000,0,0.000000000000,109,0.872000000000,16,0.128000000000
1426,Y109Zr16,125,2,"Y,Zr",0,0.000000000000,0,0.000000000000,109,0.872000000000,16,0.128000000000
1427,Y109Zr16,125,2,"Y,Zr",0,0.000000000000,0,0.000000000000,109,0.872000000000,16,0.128000000000
1428,Y109Zr16,125,2,"Y,Zr",0,0.000000000000,0,0.000000000000,109,0.872000000000,16,0.128000000000
1429,Y109Zr16,125,2,"Y,Zr",0,0.000000000000,0,0.000000000000,109,0.872000000000,16,0.128000000000
1430,Y109Zr16,125,2,"Y,Zr",0,0.000000000000,0,0.000000000000,109,0.872000000000,16,0.128000000000
1431,Y109Zr16,125,2,"Y,Zr",0,0.000000000000,0,0.000000000000,109,0.872000000000,16,0.128000000000
1432,Y99Zr15,114,2,"Y,Zr",0,0.000000000000,0,0.000000000000,99,0.868421052632,15,0.131578947368
1433,Y109Zr16,125,2,"Y,Zr",0,0.000000000000,0,0.000000000000,109,0.872000000000,16,0.128000000000
1434,Y104Zr14,118,2,"Y,Zr",0,0.000000000000,0,0.000000000000,104,0.881355932203,14,0.118644067797
1435,Y109Zr16,125,2,"Y,Zr",0,0.000000000000,0,0.000000000000,109,0.872000000000,16,0.128000000000
1436,Y94Zr31,125,2,"Y,Zr",0,0.000000000000,0,0.000000000000,94,0.752000000000,31,0.248000000000
1437,Y94Zr31,125,2,"Y,Zr",0,0.000000000000,0,0.000000000000,94,0.752000000000,31,0.248000000000
1438,Y94Zr31,125,2,"Y,Zr",0,0.000000000000,0,0.000000000000,94,0.752000000000,31,0.248000000000
1439,Y94Zr31,125,2,"Y,Zr",0,0.000000000000,0,0.000000000000,94,0.752000000000,31,0.248000000000
1440,Y94Zr31,125,2,"Y,Zr",0,0.000000000000,0,0.000000000000,94,0.752000000000,31,0.248000000000
1441,Y86Zr31,117,2,"Y,Zr",0,0.000000000000,0,0.000000000000,86,0.735042735043,31,0.264957264957
1442,CrY94Zr31,126,3,"Cr,Y,Zr",1,0.007936507937,0,0.000000000000,94,0.746031746032,31,0.246031746032
1443,Y109Zr16,125,2,"Y,Zr",0,0.000000000000,0,0.000000000000,109,0.872000000000,16,0.128000000000
1444,CrY109Zr16,126,3,"Cr,Y,Zr",1,0.007936507937,0,0.000000000000,109,0.865079365079,16,0.126984126984
1445,Y87Zr27,114,2,"Y,Zr",0,0.000000000000,0,0.000000000000,87,0.763157894737,27,0.236842105263
1446,Y94Zr31,125,2,"Y,Zr",0,0.000000000000,0,0.000000000000,94,0.752000000000,31,0.248000000000
1447,Y94Zr31,125,2,"Y,Zr",0,0.000000000000,0,0.000000000000,94,0.752000000000,31,0.248000000000
1448,Y94Zr31,125,2,"Y,Zr",0,0.000000000000,0,0.000000000000,94,0.752000000000,31,0.248000000000
1449,Y94Zr31,125,2,"Y,Zr",0,0.000000000000,0,0.000000000000,94,0.752000000000,31,0.248000000000
1450,Y95Zr31,126,2,"Y,Zr",0,0.000000000000,0,0.000000000000,95,0.753968253968,31,0.246031746032
1451,W170Zr101,271,2,"W,Zr",0,0.000000000000,170,0.627306273063,0,0.000000000000,101,0.372693726937
1452,Y90Zr24,114,2,"Y,Zr",0,0.000000000000,0,0.000000000000,90,0.789473684211,24,0.210526315789
1453,Y94Zr31,125,2,"Y,Zr",0,0.000000000000,0,0.000000000000,94,0.752000000000,31,0.248000000000
1454,Y94Zr31,125,2,"Y,Zr",0,0.000000000000,0,0.000000000000,94,0.752000000000,31,0.248000000000
1455,Y78Zr47,125,2,"Y,Zr",0,0.000000000000,0,0.000000000000,78,0.624000000000,47,0.376000000000
1456,Y78Zr47,125,2,"Y,Zr",0,0.000000000000,0,0.000000000000,78,0.624000000000,47,0.376000000000
1457,Y73Zr40,113,2,"Y,Zr",0,0.000000000000,0,0.000000000000,73,0.646017699115,40,0.353982300885
1458,Y78Zr47,125,2,"Y,Zr",0,0.000000000000,0,0.000000000000,78,0.624000000000,47,0.376000000000
1459,Y78Zr47,125,2,"Y,Zr",0,0.000000000000,0,0.000000000000,78,0.624000000000,47,0.376000000000
1460,WY78Zr47,126,3,"W,Y,Zr",0,0.000000000000,1,0.007936507937,78,0.619047619048,47,0.373015873016
1461,W172Zr102,274,2,"W,Zr",0,0.000000000000,172,0.627737226277,0,0.000000000000,102,0.372262773723
1462,Y78Zr47,125,2,"Y,Zr",0,0.000000000000,0,0.000000000000,78,0.624000000000,47,0.376000000000
1463,Y78Zr47,125,2,"Y,Zr",0,0.000000000000,0,0.000000000000,78,0.624000000000,47,0.376000000000
1464,Y78Zr47,125,2,"Y,Zr",0,0.000000000000,0,0.000000000000,78,0.624000000000,47,0.376000000000
1465,Y74Zr44,118,2,"Y,Zr",0,0.000000000000,0,0.000000000000,74,0.627118644068,44,0.372881355932
1466,Y79Zr49,128,2,"Y,Zr",0,0.000000000000,0,0.000000000000,79,0.617187500000,49,0.382812500000
1467,Y79Zr47,126,2,"Y,Zr",0,0.000000000000,0,0.000000000000,79,0.626984126984,47,0.373015873016
1468,W169Zr106,275,2,"W,Zr",0,0.000000000000,169,0.614545454545,0,0.000000000000,106,0.385454545455
1469,Y78Zr47,125,2,"Y,Zr",0,0.000000000000,0,0.000000000000,78,0.624000000000,47,0.376000000000
1470,Y71Zr44,115,2,"Y,Zr",0,0.000000000000,0,0.000000000000,71,0.617391304348,44,0.382608695652
1471,WY78Zr47,126,3,"W,Y,Zr",0,0.000000000000,1,0.007936507937,78,0.619047619048,47,0.373015873016
1472,Y78Zr47,125,2,"Y,Zr",0,0.000000000000,0,0.000000000000,78,0.624000000000,47,0.376000000000
1473,Y78Zr47,125,2,"Y,Zr",0,0.000000000000,0,0.000000000000,78,0.624000000000,47,0.376000000000
1474,Y78Zr47,125,2,"Y,Zr",0,0.000000000000,0,0.000000000000,78,0.624000000000,47,0.376000000000
1475,Y78Zr47,125,2,"Y,Zr",0,0.000000000000,0,0.000000000000,78,0.624000000000,47,0.376000000000
1476,Y78Zr47,125,2,"Y,Zr",0,0.000000000000,0,0.000000000000,78,0.624000000000,47,0.376000000000
1477,Y63Zr62,125,2,"Y,Zr",0,0.000000000000,0,0.000000000000,63,0.504000000000,62,0.496000000000
1478,Y63Zr62,125,2,"Y,Zr",0,0.000000000000,0,0.000000000000,63,0.504000000000,62,0.496000000000
1479,Y63Zr62,125,2,"Y,Zr",0,0.000000000000,0,0.000000000000,63,0.504000000000,62,0.496000000000
1480,Y59Zr59,118,2,"Y,Zr",0,0.000000000000,0,0.000000000000,59,0.500000000000,59,0.500000000000
1481,Y63Zr62,125,2,"Y,Zr",0,0.000000000000,0,0.000000000000,63,0.504000000000,62,0.496000000000
1482,Y63Zr62,125,2,"Y,Zr",0,0.000000000000,0,0.000000000000,63,0.504000000000,62,0.496000000000
1483,Y58Zr55,113,2,"Y,Zr",0,0.000000000000,0,0.000000000000,58,0.513274336283,55,0.486725663717
1484,Y63Zr62,125,2,"Y,Zr",0,0.000000000000,0,0.000000000000,63,0.504000000000,62,0.496000000000
1485,Y63Zr62,125,2,"Y,Zr",0,0.000000000000,0,0.000000000000,63,0.504000000000,62,0.496000000000
1486,Y63Zr62,125,2,"Y,Zr",0,0.000000000000,0,0.000000000000,63,0.504000000000,62,0.496000000000
1487,Y63Zr62,125,2,"Y,Zr",0,0.000000000000,0,0.000000000000,63,0.504000000000,62,0.496000000000
1488,Y62Zr63,125,2,"Y,Zr",0,0.000000000000,0,0.000000000000,62,0.496000000000,63,0.504000000000
1489,Y57Zr57,114,2,"Y,Zr",0,0.000000000000,0,0.000000000000,57,0.500000000000,57,0.500000000000
1490,Y62Zr63,125,2,"Y,Zr",0,0.000000000000,0,0.000000000000,62,0.496000000000,63,0.504000000000
1491,Y62Zr63,125,2,"Y,Zr",0,0.000000000000,0,0.000000000000,62,0.496000000000,63,0.504000000000
1492,Y62Zr63,125,2,"Y,Zr",0,0.000000000000,0,0.000000000000,62,0.496000000000,63,0.504000000000
1493,Y62Zr63,125,2,"Y,Zr",0,0.000000000000,0,0.000000000000,62,0.496000000000,63,0.504000000000
1494,Y62Zr63,125,2,"Y,Zr",0,0.000000000000,0,0.000000000000,62,0.496000000000,63,0.504000000000
1495,Y62Zr64,126,2,"Y,Zr",0,0.000000000000,0,0.000000000000,62,0.492063492063,64,0.507936507937
1496,Y47Zr78,125,2,"Y,Zr",0,0.000000000000,0,0.000000000000,47,0.376000000000,78,0.624000000000
1497,CrY47Zr78,126,3,"Cr,Y,Zr",1,0.007936507937,0,0.000000000000,47,0.373015873016,78,0.619047619048
1498,Y47Zr78,125,2,"Y,Zr",0,0.000000000000,0,0.000000000000,47,0.376000000000,78,0.624000000000
1499,Y47Zr78,125,2,"Y,Zr",0,0.000000000000,0,0.000000000000,47,0.376000000000,78,0.624000000000
1500,Y41Zr72,113,2,"Y,Zr",0,0.000000000000,0,0.000000000000,41,0.362831858407,72,0.637168141593
1501,Y48Zr78,126,2,"Y,Zr",0,0.000000000000,0,0.000000000000,48,0.380952380952,78,0.619047619048
1502,Y47Zr78,125,2,"Y,Zr",0,0.000000000000,0,0.000000000000,47,0.376000000000,78,0.624000000000
1503,Y47Zr78,125,2,"Y,Zr",0,0.000000000000,0,0.000000000000,47,0.376000000000,78,0.624000000000
1504,Y47Zr78,125,2,"Y,Zr",0,0.000000000000,0,0.000000000000,47,0.376000000000,78,0.624000000000
1505,Y47Zr78,125,2,"Y,Zr",0,0.000000000000,0,0.000000000000,47,0.376000000000,78,0.624000000000
1506,Y46Zr69,115,2,"Y,Zr",0,0.000000000000,0,0.000000000000,46,0.400000000000,69,0.600000000000
1507,W2Y47Zr80,129,3,"W,Y,Zr",0,0.000000000000,2,0.015503875969,47,0.364341085271,80,0.620155038760
1508,Y47Zr78,125,2,"Y,Zr",0,0.000000000000,0,0.000000000000,47,0.376000000000,78,0.624000000000
1509,Y47Zr78,125,2,"Y,Zr",0,0.000000000000,0,0.000000000000,47,0.376000000000,78,0.624000000000
1510,Y47Zr78,125,2,"Y,Zr",0,0.000000000000,0,0.000000000000,47,0.376000000000,78,0.624000000000
1511,Y47Zr78,125,2,"Y,Zr",0,0.000000000000,0,0.000000000000,47,0.376000000000,78,0.624000000000
1512,Y47Zr78,125,2,"Y,Zr",0,0.000000000000,0,0.000000000000,47,0.376000000000,78,0.624000000000
1513,WY47Zr79,127,3,"W,Y,Zr",0,0.000000000000,1,0.007874015748,47,0.370078740157,79,0.622047244094
1514,CrY47Zr78,126,3,"Cr,Y,Zr",1,0.007936507937,0,0.000000000000,47,0.373015873016,78,0.619047619048
1515,Y31Zr94,125,2,"Y,Zr",0,0.000000000000,0,0.000000000000,31,0.248000000000,94,0.752000000000
1516,Y32Zr94,126,2,"Y,Zr",0,0.000000000000,0,0.000000000000,32,0.253968253968,94,0.746031746032
1517,Y16Zr109,125,2,"Y,Zr",0,0.000000000000,0,0.000000000000,16,0.128000000000,109,0.872000000000
1518,Y31Zr94,125,2,"Y,Zr",0,0.000000000000,0,0.000000000000,31,0.248000000000,94,0.752000000000
1519,Y31Zr94,125,2,"Y,Zr",0,0.000000000000,0,0.000000000000,31,0.248000000000,94,0.752000000000
1520,Y29Zr88,117,2,"Y,Zr",0,0.000000000000,0,0.000000000000,29,0.247863247863,88,0.752136752137
1521,CrY31Zr94,126,3,"Cr,Y,Zr",1,0.007936507937,0,0.000000000000,31,0.246031746032,94,0.746031746032
1522,Y31Zr94,125,2,"Y,Zr",0,0.000000000000,0,0.000000000000,31,0.248000000000,94,0.752000000000
1523,Y31Zr94,125,2,"Y,Zr",0,0.000000000000,0,0.000000000000,31,0.248000000000,94,0.752000000000
1524,Y31Zr94,125,2,"Y,Zr",0,0.000000000000,0,0.000000000000,31,0.248000000000,94,0.752000000000
1525,Y31Zr94,125,2,"Y,Zr",0,0.000000000000,0,0.000000000000,31,0.248000000000,94,0.752000000000
1526,Y31Zr94,125,2,"Y,Zr",0,0.000000000000,0,0.000000000000,31,0.248000000000,94,0.752000000000
1527,Y31Zr94,125,2,"Y,Zr",0,0.000000000000,0,0.000000000000,31,0.248000000000,94,0.752000000000
1528,Y31Zr94,125,2,"Y,Zr",0,0.000000000000,0,0.000000000000,31,0.248000000000,94,0.752000000000
1529,Y31Zr94,125,2,"Y,Zr",0,0.000000000000,0,0.000000000000,31,0.248000000000,94,0.752000000000
1530,Y30Zr83,113,2,"Y,Zr",0,0.000000000000,0,0.000000000000,30,0.265486725664,83,0.734513274336
1531,Y31Zr94,125,2,"Y,Zr",0,0.000000000000,0,0.000000000000,31,0.248000000000,94,0.752000000000
1532,Y31Zr88,119,2,"Y,Zr",0,0.000000000000,0,0.000000000000,31,0.260504201681,88,0.739495798319
1533,CrY32Zr95,128,3,"Cr,Y,Zr",1,0.007812500000,0,0.000000000000,32,0.250000000000,95,0.742187500000
1534,Y31Zr94,125,2,"Y,Zr",0,0.000000000000,0,0.000000000000,31,0.248000000000,94,0.752000000000
1535,Y31Zr94,125,2,"Y,Zr",0,0.000000000000,0,0.000000000000,31,0.248000000000,94,0.752000000000
1536,CrY31Zr94,126,3,"Cr,Y,Zr",1,0.007936507937,0,0.000000000000,31,0.246031746032,94,0.746031746032
1537,Y16Zr109,125,2,"Y,Zr",0,0.000000000000,0,0.000000000000,16,0.128000000000,109,0.872000000000
1538,Y17Zr109,126,2,"Y,Zr",0,0.000000000000,0,0.000000000000,17,0.134920634921,109,0.865079365079
1539,Cr94W16Y15,125,3,"Cr,W,Y",94,0.752000000000,16,0.128000000000,15,0.120000000000,0,0.000000000000
1540,Cr82W16Y15,113,3,"Cr,W,Y",82,0.725663716814,16,0.141592920354,15,0.132743362832,0,0.000000000000
1541,Cr94W16Y15Zr,126,4,"Cr,W,Y,Zr",94,0.746031746032,16,0.126984126984,15,0.119047619048,1,0.007936507937
1542,Y16Zr109,125,2,"Y,Zr",0,0.000000000000,0,0.000000000000,16,0.128000000000,109,0.872000000000
1543,Y16Zr109,125,2,"Y,Zr",0,0.000000000000,0,0.000000000000,16,0.128000000000,109,0.872000000000
1544,Y16Zr109,125,2,"Y,Zr",0,0.000000000000,0,0.000000000000,16,0.128000000000,109,0.872000000000
1545,Y16Zr109,125,2,"Y,Zr",0,0.000000000000,0,0.000000000000,16,0.128000000000,109,0.872000000000
1546,Y16Zr109,125,2,"Y,Zr",0,0.000000000000,0,0.000000000000,16,0.128000000000,109,0.872000000000
1547,W2Y16Zr109,127,3,"W,Y,Zr",0,0.000000000000,2,0.015748031496,16,0.125984251969,109,0.858267716535
1548,Y16Zr109,125,2,"Y,Zr",0,0.000000000000,0,0.000000000000,16,0.128000000000,109,0.872000000000
1549,Y16Zr109,125,2,"Y,Zr",0,0.000000000000,0,0.000000000000,16,0.128000000000,109,0.872000000000
1550,CrY16Zr111,128,3,"Cr,Y,Zr",1,0.007812500000,0,0.000000000000,16,0.125000000000,111,0.867187500000
1551,Y16Zr109,125,2,"Y,Zr",0,0.000000000000,0,0.000000000000,16,0.128000000000,109,0.872000000000
1552,Y15Zr99,114,2,"Y,Zr",0,0.000000000000,0,0.000000000000,15,0.131578947368,99,0.868421052632
1553,Y16Zr109,125,2,"Y,Zr",0,0.000000000000,0,0.000000000000,16,0.128000000000,109,0.872000000000
1554,Cr94W16Y15,125,3,"Cr,W,Y",94,0.752000000000,16,0.128000000000,15,0.120000000000,0,0.000000000000
1555,Cr94W16Y15,125,3,"Cr,W,Y",94,0.752000000000,16,0.128000000000,15,0.120000000000,0,0.000000000000
1556,Cr94W16Y15,125,3,"Cr,W,Y",94,0.752000000000,16,0.128000000000,15,0.120000000000,0,0.000000000000
1557,Cr94W16Y15,125,3,"Cr,W,Y",94,0.752000000000,16,0.128000000000,15,0.120000000000,0,0.000000000000
1558,Cr94W16Y15,125,3,"Cr,W,Y",94,0.752000000000,16,0.128000000000,15,0.120000000000,0,0.000000000000
1559,Cr94W16Y15,125,3,"Cr,W,Y",94,0.752000000000,16,0.128000000000,15,0.120000000000,0,0.000000000000
1560,Cr94W17Y15Zr2,128,4,"Cr,W,Y,Zr",94,0.734375000000,17,0.132812500000,15,0.117187500000,2,0.015625000000
1561,Cr94W16Y15,125,3,"Cr,W,Y",94,0.752000000000,16,0.128000000000,15,0.120000000000,0,0.000000000000
1562,Cr94W16Y15,125,3,"Cr,W,Y",94,0.752000000000,16,0.128000000000,15,0.120000000000,0,0.000000000000
1563,Cr86W16Y13,115,3,"Cr,W,Y",86,0.747826086957,16,0.139130434783,13,0.113043478261,0,0.000000000000
1564,Cr94W16Y15Zr,126,4,"Cr,W,Y,Zr",94,0.746031746032,16,0.126984126984,15,0.119047619048,1,0.007936507937
1565,Cr94W16Y15,125,3,"Cr,W,Y",94,0.752000000000,16,0.128000000000,15,0.120000000000,0,0.000000000000
1566,Cr94W16Y15,125,3,"Cr,W,Y",94,0.752000000000,16,0.128000000000,15,0.120000000000,0,0.000000000000
1567,Cr94W16Y15,125,3,"Cr,W,Y",94,0.752000000000,16,0.128000000000,15,0.120000000000,0,0.000000000000
1568,Cr94W16Y15,125,3,"Cr,W,Y",94,0.752000000000,16,0.128000000000,15,0.120000000000,0,0.000000000000
1569,Cr94W16Y15,125,3,"Cr,W,Y",94,0.752000000000,16,0.128000000000,15,0.120000000000,0,0.000000000000
1570,Cr78W16Y31,125,3,"Cr,W,Y",78,0.624000000000,16,0.128000000000,31,0.248000000000,0,0.000000000000
1571,Cr78W16Y31,125,3,"Cr,W,Y",78,0.624000000000,16,0.128000000000,31,0.248000000000,0,0.000000000000
1572,Cr78W16Y31,125,3,"Cr,W,Y",78,0.624000000000,16,0.128000000000,31,0.248000000000,0,0.000000000000
1573,Cr78W16Y31,125,3,"Cr,W,Y",78,0.624000000000,16,0.128000000000,31,0.248000000000,0,0.000000000000
1574,Cr67W15Y31,113,3,"Cr,W,Y",67,0.592920353982,15,0.132743362832,31,0.274336283186,0,0.000000000000
1575,Cr78W16Y31,125,3,"Cr,W,Y",78,0.624000000000,16,0.128000000000,31,0.248000000000,0,0.000000000000
1576,Cr78W16Y31,125,3,"Cr,W,Y",78,0.624000000000,16,0.128000000000,31,0.248000000000,0,0.000000000000
1577,Cr78W16Y31,125,3,"Cr,W,Y",78,0.624000000000,16,0.128000000000,31,0.248000000000,0,0.000000000000
1578,Cr78W16Y31,125,3,"Cr,W,Y",78,0.624000000000,16,0.128000000000,31,0.248000000000,0,0.000000000000
1579,Cr78W16Y31,125,3,"Cr,W,Y",78,0.624000000000,16,0.128000000000,31,0.248000000000,0,0.000000000000
1580,Cr78W16Y31,125,3,"Cr,W,Y",78,0.624000000000,16,0.128000000000,31,0.248000000000,0,0.000000000000
1581,Cr78W16Y31,125,3,"Cr,W,Y",78,0.624000000000,16,0.128000000000,31,0.248000000000,0,0.000000000000
1582,Cr78W16Y31,125,3,"Cr,W,Y",78,0.624000000000,16,0.128000000000,31,0.248000000000,0,0.000000000000
1583,Cr73W11Y29,113,3,"Cr,W,Y",73,0.646017699115,11,0.097345132743,29,0.256637168142,0,0.000000000000
1584,Cr78W16Y31,125,3,"Cr,W,Y",78,0.624000000000,16,0.128000000000,31,0.248000000000,0,0.000000000000
1585,Cr68W16Y30,114,3,"Cr,W,Y",68,0.596491228070,16,0.140350877193,30,0.263157894737,0,0.000000000000
1586,Cr78W16Y31,125,3,"Cr,W,Y",78,0.624000000000,16,0.128000000000,31,0.248000000000,0,0.000000000000
1587,Cr62W16Y47,125,3,"Cr,W,Y",62,0.496000000000,16,0.128000000000,47,0.376000000000,0,0.000000000000
1588,Cr53W15Y45,113,3,"Cr,W,Y",53,0.469026548673,15,0.132743362832,45,0.398230088496,0,0.000000000000
1589,Cr62W16Y47,125,3,"Cr,W,Y",62,0.496000000000,16,0.128000000000,47,0.376000000000,0,0.000000000000
1590,Cr62W16Y47,125,3,"Cr,W,Y",62,0.496000000000,16,0.128000000000,47,0.376000000000,0,0.000000000000
1591,Cr78W16Y31,125,3,"Cr,W,Y",78,0.624000000000,16,0.128000000000,31,0.248000000000,0,0.000000000000
1592,Cr78W16Y31,125,3,"Cr,W,Y",78,0.624000000000,16,0.128000000000,31,0.248000000000,0,0.000000000000
1593,Cr78W16Y31,125,3,"Cr,W,Y",78,0.624000000000,16,0.128000000000,31,0.248000000000,0,0.000000000000
1594,Cr75W16Y27,118,3,"Cr,W,Y",75,0.635593220339,16,0.135593220339,27,0.228813559322,0,0.000000000000
1595,Cr78W16Y31,125,3,"Cr,W,Y",78,0.624000000000,16,0.128000000000,31,0.248000000000,0,0.000000000000
1596,Cr62W16Y47,125,3,"Cr,W,Y",62,0.496000000000,16,0.128000000000,47,0.376000000000,0,0.000000000000
1597,Cr62W16Y47,125,3,"Cr,W,Y",62,0.496000000000,16,0.128000000000,47,0.376000000000,0,0.000000000000
1598,Cr62W17Y47,126,3,"Cr,W,Y",62,0.492063492063,17,0.134920634921,47,0.373015873016,0,0.000000000000
1599,Cr62W16Y47,125,3,"Cr,W,Y",62,0.496000000000,16,0.128000000000,47,0.376000000000,0,0.000000000000
1600,Cr62W16Y47,125,3,"Cr,W,Y",62,0.496000000000,16,0.128000000000,47,0.376000000000,0,0.000000000000
1601,Cr62W16Y47,125,3,"Cr,W,Y",62,0.496000000000,16,0.128000000000,47,0.376000000000,0,0.000000000000
1602,Cr57W12Y44,113,3,"Cr,W,Y",57,0.504424778761,12,0.106194690265,44,0.389380530973,0,0.000000000000
1603,Cr62W16Y47,125,3,"Cr,W,Y",62,0.496000000000,16,0.128000000000,47,0.376000000000,0,0.000000000000
1604,Cr47W16Y62,125,3,"Cr,W,Y",47,0.376000000000,16,0.128000000000,62,0.496000000000,0,0.000000000000
1605,Cr47W16Y62,125,3,"Cr,W,Y",47,0.376000000000,16,0.128000000000,62,0.496000000000,0,0.000000000000
1606,Cr60W16Y40,116,3,"Cr,W,Y",60,0.517241379310,16,0.137931034483,40,0.344827586207,0,0.000000000000
1607,Cr62W16Y47,125,3,"Cr,W,Y",62,0.496000000000,16,0.128000000000,47,0.376000000000,0,0.000000000000
1608,Cr47W16Y62,125,3,"Cr,W,Y",47,0.376000000000,16,0.128000000000,62,0.496000000000,0,0.000000000000
1609,Cr47W17Y62,126,3,"Cr,W,Y",47,0.373015873016,17,0.134920634921,62,0.492063492063,0,0.000000000000
1610,Cr62W16Y47,125,3,"Cr,W,Y",62,0.496000000000,16,0.128000000000,47,0.376000000000,0,0.000000000000
1611,Cr62W16Y47,125,3,"Cr,W,Y",62,0.496000000000,16,0.128000000000,47,0.376000000000,0,0.000000000000
1612,Cr62W16Y47,125,3,"Cr,W,Y",62,0.496000000000,16,0.128000000000,47,0.376000000000,0,0.000000000000
1613,Cr53W16Y45,114,3,"Cr,W,Y",53,0.464912280702,16,0.140350877193,45,0.394736842105,0,0.000000000000
1614,Cr62W17Y48,127,3,"Cr,W,Y",62,0.488188976378,17,0.133858267717,48,0.377952755906,0,0.000000000000
1615,Cr62W16Y47,125,3,"Cr,W,Y",62,0.496000000000,16,0.128000000000,47,0.376000000000,0,0.000000000000
1616,Cr62W16Y47,125,3,"Cr,W,Y",62,0.496000000000,16,0.128000000000,47,0.376000000000,0,0.000000000000
1617,Cr62W16Y47,125,3,"Cr,W,Y",62,0.496000000000,16,0.128000000000,47,0.376000000000,0,0.000000000000
1618,Cr62W16Y47,125,3,"Cr,W,Y",62,0.496000000000,16,0.128000000000,47,0.376000000000,0,0.000000000000
1619,Cr47W16Y62,125,3,"Cr,W,Y",47,0.376000000000,16,0.128000000000,62,0.496000000000,0,0.000000000000
1620,Cr44W15Y55,114,3,"Cr,W,Y",44,0.385964912281,15,0.131578947368,55,0.482456140351,0,0.000000000000
1621,Cr47W16Y63,126,3,"Cr,W,Y",47,0.373015873016,16,0.126984126984,63,0.500000000000,0,0.000000000000
1622,Cr47W16Y62,125,3,"Cr,W,Y",47,0.376000000000,16,0.128000000000,62,0.496000000000,0,0.000000000000
1623,Cr47W16Y62,125,3,"Cr,W,Y",47,0.376000000000,16,0.128000000000,62,0.496000000000,0,0.000000000000
1624,Cr47W16Y62,125,3,"Cr,W,Y",47,0.376000000000,16,0.128000000000,62,0.496000000000,0,0.000000000000
1625,Cr47W16Y62,125,3,"Cr,W,Y",47,0.376000000000,16,0.128000000000,62,0.496000000000,0,0.000000000000
1626,Cr41W14Y60,115,3,"Cr,W,Y",41,0.356521739130,14,0.121739130435,60,0.521739130435,0,0.000000000000
1627,Cr47W16Y62,125,3,"Cr,W,Y",47,0.376000000000,16,0.128000000000,62,0.496000000000,0,0.000000000000
1628,Cr47W16Y62,125,3,"Cr,W,Y",47,0.376000000000,16,0.128000000000,62,0.496000000000,0,0.000000000000
1629,Cr47W16Y62,125,3,"Cr,W,Y",47,0.376000000000,16,0.128000000000,62,0.496000000000,0,0.000000000000
1630,Cr47W16Y62,125,3,"Cr,W,Y",47,0.376000000000,16,0.128000000000,62,0.496000000000,0,0.000000000000
1631,Cr47W18Y62,127,3,"Cr,W,Y",47,0.370078740157,18,0.141732283465,62,0.488188976378,0,0.000000000000
1632,Cr31W16Y78,125,3,"Cr,W,Y",31,0.248000000000,16,0.128000000000,78,0.624000000000,0,0.000000000000
1633,Cr31W16Y78,125,3,"Cr,W,Y",31,0.248000000000,16,0.128000000000,78,0.624000000000,0,0.000000000000
1634,Cr31W16Y78,125,3,"Cr,W,Y",31,0.248000000000,16,0.128000000000,78,0.624000000000,0,0.000000000000
1635,Cr47W16Y62,125,3,"Cr,W,Y",47,0.376000000000,16,0.128000000000,62,0.496000000000,0,0.000000000000
1636,Cr44W16Y55,115,3,"Cr,W,Y",44,0.382608695652,16,0.139130434783,55,0.478260869565,0,0.000000000000
1637,Cr47W16Y64,127,3,"Cr,W,Y",47,0.370078740157,16,0.125984251969,64,0.503937007874,0,0.000000000000
1638,Cr31W16Y78,125,3,"Cr,W,Y",31,0.248000000000,16,0.128000000000,78,0.624000000000,0,0.000000000000
1639,Cr30W16Y68,114,3,"Cr,W,Y",30,0.263157894737,16,0.140350877193,68,0.596491228070,0,0.000000000000
1640,Cr31W16Y78Zr,126,4,"Cr,W,Y,Zr",31,0.246031746032,16,0.126984126984,78,0.619047619048,1,0.007936507937
1641,Cr31W16Y79,126,3,"Cr,W,Y",31,0.246031746032,16,0.126984126984,79,0.626984126984,0,0.000000000000
1642,Cr31W16Y78Zr,126,4,"Cr,W,Y,Zr",31,0.246031746032,16,0.126984126984,78,0.619047619048,1,0.007936507937
1643,Cr31W16Y78,125,3,"Cr,W,Y",31,0.248000000000,16,0.128000000000,78,0.624000000000,0,0.000000000000
1644,Cr28W16Y70,114,3,"Cr,W,Y",28,0.245614035088,16,0.140350877193,70,0.614035087719,0,0.000000000000
1645,Cr31W16Y79,126,3,"Cr,W,Y",31,0.246031746032,16,0.126984126984,79,0.626984126984,0,0.000000000000
1646,Cr31W16Y78,125,3,"Cr,W,Y",31,0.248000000000,16,0.128000000000,78,0.624000000000,0,0.000000000000
1647,Cr31W16Y78,125,3,"Cr,W,Y",31,0.248000000000,16,0.128000000000,78,0.624000000000,0,0.000000000000
1648,Cr31W16Y78,125,3,"Cr,W,Y",31,0.248000000000,16,0.128000000000,78,0.624000000000,0,0.000000000000
1649,Cr31W16Y78,125,3,"Cr,W,Y",31,0.248000000000,16,0.128000000000,78,0.624000000000,0,0.000000000000
1650,Cr31W16Y78,125,3,"Cr,W,Y",31,0.248000000000,16,0.128000000000,78,0.624000000000,0,0.000000000000
1651,Cr31W16Y78,125,3,"Cr,W,Y",31,0.248000000000,16,0.128000000000,78,0.624000000000,0,0.000000000000
1652,Cr31W16Y78,125,3,"Cr,W,Y",31,0.248000000000,16,0.128000000000,78,0.624000000000,0,0.000000000000
1653,Cr31W17Y78,126,3,"Cr,W,Y",31,0.246031746032,17,0.134920634921,78,0.619047619048,0,0.000000000000
1654,Cr16W15Y94,125,3,"Cr,W,Y",16,0.128000000000,15,0.120000000000,94,0.752000000000,0,0.000000000000
1655,Cr16W15Y94,125,3,"Cr,W,Y",16,0.128000000000,15,0.120000000000,94,0.752000000000,0,0.000000000000
1656,Cr16W15Y94,125,3,"Cr,W,Y",16,0.128000000000,15,0.120000000000,94,0.752000000000,0,0.000000000000
1657,Cr16W15Y94,125,3,"Cr,W,Y",16,0.128000000000,15,0.120000000000,94,0.752000000000,0,0.000000000000
1658,Cr16W15Y94,125,3,"Cr,W,Y",16,0.128000000000,15,0.120000000000,94,0.752000000000,0,0.000000000000
1659,Cr16W15Y94,125,3,"Cr,W,Y",16,0.128000000000,15,0.120000000000,94,0.752000000000,0,0.000000000000
1660,Cr16W14Y86,116,3,"Cr,W,Y",16,0.137931034483,14,0.120689655172,86,0.741379310345,0,0.000000000000
1661,Cr16W15Y94,125,3,"Cr,W,Y",16,0.128000000000,15,0.120000000000,94,0.752000000000,0,0.000000000000
1662,Cr16W16Y93,125,3,"Cr,W,Y",16,0.128000000000,16,0.128000000000,93,0.744000000000,0,0.000000000000
1663,Cr16W16Y93,125,3,"Cr,W,Y",16,0.128000000000,16,0.128000000000,93,0.744000000000,0,0.000000000000
1664,Cr16W16Y93,125,3,"Cr,W,Y",16,0.128000000000,16,0.128000000000,93,0.744000000000,0,0.000000000000
1665,Cr15W15Y84,114,3,"Cr,W,Y",15,0.131578947368,15,0.131578947368,84,0.736842105263,0,0.000000000000
1666,Cr16W16Y93Zr,126,4,"Cr,W,Y,Zr",16,0.126984126984,16,0.126984126984,93,0.738095238095,1,0.007936507937
1667,Cr15W13Y85,113,3,"Cr,W,Y",15,0.132743362832,13,0.115044247788,85,0.752212389381,0,0.000000000000
1668,Cr16W16Y93,125,3,"Cr,W,Y",16,0.128000000000,16,0.128000000000,93,0.744000000000,0,0.000000000000
1669,Cr16W16Y93,125,3,"Cr,W,Y",16,0.128000000000,16,0.128000000000,93,0.744000000000,0,0.000000000000
1670,Cr16W16Y93,125,3,"Cr,W,Y",16,0.128000000000,16,0.128000000000,93,0.744000000000,0,0.000000000000
1671,Cr78W31Y16,125,3,"Cr,W,Y",78,0.624000000000,31,0.248000000000,16,0.128000000000,0,0.000000000000
1672,Cr78W31Y16,125,3,"Cr,W,Y",78,0.624000000000,31,0.248000000000,16,0.128000000000,0,0.000000000000
1673,Cr78W31Y16,125,3,"Cr,W,Y",78,0.624000000000,31,0.248000000000,16,0.128000000000,0,0.000000000000
1674,Cr78W32Y16Zr,127,4,"Cr,W,Y,Zr",78,0.614173228346,32,0.251968503937,16,0.125984251969,1,0.007874015748
1675,Cr78W31Y16,125,3,"Cr,W,Y",78,0.624000000000,31,0.248000000000,16,0.128000000000,0,0.000000000000
1676,Cr78W31Y16,125,3,"Cr,W,Y",78,0.624000000000,31,0.248000000000,16,0.128000000000,0,0.000000000000
1677,Cr78W31Y16,125,3,"Cr,W,Y",78,0.624000000000,31,0.248000000000,16,0.128000000000,0,0.000000000000
1678,Cr78W31Y16,125,3,"Cr,W,Y",78,0.624000000000,31,0.248000000000,16,0.128000000000,0,0.000000000000
1679,Cr78W31Y16,125,3,"Cr,W,Y",78,0.624000000000,31,0.248000000000,16,0.128000000000,0,0.000000000000
1680,Cr74W24Y16,114,3,"Cr,W,Y",74,0.649122807018,24,0.210526315789,16,0.140350877193,0,0.000000000000
1681,Cr78W31Y16,125,3,"Cr,W,Y",78,0.624000000000,31,0.248000000000,16,0.128000000000,0,0.000000000000
1682,Cr78W31Y16,125,3,"Cr,W,Y",78,0.624000000000,31,0.248000000000,16,0.128000000000,0,0.000000000000
1683,Cr78W31Y16,125,3,"Cr,W,Y",78,0.624000000000,31,0.248000000000,16,0.128000000000,0,0.000000000000
1684,Cr78W31Y16,125,3,"Cr,W,Y",78,0.624000000000,31,0.248000000000,16,0.128000000000,0,0.000000000000
1685,Cr69W28Y16,113,3,"Cr,W,Y",69,0.610619469027,28,0.247787610619,16,0.141592920354,0,0.000000000000
1686,Cr78W31Y16,125,3,"Cr,W,Y",78,0.624000000000,31,0.248000000000,16,0.128000000000,0,0.000000000000
1687,Cr79W31Y16,126,3,"Cr,W,Y",79,0.626984126984,31,0.246031746032,16,0.126984126984,0,0.000000000000
1688,Cr58W30Y27,115,3,"Cr,W,Y",58,0.504347826087,30,0.260869565217,27,0.234782608696,0,0.000000000000
1689,Cr63W31Y31,125,3,"Cr,W,Y",63,0.504000000000,31,0.248000000000,31,0.248000000000,0,0.000000000000
1690,Cr78W31Y16,125,3,"Cr,W,Y",78,0.624000000000,31,0.248000000000,16,0.128000000000,0,0.000000000000
1691,Cr70W29Y14,113,3,"Cr,W,Y",70,0.619469026549,29,0.256637168142,14,0.123893805310,0,0.000000000000
1692,Cr78W31Y16,125,3,"Cr,W,Y",78,0.624000000000,31,0.248000000000,16,0.128000000000,0,0.000000000000
1693,Cr63W31Y31,125,3,"Cr,W,Y",63,0.504000000000,31,0.248000000000,31,0.248000000000,0,0.000000000000
1694,Cr63W31Y31,125,3,"Cr,W,Y",63,0.504000000000,31,0.248000000000,31,0.248000000000,0,0.000000000000
1695,Cr63W31Y31,125,3,"Cr,W,Y",63,0.504000000000,31,0.248000000000,31,0.248000000000,0,0.000000000000
1696,Cr62W31Y32,125,3,"Cr,W,Y",62,0.496000000000,31,0.248000000000,32,0.256000000000,0,0.000000000000
1697,Cr62W31Y32,125,3,"Cr,W,Y",62,0.496000000000,31,0.248000000000,32,0.256000000000,0,0.000000000000
1698,Cr62W31Y32,125,3,"Cr,W,Y",62,0.496000000000,31,0.248000000000,32,0.256000000000,0,0.000000000000
1699,Cr63W31Y32,126,3,"Cr,W,Y",63,0.500000000000,31,0.246031746032,32,0.253968253968,0,0.000000000000
1700,Cr55W29Y29,113,3,"Cr,W,Y",55,0.486725663717,29,0.256637168142,29,0.256637168142,0,0.000000000000
1701,Cr62W31Y32,125,3,"Cr,W,Y",62,0.496000000000,31,0.248000000000,32,0.256000000000,0,0.000000000000
1702,Cr63W31Y31,125,3,"Cr,W,Y",63,0.504000000000,31,0.248000000000,31,0.248000000000,0,0.000000000000
1703,Cr64W31Y31,126,3,"Cr,W,Y",64,0.507936507937,31,0.246031746032,31,0.246031746032,0,0.000000000000
1704,Cr63W31Y31,125,3,"Cr,W,Y",63,0.504000000000,31,0.248000000000,31,0.248000000000,0,0.000000000000
1705,Cr63W31Y31,125,3,"Cr,W,Y",63,0.504000000000,31,0.248000000000,31,0.248000000000,0,0.000000000000
1706,Cr47W31Y47,125,3,"Cr,W,Y",47,0.376000000000,31,0.248000000000,47,0.376000000000,0,0.000000000000
1707,Cr62W31Y32,125,3,"Cr,W,Y",62,0.496000000000,31,0.248000000000,32,0.256000000000,0,0.000000000000
1708,Cr62W31Y32Zr,126,4,"Cr,W,Y,Zr",62,0.492063492063,31,0.246031746032,32,0.253968253968,1,0.007936507937
1709,Cr47W31Y47,125,3,"Cr,W,Y",47,0.376000000000,31,0.248000000000,47,0.376000000000,0,0.000000000000
1710,Cr48W31Y47,126,3,"Cr,W,Y",48,0.380952380952,31,0.246031746032,47,0.373015873016,0,0.000000000000
1711,Cr47W31Y47,125,3,"Cr,W,Y",47,0.376000000000,31,0.248000000000,47,0.376000000000,0,0.000000000000
1712,Cr47W31Y47,125,3,"Cr,W,Y",47,0.376000000000,31,0.248000000000,47,0.376000000000,0,0.000000000000
1713,Cr47W31Y47Zr,126,4,"Cr,W,Y,Zr",47,0.373015873016,31,0.246031746032,47,0.373015873016,1,0.007936507937
1714,Cr47W31Y47,125,3,"Cr,W,Y",47,0.376000000000,31,0.248000000000,47,0.376000000000,0,0.000000000000
1715,Cr47W31Y47,125,3,"Cr,W,Y",47,0.376000000000,31,0.248000000000,47,0.376000000000,0,0.000000000000
1716,Cr47W31Y47,125,3,"Cr,W,Y",47,0.376000000000,31,0.248000000000,47,0.376000000000,0,0.000000000000
1717,Cr47W31Y47,125,3,"Cr,W,Y",47,0.376000000000,31,0.248000000000,47,0.376000000000,0,0.000000000000
1718,Cr44W31Y39,114,3,"Cr,W,Y",44,0.385964912281,31,0.271929824561,39,0.342105263158,0,0.000000000000
1719,Cr49W31Y47,127,3,"Cr,W,Y",49,0.385826771654,31,0.244094488189,47,0.370078740157,0,0.000000000000
1720,Cr47W31Y47,125,3,"Cr,W,Y",47,0.376000000000,31,0.248000000000,47,0.376000000000,0,0.000000000000
1721,Cr40W30Y44,114,3,"Cr,W,Y",40,0.350877192982,30,0.263157894737,44,0.385964912281,0,0.000000000000
1722,Cr47W33Y47,127,3,"Cr,W,Y",47,0.370078740157,33,0.259842519685,47,0.370078740157,0,0.000000000000
1723,Cr47W31Y47,125,3,"Cr,W,Y",47,0.376000000000,31,0.248000000000,47,0.376000000000,0,0.000000000000
1724,Cr47W31Y47,125,3,"Cr,W,Y",47,0.376000000000,31,0.248000000000,47,0.376000000000,0,0.000000000000
1725,Cr47W31Y47,125,3,"Cr,W,Y",47,0.376000000000,31,0.248000000000,47,0.376000000000,0,0.000000000000
1726,Cr47W31Y47,125,3,"Cr,W,Y",47,0.376000000000,31,0.248000000000,47,0.376000000000,0,0.000000000000
1727,Cr31W31Y63,125,3,"Cr,W,Y",31,0.248000000000,31,0.248000000000,63,0.504000000000,0,0.000000000000
1728,Cr31W31Y63,125,3,"Cr,W,Y",31,0.248000000000,31,0.248000000000,63,0.504000000000,0,0.000000000000
1729,Cr29W31Y55,115,3,"Cr,W,Y",29,0.252173913043,31,0.269565217391,55,0.478260869565,0,0.000000000000
1730,Cr31W31Y63,125,3,"Cr,W,Y",31,0.248000000000,31,0.248000000000,63,0.504000000000,0,0.000000000000
1731,Cr31W31Y63,125,3,"Cr,W,Y",31,0.248000000000,31,0.248000000000,63,0.504000000000,0,0.000000000000
1732,Cr31W31Y63,125,3,"Cr,W,Y",31,0.248000000000,31,0.248000000000,63,0.504000000000,0,0.000000000000
1733,Cr31W31Y63,125,3,"Cr,W,Y",31,0.248000000000,31,0.248000000000,63,0.504000000000,0,0.000000000000
1734,Cr31W31Y63Zr,126,4,"Cr,W,Y,Zr",31,0.246031746032,31,0.246031746032,63,0.500000000000,1,0.007936507937
1735,Cr31W31Y63Zr,126,4,"Cr,W,Y,Zr",31,0.246031746032,31,0.246031746032,63,0.500000000000,1,0.007936507937
1736,Cr16W31Y78,125,3,"Cr,W,Y",16,0.128000000000,31,0.248000000000,78,0.624000000000,0,0.000000000000
1737,Cr16W31Y78,125,3,"Cr,W,Y",16,0.128000000000,31,0.248000000000,78,0.624000000000,0,0.000000000000
1738,Cr26W30Y57,113,3,"Cr,W,Y",26,0.230088495575,30,0.265486725664,57,0.504424778761,0,0.000000000000
1739,Cr31W31Y63,125,3,"Cr,W,Y",31,0.248000000000,31,0.248000000000,63,0.504000000000,0,0.000000000000
1740,Cr16W31Y78,125,3,"Cr,W,Y",16,0.128000000000,31,0.248000000000,78,0.624000000000,0,0.000000000000
1741,Cr16W31Y78,125,3,"Cr,W,Y",16,0.128000000000,31,0.248000000000,78,0.624000000000,0,0.000000000000
1742,Cr16W32Y78,126,3,"Cr,W,Y",16,0.126984126984,32,0.253968253968,78,0.619047619048,0,0.000000000000
1743,Cr31W31Y63,125,3,"Cr,W,Y",31,0.248000000000,31,0.248000000000,63,0.504000000000,0,0.000000000000
1744,Cr31W31Y63,125,3,"Cr,W,Y",31,0.248000000000,31,0.248000000000,63,0.504000000000,0,0.000000000000
1745,Cr31W31Y64,126,3,"Cr,W,Y",31,0.246031746032,31,0.246031746032,64,0.507936507937,0,0.000000000000
1746,Cr31W31Y63,125,3,"Cr,W,Y",31,0.248000000000,31,0.248000000000,63,0.504000000000,0,0.000000000000
1747,Cr16W31Y78,125,3,"Cr,W,Y",16,0.128000000000,31,0.248000000000,78,0.624000000000,0,0.000000000000
1748,Cr13W29Y71,113,3,"Cr,W,Y",13,0.115044247788,29,0.256637168142,71,0.628318584071,0,0.000000000000
1749,Cr16W32Y78,126,3,"Cr,W,Y",16,0.126984126984,32,0.253968253968,78,0.619047619048,0,0.000000000000
1750,Cr16W31Y78,125,3,"Cr,W,Y",16,0.128000000000,31,0.248000000000,78,0.624000000000,0,0.000000000000
1751,Cr15W28Y73,116,3,"Cr,W,Y",15,0.129310344828,28,0.241379310345,73,0.629310344828,0,0.000000000000
1752,Cr16W29Y68,113,3,"Cr,W,Y",16,0.141592920354,29,0.256637168142,68,0.601769911504,0,0.000000000000
1753,Cr16W31Y80,127,3,"Cr,W,Y",16,0.125984251969,31,0.244094488189,80,0.629921259843,0,0.000000000000
1754,Cr16W31Y78,125,3,"Cr,W,Y",16,0.128000000000,31,0.248000000000,78,0.624000000000,0,0.000000000000
1755,Cr16W31Y78,125,3,"Cr,W,Y",16,0.128000000000,31,0.248000000000,78,0.624000000000,0,0.000000000000
1756,Cr16W31Y78,125,3,"Cr,W,Y",16,0.128000000000,31,0.248000000000,78,0.624000000000,0,0.000000000000
1757,Cr14W24Y76,114,3,"Cr,W,Y",14,0.122807017544,24,0.210526315789,76,0.666666666667,0,0.000000000000
1758,Cr16W31Y78,125,3,"Cr,W,Y",16,0.128000000000,31,0.248000000000,78,0.624000000000,0,0.000000000000
1759,Cr62W47Y16,125,3,"Cr,W,Y",62,0.496000000000,47,0.376000000000,16,0.128000000000,0,0.000000000000
1760,Cr63W47Y16,126,3,"Cr,W,Y",63,0.500000000000,47,0.373015873016,16,0.126984126984,0,0.000000000000
1761,Cr62W47Y16,125,3,"Cr,W,Y",62,0.496000000000,47,0.376000000000,16,0.128000000000,0,0.000000000000
1762,Cr55W43Y16,114,3,"Cr,W,Y",55,0.482456140351,43,0.377192982456,16,0.140350877193,0,0.000000000000
1763,Cr63W47Y16,126,3,"Cr,W,Y",63,0.500000000000,47,0.373015873016,16,0.126984126984,0,0.000000000000
1764,Cr16W31Y78,125,3,"Cr,W,Y",16,0.128000000000,31,0.248000000000,78,0.624000000000,0,0.000000000000
1765,Cr16W31Y78,125,3,"Cr,W,Y",16,0.128000000000,31,0.248000000000,78,0.624000000000,0,0.000000000000
1766,Cr62W47Y16,125,3,"Cr,W,Y",62,0.496000000000,47,0.376000000000,16,0.128000000000,0,0.000000000000
1767,Cr62W47Y16,125,3,"Cr,W,Y",62,0.496000000000,47,0.376000000000,16,0.128000000000,0,0.000000000000
1768,Cr62W47Y16,125,3,"Cr,W,Y",62,0.496000000000,47,0.376000000000,16,0.128000000000,0,0.000000000000
1769,Cr61W39Y15,115,3,"Cr,W,Y",61,0.530434782609,39,0.339130434783,15,0.130434782609,0,0.000000000000
1770,Cr62W47Y16,125,3,"Cr,W,Y",62,0.496000000000,47,0.376000000000,16,0.128000000000,0,0.000000000000
1771,Cr63W47Y16,126,3,"Cr,W,Y",63,0.500000000000,47,0.373015873016,16,0.126984126984,0,0.000000000000
1772,Cr62W47Y16,125,3,"Cr,W,Y",62,0.496000000000,47,0.376000000000,16,0.128000000000,0,0.000000000000
1773,Cr62W47Y16,125,3,"Cr,W,Y",62,0.496000000000,47,0.376000000000,16,0.128000000000,0,0.000000000000
1774,Cr62W47Y16,125,3,"Cr,W,Y",62,0.496000000000,47,0.376000000000,16,0.128000000000,0,0.000000000000
1775,Cr55W42Y16,113,3,"Cr,W,Y",55,0.486725663717,42,0.371681415929,16,0.141592920354,0,0.000000000000
1776,Cr62W47Y16,125,3,"Cr,W,Y",62,0.496000000000,47,0.376000000000,16,0.128000000000,0,0.000000000000
1777,Cr62W47Y16,125,3,"Cr,W,Y",62,0.496000000000,47,0.376000000000,16,0.128000000000,0,0.000000000000
1778,Cr62W47Y16,125,3,"Cr,W,Y",62,0.496000000000,47,0.376000000000,16,0.128000000000,0,0.000000000000
1779,Cr62W47Y16,125,3,"Cr,W,Y",62,0.496000000000,47,0.376000000000,16,0.128000000000,0,0.000000000000
1780,Cr42W44Y27,113,3,"Cr,W,Y",42,0.371681415929,44,0.389380530973,27,0.238938053097,0,0.000000000000
1781,Cr48W47Y31,126,3,"Cr,W,Y",48,0.380952380952,47,0.373015873016,31,0.246031746032,0,0.000000000000
1782,Cr47W47Y31,125,3,"Cr,W,Y",47,0.376000000000,47,0.376000000000,31,0.248000000000,0,0.000000000000
1783,Cr47W47Y31,125,3,"Cr,W,Y",47,0.376000000000,47,0.376000000000,31,0.248000000000,0,0.000000000000
1784,Cr41W46Y26,113,3,"Cr,W,Y",41,0.362831858407,46,0.407079646018,26,0.230088495575,0,0.000000000000
1785,Cr50W47Y31,128,3,"Cr,W,Y",50,0.390625000000,47,0.367187500000,31,0.242187500000,0,0.000000000000
1786,Cr47W47Y31,125,3,"Cr,W,Y",47,0.376000000000,47,0.376000000000,31,0.248000000000,0,0.000000000000
1787,Cr48W47Y31,126,3,"Cr,W,Y",48,0.380952380952,47,0.373015873016,31,0.246031746032,0,0.000000000000
1788,Cr47W47Y31,125,3,"Cr,W,Y",47,0.376000000000,47,0.376000000000,31,0.248000000000,0,0.000000000000
1789,Cr47W47Y31Zr,126,4,"Cr,W,Y,Zr",47,0.373015873016,47,0.373015873016,31,0.246031746032,1,0.007936507937
1790,Cr45W42Y26,113,3,"Cr,W,Y",45,0.398230088496,42,0.371681415929,26,0.230088495575,0,0.000000000000
1791,Cr47W47Y31,125,3,"Cr,W,Y",47,0.376000000000,47,0.376000000000,31,0.248000000000,0,0.000000000000
1792,Cr47W47Y31,125,3,"Cr,W,Y",47,0.376000000000,47,0.376000000000,31,0.248000000000,0,0.000000000000
1793,Cr47W47Y31,125,3,"Cr,W,Y",47,0.376000000000,47,0.376000000000,31,0.248000000000,0,0.000000000000
1794,Cr47W47Y31,125,3,"Cr,W,Y",47,0.376000000000,47,0.376000000000,31,0.248000000000,0,0.000000000000
1795,Cr47W47Y31,125,3,"Cr,W,Y",47,0.376000000000,47,0.376000000000,31,0.248000000000,0,0.000000000000
1796,Cr31W47Y47,125,3,"Cr,W,Y",31,0.248000000000,47,0.376000000000,47,0.376000000000,0,0.000000000000
1797,Cr31W47Y47,125,3,"Cr,W,Y",31,0.248000000000,47,0.376000000000,47,0.376000000000,0,0.000000000000
1798,Cr31W47Y47,125,3,"Cr,W,Y",31,0.248000000000,47,0.376000000000,47,0.376000000000,0,0.000000000000
1799,Cr31W47Y47,125,3,"Cr,W,Y",31,0.248000000000,47,0.376000000000,47,0.376000000000,0,0.000000000000
1800,Cr31W47Y48,126,3,"Cr,W,Y",31,0.246031746032,47,0.373015873016,48,0.380952380952,0,0.000000000000
1801,Cr31W47Y47,125,3,"Cr,W,Y",31,0.248000000000,47,0.376000000000,47,0.376000000000,0,0.000000000000
1802,Cr26W46Y42,114,3,"Cr,W,Y",26,0.228070175439,46,0.403508771930,42,0.368421052632,0,0.000000000000
1803,Cr31W39Y43,113,3,"Cr,W,Y",31,0.274336283186,39,0.345132743363,43,0.380530973451,0,0.000000000000
1804,Cr31W47Y47,125,3,"Cr,W,Y",31,0.248000000000,47,0.376000000000,47,0.376000000000,0,0.000000000000
1805,Cr31W48Y47,126,3,"Cr,W,Y",31,0.246031746032,48,0.380952380952,47,0.373015873016,0,0.000000000000
1806,Cr31W47Y47,125,3,"Cr,W,Y",31,0.248000000000,47,0.376000000000,47,0.376000000000,0,0.000000000000
1807,Cr29W44Y42,115,3,"Cr,W,Y",29,0.252173913043,44,0.382608695652,42,0.365217391304,0,0.000000000000
1808,Cr31W47Y47,125,3,"Cr,W,Y",31,0.248000000000,47,0.376000000000,47,0.376000000000,0,0.000000000000
1809,Cr31W47Y47,125,3,"Cr,W,Y",31,0.248000000000,47,0.376000000000,47,0.376000000000,0,0.000000000000
1810,Cr31W47Y47,125,3,"Cr,W,Y",31,0.248000000000,47,0.376000000000,47,0.376000000000,0,0.000000000000
1811,Cr31W47Y47,125,3,"Cr,W,Y",31,0.248000000000,47,0.376000000000,47,0.376000000000,0,0.000000000000
1812,Cr16W47Y63,126,3,"Cr,W,Y",16,0.126984126984,47,0.373015873016,63,0.500000000000,0,0.000000000000
1813,Cr16W47Y62,125,3,"Cr,W,Y",16,0.128000000000,47,0.376000000000,62,0.496000000000,0,0.000000000000
1814,Cr16W47Y62,125,3,"Cr,W,Y",16,0.128000000000,47,0.376000000000,62,0.496000000000,0,0.000000000000
1815,Cr16W47Y62,125,3,"Cr,W,Y",16,0.128000000000,47,0.376000000000,62,0.496000000000,0,0.000000000000
1816,Cr16W47Y62,125,3,"Cr,W,Y",16,0.128000000000,47,0.376000000000,62,0.496000000000,0,0.000000000000
1817,Cr17W48Y62Zr2,129,4,"Cr,W,Y,Zr",17,0.131782945736,48,0.372093023256,62,0.480620155039,2,0.015503875969
1818,Cr17W47Y62,126,3,"Cr,W,Y",17,0.134920634921,47,0.373015873016,62,0.492063492063,0,0.000000000000
1819,Cr15W41Y58,114,3,"Cr,W,Y",15,0.131578947368,41,0.359649122807,58,0.508771929825,0,0.000000000000
1820,Cr16W47Y62,125,3,"Cr,W,Y",16,0.128000000000,47,0.376000000000,62,0.496000000000,0,0.000000000000
1821,Cr16W47Y62,125,3,"Cr,W,Y",16,0.128000000000,47,0.376000000000,62,0.496000000000,0,0.000000000000
1822,Cr16W47Y62,125,3,"Cr,W,Y",16,0.128000000000,47,0.376000000000,62,0.496000000000,0,0.000000000000
1823,Cr16W47Y62,125,3,"Cr,W,Y",16,0.128000000000,47,0.376000000000,62,0.496000000000,0,0.000000000000
1824,Cr14W46Y55,115,3,"Cr,W,Y",14,0.121739130435,46,0.400000000000,55,0.478260869565,0,0.000000000000
1825,Cr14W41Y59,114,3,"Cr,W,Y",14,0.122807017544,41,0.359649122807,59,0.517543859649,0,0.000000000000
1826,Cr16W47Y62,125,3,"Cr,W,Y",16,0.128000000000,47,0.376000000000,62,0.496000000000,0,0.000000000000
1827,Cr16W47Y62,125,3,"Cr,W,Y",16,0.128000000000,47,0.376000000000,62,0.496000000000,0,0.000000000000
1828,Cr16W47Y62,125,3,"Cr,W,Y",16,0.128000000000,47,0.376000000000,62,0.496000000000,0,0.000000000000
1829,Cr16W49Y62,127,3,"Cr,W,Y",16,0.125984251969,49,0.385826771654,62,0.488188976378,0,0.000000000000
1830,Cr16W47Y62,125,3,"Cr,W,Y",16,0.128000000000,47,0.376000000000,62,0.496000000000,0,0.000000000000
1831,Cr48W62Y16,126,3,"Cr,W,Y",48,0.380952380952,62,0.492063492063,16,0.126984126984,0,0.000000000000
1832,Cr16W47Y62,125,3,"Cr,W,Y",16,0.128000000000,47,0.376000000000,62,0.496000000000,0,0.000000000000
1833,Cr16W47Y63Zr2,128,4,"Cr,W,Y,Zr",16,0.125000000000,47,0.367187500000,63,0.492187500000,2,0.015625000000
1834,Cr48W62Y16,126,3,"Cr,W,Y",48,0.380952380952,62,0.492063492063,16,0.126984126984,0,0.000000000000
1835,Cr31W26Zr31,88,3,"Cr,W,Zr",31,0.352272727273,26,0.295454545455,0,0.000000000000,31,0.352272727273
1836,Cr36W33Zr34,103,3,"Cr,W,Zr",36,0.349514563107,33,0.320388349515,0,0.000000000000,34,0.330097087379
1837,Cr40W58Y15,113,3,"Cr,W,Y",40,0.353982300885,58,0.513274336283,15,0.132743362832,0,0.000000000000
1838,Cr47W62Y17,126,3,"Cr,W,Y",47,0.373015873016,62,0.492063492063,17,0.134920634921,0,0.000000000000
1839,Cr47W62Y16,125,3,"Cr,W,Y",47,0.376000000000,62,0.496000000000,16,0.128000000000,0,0.000000000000
1840,Cr47W62Y16,125,3,"Cr,W,Y",47,0.376000000000,62,0.496000000000,16,0.128000000000,0,0.000000000000
1841,Cr47W62Y16,125,3,"Cr,W,Y",47,0.376000000000,62,0.496000000000,16,0.128000000000,0,0.000000000000
1842,Cr47W62Y16,125,3,"Cr,W,Y",47,0.376000000000,62,0.496000000000,16,0.128000000000,0,0.000000000000
1843,Cr47W62Y16,125,3,"Cr,W,Y",47,0.376000000000,62,0.496000000000,16,0.128000000000,0,0.000000000000
1844,Cr47W62Y16,125,3,"Cr,W,Y",47,0.376000000000,62,0.496000000000,16,0.128000000000,0,0.000000000000
1845,Cr47W62Y17,126,3,"Cr,W,Y",47,0.373015873016,62,0.492063492063,17,0.134920634921,0,0.000000000000
1846,Cr37W33Zr35,105,3,"Cr,W,Zr",37,0.352380952381,33,0.314285714286,0,0.000000000000,35,0.333333333333
1847,Cr48W62Y16,126,3,"Cr,W,Y",48,0.380952380952,62,0.492063492063,16,0.126984126984,0,0.000000000000
1848,Cr47W62Y16,125,3,"Cr,W,Y",47,0.376000000000,62,0.496000000000,16,0.128000000000,0,0.000000000000
1849,Cr43W55Y16,114,3,"Cr,W,Y",43,0.377192982456,55,0.482456140351,16,0.140350877193,0,0.000000000000
1850,Cr47W62Y16,125,3,"Cr,W,Y",47,0.376000000000,62,0.496000000000,16,0.128000000000,0,0.000000000000
1851,Cr31W63Y31,125,3,"Cr,W,Y",31,0.248000000000,63,0.504000000000,31,0.248000000000,0,0.000000000000
1852,Cr31W63Y31,125,3,"Cr,W,Y",31,0.248000000000,63,0.504000000000,31,0.248000000000,0,0.000000000000
1853,Cr31W63Y32,126,3,"Cr,W,Y",31,0.246031746032,63,0.500000000000,32,0.253968253968,0,0.000000000000
1854,Cr16W62Y47,125,3,"Cr,W,Y",16,0.128000000000,62,0.496000000000,47,0.376000000000,0,0.000000000000
1855,Cr16W53Y46,115,3,"Cr,W,Y",16,0.139130434783,53,0.460869565217,46,0.400000000000,0,0.000000000000
1856,Cr16W62Y47,125,3,"Cr,W,Y",16,0.128000000000,62,0.496000000000,47,0.376000000000,0,0.000000000000
1857,Cr31W63Y31,125,3,"Cr,W,Y",31,0.248000000000,63,0.504000000000,31,0.248000000000,0,0.000000000000
1858,Cr31W63Y31,125,3,"Cr,W,Y",31,0.248000000000,63,0.504000000000,31,0.248000000000,0,0.000000000000
1859,Cr31W63Y31,125,3,"Cr,W,Y",31,0.248000000000,63,0.504000000000,31,0.248000000000,0,0.000000000000
1860,Cr31W62Y32,125,3,"Cr,W,Y",31,0.248000000000,62,0.496000000000,32,0.256000000000,0,0.000000000000
1861,Cr31W62Y32,125,3,"Cr,W,Y",31,0.248000000000,62,0.496000000000,32,0.256000000000,0,0.000000000000
1862,Cr31W62Y32,125,3,"Cr,W,Y",31,0.248000000000,62,0.496000000000,32,0.256000000000,0,0.000000000000
1863,Cr16W62Y47,125,3,"Cr,W,Y",16,0.128000000000,62,0.496000000000,47,0.376000000000,0,0.000000000000
1864,Cr17W62Y47,126,3,"Cr,W,Y",17,0.134920634921,62,0.492063492063,47,0.373015873016,0,0.000000000000
1865,Cr32W63Y31,126,3,"Cr,W,Y",32,0.253968253968,63,0.500000000000,31,0.246031746032,0,0.000000000000
1866,Cr31W62Y32,125,3,"Cr,W,Y",31,0.248000000000,62,0.496000000000,32,0.256000000000,0,0.000000000000
1867,Cr32W63Y33,128,3,"Cr,W,Y",32,0.250000000000,63,0.492187500000,33,0.257812500000,0,0.000000000000
1868,Cr27W56Y30,113,3,"Cr,W,Y",27,0.238938053097,56,0.495575221239,30,0.265486725664,0,0.000000000000
1869,Cr31W62Y32,125,3,"Cr,W,Y",31,0.248000000000,62,0.496000000000,32,0.256000000000,0,0.000000000000
1870,Cr16W62Y47,125,3,"Cr,W,Y",16,0.128000000000,62,0.496000000000,47,0.376000000000,0,0.000000000000
1871,Cr37W32Zr34,103,3,"Cr,W,Zr",37,0.359223300971,32,0.310679611650,0,0.000000000000,34,0.330097087379
1872,Cr16W62Y47,125,3,"Cr,W,Y",16,0.128000000000,62,0.496000000000,47,0.376000000000,0,0.000000000000
1873,Cr16W62Y47,125,3,"Cr,W,Y",16,0.128000000000,62,0.496000000000,47,0.376000000000,0,0.000000000000
1874,Cr16W62Y47,125,3,"Cr,W,Y",16,0.128000000000,62,0.496000000000,47,0.376000000000,0,0.000000000000
1875,Cr14W60Y39,113,3,"Cr,W,Y",14,0.123893805310,60,0.530973451327,39,0.345132743363,0,0.000000000000
1876,Cr16W62Y47,125,3,"Cr,W,Y",16,0.128000000000,62,0.496000000000,47,0.376000000000,0,0.000000000000
1877,Cr31W78Y16,125,3,"Cr,W,Y",31,0.248000000000,78,0.624000000000,16,0.128000000000,0,0.000000000000
1878,Cr28W70Y16,114,3,"Cr,W,Y",28,0.245614035088,70,0.614035087719,16,0.140350877193,0,0.000000000000
1879,Cr31W78Y17,126,3,"Cr,W,Y",31,0.246031746032,78,0.619047619048,17,0.134920634921,0,0.000000000000
1880,Cr31W78Y16,125,3,"Cr,W,Y",31,0.248000000000,78,0.624000000000,16,0.128000000000,0,0.000000000000
1881,Cr31W78Y16,125,3,"Cr,W,Y",31,0.248000000000,78,0.624000000000,16,0.128000000000,0,0.000000000000
1882,Cr31W78Y16,125,3,"Cr,W,Y",31,0.248000000000,78,0.624000000000,16,0.128000000000,0,0.000000000000
1883,Cr31W78Y16,125,3,"Cr,W,Y",31,0.248000000000,78,0.624000000000,16,0.128000000000,0,0.000000000000
1884,Cr31W78Y16,125,3,"Cr,W,Y",31,0.248000000000,78,0.624000000000,16,0.128000000000,0,0.000000000000
1885,Cr31W78Y16Zr,126,4,"Cr,W,Y,Zr",31,0.246031746032,78,0.619047619048,16,0.126984126984,1,0.007936507937
1886,Cr16W62Y47,125,3,"Cr,W,Y",16,0.128000000000,62,0.496000000000,47,0.376000000000,0,0.000000000000
1887,Cr14W60Y40,114,3,"Cr,W,Y",14,0.122807017544,60,0.526315789474,40,0.350877192982,0,0.000000000000
1888,Cr16W63Y47,126,3,"Cr,W,Y",16,0.126984126984,63,0.500000000000,47,0.373015873016,0,0.000000000000
1889,Cr31W78Y16,125,3,"Cr,W,Y",31,0.248000000000,78,0.624000000000,16,0.128000000000,0,0.000000000000
1890,Cr31W78Y16,125,3,"Cr,W,Y",31,0.248000000000,78,0.624000000000,16,0.128000000000,0,0.000000000000
1891,Cr31W78Y16,125,3,"Cr,W,Y",31,0.248000000000,78,0.624000000000,16,0.128000000000,0,0.000000000000
1892,Cr16W62Y47,125,3,"Cr,W,Y",16,0.128000000000,62,0.496000000000,47,0.376000000000,0,0.000000000000
1893,Cr16W53Y44,113,3,"Cr,W,Y",16,0.141592920354,53,0.469026548673,44,0.389380530973,0,0.000000000000
1894,Cr16W63Y47,126,3,"Cr,W,Y",16,0.126984126984,63,0.500000000000,47,0.373015873016,0,0.000000000000
1895,Cr31W78Y16,125,3,"Cr,W,Y",31,0.248000000000,78,0.624000000000,16,0.128000000000,0,0.000000000000
1896,Cr31W78Y16,125,3,"Cr,W,Y",31,0.248000000000,78,0.624000000000,16,0.128000000000,0,0.000000000000
1897,Cr31W78Y16,125,3,"Cr,W,Y",31,0.248000000000,78,0.624000000000,16,0.128000000000,0,0.000000000000
1898,Cr31W71Y15,117,3,"Cr,W,Y",31,0.264957264957,71,0.606837606838,15,0.128205128205,0,0.000000000000
1899,Cr31W78Y16Zr,126,4,"Cr,W,Y,Zr",31,0.246031746032,78,0.619047619048,16,0.126984126984,1,0.007936507937
1900,Cr16W78Y31,125,3,"Cr,W,Y",16,0.128000000000,78,0.624000000000,31,0.248000000000,0,0.000000000000
1901,Cr16W78Y31,125,3,"Cr,W,Y",16,0.128000000000,78,0.624000000000,31,0.248000000000,0,0.000000000000
1902,Cr16W78Y31,125,3,"Cr,W,Y",16,0.128000000000,78,0.624000000000,31,0.248000000000,0,0.000000000000
1903,Cr16W78Y31,125,3,"Cr,W,Y",16,0.128000000000,78,0.624000000000,31,0.248000000000,0,0.000000000000
1904,Cr34W35Zr33,102,3,"Cr,W,Zr",34,0.333333333333,35,0.343137254902,0,0.000000000000,33,0.323529411765
1905,Cr16W69Y29,114,3,"Cr,W,Y",16,0.140350877193,69,0.605263157895,29,0.254385964912,0,0.000000000000
1906,Cr17W78Y31Zr,127,4,"Cr,W,Y,Zr",17,0.133858267717,78,0.614173228346,31,0.244094488189,1,0.007874015748
1907,Cr16W78Y31,125,3,"Cr,W,Y",16,0.128000000000,78,0.624000000000,31,0.248000000000,0,0.000000000000
1908,Cr16W78Y31,125,3,"Cr,W,Y",16,0.128000000000,78,0.624000000000,31,0.248000000000,0,0.000000000000
1909,Cr16W78Y31,125,3,"Cr,W,Y",16,0.128000000000,78,0.624000000000,31,0.248000000000,0,0.000000000000
1910,Cr16W78Y31,125,3,"Cr,W,Y",16,0.128000000000,78,0.624000000000,31,0.248000000000,0,0.000000000000
1911,Cr16W78Y31,125,3,"Cr,W,Y",16,0.128000000000,78,0.624000000000,31,0.248000000000,0,0.000000000000
1912,Cr16W66Y31,113,3,"Cr,W,Y",16,0.141592920354,66,0.584070796460,31,0.274336283186,0,0.000000000000
1913,Cr16W78Y31Zr,126,4,"Cr,W,Y,Zr",16,0.126984126984,78,0.619047619048,31,0.246031746032,1,0.007936507937
1914,Cr16W78Y31,125,3,"Cr,W,Y",16,0.128000000000,78,0.624000000000,31,0.248000000000,0,0.000000000000
1915,Cr16W78Y32,126,3,"Cr,W,Y",16,0.126984126984,78,0.619047619048,32,0.253968253968,0,0.000000000000
1916,Cr16W84Y13,113,3,"Cr,W,Y",16,0.141592920354,84,0.743362831858,13,0.115044247788,0,0.000000000000
1917,Cr16W94Y15,125,3,"Cr,W,Y",16,0.128000000000,94,0.752000000000,15,0.120000000000,0,0.000000000000
1918,Cr16W94Y15,125,3,"Cr,W,Y",16,0.128000000000,94,0.752000000000,15,0.120000000000,0,0.000000000000
1919,Cr16W94Y16,126,3,"Cr,W,Y",16,0.126984126984,94,0.746031746032,16,0.126984126984,0,0.000000000000
1920,Cr16W94Y15,125,3,"Cr,W,Y",16,0.128000000000,94,0.752000000000,15,0.120000000000,0,0.000000000000
1921,Cr16W94Y15,125,3,"Cr,W,Y",16,0.128000000000,94,0.752000000000,15,0.120000000000,0,0.000000000000
1922,Cr16W94Y15,125,3,"Cr,W,Y",16,0.128000000000,94,0.752000000000,15,0.120000000000,0,0.000000000000
1923,Cr16W94Y15,125,3,"Cr,W,Y",16,0.128000000000,94,0.752000000000,15,0.120000000000,0,0.000000000000
1924,Cr16W94Y15Zr2,127,4,"Cr,W,Y,Zr",16,0.125984251969,94,0.740157480315,15,0.118110236220,2,0.015748031496
1925,Cr16W94Y15,125,3,"Cr,W,Y",16,0.128000000000,94,0.752000000000,15,0.120000000000,0,0.000000000000
1926,Cr16W94Y15,125,3,"Cr,W,Y",16,0.128000000000,94,0.752000000000,15,0.120000000000,0,0.000000000000
1927,Cr16W94Y16Zr,127,4,"Cr,W,Y,Zr",16,0.125984251969,94,0.740157480315,16,0.125984251969,1,0.007874015748
1928,Cr17W94Y15,126,3,"Cr,W,Y",17,0.134920634921,94,0.746031746032,15,0.119047619048,0,0.000000000000
1929,Cr16W94Y15,125,3,"Cr,W,Y",16,0.128000000000,94,0.752000000000,15,0.120000000000,0,0.000000000000
1930,Cr33W32Zr35,100,3,"Cr,W,Zr",33,0.330000000000,32,0.320000000000,0,0.000000000000,35,0.350000000000
1931,Cr94W16Zr16,126,3,"Cr,W,Zr",94,0.746031746032,16,0.126984126984,0,0.000000000000,16,0.126984126984
1932,Cr94W16Zr15,125,3,"Cr,W,Zr",94,0.752000000000,16,0.128000000000,0,0.000000000000,15,0.120000000000
1933,Cr94W16Zr15,125,3,"Cr,W,Zr",94,0.752000000000,16,0.128000000000,0,0.000000000000,15,0.120000000000
1934,Cr94W16Zr15,125,3,"Cr,W,Zr",94,0.752000000000,16,0.128000000000,0,0.000000000000,15,0.120000000000
1935,Cr94W16Zr15,125,3,"Cr,W,Zr",94,0.752000000000,16,0.128000000000,0,0.000000000000,15,0.120000000000
1936,Cr94W16Zr15,125,3,"Cr,W,Zr",94,0.752000000000,16,0.128000000000,0,0.000000000000,15,0.120000000000
1937,Cr94W16Zr15,125,3,"Cr,W,Zr",94,0.752000000000,16,0.128000000000,0,0.000000000000,15,0.120000000000
1938,Cr95W16Zr15,126,3,"Cr,W,Zr",95,0.753968253968,16,0.126984126984,0,0.000000000000,15,0.119047619048
1939,Cr35W33Zr34,102,3,"Cr,W,Zr",35,0.343137254902,33,0.323529411765,0,0.000000000000,34,0.333333333333
1940,Cr94W16Zr15,125,3,"Cr,W,Zr",94,0.752000000000,16,0.128000000000,0,0.000000000000,15,0.120000000000
1941,Cr94W16Zr15,125,3,"Cr,W,Zr",94,0.752000000000,16,0.128000000000,0,0.000000000000,15,0.120000000000
1942,Cr84W16Zr14,114,3,"Cr,W,Zr",84,0.736842105263,16,0.140350877193,0,0.000000000000,14,0.122807017544
1943,Cr95W16Zr15,126,3,"Cr,W,Zr",95,0.753968253968,16,0.126984126984,0,0.000000000000,15,0.119047619048
1944,Cr94W16Zr15,125,3,"Cr,W,Zr",94,0.752000000000,16,0.128000000000,0,0.000000000000,15,0.120000000000
1945,Cr94W16Zr15,125,3,"Cr,W,Zr",94,0.752000000000,16,0.128000000000,0,0.000000000000,15,0.120000000000
1946,Cr94W16Zr15,125,3,"Cr,W,Zr",94,0.752000000000,16,0.128000000000,0,0.000000000000,15,0.120000000000
1947,Cr78W16Zr31,125,3,"Cr,W,Zr",78,0.624000000000,16,0.128000000000,0,0.000000000000,31,0.248000000000
1948,Cr78W16Zr31,125,3,"Cr,W,Zr",78,0.624000000000,16,0.128000000000,0,0.000000000000,31,0.248000000000
1949,Cr78W16Zr31,125,3,"Cr,W,Zr",78,0.624000000000,16,0.128000000000,0,0.000000000000,31,0.248000000000
1950,Cr78W16Zr31,125,3,"Cr,W,Zr",78,0.624000000000,16,0.128000000000,0,0.000000000000,31,0.248000000000
1951,Cr78W16Zr31,125,3,"Cr,W,Zr",78,0.624000000000,16,0.128000000000,0,0.000000000000,31,0.248000000000
1952,Cr27W32Zr29,88,3,"Cr,W,Zr",27,0.306818181818,32,0.363636363636,0,0.000000000000,29,0.329545454545
1953,Cr32W34Zr35,101,3,"Cr,W,Zr",32,0.316831683168,34,0.336633663366,0,0.000000000000,35,0.346534653465
1954,Cr69W13Zr31,113,3,"Cr,W,Zr",69,0.610619469027,13,0.115044247788,0,0.000000000000,31,0.274336283186
1955,Cr78W16Zr32,126,3,"Cr,W,Zr",78,0.619047619048,16,0.126984126984,0,0.000000000000,32,0.253968253968
1956,Cr78W16Zr31,125,3,"Cr,W,Zr",78,0.624000000000,16,0.128000000000,0,0.000000000000,31,0.248000000000
1957,Cr78W16Zr31,125,3,"Cr,W,Zr",78,0.624000000000,16,0.128000000000,0,0.000000000000,31,0.248000000000
1958,Cr78W16Zr31,125,3,"Cr,W,Zr",78,0.624000000000,16,0.128000000000,0,0.000000000000,31,0.248000000000
1959,Cr78W17Zr31,126,3,"Cr,W,Zr",78,0.619047619048,17,0.134920634921,0,0.000000000000,31,0.246031746032
1960,Cr78W16Zr31,125,3,"Cr,W,Zr",78,0.624000000000,16,0.128000000000,0,0.000000000000,31,0.248000000000
1961,Cr78W16Zr31,125,3,"Cr,W,Zr",78,0.624000000000,16,0.128000000000,0,0.000000000000,31,0.248000000000
1962,Cr78W16Zr31,125,3,"Cr,W,Zr",78,0.624000000000,16,0.128000000000,0,0.000000000000,31,0.248000000000
1963,Cr37W33Zr35,105,3,"Cr,W,Zr",37,0.352380952381,33,0.314285714286,0,0.000000000000,35,0.333333333333
1964,Cr78W16Zr31,125,3,"Cr,W,Zr",78,0.624000000000,16,0.128000000000,0,0.000000000000,31,0.248000000000
1965,Cr78W16Zr31,125,3,"Cr,W,Zr",78,0.624000000000,16,0.128000000000,0,0.000000000000,31,0.248000000000
1966,Cr56W16Zr42,114,3,"Cr,W,Zr",56,0.491228070175,16,0.140350877193,0,0.000000000000,42,0.368421052632
1967,Cr62W16YZr47,126,4,"Cr,W,Y,Zr",62,0.492063492063,16,0.126984126984,1,0.007936507937,47,0.373015873016
1968,Cr62W16Zr47,125,3,"Cr,W,Zr",62,0.496000000000,16,0.128000000000,0,0.000000000000,47,0.376000000000
1969,Cr62W16Zr47,125,3,"Cr,W,Zr",62,0.496000000000,16,0.128000000000,0,0.000000000000,47,0.376000000000
1970,Cr62W16Zr47,125,3,"Cr,W,Zr",62,0.496000000000,16,0.128000000000,0,0.000000000000,47,0.376000000000
1971,Cr35W34Zr33,102,3,"Cr,W,Zr",35,0.343137254902,34,0.333333333333,0,0.000000000000,33,0.323529411765
1972,Cr62W17Zr47,126,3,"Cr,W,Zr",62,0.492063492063,17,0.134920634921,0,0.000000000000,47,0.373015873016
1973,Cr62W16Zr47,125,3,"Cr,W,Zr",62,0.496000000000,16,0.128000000000,0,0.000000000000,47,0.376000000000
1974,Cr62W16Zr47,125,3,"Cr,W,Zr",62,0.496000000000,16,0.128000000000,0,0.000000000000,47,0.376000000000
1975,Cr62W16Zr49,127,3,"Cr,W,Zr",62,0.488188976378,16,0.125984251969,0,0.000000000000,49,0.385826771654
1976,Cr62W16Zr47,125,3,"Cr,W,Zr",62,0.496000000000,16,0.128000000000,0,0.000000000000,47,0.376000000000
1977,Cr62W16Zr47,125,3,"Cr,W,Zr",62,0.496000000000,16,0.128000000000,0,0.000000000000,47,0.376000000000
1978,Cr62W16Zr47,125,3,"Cr,W,Zr",62,0.496000000000,16,0.128000000000,0,0.000000000000,47,0.376000000000
1979,Cr62W16Zr47,125,3,"Cr,W,Zr",62,0.496000000000,16,0.128000000000,0,0.000000000000,47,0.376000000000
1980,Cr53W16Zr44,113,3,"Cr,W,Zr",53,0.469026548673,16,0.141592920354,0,0.000000000000,44,0.389380530973
1981,Cr62W16Zr47,125,3,"Cr,W,Zr",62,0.496000000000,16,0.128000000000,0,0.000000000000,47,0.376000000000
1982,Cr62W16Zr47,125,3,"Cr,W,Zr",62,0.496000000000,16,0.128000000000,0,0.000000000000,47,0.376000000000
1983,Cr62W16Zr47,125,3,"Cr,W,Zr",62,0.496000000000,16,0.128000000000,0,0.000000000000,47,0.376000000000
1984,Cr47W16Zr62,125,3,"Cr,W,Zr",47,0.376000000000,16,0.128000000000,0,0.000000000000,62,0.496000000000
1985,Cr47W16Zr62,125,3,"Cr,W,Zr",47,0.376000000000,16,0.128000000000,0,0.000000000000,62,0.496000000000
1986,Cr47W16Zr62,125,3,"Cr,W,Zr",47,0.376000000000,16,0.128000000000,0,0.000000000000,62,0.496000000000
1987,Cr47W16Zr62,125,3,"Cr,W,Zr",47,0.376000000000,16,0.128000000000,0,0.000000000000,62,0.496000000000
1988,Cr47W16Zr63,126,3,"Cr,W,Zr",47,0.373015873016,16,0.126984126984,0,0.000000000000,63,0.500000000000
1989,Cr35W35Zr34,104,3,"Cr,W,Zr",35,0.336538461538,35,0.336538461538,0,0.000000000000,34,0.326923076923
1990,Cr47W16Zr62,125,3,"Cr,W,Zr",47,0.376000000000,16,0.128000000000,0,0.000000000000,62,0.496000000000
1991,Cr42W16Zr56,114,3,"Cr,W,Zr",42,0.368421052632,16,0.140350877193,0,0.000000000000,56,0.491228070175
1992,Cr47W16YZr62,126,4,"Cr,W,Y,Zr",47,0.373015873016,16,0.126984126984,1,0.007936507937,62,0.492063492063
1993,Cr47W16Zr62,125,3,"Cr,W,Zr",47,0.376000000000,16,0.128000000000,0,0.000000000000,62,0.496000000000
1994,Cr41W14Zr58,113,3,"Cr,W,Zr",41,0.362831858407,14,0.123893805310,0,0.000000000000,58,0.513274336283
1995,Cr48W18Zr62,128,3,"Cr,W,Zr",48,0.375000000000,18,0.140625000000,0,0.000000000000,62,0.484375000000
1996,Cr47W16Zr62,125,3,"Cr,W,Zr",47,0.376000000000,16,0.128000000000,0,0.000000000000,62,0.496000000000
1997,Cr47W16Zr62,125,3,"Cr,W,Zr",47,0.376000000000,16,0.128000000000,0,0.000000000000,62,0.496000000000
1998,Cr47W17Zr63,127,3,"Cr,W,Zr",47,0.370078740157,17,0.133858267717,0,0.000000000000,63,0.496062992126
1999,Cr47W16Zr62,125,3,"Cr,W,Zr",47,0.376000000000,16,0.128000000000,0,0.000000000000,62,0.496000000000
2000,Cr47W16Zr62,125,3,"Cr,W,Zr",47,0.376000000000,16,0.128000000000,0,0.000000000000,62,0.496000000000
2001,Cr47W16Zr62,125,3,"Cr,W,Zr",47,0.376000000000,16,0.128000000000,0,0.000000000000,62,0.496000000000
2002,Cr33W35Zr34,102,3,"Cr,W,Zr",33,0.323529411765,35,0.343137254902,0,0.000000000000,34,0.333333333333
2003,Cr31W16Zr78,125,3,"Cr,W,Zr",31,0.248000000000,16,0.128000000000,0,0.000000000000,78,0.624000000000
2004,Cr31W16Zr78,125,3,"Cr,W,Zr",31,0.248000000000,16,0.128000000000,0,0.000000000000,78,0.624000000000
2005,Cr31W16Zr78,125,3,"Cr,W,Zr",31,0.248000000000,16,0.128000000000,0,0.000000000000,78,0.624000000000
2006,Cr31W16Zr78,125,3,"Cr,W,Zr",31,0.248000000000,16,0.128000000000,0,0.000000000000,78,0.624000000000
2007,Cr31W16Zr78,125,3,"Cr,W,Zr",31,0.248000000000,16,0.128000000000,0,0.000000000000,78,0.624000000000
2008,Cr31W16Zr79,126,3,"Cr,W,Zr",31,0.246031746032,16,0.126984126984,0,0.000000000000,79,0.626984126984
2009,Cr31W16Zr78,125,3,"Cr,W,Zr",31,0.248000000000,16,0.128000000000,0,0.000000000000,78,0.624000000000
2010,Cr31W16Zr78,125,3,"Cr,W,Zr",31,0.248000000000,16,0.128000000000,0,0.000000000000,78,0.624000000000
2011,Cr31W16Zr78,125,3,"Cr,W,Zr",31,0.248000000000,16,0.128000000000,0,0.000000000000,78,0.624000000000
2012,Cr31W16Zr78,125,3,"Cr,W,Zr",31,0.248000000000,16,0.128000000000,0,0.000000000000,78,0.624000000000
2013,Cr29W16Zr69,114,3,"Cr,W,Zr",29,0.254385964912,16,0.140350877193,0,0.000000000000,69,0.605263157895
2014,Cr31W16Zr78,125,3,"Cr,W,Zr",31,0.248000000000,16,0.128000000000,0,0.000000000000,78,0.624000000000
2015,Cr31W16Zr78,125,3,"Cr,W,Zr",31,0.248000000000,16,0.128000000000,0,0.000000000000,78,0.624000000000
2016,Cr28W14Zr72,114,3,"Cr,W,Zr",28,0.245614035088,14,0.122807017544,0,0.000000000000,72,0.631578947368
2017,Cr31W16Zr78,125,3,"Cr,W,Zr",31,0.248000000000,16,0.128000000000,0,0.000000000000,78,0.624000000000
2018,Cr16W15Zr94,125,3,"Cr,W,Zr",16,0.128000000000,15,0.120000000000,0,0.000000000000,94,0.752000000000
2019,Cr16W15Zr94,125,3,"Cr,W,Zr",16,0.128000000000,15,0.120000000000,0,0.000000000000,94,0.752000000000
2020,Cr16W16Zr93,125,3,"Cr,W,Zr",16,0.128000000000,16,0.128000000000,0,0.000000000000,93,0.744000000000
2021,Cr16W15Zr83,114,3,"Cr,W,Zr",16,0.140350877193,15,0.131578947368,0,0.000000000000,83,0.728070175439
2022,Cr16W16Zr93,125,3,"Cr,W,Zr",16,0.128000000000,16,0.128000000000,0,0.000000000000,93,0.744000000000
2023,Cr16W15Zr94,125,3,"Cr,W,Zr",16,0.128000000000,15,0.120000000000,0,0.000000000000,94,0.752000000000
2024,Cr16W15Zr94,125,3,"Cr,W,Zr",16,0.128000000000,15,0.120000000000,0,0.000000000000,94,0.752000000000
2025,Cr16W15Zr94,125,3,"Cr,W,Zr",16,0.128000000000,15,0.120000000000,0,0.000000000000,94,0.752000000000
2026,Cr16W15Zr94,125,3,"Cr,W,Zr",16,0.128000000000,15,0.120000000000,0,0.000000000000,94,0.752000000000
2027,Cr33W39Zr33,105,3,"Cr,W,Zr",33,0.314285714286,39,0.371428571429,0,0.000000000000,33,0.314285714286
2028,Cr33W36Zr34,103,3,"Cr,W,Zr",33,0.320388349515,36,0.349514563107,0,0.000000000000,34,0.330097087379
2029,Cr17W15Zr94,126,3,"Cr,W,Zr",17,0.134920634921,15,0.119047619048,0,0.000000000000,94,0.746031746032
2030,Cr16W16Zr93,125,3,"Cr,W,Zr",16,0.128000000000,16,0.128000000000,0,0.000000000000,93,0.744000000000
2031,Cr78W31Zr16,125,3,"Cr,W,Zr",78,0.624000000000,31,0.248000000000,0,0.000000000000,16,0.128000000000
2032,Cr78W31Zr16,125,3,"Cr,W,Zr",78,0.624000000000,31,0.248000000000,0,0.000000000000,16,0.128000000000
2033,Cr78W31Zr16,125,3,"Cr,W,Zr",78,0.624000000000,31,0.248000000000,0,0.000000000000,16,0.128000000000
2034,Cr78W31Zr16,125,3,"Cr,W,Zr",78,0.624000000000,31,0.248000000000,0,0.000000000000,16,0.128000000000
2035,Cr78W31Zr16,125,3,"Cr,W,Zr",78,0.624000000000,31,0.248000000000,0,0.000000000000,16,0.128000000000
2036,Cr78W31Zr16,125,3,"Cr,W,Zr",78,0.624000000000,31,0.248000000000,0,0.000000000000,16,0.128000000000
2037,Cr78W31Zr16,125,3,"Cr,W,Zr",78,0.624000000000,31,0.248000000000,0,0.000000000000,16,0.128000000000
2038,Cr78W31Zr16,125,3,"Cr,W,Zr",78,0.624000000000,31,0.248000000000,0,0.000000000000,16,0.128000000000
2039,Cr16W16Zr93,125,3,"Cr,W,Zr",16,0.128000000000,16,0.128000000000,0,0.000000000000,93,0.744000000000
2040,Cr16W16Zr93,125,3,"Cr,W,Zr",16,0.128000000000,16,0.128000000000,0,0.000000000000,93,0.744000000000
2041,Cr70W28Zr16,114,3,"Cr,W,Zr",70,0.614035087719,28,0.245614035088,0,0.000000000000,16,0.140350877193
2042,Cr78W31Zr16,125,3,"Cr,W,Zr",78,0.624000000000,31,0.248000000000,0,0.000000000000,16,0.128000000000
2043,Cr63W31Zr31,125,3,"Cr,W,Zr",63,0.504000000000,31,0.248000000000,0,0.000000000000,31,0.248000000000
2044,Cr63W31Zr31,125,3,"Cr,W,Zr",63,0.504000000000,31,0.248000000000,0,0.000000000000,31,0.248000000000
2045,Cr78W32Zr17,127,3,"Cr,W,Zr",78,0.614173228346,32,0.251968503937,0,0.000000000000,17,0.133858267717
2046,Cr78W31Zr16,125,3,"Cr,W,Zr",78,0.624000000000,31,0.248000000000,0,0.000000000000,16,0.128000000000
2047,Cr78W31Zr16,125,3,"Cr,W,Zr",78,0.624000000000,31,0.248000000000,0,0.000000000000,16,0.128000000000
2048,Cr78W31Zr16,125,3,"Cr,W,Zr",78,0.624000000000,31,0.248000000000,0,0.000000000000,16,0.128000000000
2049,Cr63W31Zr31,125,3,"Cr,W,Zr",63,0.504000000000,31,0.248000000000,0,0.000000000000,31,0.248000000000
2050,Cr63W31Zr31,125,3,"Cr,W,Zr",63,0.504000000000,31,0.248000000000,0,0.000000000000,31,0.248000000000
2051,Cr63W31Zr32,126,3,"Cr,W,Zr",63,0.500000000000,31,0.246031746032,0,0.000000000000,32,0.253968253968
2052,Cr63W31Zr31,125,3,"Cr,W,Zr",63,0.504000000000,31,0.248000000000,0,0.000000000000,31,0.248000000000
2053,Cr63W31Zr31,125,3,"Cr,W,Zr",63,0.504000000000,31,0.248000000000,0,0.000000000000,31,0.248000000000
2054,Cr56W29Zr29,114,3,"Cr,W,Zr",56,0.491228070175,29,0.254385964912,0,0.000000000000,29,0.254385964912
2055,Cr63W31Zr31,125,3,"Cr,W,Zr",63,0.504000000000,31,0.248000000000,0,0.000000000000,31,0.248000000000
2056,Cr62W31Zr32,125,3,"Cr,W,Zr",62,0.496000000000,31,0.248000000000,0,0.000000000000,32,0.256000000000
2057,Cr62W31Zr32,125,3,"Cr,W,Zr",62,0.496000000000,31,0.248000000000,0,0.000000000000,32,0.256000000000
2058,Cr62W31Zr32,125,3,"Cr,W,Zr",62,0.496000000000,31,0.248000000000,0,0.000000000000,32,0.256000000000
2059,Cr62W31Zr32,125,3,"Cr,W,Zr",62,0.496000000000,31,0.248000000000,0,0.000000000000,32,0.256000000000
2060,Cr53W28Zr32,113,3,"Cr,W,Zr",53,0.469026548673,28,0.247787610619,0,0.000000000000,32,0.283185840708
2061,Cr62W31YZr32,126,4,"Cr,W,Y,Zr",62,0.492063492063,31,0.246031746032,1,0.007936507937,32,0.253968253968
2062,Cr36W34Zr34,104,3,"Cr,W,Zr",36,0.346153846154,34,0.326923076923,0,0.000000000000,34,0.326923076923
2063,Cr47W31Zr47,125,3,"Cr,W,Zr",47,0.376000000000,31,0.248000000000,0,0.000000000000,47,0.376000000000
2064,Cr48W31Y2Zr47,128,4,"Cr,W,Y,Zr",48,0.375000000000,31,0.242187500000,2,0.015625000000,47,0.367187500000
2065,Cr41W30Zr43,114,3,"Cr,W,Zr",41,0.359649122807,30,0.263157894737,0,0.000000000000,43,0.377192982456
2066,Cr47W31YZr47,126,4,"Cr,W,Y,Zr",47,0.373015873016,31,0.246031746032,1,0.007936507937,47,0.373015873016
2067,Cr47W31Zr47,125,3,"Cr,W,Zr",47,0.376000000000,31,0.248000000000,0,0.000000000000,47,0.376000000000
2068,Cr47W31Zr47,125,3,"Cr,W,Zr",47,0.376000000000,31,0.248000000000,0,0.000000000000,47,0.376000000000
2069,Cr48W32Zr47,127,3,"Cr,W,Zr",48,0.377952755906,32,0.251968503937,0,0.000000000000,47,0.370078740157
2070,Cr32W35Zr33,100,3,"Cr,W,Zr",32,0.320000000000,35,0.350000000000,0,0.000000000000,33,0.330000000000
2071,Cr31W31YZr63,126,4,"Cr,W,Y,Zr",31,0.246031746032,31,0.246031746032,1,0.007936507937,63,0.500000000000
2072,Cr47W31Zr47,125,3,"Cr,W,Zr",47,0.376000000000,31,0.248000000000,0,0.000000000000,47,0.376000000000
2073,Cr31W31Zr63,125,3,"Cr,W,Zr",31,0.248000000000,31,0.248000000000,0,0.000000000000,63,0.504000000000
2074,Cr47W31YZr47,126,4,"Cr,W,Y,Zr",47,0.373015873016,31,0.246031746032,1,0.007936507937,47,0.373015873016
2075,Cr31W31Zr63,125,3,"Cr,W,Zr",31,0.248000000000,31,0.248000000000,0,0.000000000000,63,0.504000000000
2076,Cr32W31Zr63,126,3,"Cr,W,Zr",32,0.253968253968,31,0.246031746032,0,0.000000000000,63,0.500000000000
2077,Cr31W31Zr63,125,3,"Cr,W,Zr",31,0.248000000000,31,0.248000000000,0,0.000000000000,63,0.504000000000
2078,Cr28W31Zr55,114,3,"Cr,W,Zr",28,0.245614035088,31,0.271929824561,0,0.000000000000,55,0.482456140351
2079,Cr31W31Zr64,126,3,"Cr,W,Zr",31,0.246031746032,31,0.246031746032,0,0.000000000000,64,0.507936507937
2080,Cr47W31Zr47,125,3,"Cr,W,Zr",47,0.376000000000,31,0.248000000000,0,0.000000000000,47,0.376000000000
2081,Cr47W31Zr47,125,3,"Cr,W,Zr",47,0.376000000000,31,0.248000000000,0,0.000000000000,47,0.376000000000
2082,Cr47W31Zr47,125,3,"Cr,W,Zr",47,0.376000000000,31,0.248000000000,0,0.000000000000,47,0.376000000000
2083,Cr31W31Zr63,125,3,"Cr,W,Zr",31,0.248000000000,31,0.248000000000,0,0.000000000000,63,0.504000000000
2084,Cr31W31Zr63,125,3,"Cr,W,Zr",31,0.248000000000,31,0.248000000000,0,0.000000000000,63,0.504000000000
2085,Cr31W31Zr63,125,3,"Cr,W,Zr",31,0.248000000000,31,0.248000000000,0,0.000000000000,63,0.504000000000
2086,Cr31W30Zr55,116,3,"Cr,W,Zr",31,0.267241379310,30,0.258620689655,0,0.000000000000,55,0.474137931034
2087,Cr31W31Zr63,125,3,"Cr,W,Zr",31,0.248000000000,31,0.248000000000,0,0.000000000000,63,0.504000000000
2088,Cr38W35Zr32,105,3,"Cr,W,Zr",38,0.361904761905,35,0.333333333333,0,0.000000000000,32,0.304761904762
2089,Cr34W35Zr35,104,3,"Cr,W,Zr",34,0.326923076923,35,0.336538461538,0,0.000000000000,35,0.336538461538
2090,Cr16W31Zr78,125,3,"Cr,W,Zr",16,0.128000000000,31,0.248000000000,0,0.000000000000,78,0.624000000000
2091,Cr31W32Zr63,126,3,"Cr,W,Zr",31,0.246031746032,32,0.253968253968,0,0.000000000000,63,0.500000000000
2092,Cr32W32Zr32,96,3,"Cr,W,Zr",32,0.333333333333,32,0.333333333333,0,0.000000000000,32,0.333333333333
2093,Cr34W33Zr35,102,3,"Cr,W,Zr",34,0.333333333333,33,0.323529411765,0,0.000000000000,35,0.343137254902
2094,Cr16W31Zr78,125,3,"Cr,W,Zr",16,0.128000000000,31,0.248000000000,0,0.000000000000,78,0.624000000000
2095,Cr15W30Zr68,113,3,"Cr,W,Zr",15,0.132743362832,30,0.265486725664,0,0.000000000000,68,0.601769911504
2096,Cr16W31Zr79,126,3,"Cr,W,Zr",16,0.126984126984,31,0.246031746032,0,0.000000000000,79,0.626984126984
2097,Cr16W31Zr78,125,3,"Cr,W,Zr",16,0.128000000000,31,0.248000000000,0,0.000000000000,78,0.624000000000
2098,Cr16W31Zr78,125,3,"Cr,W,Zr",16,0.128000000000,31,0.248000000000,0,0.000000000000,78,0.624000000000
2099,Cr16W31Zr78,125,3,"Cr,W,Zr",16,0.128000000000,31,0.248000000000,0,0.000000000000,78,0.624000000000
2100,Cr16W26Zr72,114,3,"Cr,W,Zr",16,0.140350877193,26,0.228070175439,0,0.000000000000,72,0.631578947368
2101,Cr16W31YZr78,126,4,"Cr,W,Y,Zr",16,0.126984126984,31,0.246031746032,1,0.007936507937,78,0.619047619048
2102,Cr16W31Zr78,125,3,"Cr,W,Zr",16,0.128000000000,31,0.248000000000,0,0.000000000000,78,0.624000000000
2103,Cr33W35Zr34,102,3,"Cr,W,Zr",33,0.323529411765,35,0.343137254902,0,0.000000000000,34,0.333333333333
2104,Cr16W31Zr78,125,3,"Cr,W,Zr",16,0.128000000000,31,0.248000000000,0,0.000000000000,78,0.624000000000
2105,Cr16W31Zr78,125,3,"Cr,W,Zr",16,0.128000000000,31,0.248000000000,0,0.000000000000,78,0.624000000000
2106,Cr16W31Zr78,125,3,"Cr,W,Zr",16,0.128000000000,31,0.248000000000,0,0.000000000000,78,0.624000000000
2107,Cr62W47Zr16,125,3,"Cr,W,Zr",62,0.496000000000,47,0.376000000000,0,0.000000000000,16,0.128000000000
2108,Cr16W31Zr78,125,3,"Cr,W,Zr",16,0.128000000000,31,0.248000000000,0,0.000000000000,78,0.624000000000
2109,Cr62W47Zr16,125,3,"Cr,W,Zr",62,0.496000000000,47,0.376000000000,0,0.000000000000,16,0.128000000000
2110,Cr53W45Zr16,114,3,"Cr,W,Zr",53,0.464912280702,45,0.394736842105,0,0.000000000000,16,0.140350877193
2111,Cr63W47Zr16,126,3,"Cr,W,Zr",63,0.500000000000,47,0.373015873016,0,0.000000000000,16,0.126984126984
2112,Cr62W47Zr16,125,3,"Cr,W,Zr",62,0.496000000000,47,0.376000000000,0,0.000000000000,16,0.128000000000
2113,Cr62W47Zr16,125,3,"Cr,W,Zr",62,0.496000000000,47,0.376000000000,0,0.000000000000,16,0.128000000000
2114,Cr62W47Zr16,125,3,"Cr,W,Zr",62,0.496000000000,47,0.376000000000,0,0.000000000000,16,0.128000000000
2115,Cr62W47Zr16,125,3,"Cr,W,Zr",62,0.496000000000,47,0.376000000000,0,0.000000000000,16,0.128000000000
2116,Cr62W48Zr16,126,3,"Cr,W,Zr",62,0.492063492063,48,0.380952380952,0,0.000000000000,16,0.126984126984
2117,Cr62W47Zr16,125,3,"Cr,W,Zr",62,0.496000000000,47,0.376000000000,0,0.000000000000,16,0.128000000000
2118,Cr62W47Zr16,125,3,"Cr,W,Zr",62,0.496000000000,47,0.376000000000,0,0.000000000000,16,0.128000000000
2119,Cr62W47Zr16,125,3,"Cr,W,Zr",62,0.496000000000,47,0.376000000000,0,0.000000000000,16,0.128000000000
2120,Cr35W32Zr34,101,3,"Cr,W,Zr",35,0.346534653465,32,0.316831683168,0,0.000000000000,34,0.336633663366
2121,Cr62W47Zr16,125,3,"Cr,W,Zr",62,0.496000000000,47,0.376000000000,0,0.000000000000,16,0.128000000000
2122,Cr62W47Zr16,125,3,"Cr,W,Zr",62,0.496000000000,47,0.376000000000,0,0.000000000000,16,0.128000000000
2123,Cr32W32Zr32,96,3,"Cr,W,Zr",32,0.333333333333,32,0.333333333333,0,0.000000000000,32,0.333333333333
2124,Cr32W32Zr32,96,3,"Cr,W,Zr",32,0.333333333333,32,0.333333333333,0,0.000000000000,32,0.333333333333
2125,Cr34W33Zr33,100,3,"Cr,W,Zr",34,0.340000000000,33,0.330000000000,0,0.000000000000,33,0.330000000000
2126,Cr43W40Zr30,113,3,"Cr,W,Zr",43,0.380530973451,40,0.353982300885,0,0.000000000000,30,0.265486725664
2127,Cr47W47Zr31,125,3,"Cr,W,Zr",47,0.376000000000,47,0.376000000000,0,0.000000000000,31,0.248000000000
2128,Cr47W47Zr31,125,3,"Cr,W,Zr",47,0.376000000000,47,0.376000000000,0,0.000000000000,31,0.248000000000
2129,Cr47W47Zr31,125,3,"Cr,W,Zr",47,0.376000000000,47,0.376000000000,0,0.000000000000,31,0.248000000000
2130,Cr48W47Zr31,126,3,"Cr,W,Zr",48,0.380952380952,47,0.373015873016,0,0.000000000000,31,0.246031746032
2131,Cr47W47Zr32,126,3,"Cr,W,Zr",47,0.373015873016,47,0.373015873016,0,0.000000000000,32,0.253968253968
2132,Cr48W47Zr31,126,3,"Cr,W,Zr",48,0.380952380952,47,0.373015873016,0,0.000000000000,31,0.246031746032
2133,Cr47W47Zr31,125,3,"Cr,W,Zr",47,0.376000000000,47,0.376000000000,0,0.000000000000,31,0.248000000000
2134,Cr48W47Zr31,126,3,"Cr,W,Zr",48,0.380952380952,47,0.373015873016,0,0.000000000000,31,0.246031746032
2135,Cr32W49Zr47,128,3,"Cr,W,Zr",32,0.250000000000,49,0.382812500000,0,0.000000000000,47,0.367187500000
2136,Cr31W47Zr47,125,3,"Cr,W,Zr",31,0.248000000000,47,0.376000000000,0,0.000000000000,47,0.376000000000
2137,Cr34W34Zr34,102,3,"Cr,W,Zr",34,0.333333333333,34,0.333333333333,0,0.000000000000,34,0.333333333333
2138,Cr47W47Zr31,125,3,"Cr,W,Zr",47,0.376000000000,47,0.376000000000,0,0.000000000000,31,0.248000000000
2139,Cr41W47Zr28,116,3,"Cr,W,Zr",41,0.353448275862,47,0.405172413793,0,0.000000000000,28,0.241379310345
2140,Cr47W47Zr31,125,3,"Cr,W,Zr",47,0.376000000000,47,0.376000000000,0,0.000000000000,31,0.248000000000
2141,Cr31W47Zr47,125,3,"Cr,W,Zr",31,0.248000000000,47,0.376000000000,0,0.000000000000,47,0.376000000000
2142,Cr31W47Zr47,125,3,"Cr,W,Zr",31,0.248000000000,47,0.376000000000,0,0.000000000000,47,0.376000000000
2143,Cr31W47Zr47,125,3,"Cr,W,Zr",31,0.248000000000,47,0.376000000000,0,0.000000000000,47,0.376000000000
2144,Cr23W44Zr46,113,3,"Cr,W,Zr",23,0.203539823009,44,0.389380530973,0,0.000000000000,46,0.407079646018
2145,Cr31W47Zr47,125,3,"Cr,W,Zr",31,0.248000000000,47,0.376000000000,0,0.000000000000,47,0.376000000000
2146,Cr28W47Zr42,117,3,"Cr,W,Zr",28,0.239316239316,47,0.401709401709,0,0.000000000000,42,0.358974358974
2147,Cr31W47YZr47,126,4,"Cr,W,Y,Zr",31,0.246031746032,47,0.373015873016,1,0.007936507937,47,0.373015873016
2148,Cr31W47Zr49,127,3,"Cr,W,Zr",31,0.244094488189,47,0.370078740157,0,0.000000000000,49,0.385826771654
2149,Cr31W48Zr47,126,3,"Cr,W,Zr",31,0.246031746032,48,0.380952380952,0,0.000000000000,47,0.373015873016
2150,Cr16W47Zr62,125,3,"Cr,W,Zr",16,0.128000000000,47,0.376000000000,0,0.000000000000,62,0.496000000000
2151,Cr13W44Zr56,113,3,"Cr,W,Zr",13,0.115044247788,44,0.389380530973,0,0.000000000000,56,0.495575221239
2152,Cr16W47YZr62,126,4,"Cr,W,Y,Zr",16,0.126984126984,47,0.373015873016,1,0.007936507937,62,0.492063492063
2153,Cr31W47Zr47,125,3,"Cr,W,Zr",31,0.248000000000,47,0.376000000000,0,0.000000000000,47,0.376000000000
2154,Cr31W48Zr47,126,3,"Cr,W,Zr",31,0.246031746032,48,0.380952380952,0,0.000000000000,47,0.373015873016
2155,Cr16W47Zr53,116,3,"Cr,W,Zr",16,0.137931034483,47,0.405172413793,0,0.000000000000,53,0.456896551724
2156,Cr16W47Zr62,125,3,"Cr,W,Zr",16,0.128000000000,47,0.376000000000,0,0.000000000000,62,0.496000000000
2157,Cr48W62YZr18,129,4,"Cr,W,Y,Zr",48,0.372093023256,62,0.480620155039,1,0.007751937984,18,0.139534883721
2158,Cr16W47Zr62,125,3,"Cr,W,Zr",16,0.128000000000,47,0.376000000000,0,0.000000000000,62,0.496000000000
2159,Cr16W47Zr62,125,3,"Cr,W,Zr",16,0.128000000000,47,0.376000000000,0,0.000000000000,62,0.496000000000
2160,Cr16W47Zr62,125,3,"Cr,W,Zr",16,0.128000000000,47,0.376000000000,0,0.000000000000,62,0.496000000000
2161,Cr16W43Zr55,114,3,"Cr,W,Zr",16,0.140350877193,43,0.377192982456,0,0.000000000000,55,0.482456140351
2162,Cr16W47Zr62,125,3,"Cr,W,Zr",16,0.128000000000,47,0.376000000000,0,0.000000000000,62,0.496000000000
2163,Cr16W47Zr62,125,3,"Cr,W,Zr",16,0.128000000000,47,0.376000000000,0,0.000000000000,62,0.496000000000
2164,Cr16W47Zr62,125,3,"Cr,W,Zr",16,0.128000000000,47,0.376000000000,0,0.000000000000,62,0.496000000000
2165,Cr16W40Zr59,115,3,"Cr,W,Zr",16,0.139130434783,40,0.347826086957,0,0.000000000000,59,0.513043478261
2166,Cr16W48Zr62,126,3,"Cr,W,Zr",16,0.126984126984,48,0.380952380952,0,0.000000000000,62,0.492063492063
2167,Cr47W62Zr16,125,3,"Cr,W,Zr",47,0.376000000000,62,0.496000000000,0,0.000000000000,16,0.128000000000
2168,Cr35W34Zr36,105,3,"Cr,W,Zr",35,0.333333333333,34,0.323809523810,0,0.000000000000,36,0.342857142857
2169,Cr43W54Zr16,113,3,"Cr,W,Zr",43,0.380530973451,54,0.477876106195,0,0.000000000000,16,0.141592920354
2170,Cr47W62Zr16,125,3,"Cr,W,Zr",47,0.376000000000,62,0.496000000000,0,0.000000000000,16,0.128000000000
2171,Cr16W47Zr62,125,3,"Cr,W,Zr",16,0.128000000000,47,0.376000000000,0,0.000000000000,62,0.496000000000
2172,Cr16W47Zr62,125,3,"Cr,W,Zr",16,0.128000000000,47,0.376000000000,0,0.000000000000,62,0.496000000000
2173,Cr18W47Zr62,127,3,"Cr,W,Zr",18,0.141732283465,47,0.370078740157,0,0.000000000000,62,0.488188976378
2174,Cr44W59Zr11,114,3,"Cr,W,Zr",44,0.385964912281,59,0.517543859649,0,0.000000000000,11,0.096491228070
2175,Cr41W58Zr16,115,3,"Cr,W,Zr",41,0.356521739130,58,0.504347826087,0,0.000000000000,16,0.139130434783
2176,Cr47W62Zr16,125,3,"Cr,W,Zr",47,0.376000000000,62,0.496000000000,0,0.000000000000,16,0.128000000000
2177,Cr47W62Zr16,125,3,"Cr,W,Zr",47,0.376000000000,62,0.496000000000,0,0.000000000000,16,0.128000000000
2178,Cr47W62Zr16,125,3,"Cr,W,Zr",47,0.376000000000,62,0.496000000000,0,0.000000000000,16,0.128000000000
2179,Cr47W62Zr16,125,3,"Cr,W,Zr",47,0.376000000000,62,0.496000000000,0,0.000000000000,16,0.128000000000
2180,Cr47W62Zr16,125,3,"Cr,W,Zr",47,0.376000000000,62,0.496000000000,0,0.000000000000,16,0.128000000000
2181,Cr47W62Zr16,125,3,"Cr,W,Zr",47,0.376000000000,62,0.496000000000,0,0.000000000000,16,0.128000000000
2182,Cr47W62Zr16,125,3,"Cr,W,Zr",47,0.376000000000,62,0.496000000000,0,0.000000000000,16,0.128000000000
2183,Cr47W62Zr16,125,3,"Cr,W,Zr",47,0.376000000000,62,0.496000000000,0,0.000000000000,16,0.128000000000
2184,Cr32W63Zr31,126,3,"Cr,W,Zr",32,0.253968253968,63,0.500000000000,0,0.000000000000,31,0.246031746032
2185,Cr31W63Zr32,126,3,"Cr,W,Zr",31,0.246031746032,63,0.500000000000,0,0.000000000000,32,0.253968253968
2186,Cr32W63Zr31,126,3,"Cr,W,Zr",32,0.253968253968,63,0.500000000000,0,0.000000000000,31,0.246031746032
2187,Cr31W63Zr32,126,3,"Cr,W,Zr",31,0.246031746032,63,0.500000000000,0,0.000000000000,32,0.253968253968
2188,Cr31W62Zr32,125,3,"Cr,W,Zr",31,0.248000000000,62,0.496000000000,0,0.000000000000,32,0.256000000000
2189,Cr30W53Zr30,113,3,"Cr,W,Zr",30,0.265486725664,53,0.469026548673,0,0.000000000000,30,0.265486725664
2190,Cr31W58Zr24,113,3,"Cr,W,Zr",31,0.274336283186,58,0.513274336283,0,0.000000000000,24,0.212389380531
2191,Cr32W63Zr32,127,3,"Cr,W,Zr",32,0.251968503937,63,0.496062992126,0,0.000000000000,32,0.251968503937
2192,Cr31W63Zr31,125,3,"Cr,W,Zr",31,0.248000000000,63,0.504000000000,0,0.000000000000,31,0.248000000000
2193,Cr31W63Zr31,125,3,"Cr,W,Zr",31,0.248000000000,63,0.504000000000,0,0.000000000000,31,0.248000000000
2194,Cr32W64Zr31,127,3,"Cr,W,Zr",32,0.251968503937,64,0.503937007874,0,0.000000000000,31,0.244094488189
2195,Cr31W62Zr32,125,3,"Cr,W,Zr",31,0.248000000000,62,0.496000000000,0,0.000000000000,32,0.256000000000
2196,Cr17W62Zr48,127,3,"Cr,W,Zr",17,0.133858267717,62,0.488188976378,0,0.000000000000,48,0.377952755906
2197,Cr15W61Zr39,115,3,"Cr,W,Zr",15,0.130434782609,61,0.530434782609,0,0.000000000000,39,0.339130434783
2198,Cr16W62Zr48,126,3,"Cr,W,Zr",16,0.126984126984,62,0.492063492063,0,0.000000000000,48,0.380952380952
2199,Cr16W62Zr47,125,3,"Cr,W,Zr",16,0.128000000000,62,0.496000000000,0,0.000000000000,47,0.376000000000
2200,Cr16W57Zr41,114,3,"Cr,W,Zr",16,0.140350877193,57,0.500000000000,0,0.000000000000,41,0.359649122807
2201,Cr16W62Zr47,125,3,"Cr,W,Zr",16,0.128000000000,62,0.496000000000,0,0.000000000000,47,0.376000000000
2202,Cr16W62Zr47,125,3,"Cr,W,Zr",16,0.128000000000,62,0.496000000000,0,0.000000000000,47,0.376000000000
2203,Cr16W62Zr48,126,3,"Cr,W,Zr",16,0.126984126984,62,0.492063492063,0,0.000000000000,48,0.380952380952
2204,Cr16W62Zr47,125,3,"Cr,W,Zr",16,0.128000000000,62,0.496000000000,0,0.000000000000,47,0.376000000000
2205,Cr16W62Zr47,125,3,"Cr,W,Zr",16,0.128000000000,62,0.496000000000,0,0.000000000000,47,0.376000000000
2206,Cr16W62Zr48,126,3,"Cr,W,Zr",16,0.126984126984,62,0.492063492063,0,0.000000000000,48,0.380952380952
2207,Cr16W62Zr47,125,3,"Cr,W,Zr",16,0.128000000000,62,0.496000000000,0,0.000000000000,47,0.376000000000
2208,Cr16W53Zr44,113,3,"Cr,W,Zr",16,0.141592920354,53,0.469026548673,0,0.000000000000,44,0.389380530973
2209,Cr16W64Zr47,127,3,"Cr,W,Zr",16,0.125984251969,64,0.503937007874,0,0.000000000000,47,0.370078740157
2210,Cr31W78Zr16,125,3,"Cr,W,Zr",31,0.248000000000,78,0.624000000000,0,0.000000000000,16,0.128000000000
2211,Cr31W78Zr16,125,3,"Cr,W,Zr",31,0.248000000000,78,0.624000000000,0,0.000000000000,16,0.128000000000
2212,Cr30W70Zr14,114,3,"Cr,W,Zr",30,0.263157894737,70,0.614035087719,0,0.000000000000,14,0.122807017544
2213,Cr31W78YZr16,126,4,"Cr,W,Y,Zr",31,0.246031746032,78,0.619047619048,1,0.007936507937,16,0.126984126984
2214,Cr26W73Zr14,113,3,"Cr,W,Zr",26,0.230088495575,73,0.646017699115,0,0.000000000000,14,0.123893805310
2215,Cr31W79Zr16,126,3,"Cr,W,Zr",31,0.246031746032,79,0.626984126984,0,0.000000000000,16,0.126984126984
2216,Cr31W78Zr16,125,3,"Cr,W,Zr",31,0.248000000000,78,0.624000000000,0,0.000000000000,16,0.128000000000
2217,Cr31W78Zr16,125,3,"Cr,W,Zr",31,0.248000000000,78,0.624000000000,0,0.000000000000,16,0.128000000000
2218,Cr31W78Zr16,125,3,"Cr,W,Zr",31,0.248000000000,78,0.624000000000,0,0.000000000000,16,0.128000000000
2219,Cr31W78Zr16,125,3,"Cr,W,Zr",31,0.248000000000,78,0.624000000000,0,0.000000000000,16,0.128000000000
2220,Cr31W78Zr16,125,3,"Cr,W,Zr",31,0.248000000000,78,0.624000000000,0,0.000000000000,16,0.128000000000
2221,Cr31W78Zr16,125,3,"Cr,W,Zr",31,0.248000000000,78,0.624000000000,0,0.000000000000,16,0.128000000000
2222,Cr31W79Zr17,127,3,"Cr,W,Zr",31,0.244094488189,79,0.622047244094,0,0.000000000000,17,0.133858267717
2223,Cr16W78Zr31,125,3,"Cr,W,Zr",16,0.128000000000,78,0.624000000000,0,0.000000000000,31,0.248000000000
2224,Cr16W78Zr31,125,3,"Cr,W,Zr",16,0.128000000000,78,0.624000000000,0,0.000000000000,31,0.248000000000
2225,Cr31W78Zr16,125,3,"Cr,W,Zr",31,0.248000000000,78,0.624000000000,0,0.000000000000,16,0.128000000000
2226,Cr16W78Zr31,125,3,"Cr,W,Zr",16,0.128000000000,78,0.624000000000,0,0.000000000000,31,0.248000000000
2227,Cr16W78Zr31,125,3,"Cr,W,Zr",16,0.128000000000,78,0.624000000000,0,0.000000000000,31,0.248000000000
2228,Cr14W68Zr31,113,3,"Cr,W,Zr",14,0.123893805310,68,0.601769911504,0,0.000000000000,31,0.274336283186
2229,Cr16W78YZr32,127,4,"Cr,W,Y,Zr",16,0.125984251969,78,0.614173228346,1,0.007874015748,32,0.251968503937
2230,Cr16W78Zr31,125,3,"Cr,W,Zr",16,0.128000000000,78,0.624000000000,0,0.000000000000,31,0.248000000000
2231,Cr15W71Zr27,113,3,"Cr,W,Zr",15,0.132743362832,71,0.628318584071,0,0.000000000000,27,0.238938053097
2232,Cr17W79Zr31,127,3,"Cr,W,Zr",17,0.133858267717,79,0.622047244094,0,0.000000000000,31,0.244094488189
2233,Cr16W78Zr31,125,3,"Cr,W,Zr",16,0.128000000000,78,0.624000000000,0,0.000000000000,31,0.248000000000
2234,Cr16W78Zr31,125,3,"Cr,W,Zr",16,0.128000000000,78,0.624000000000,0,0.000000000000,31,0.248000000000
2235,Cr16W78Zr31,125,3,"Cr,W,Zr",16,0.128000000000,78,0.624000000000,0,0.000000000000,31,0.248000000000
2236,Cr16W94Zr15,125,3,"Cr,W,Zr",16,0.128000000000,94,0.752000000000,0,0.000000000000,15,0.120000000000
2237,Cr16W94Zr15,125,3,"Cr,W,Zr",16,0.128000000000,94,0.752000000000,0,0.000000000000,15,0.120000000000
2238,Cr16W94Zr15,125,3,"Cr,W,Zr",16,0.128000000000,94,0.752000000000,0,0.000000000000,15,0.120000000000
2239,Cr16W94Zr15,125,3,"Cr,W,Zr",16,0.128000000000,94,0.752000000000,0,0.000000000000,15,0.120000000000
2240,Cr16W94Zr16,126,3,"Cr,W,Zr",16,0.126984126984,94,0.746031746032,0,0.000000000000,16,0.126984126984
2241,Cr16W94Zr15,125,3,"Cr,W,Zr",16,0.128000000000,94,0.752000000000,0,0.000000000000,15,0.120000000000
2242,Cr17W94Zr15,126,3,"Cr,W,Zr",17,0.134920634921,94,0.746031746032,0,0.000000000000,15,0.119047619048
2243,Cr16W94Zr15,125,3,"Cr,W,Zr",16,0.128000000000,94,0.752000000000,0,0.000000000000,15,0.120000000000
2244,Cr16W94Zr15,125,3,"Cr,W,Zr",16,0.128000000000,94,0.752000000000,0,0.000000000000,15,0.120000000000
2245,Cr16W84Zr15,115,3,"Cr,W,Zr",16,0.139130434783,84,0.730434782609,0,0.000000000000,15,0.130434782609
2246,Cr16W94Zr15,125,3,"Cr,W,Zr",16,0.128000000000,94,0.752000000000,0,0.000000000000,15,0.120000000000
2247,Cr94Y16Zr15,125,3,"Cr,Y,Zr",94,0.752000000000,0,0.000000000000,16,0.128000000000,15,0.120000000000
2248,Cr95Y16Zr15,126,3,"Cr,Y,Zr",95,0.753968253968,0,0.000000000000,16,0.126984126984,15,0.119047619048
2249,Cr94Y16Zr15,125,3,"Cr,Y,Zr",94,0.752000000000,0,0.000000000000,16,0.128000000000,15,0.120000000000
2250,Cr84Y16Zr14,114,3,"Cr,Y,Zr",84,0.736842105263,0,0.000000000000,16,0.140350877193,14,0.122807017544
2251,Cr94Y16Zr15,125,3,"Cr,Y,Zr",94,0.752000000000,0,0.000000000000,16,0.128000000000,15,0.120000000000
2252,Cr94Y16Zr15,125,3,"Cr,Y,Zr",94,0.752000000000,0,0.000000000000,16,0.128000000000,15,0.120000000000
2253,Cr94Y16Zr15,125,3,"Cr,Y,Zr",94,0.752000000000,0,0.000000000000,16,0.128000000000,15,0.120000000000
2254,Cr94Y16Zr15,125,3,"Cr,Y,Zr",94,0.752000000000,0,0.000000000000,16,0.128000000000,15,0.120000000000
2255,Cr94Y16Zr15,125,3,"Cr,Y,Zr",94,0.752000000000,0,0.000000000000,16,0.128000000000,15,0.120000000000
2256,Cr16W94Zr15,125,3,"Cr,W,Zr",16,0.128000000000,94,0.752000000000,0,0.000000000000,15,0.120000000000
2257,Cr16W94YZr15,126,4,"Cr,W,Y,Zr",16,0.126984126984,94,0.746031746032,1,0.007936507937,15,0.119047619048
2258,Cr94WY17Zr15,127,4,"Cr,W,Y,Zr",94,0.740157480315,1,0.007874015748,17,0.133858267717,15,0.118110236220
2259,Cr94Y17Zr16,127,3,"Cr,Y,Zr",94,0.740157480315,0,0.000000000000,17,0.133858267717,16,0.125984251969
2260,Cr94Y16Zr15,125,3,"Cr,Y,Zr",94,0.752000000000,0,0.000000000000,16,0.128000000000,15,0.120000000000
2261,Cr94Y16Zr15,125,3,"Cr,Y,Zr",94,0.752000000000,0,0.000000000000,16,0.128000000000,15,0.120000000000
2262,Cr94Y16Zr15,125,3,"Cr,Y,Zr",94,0.752000000000,0,0.000000000000,16,0.128000000000,15,0.120000000000
2263,Cr87Y13Zr14,114,3,"Cr,Y,Zr",87,0.763157894737,0,0.000000000000,13,0.114035087719,14,0.122807017544
2264,Cr95WY16Zr15,127,4,"Cr,W,Y,Zr",95,0.748031496063,1,0.007874015748,16,0.125984251969,15,0.118110236220
2265,Cr78Y16Zr32,126,3,"Cr,Y,Zr",78,0.619047619048,0,0.000000000000,16,0.126984126984,32,0.253968253968
2266,Cr78Y16Zr31,125,3,"Cr,Y,Zr",78,0.624000000000,0,0.000000000000,16,0.128000000000,31,0.248000000000
2267,Cr78Y16Zr31,125,3,"Cr,Y,Zr",78,0.624000000000,0,0.000000000000,16,0.128000000000,31,0.248000000000
2268,Cr78Y16Zr31,125,3,"Cr,Y,Zr",78,0.624000000000,0,0.000000000000,16,0.128000000000,31,0.248000000000
2269,Cr74Y16Zr25,115,3,"Cr,Y,Zr",74,0.643478260870,0,0.000000000000,16,0.139130434783,25,0.217391304348
2270,Cr78Y17Zr31,126,3,"Cr,Y,Zr",78,0.619047619048,0,0.000000000000,17,0.134920634921,31,0.246031746032
2271,Cr94Y16Zr15,125,3,"Cr,Y,Zr",94,0.752000000000,0,0.000000000000,16,0.128000000000,15,0.120000000000
2272,Cr78Y16Zr31,125,3,"Cr,Y,Zr",78,0.624000000000,0,0.000000000000,16,0.128000000000,31,0.248000000000
2273,Cr78Y16Zr31,125,3,"Cr,Y,Zr",78,0.624000000000,0,0.000000000000,16,0.128000000000,31,0.248000000000
2274,Cr78Y16Zr31,125,3,"Cr,Y,Zr",78,0.624000000000,0,0.000000000000,16,0.128000000000,31,0.248000000000
2275,Cr78Y16Zr31,125,3,"Cr,Y,Zr",78,0.624000000000,0,0.000000000000,16,0.128000000000,31,0.248000000000
2276,Cr78Y16Zr31,125,3,"Cr,Y,Zr",78,0.624000000000,0,0.000000000000,16,0.128000000000,31,0.248000000000
2277,Cr78WY16Zr32,127,4,"Cr,W,Y,Zr",78,0.614173228346,1,0.007874015748,16,0.125984251969,32,0.251968503937
2278,Cr56Y16Zr42,114,3,"Cr,Y,Zr",56,0.491228070175,0,0.000000000000,16,0.140350877193,42,0.368421052632
2279,Cr62Y17Zr47,126,3,"Cr,Y,Zr",62,0.492063492063,0,0.000000000000,17,0.134920634921,47,0.373015873016
2280,Cr69Y14Zr30,113,3,"Cr,Y,Zr",69,0.610619469027,0,0.000000000000,14,0.123893805310,30,0.265486725664
2281,Cr78Y16Zr31,125,3,"Cr,Y,Zr",78,0.624000000000,0,0.000000000000,16,0.128000000000,31,0.248000000000
2282,Cr62Y16Zr47,125,3,"Cr,Y,Zr",62,0.496000000000,0,0.000000000000,16,0.128000000000,47,0.376000000000
2283,Cr78Y16Zr31,125,3,"Cr,Y,Zr",78,0.624000000000,0,0.000000000000,16,0.128000000000,31,0.248000000000
2284,Cr78Y16Zr31,125,3,"Cr,Y,Zr",78,0.624000000000,0,0.000000000000,16,0.128000000000,31,0.248000000000
2285,Cr78Y16Zr31,125,3,"Cr,Y,Zr",78,0.624000000000,0,0.000000000000,16,0.128000000000,31,0.248000000000
2286,Cr78Y16Zr31,125,3,"Cr,Y,Zr",78,0.624000000000,0,0.000000000000,16,0.128000000000,31,0.248000000000
2287,Cr79Y17Zr31,127,3,"Cr,Y,Zr",79,0.622047244094,0,0.000000000000,17,0.133858267717,31,0.244094488189
2288,Cr62Y16Zr47,125,3,"Cr,Y,Zr",62,0.496000000000,0,0.000000000000,16,0.128000000000,47,0.376000000000
2289,Cr62Y16Zr47,125,3,"Cr,Y,Zr",62,0.496000000000,0,0.000000000000,16,0.128000000000,47,0.376000000000
2290,Cr62Y16Zr47,125,3,"Cr,Y,Zr",62,0.496000000000,0,0.000000000000,16,0.128000000000,47,0.376000000000
2291,Cr62Y16Zr47,125,3,"Cr,Y,Zr",62,0.496000000000,0,0.000000000000,16,0.128000000000,47,0.376000000000
2292,Cr62Y16Zr47,125,3,"Cr,Y,Zr",62,0.496000000000,0,0.000000000000,16,0.128000000000,47,0.376000000000
2293,Cr62Y16Zr47,125,3,"Cr,Y,Zr",62,0.496000000000,0,0.000000000000,16,0.128000000000,47,0.376000000000
2294,Cr62Y16Zr47,125,3,"Cr,Y,Zr",62,0.496000000000,0,0.000000000000,16,0.128000000000,47,0.376000000000
2295,Cr47Y16Zr62,125,3,"Cr,Y,Zr",47,0.376000000000,0,0.000000000000,16,0.128000000000,62,0.496000000000
2296,Cr62Y16Zr47,125,3,"Cr,Y,Zr",62,0.496000000000,0,0.000000000000,16,0.128000000000,47,0.376000000000
2297,Cr62Y16Zr47,125,3,"Cr,Y,Zr",62,0.496000000000,0,0.000000000000,16,0.128000000000,47,0.376000000000
2298,Cr62Y16Zr47,125,3,"Cr,Y,Zr",62,0.496000000000,0,0.000000000000,16,0.128000000000,47,0.376000000000
2299,Cr62Y16Zr47,125,3,"Cr,Y,Zr",62,0.496000000000,0,0.000000000000,16,0.128000000000,47,0.376000000000
2300,Cr47Y16Zr62,125,3,"Cr,Y,Zr",47,0.376000000000,0,0.000000000000,16,0.128000000000,62,0.496000000000
2301,Cr47Y16Zr62,125,3,"Cr,Y,Zr",47,0.376000000000,0,0.000000000000,16,0.128000000000,62,0.496000000000
2302,Cr47Y17Zr63,127,3,"Cr,Y,Zr",47,0.370078740157,0,0.000000000000,17,0.133858267717,63,0.496062992126
2303,Cr47Y16Zr62,125,3,"Cr,Y,Zr",47,0.376000000000,0,0.000000000000,16,0.128000000000,62,0.496000000000
2304,Cr47Y16Zr62,125,3,"Cr,Y,Zr",47,0.376000000000,0,0.000000000000,16,0.128000000000,62,0.496000000000
2305,Cr47Y16Zr62,125,3,"Cr,Y,Zr",47,0.376000000000,0,0.000000000000,16,0.128000000000,62,0.496000000000
2306,Cr47WY16Zr62,126,4,"Cr,W,Y,Zr",47,0.373015873016,1,0.007936507937,16,0.126984126984,62,0.492063492063
2307,Cr62Y16Zr47,125,3,"Cr,Y,Zr",62,0.496000000000,0,0.000000000000,16,0.128000000000,47,0.376000000000
2308,Cr62Y16Zr47,125,3,"Cr,Y,Zr",62,0.496000000000,0,0.000000000000,16,0.128000000000,47,0.376000000000
2309,Cr62Y16Zr47,125,3,"Cr,Y,Zr",62,0.496000000000,0,0.000000000000,16,0.128000000000,47,0.376000000000
2310,Cr56Y14Zr44,114,3,"Cr,Y,Zr",56,0.491228070175,0,0.000000000000,14,0.122807017544,44,0.385964912281
2311,Cr62Y15Zr41,118,3,"Cr,Y,Zr",62,0.525423728814,0,0.000000000000,15,0.127118644068,41,0.347457627119
2312,Cr62Y16Zr47,125,3,"Cr,Y,Zr",62,0.496000000000,0,0.000000000000,16,0.128000000000,47,0.376000000000
2313,Cr47Y16Zr62,125,3,"Cr,Y,Zr",47,0.376000000000,0,0.000000000000,16,0.128000000000,62,0.496000000000
2314,Cr47Y16Zr62,125,3,"Cr,Y,Zr",47,0.376000000000,0,0.000000000000,16,0.128000000000,62,0.496000000000
2315,Cr47Y16Zr62,125,3,"Cr,Y,Zr",47,0.376000000000,0,0.000000000000,16,0.128000000000,62,0.496000000000
2316,Cr47Y14Zr52,113,3,"Cr,Y,Zr",47,0.415929203540,0,0.000000000000,14,0.123893805310,52,0.460176991150
2317,Cr47Y16Zr62,125,3,"Cr,Y,Zr",47,0.376000000000,0,0.000000000000,16,0.128000000000,62,0.496000000000
2318,Cr31Y18Zr78,127,3,"Cr,Y,Zr",31,0.244094488189,0,0.000000000000,18,0.141732283465,78,0.614173228346
2319,Cr47Y16Zr62,125,3,"Cr,Y,Zr",47,0.376000000000,0,0.000000000000,16,0.128000000000,62,0.496000000000
2320,Cr40Y16Zr58,114,3,"Cr,Y,Zr",40,0.350877192982,0,0.000000000000,16,0.140350877193,58,0.508771929825
2321,Cr47Y16Zr62,125,3,"Cr,Y,Zr",47,0.376000000000,0,0.000000000000,16,0.128000000000,62,0.496000000000
2322,Cr47Y16Zr62,125,3,"Cr,Y,Zr",47,0.376000000000,0,0.000000000000,16,0.128000000000,62,0.496000000000
2323,Cr47Y16Zr62,125,3,"Cr,Y,Zr",47,0.376000000000,0,0.000000000000,16,0.128000000000,62,0.496000000000
2324,Cr47Y16Zr62,125,3,"Cr,Y,Zr",47,0.376000000000,0,0.000000000000,16,0.128000000000,62,0.496000000000
2325,Cr31Y16Zr78,125,3,"Cr,Y,Zr",31,0.248000000000,0,0.000000000000,16,0.128000000000,78,0.624000000000
2326,Cr31Y16Zr78,125,3,"Cr,Y,Zr",31,0.248000000000,0,0.000000000000,16,0.128000000000,78,0.624000000000
2327,Cr32W2Y16Zr78,128,4,"Cr,W,Y,Zr",32,0.250000000000,2,0.015625000000,16,0.125000000000,78,0.609375000000
2328,Cr31Y16Zr78,125,3,"Cr,Y,Zr",31,0.248000000000,0,0.000000000000,16,0.128000000000,78,0.624000000000
2329,Cr31Y16Zr78,125,3,"Cr,Y,Zr",31,0.248000000000,0,0.000000000000,16,0.128000000000,78,0.624000000000
2330,Cr31Y16Zr78,125,3,"Cr,Y,Zr",31,0.248000000000,0,0.000000000000,16,0.128000000000,78,0.624000000000
2331,Cr31Y16Zr78,125,3,"Cr,Y,Zr",31,0.248000000000,0,0.000000000000,16,0.128000000000,78,0.624000000000
2332,Cr31Y16Zr78,125,3,"Cr,Y,Zr",31,0.248000000000,0,0.000000000000,16,0.128000000000,78,0.624000000000
2333,Cr31Y16Zr78,125,3,"Cr,Y,Zr",31,0.248000000000,0,0.000000000000,16,0.128000000000,78,0.624000000000
2334,Cr31Y16Zr78,125,3,"Cr,Y,Zr",31,0.248000000000,0,0.000000000000,16,0.128000000000,78,0.624000000000
2335,Cr31Y16Zr78,125,3,"Cr,Y,Zr",31,0.248000000000,0,0.000000000000,16,0.128000000000,78,0.624000000000
2336,Cr31Y16Zr78,125,3,"Cr,Y,Zr",31,0.248000000000,0,0.000000000000,16,0.128000000000,78,0.624000000000
2337,Cr31Y16Zr78,125,3,"Cr,Y,Zr",31,0.248000000000,0,0.000000000000,16,0.128000000000,78,0.624000000000
2338,Cr31Y16Zr78,125,3,"Cr,Y,Zr",31,0.248000000000,0,0.000000000000,16,0.128000000000,78,0.624000000000
2339,Cr29Y15Zr73,117,3,"Cr,Y,Zr",29,0.247863247863,0,0.000000000000,15,0.128205128205,73,0.623931623932
2340,Cr31WY16Zr78,126,4,"Cr,W,Y,Zr",31,0.246031746032,1,0.007936507937,16,0.126984126984,78,0.619047619048
2341,Cr16Y15Zr94,125,3,"Cr,Y,Zr",16,0.128000000000,0,0.000000000000,15,0.120000000000,94,0.752000000000
2342,Cr31Y13Zr69,113,3,"Cr,Y,Zr",31,0.274336283186,0,0.000000000000,13,0.115044247788,69,0.610619469027
2343,Cr31Y16Zr78,125,3,"Cr,Y,Zr",31,0.248000000000,0,0.000000000000,16,0.128000000000,78,0.624000000000
2344,Cr78Y31Zr16,125,3,"Cr,Y,Zr",78,0.624000000000,0,0.000000000000,31,0.248000000000,16,0.128000000000
2345,Cr78Y31Zr16,125,3,"Cr,Y,Zr",78,0.624000000000,0,0.000000000000,31,0.248000000000,16,0.128000000000
2346,Cr78Y31Zr16,125,3,"Cr,Y,Zr",78,0.624000000000,0,0.000000000000,31,0.248000000000,16,0.128000000000
2347,Cr16Y15Zr94,125,3,"Cr,Y,Zr",16,0.128000000000,0,0.000000000000,15,0.120000000000,94,0.752000000000
2348,Cr16Y15Zr94,125,3,"Cr,Y,Zr",16,0.128000000000,0,0.000000000000,15,0.120000000000,94,0.752000000000
2349,Cr16Y15Zr94,125,3,"Cr,Y,Zr",16,0.128000000000,0,0.000000000000,15,0.120000000000,94,0.752000000000
2350,Cr16Y15Zr94,125,3,"Cr,Y,Zr",16,0.128000000000,0,0.000000000000,15,0.120000000000,94,0.752000000000
2351,Cr17Y16Zr94,127,3,"Cr,Y,Zr",17,0.133858267717,0,0.000000000000,16,0.125984251969,94,0.740157480315
2352,Cr16Y15Zr94,125,3,"Cr,Y,Zr",16,0.128000000000,0,0.000000000000,15,0.120000000000,94,0.752000000000
2353,Cr16WY15Zr94,126,4,"Cr,W,Y,Zr",16,0.126984126984,1,0.007936507937,15,0.119047619048,94,0.746031746032
2354,Cr16Y16Zr93,125,3,"Cr,Y,Zr",16,0.128000000000,0,0.000000000000,16,0.128000000000,93,0.744000000000
2355,Cr16Y14Zr83,113,3,"Cr,Y,Zr",16,0.141592920354,0,0.000000000000,14,0.123893805310,83,0.734513274336
2356,Cr12Y16Zr86,114,3,"Cr,Y,Zr",12,0.105263157895,0,0.000000000000,16,0.140350877193,86,0.754385964912
2357,Cr16Y18Zr95,129,3,"Cr,Y,Zr",16,0.124031007752,0,0.000000000000,18,0.139534883721,95,0.736434108527
2358,Cr16Y17Zr93,126,3,"Cr,Y,Zr",16,0.126984126984,0,0.000000000000,17,0.134920634921,93,0.738095238095
2359,Cr16Y16Zr93,125,3,"Cr,Y,Zr",16,0.128000000000,0,0.000000000000,16,0.128000000000,93,0.744000000000
2360,Cr16Y16Zr93,125,3,"Cr,Y,Zr",16,0.128000000000,0,0.000000000000,16,0.128000000000,93,0.744000000000
2361,Cr16Y16Zr93,125,3,"Cr,Y,Zr",16,0.128000000000,0,0.000000000000,16,0.128000000000,93,0.744000000000
2362,Cr16Y16Zr93,125,3,"Cr,Y,Zr",16,0.128000000000,0,0.000000000000,16,0.128000000000,93,0.744000000000
2363,Cr78Y31Zr16,125,3,"Cr,Y,Zr",78,0.624000000000,0,0.000000000000,31,0.248000000000,16,0.128000000000
2364,Cr78Y31Zr16,125,3,"Cr,Y,Zr",78,0.624000000000,0,0.000000000000,31,0.248000000000,16,0.128000000000
2365,Cr78Y31Zr16,125,3,"Cr,Y,Zr",78,0.624000000000,0,0.000000000000,31,0.248000000000,16,0.128000000000
2366,Cr78Y31Zr16,125,3,"Cr,Y,Zr",78,0.624000000000,0,0.000000000000,31,0.248000000000,16,0.128000000000
2367,Cr78Y31Zr16,125,3,"Cr,Y,Zr",78,0.624000000000,0,0.000000000000,31,0.248000000000,16,0.128000000000
2368,Cr78Y31Zr16,125,3,"Cr,Y,Zr",78,0.624000000000,0,0.000000000000,31,0.248000000000,16,0.128000000000
2369,Cr78Y31Zr16,125,3,"Cr,Y,Zr",78,0.624000000000,0,0.000000000000,31,0.248000000000,16,0.128000000000
2370,Cr78Y31Zr16,125,3,"Cr,Y,Zr",78,0.624000000000,0,0.000000000000,31,0.248000000000,16,0.128000000000
2371,Cr78Y31Zr16,125,3,"Cr,Y,Zr",78,0.624000000000,0,0.000000000000,31,0.248000000000,16,0.128000000000
2372,Cr69Y29Zr15,113,3,"Cr,Y,Zr",69,0.610619469027,0,0.000000000000,29,0.256637168142,15,0.132743362832
2373,Cr78W2Y31Zr16,127,4,"Cr,W,Y,Zr",78,0.614173228346,2,0.015748031496,31,0.244094488189,16,0.125984251969
2374,Cr78Y31Zr16,125,3,"Cr,Y,Zr",78,0.624000000000,0,0.000000000000,31,0.248000000000,16,0.128000000000
2375,Cr78Y31Zr16,125,3,"Cr,Y,Zr",78,0.624000000000,0,0.000000000000,31,0.248000000000,16,0.128000000000
2376,Cr78Y31Zr16,125,3,"Cr,Y,Zr",78,0.624000000000,0,0.000000000000,31,0.248000000000,16,0.128000000000
2377,Cr69Y29Zr16,114,3,"Cr,Y,Zr",69,0.605263157895,0,0.000000000000,29,0.254385964912,16,0.140350877193
2378,Cr78Y31Zr16,125,3,"Cr,Y,Zr",78,0.624000000000,0,0.000000000000,31,0.248000000000,16,0.128000000000
2379,Cr78Y31Zr16,125,3,"Cr,Y,Zr",78,0.624000000000,0,0.000000000000,31,0.248000000000,16,0.128000000000
2380,Cr78Y31Zr16,125,3,"Cr,Y,Zr",78,0.624000000000,0,0.000000000000,31,0.248000000000,16,0.128000000000
2381,Cr78Y31Zr16,125,3,"Cr,Y,Zr",78,0.624000000000,0,0.000000000000,31,0.248000000000,16,0.128000000000
2382,Cr78Y31Zr16,125,3,"Cr,Y,Zr",78,0.624000000000,0,0.000000000000,31,0.248000000000,16,0.128000000000
2383,Cr63Y31Zr31,125,3,"Cr,Y,Zr",63,0.504000000000,0,0.000000000000,31,0.248000000000,31,0.248000000000
2384,Cr63Y31Zr31,125,3,"Cr,Y,Zr",63,0.504000000000,0,0.000000000000,31,0.248000000000,31,0.248000000000
2385,Cr63Y31Zr31,125,3,"Cr,Y,Zr",63,0.504000000000,0,0.000000000000,31,0.248000000000,31,0.248000000000
2386,Cr63WY31Zr31,126,4,"Cr,W,Y,Zr",63,0.500000000000,1,0.007936507937,31,0.246031746032,31,0.246031746032
2387,Cr63Y31Zr31,125,3,"Cr,Y,Zr",63,0.504000000000,0,0.000000000000,31,0.248000000000,31,0.248000000000
2388,Cr58Y30Zr26,114,3,"Cr,Y,Zr",58,0.508771929825,0,0.000000000000,30,0.263157894737,26,0.228070175439
2389,Cr63Y31Zr32,126,3,"Cr,Y,Zr",63,0.500000000000,0,0.000000000000,31,0.246031746032,32,0.253968253968
2390,Cr63Y31Zr31,125,3,"Cr,Y,Zr",63,0.504000000000,0,0.000000000000,31,0.248000000000,31,0.248000000000
2391,Cr63Y31Zr31,125,3,"Cr,Y,Zr",63,0.504000000000,0,0.000000000000,31,0.248000000000,31,0.248000000000
2392,Cr62Y31Zr32,125,3,"Cr,Y,Zr",62,0.496000000000,0,0.000000000000,31,0.248000000000,32,0.256000000000
2393,Cr62Y31Zr32,125,3,"Cr,Y,Zr",62,0.496000000000,0,0.000000000000,31,0.248000000000,32,0.256000000000
2394,Cr62Y31Zr32,125,3,"Cr,Y,Zr",62,0.496000000000,0,0.000000000000,31,0.248000000000,32,0.256000000000
2395,Cr62Y31Zr32,125,3,"Cr,Y,Zr",62,0.496000000000,0,0.000000000000,31,0.248000000000,32,0.256000000000
2396,Cr62WY31Zr32,126,4,"Cr,W,Y,Zr",62,0.492063492063,1,0.007936507937,31,0.246031746032,32,0.253968253968
2397,Cr62Y31Zr32,125,3,"Cr,Y,Zr",62,0.496000000000,0,0.000000000000,31,0.248000000000,32,0.256000000000
2398,Cr55Y28Zr32,115,3,"Cr,Y,Zr",55,0.478260869565,0,0.000000000000,28,0.243478260870,32,0.278260869565
2399,Cr62Y31Zr32,125,3,"Cr,Y,Zr",62,0.496000000000,0,0.000000000000,31,0.248000000000,32,0.256000000000
2400,Cr62Y31Zr32,125,3,"Cr,Y,Zr",62,0.496000000000,0,0.000000000000,31,0.248000000000,32,0.256000000000
2401,Cr47Y31Zr49,127,3,"Cr,Y,Zr",47,0.370078740157,0,0.000000000000,31,0.244094488189,49,0.385826771654
2402,Cr47Y31Zr47,125,3,"Cr,Y,Zr",47,0.376000000000,0,0.000000000000,31,0.248000000000,47,0.376000000000
2403,Cr47Y31Zr47,125,3,"Cr,Y,Zr",47,0.376000000000,0,0.000000000000,31,0.248000000000,47,0.376000000000
2404,Cr47Y31Zr47,125,3,"Cr,Y,Zr",47,0.376000000000,0,0.000000000000,31,0.248000000000,47,0.376000000000
2405,Cr47Y31Zr47,125,3,"Cr,Y,Zr",47,0.376000000000,0,0.000000000000,31,0.248000000000,47,0.376000000000
2406,Cr47Y31Zr47,125,3,"Cr,Y,Zr",47,0.376000000000,0,0.000000000000,31,0.248000000000,47,0.376000000000
2407,Cr43Y31Zr40,114,3,"Cr,Y,Zr",43,0.377192982456,0,0.000000000000,31,0.271929824561,40,0.350877192982
2408,Cr47WY31Zr47,126,4,"Cr,W,Y,Zr",47,0.373015873016,1,0.007936507937,31,0.246031746032,47,0.373015873016
2409,Cr47Y31Zr48,126,3,"Cr,Y,Zr",47,0.373015873016,0,0.000000000000,31,0.246031746032,48,0.380952380952
2410,Cr47Y31Zr47,125,3,"Cr,Y,Zr",47,0.376000000000,0,0.000000000000,31,0.248000000000,47,0.376000000000
2411,Cr47Y31Zr47,125,3,"Cr,Y,Zr",47,0.376000000000,0,0.000000000000,31,0.248000000000,47,0.376000000000
2412,Cr47Y31Zr47,125,3,"Cr,Y,Zr",47,0.376000000000,0,0.000000000000,31,0.248000000000,47,0.376000000000
2413,Cr31Y31Zr63,125,3,"Cr,Y,Zr",31,0.248000000000,0,0.000000000000,31,0.248000000000,63,0.504000000000
2414,Cr31Y32Zr63,126,3,"Cr,Y,Zr",31,0.246031746032,0,0.000000000000,32,0.253968253968,63,0.500000000000
2415,Cr47Y31Zr47,125,3,"Cr,Y,Zr",47,0.376000000000,0,0.000000000000,31,0.248000000000,47,0.376000000000
2416,Cr47Y31Zr47,125,3,"Cr,Y,Zr",47,0.376000000000,0,0.000000000000,31,0.248000000000,47,0.376000000000
2417,Cr42Y27Zr44,113,3,"Cr,Y,Zr",42,0.371681415929,0,0.000000000000,27,0.238938053097,44,0.389380530973
2418,Cr47Y31Zr48,126,3,"Cr,Y,Zr",47,0.373015873016,0,0.000000000000,31,0.246031746032,48,0.380952380952
2419,Cr31Y31Zr63,125,3,"Cr,Y,Zr",31,0.248000000000,0,0.000000000000,31,0.248000000000,63,0.504000000000
2420,Cr31Y31Zr63,125,3,"Cr,Y,Zr",31,0.248000000000,0,0.000000000000,31,0.248000000000,63,0.504000000000
2421,Cr31Y31Zr63,125,3,"Cr,Y,Zr",31,0.248000000000,0,0.000000000000,31,0.248000000000,63,0.504000000000
2422,Cr31Y31Zr63,125,3,"Cr,Y,Zr",31,0.248000000000,0,0.000000000000,31,0.248000000000,63,0.504000000000
2423,Cr27Y29Zr59,115,3,"Cr,Y,Zr",27,0.234782608696,0,0.000000000000,29,0.252173913043,59,0.513043478261
2424,Cr31Y31Zr63,125,3,"Cr,Y,Zr",31,0.248000000000,0,0.000000000000,31,0.248000000000,63,0.504000000000
2425,Cr31Y31Zr63,125,3,"Cr,Y,Zr",31,0.248000000000,0,0.000000000000,31,0.248000000000,63,0.504000000000
2426,Cr31Y31Zr63,125,3,"Cr,Y,Zr",31,0.248000000000,0,0.000000000000,31,0.248000000000,63,0.504000000000
2427,Cr31Y31Zr63,125,3,"Cr,Y,Zr",31,0.248000000000,0,0.000000000000,31,0.248000000000,63,0.504000000000
2428,Cr31Y31Zr63,125,3,"Cr,Y,Zr",31,0.248000000000,0,0.000000000000,31,0.248000000000,63,0.504000000000
2429,Cr31Y31Zr63,125,3,"Cr,Y,Zr",31,0.248000000000,0,0.000000000000,31,0.248000000000,63,0.504000000000
2430,Cr31Y31Zr63,125,3,"Cr,Y,Zr",31,0.248000000000,0,0.000000000000,31,0.248000000000,63,0.504000000000
2431,Cr31Y31Zr63,125,3,"Cr,Y,Zr",31,0.248000000000,0,0.000000000000,31,0.248000000000,63,0.504000000000
2432,Cr31Y31Zr63,125,3,"Cr,Y,Zr",31,0.248000000000,0,0.000000000000,31,0.248000000000,63,0.504000000000
2433,Cr31Y27Zr56,114,3,"Cr,Y,Zr",31,0.271929824561,0,0.000000000000,27,0.236842105263,56,0.491228070175
2434,Cr31Y31Zr63,125,3,"Cr,Y,Zr",31,0.248000000000,0,0.000000000000,31,0.248000000000,63,0.504000000000
2435,Cr16Y31Zr78,125,3,"Cr,Y,Zr",16,0.128000000000,0,0.000000000000,31,0.248000000000,78,0.624000000000
2436,Cr16Y31Zr78,125,3,"Cr,Y,Zr",16,0.128000000000,0,0.000000000000,31,0.248000000000,78,0.624000000000
2437,Cr16Y31Zr78,125,3,"Cr,Y,Zr",16,0.128000000000,0,0.000000000000,31,0.248000000000,78,0.624000000000
2438,Cr16Y31Zr78,125,3,"Cr,Y,Zr",16,0.128000000000,0,0.000000000000,31,0.248000000000,78,0.624000000000
2439,Cr16Y31Zr78,125,3,"Cr,Y,Zr",16,0.128000000000,0,0.000000000000,31,0.248000000000,78,0.624000000000
2440,Cr16Y31Zr78,125,3,"Cr,Y,Zr",16,0.128000000000,0,0.000000000000,31,0.248000000000,78,0.624000000000
2441,Cr16Y31Zr78,125,3,"Cr,Y,Zr",16,0.128000000000,0,0.000000000000,31,0.248000000000,78,0.624000000000
2442,Cr16Y31Zr78,125,3,"Cr,Y,Zr",16,0.128000000000,0,0.000000000000,31,0.248000000000,78,0.624000000000
2443,Cr16Y31Zr78,125,3,"Cr,Y,Zr",16,0.128000000000,0,0.000000000000,31,0.248000000000,78,0.624000000000
2444,Cr16Y30Zr67,113,3,"Cr,Y,Zr",16,0.141592920354,0,0.000000000000,30,0.265486725664,67,0.592920353982
2445,Cr16WY31Zr80,128,4,"Cr,W,Y,Zr",16,0.125000000000,1,0.007812500000,31,0.242187500000,80,0.625000000000
2446,Cr16Y32Zr78,126,3,"Cr,Y,Zr",16,0.126984126984,0,0.000000000000,32,0.253968253968,78,0.619047619048
2447,Cr16Y31Zr78,125,3,"Cr,Y,Zr",16,0.128000000000,0,0.000000000000,31,0.248000000000,78,0.624000000000
2448,Cr16Y31Zr78,125,3,"Cr,Y,Zr",16,0.128000000000,0,0.000000000000,31,0.248000000000,78,0.624000000000
2449,Cr14Y30Zr71,115,3,"Cr,Y,Zr",14,0.121739130435,0,0.000000000000,30,0.260869565217,71,0.617391304348
2450,Cr16Y32Zr78,126,3,"Cr,Y,Zr",16,0.126984126984,0,0.000000000000,32,0.253968253968,78,0.619047619048
2451,Cr62W3Y47Zr17,129,4,"Cr,W,Y,Zr",62,0.480620155039,3,0.023255813953,47,0.364341085271,17,0.131782945736
2452,Cr62Y47Zr16,125,3,"Cr,Y,Zr",62,0.496000000000,0,0.000000000000,47,0.376000000000,16,0.128000000000
2453,Cr62Y47Zr16,125,3,"Cr,Y,Zr",62,0.496000000000,0,0.000000000000,47,0.376000000000,16,0.128000000000
2454,Cr62Y47Zr16,125,3,"Cr,Y,Zr",62,0.496000000000,0,0.000000000000,47,0.376000000000,16,0.128000000000
2455,Cr62Y47Zr16,125,3,"Cr,Y,Zr",62,0.496000000000,0,0.000000000000,47,0.376000000000,16,0.128000000000
2456,Cr62Y47Zr16,125,3,"Cr,Y,Zr",62,0.496000000000,0,0.000000000000,47,0.376000000000,16,0.128000000000
2457,Cr62WY47Zr16,126,4,"Cr,W,Y,Zr",62,0.492063492063,1,0.007936507937,47,0.373015873016,16,0.126984126984
2458,Cr62Y47Zr16,125,3,"Cr,Y,Zr",62,0.496000000000,0,0.000000000000,47,0.376000000000,16,0.128000000000
2459,Cr62Y47Zr16,125,3,"Cr,Y,Zr",62,0.496000000000,0,0.000000000000,47,0.376000000000,16,0.128000000000
2460,Cr62Y47Zr16,125,3,"Cr,Y,Zr",62,0.496000000000,0,0.000000000000,47,0.376000000000,16,0.128000000000
2461,Cr62Y47Zr16,125,3,"Cr,Y,Zr",62,0.496000000000,0,0.000000000000,47,0.376000000000,16,0.128000000000
2462,Cr62Y47Zr16,125,3,"Cr,Y,Zr",62,0.496000000000,0,0.000000000000,47,0.376000000000,16,0.128000000000
2463,Cr62Y47Zr16,125,3,"Cr,Y,Zr",62,0.496000000000,0,0.000000000000,47,0.376000000000,16,0.128000000000
2464,Cr56Y45Zr16,117,3,"Cr,Y,Zr",56,0.478632478632,0,0.000000000000,45,0.384615384615,16,0.136752136752
2465,Cr62Y47Zr17,126,3,"Cr,Y,Zr",62,0.492063492063,0,0.000000000000,47,0.373015873016,17,0.134920634921
2466,Cr16Y31Zr78,125,3,"Cr,Y,Zr",16,0.128000000000,0,0.000000000000,31,0.248000000000,78,0.624000000000
2467,Cr16Y31Zr78,125,3,"Cr,Y,Zr",16,0.128000000000,0,0.000000000000,31,0.248000000000,78,0.624000000000
2468,Cr16Y31Zr78,125,3,"Cr,Y,Zr",16,0.128000000000,0,0.000000000000,31,0.248000000000,78,0.624000000000
2469,Cr16Y31Zr78,125,3,"Cr,Y,Zr",16,0.128000000000,0,0.000000000000,31,0.248000000000,78,0.624000000000
2470,Cr16Y26Zr76,118,3,"Cr,Y,Zr",16,0.135593220339,0,0.000000000000,26,0.220338983051,76,0.644067796610
2471,Cr16Y31Zr79,126,3,"Cr,Y,Zr",16,0.126984126984,0,0.000000000000,31,0.246031746032,79,0.626984126984
2472,Cr57Y43Zr13,113,3,"Cr,Y,Zr",57,0.504424778761,0,0.000000000000,43,0.380530973451,13,0.115044247788
2473,Cr62WY47Zr16,126,4,"Cr,W,Y,Zr",62,0.492063492063,1,0.007936507937,47,0.373015873016,16,0.126984126984
2474,Cr47Y47Zr31,125,3,"Cr,Y,Zr",47,0.376000000000,0,0.000000000000,47,0.376000000000,31,0.248000000000
2475,Cr42Y43Zr28,113,3,"Cr,Y,Zr",42,0.371681415929,0,0.000000000000,43,0.380530973451,28,0.247787610619
2476,Cr47Y47Zr31,125,3,"Cr,Y,Zr",47,0.376000000000,0,0.000000000000,47,0.376000000000,31,0.248000000000
2477,Cr47Y47Zr31,125,3,"Cr,Y,Zr",47,0.376000000000,0,0.000000000000,47,0.376000000000,31,0.248000000000
2478,Cr47Y47Zr31,125,3,"Cr,Y,Zr",47,0.376000000000,0,0.000000000000,47,0.376000000000,31,0.248000000000
2479,Cr47Y47Zr31,125,3,"Cr,Y,Zr",47,0.376000000000,0,0.000000000000,47,0.376000000000,31,0.248000000000
2480,Cr48Y47Zr32,127,3,"Cr,Y,Zr",48,0.377952755906,0,0.000000000000,47,0.370078740157,32,0.251968503937
2481,Cr47Y47Zr31,125,3,"Cr,Y,Zr",47,0.376000000000,0,0.000000000000,47,0.376000000000,31,0.248000000000
2482,Cr47Y47Zr31,125,3,"Cr,Y,Zr",47,0.376000000000,0,0.000000000000,47,0.376000000000,31,0.248000000000
2483,Cr47Y47Zr31,125,3,"Cr,Y,Zr",47,0.376000000000,0,0.000000000000,47,0.376000000000,31,0.248000000000
2484,Cr47Y47Zr31,125,3,"Cr,Y,Zr",47,0.376000000000,0,0.000000000000,47,0.376000000000,31,0.248000000000
2485,Cr62Y47Zr16,125,3,"Cr,Y,Zr",62,0.496000000000,0,0.000000000000,47,0.376000000000,16,0.128000000000
2486,Cr62Y47Zr16,125,3,"Cr,Y,Zr",62,0.496000000000,0,0.000000000000,47,0.376000000000,16,0.128000000000
2487,Cr62Y47Zr16,125,3,"Cr,Y,Zr",62,0.496000000000,0,0.000000000000,47,0.376000000000,16,0.128000000000
2488,Cr62Y47Zr16,125,3,"Cr,Y,Zr",62,0.496000000000,0,0.000000000000,47,0.376000000000,16,0.128000000000
2489,Cr63Y47Zr16,126,3,"Cr,Y,Zr",63,0.500000000000,0,0.000000000000,47,0.373015873016,16,0.126984126984
2490,Cr48Y47Zr31,126,3,"Cr,Y,Zr",48,0.380952380952,0,0.000000000000,47,0.373015873016,31,0.246031746032
2491,Cr62Y47Zr16,125,3,"Cr,Y,Zr",62,0.496000000000,0,0.000000000000,47,0.376000000000,16,0.128000000000
2492,Cr62Y47Zr16,125,3,"Cr,Y,Zr",62,0.496000000000,0,0.000000000000,47,0.376000000000,16,0.128000000000
2493,Cr62Y47Zr16,125,3,"Cr,Y,Zr",62,0.496000000000,0,0.000000000000,47,0.376000000000,16,0.128000000000
2494,Cr47Y47Zr31,125,3,"Cr,Y,Zr",47,0.376000000000,0,0.000000000000,47,0.376000000000,31,0.248000000000
2495,Cr47Y47Zr31,125,3,"Cr,Y,Zr",47,0.376000000000,0,0.000000000000,47,0.376000000000,31,0.248000000000
2496,Cr47Y47Zr31,125,3,"Cr,Y,Zr",47,0.376000000000,0,0.000000000000,47,0.376000000000,31,0.248000000000
2497,Cr46Y42Zr28,116,3,"Cr,Y,Zr",46,0.396551724138,0,0.000000000000,42,0.362068965517,28,0.241379310345
2498,Cr47Y47Zr32,126,3,"Cr,Y,Zr",47,0.373015873016,0,0.000000000000,47,0.373015873016,32,0.253968253968
2499,Cr47Y48Zr31,126,3,"Cr,Y,Zr",47,0.373015873016,0,0.000000000000,48,0.380952380952,31,0.246031746032
2500,Cr31Y47Zr47,125,3,"Cr,Y,Zr",31,0.248000000000,0,0.000000000000,47,0.376000000000,47,0.376000000000
2501,Cr31Y47Zr47,125,3,"Cr,Y,Zr",31,0.248000000000,0,0.000000000000,47,0.376000000000,47,0.376000000000
2502,Cr31Y47Zr47,125,3,"Cr,Y,Zr",31,0.248000000000,0,0.000000000000,47,0.376000000000,47,0.376000000000
2503,Cr31Y47Zr47,125,3,"Cr,Y,Zr",31,0.248000000000,0,0.000000000000,47,0.376000000000,47,0.376000000000
2504,Cr29Y43Zr42,114,3,"Cr,Y,Zr",29,0.254385964912,0,0.000000000000,43,0.377192982456,42,0.368421052632
2505,Cr32Y47Zr47,126,3,"Cr,Y,Zr",32,0.253968253968,0,0.000000000000,47,0.373015873016,47,0.373015873016
2506,Cr31Y47Zr47,125,3,"Cr,Y,Zr",31,0.248000000000,0,0.000000000000,47,0.376000000000,47,0.376000000000
2507,Cr31Y47Zr47,125,3,"Cr,Y,Zr",31,0.248000000000,0,0.000000000000,47,0.376000000000,47,0.376000000000
2508,Cr31Y47Zr47,125,3,"Cr,Y,Zr",31,0.248000000000,0,0.000000000000,47,0.376000000000,47,0.376000000000
2509,Cr31Y48Zr47,126,3,"Cr,Y,Zr",31,0.246031746032,0,0.000000000000,48,0.380952380952,47,0.373015873016
2510,Cr31Y47Zr47,125,3,"Cr,Y,Zr",31,0.248000000000,0,0.000000000000,47,0.376000000000,47,0.376000000000
2511,Cr31Y47Zr47,125,3,"Cr,Y,Zr",31,0.248000000000,0,0.000000000000,47,0.376000000000,47,0.376000000000
2512,Cr31Y47Zr47,125,3,"Cr,Y,Zr",31,0.248000000000,0,0.000000000000,47,0.376000000000,47,0.376000000000
2513,Cr29Y43Zr43,115,3,"Cr,Y,Zr",29,0.252173913043,0,0.000000000000,43,0.373913043478,43,0.373913043478
2514,Cr31Y47Zr47,125,3,"Cr,Y,Zr",31,0.248000000000,0,0.000000000000,47,0.376000000000,47,0.376000000000
2515,Cr31Y47Zr47,125,3,"Cr,Y,Zr",31,0.248000000000,0,0.000000000000,47,0.376000000000,47,0.376000000000
2516,Cr31Y47Zr47,125,3,"Cr,Y,Zr",31,0.248000000000,0,0.000000000000,47,0.376000000000,47,0.376000000000
2517,Cr31Y47Zr47,125,3,"Cr,Y,Zr",31,0.248000000000,0,0.000000000000,47,0.376000000000,47,0.376000000000
2518,Cr16Y47Zr62,125,3,"Cr,Y,Zr",16,0.128000000000,0,0.000000000000,47,0.376000000000,62,0.496000000000
2519,Cr16Y47Zr62,125,3,"Cr,Y,Zr",16,0.128000000000,0,0.000000000000,47,0.376000000000,62,0.496000000000
2520,Cr16Y48Zr62,126,3,"Cr,Y,Zr",16,0.126984126984,0,0.000000000000,48,0.380952380952,62,0.492063492063
2521,Cr16Y43Zr59,118,3,"Cr,Y,Zr",16,0.135593220339,0,0.000000000000,43,0.364406779661,59,0.500000000000
2522,Cr16Y48Zr62,126,3,"Cr,Y,Zr",16,0.126984126984,0,0.000000000000,48,0.380952380952,62,0.492063492063
2523,Cr16Y47Zr62,125,3,"Cr,Y,Zr",16,0.128000000000,0,0.000000000000,47,0.376000000000,62,0.496000000000
2524,Cr16Y47Zr62,125,3,"Cr,Y,Zr",16,0.128000000000,0,0.000000000000,47,0.376000000000,62,0.496000000000
2525,Cr16Y47Zr62,125,3,"Cr,Y,Zr",16,0.128000000000,0,0.000000000000,47,0.376000000000,62,0.496000000000
2526,Cr16Y43Zr54,113,3,"Cr,Y,Zr",16,0.141592920354,0,0.000000000000,43,0.380530973451,54,0.477876106195
2527,Cr16Y47Zr62,125,3,"Cr,Y,Zr",16,0.128000000000,0,0.000000000000,47,0.376000000000,62,0.496000000000
2528,Cr17Y47Zr62,126,3,"Cr,Y,Zr",17,0.134920634921,0,0.000000000000,47,0.373015873016,62,0.492063492063
2529,Cr16Y47Zr62,125,3,"Cr,Y,Zr",16,0.128000000000,0,0.000000000000,47,0.376000000000,62,0.496000000000
2530,Cr16Y47Zr62,125,3,"Cr,Y,Zr",16,0.128000000000,0,0.000000000000,47,0.376000000000,62,0.496000000000
2531,Cr16Y47Zr62,125,3,"Cr,Y,Zr",16,0.128000000000,0,0.000000000000,47,0.376000000000,62,0.496000000000
2532,Cr16Y47Zr62,125,3,"Cr,Y,Zr",16,0.128000000000,0,0.000000000000,47,0.376000000000,62,0.496000000000
2533,Cr16Y44Zr56,116,3,"Cr,Y,Zr",16,0.137931034483,0,0.000000000000,44,0.379310344828,56,0.482758620690
2534,Cr16Y47Zr62,125,3,"Cr,Y,Zr",16,0.128000000000,0,0.000000000000,47,0.376000000000,62,0.496000000000
2535,Cr16Y47Zr62,125,3,"Cr,Y,Zr",16,0.128000000000,0,0.000000000000,47,0.376000000000,62,0.496000000000
2536,Cr16Y47Zr62,125,3,"Cr,Y,Zr",16,0.128000000000,0,0.000000000000,47,0.376000000000,62,0.496000000000
2537,Cr16Y47Zr62,125,3,"Cr,Y,Zr",16,0.128000000000,0,0.000000000000,47,0.376000000000,62,0.496000000000
2538,Cr47Y62Zr16,125,3,"Cr,Y,Zr",47,0.376000000000,0,0.000000000000,62,0.496000000000,16,0.128000000000
2539,Cr40Y57Zr16,113,3,"Cr,Y,Zr",40,0.353982300885,0,0.000000000000,57,0.504424778761,16,0.141592920354
2540,Cr47WY62Zr17,127,4,"Cr,W,Y,Zr",47,0.370078740157,1,0.007874015748,62,0.488188976378,17,0.133858267717
2541,Cr47Y63Zr16,126,3,"Cr,Y,Zr",47,0.373015873016,0,0.000000000000,63,0.500000000000,16,0.126984126984
2542,Cr47Y62Zr16,125,3,"Cr,Y,Zr",47,0.376000000000,0,0.000000000000,62,0.496000000000,16,0.128000000000
2543,Cr47Y62Zr16,125,3,"Cr,Y,Zr",47,0.376000000000,0,0.000000000000,62,0.496000000000,16,0.128000000000
2544,Cr47WY62Zr16,126,4,"Cr,W,Y,Zr",47,0.373015873016,1,0.007936507937,62,0.492063492063,16,0.126984126984
2545,Cr47Y62Zr16,125,3,"Cr,Y,Zr",47,0.376000000000,0,0.000000000000,62,0.496000000000,16,0.128000000000
2546,Cr47Y62Zr16,125,3,"Cr,Y,Zr",47,0.376000000000,0,0.000000000000,62,0.496000000000,16,0.128000000000
2547,Cr47WY62Zr16,126,4,"Cr,W,Y,Zr",47,0.373015873016,1,0.007936507937,62,0.492063492063,16,0.126984126984
2548,Cr47Y62Zr16,125,3,"Cr,Y,Zr",47,0.376000000000,0,0.000000000000,62,0.496000000000,16,0.128000000000
2549,Cr47Y62Zr16,125,3,"Cr,Y,Zr",47,0.376000000000,0,0.000000000000,62,0.496000000000,16,0.128000000000
2550,Cr47Y62Zr16,125,3,"Cr,Y,Zr",47,0.376000000000,0,0.000000000000,62,0.496000000000,16,0.128000000000
2551,Cr47Y62Zr16,125,3,"Cr,Y,Zr",47,0.376000000000,0,0.000000000000,62,0.496000000000,16,0.128000000000
2552,Cr43Y55Zr16,114,3,"Cr,Y,Zr",43,0.377192982456,0,0.000000000000,55,0.482456140351,16,0.140350877193
2553,Cr47Y62Zr17,126,3,"Cr,Y,Zr",47,0.373015873016,0,0.000000000000,62,0.492063492063,17,0.134920634921
2554,Cr47Y62Zr16,125,3,"Cr,Y,Zr",47,0.376000000000,0,0.000000000000,62,0.496000000000,16,0.128000000000
2555,Cr47Y62Zr16,125,3,"Cr,Y,Zr",47,0.376000000000,0,0.000000000000,62,0.496000000000,16,0.128000000000
2556,Cr47Y62Zr16,125,3,"Cr,Y,Zr",47,0.376000000000,0,0.000000000000,62,0.496000000000,16,0.128000000000
2557,Cr47Y62Zr16,125,3,"Cr,Y,Zr",47,0.376000000000,0,0.000000000000,62,0.496000000000,16,0.128000000000
2558,Cr31Y64Zr31,126,3,"Cr,Y,Zr",31,0.246031746032,0,0.000000000000,64,0.507936507937,31,0.246031746032
2559,Cr31Y63Zr31,125,3,"Cr,Y,Zr",31,0.248000000000,0,0.000000000000,63,0.504000000000,31,0.248000000000
2560,Cr31Y63Zr31,125,3,"Cr,Y,Zr",31,0.248000000000,0,0.000000000000,63,0.504000000000,31,0.248000000000
2561,Cr27Y55Zr31,113,3,"Cr,Y,Zr",27,0.238938053097,0,0.000000000000,55,0.486725663717,31,0.274336283186
2562,Cr31Y63Zr31,125,3,"Cr,Y,Zr",31,0.248000000000,0,0.000000000000,63,0.504000000000,31,0.248000000000
2563,Cr31Y62Zr32,125,3,"Cr,Y,Zr",31,0.248000000000,0,0.000000000000,62,0.496000000000,32,0.256000000000
2564,Cr31Y62Zr32,125,3,"Cr,Y,Zr",31,0.248000000000,0,0.000000000000,62,0.496000000000,32,0.256000000000
2565,Cr31Y62Zr32,125,3,"Cr,Y,Zr",31,0.248000000000,0,0.000000000000,62,0.496000000000,32,0.256000000000
2566,Cr31Y62Zr32,125,3,"Cr,Y,Zr",31,0.248000000000,0,0.000000000000,62,0.496000000000,32,0.256000000000
2567,Cr31Y62Zr32,125,3,"Cr,Y,Zr",31,0.248000000000,0,0.000000000000,62,0.496000000000,32,0.256000000000
2568,Cr31Y63Zr31,125,3,"Cr,Y,Zr",31,0.248000000000,0,0.000000000000,63,0.504000000000,31,0.248000000000
2569,Cr31Y63Zr31,125,3,"Cr,Y,Zr",31,0.248000000000,0,0.000000000000,63,0.504000000000,31,0.248000000000
2570,Cr31Y61Zr25,117,3,"Cr,Y,Zr",31,0.264957264957,0,0.000000000000,61,0.521367521368,25,0.213675213675
2571,Cr31Y63Zr31,125,3,"Cr,Y,Zr",31,0.248000000000,0,0.000000000000,63,0.504000000000,31,0.248000000000
2572,Cr31Y63Zr31,125,3,"Cr,Y,Zr",31,0.248000000000,0,0.000000000000,63,0.504000000000,31,0.248000000000
2573,Cr32Y64Zr31,127,3,"Cr,Y,Zr",32,0.251968503937,0,0.000000000000,64,0.503937007874,31,0.244094488189
2574,Cr16Y62Zr47,125,3,"Cr,Y,Zr",16,0.128000000000,0,0.000000000000,62,0.496000000000,47,0.376000000000
2575,Cr16Y62Zr47,125,3,"Cr,Y,Zr",16,0.128000000000,0,0.000000000000,62,0.496000000000,47,0.376000000000
2576,Cr16Y62Zr47,125,3,"Cr,Y,Zr",16,0.128000000000,0,0.000000000000,62,0.496000000000,47,0.376000000000
2577,Cr15Y56Zr45,116,3,"Cr,Y,Zr",15,0.129310344828,0,0.000000000000,56,0.482758620690,45,0.387931034483
2578,Cr16Y62Zr47,125,3,"Cr,Y,Zr",16,0.128000000000,0,0.000000000000,62,0.496000000000,47,0.376000000000
2579,Cr16Y62Zr47,125,3,"Cr,Y,Zr",16,0.128000000000,0,0.000000000000,62,0.496000000000,47,0.376000000000
2580,Cr16Y62Zr47,125,3,"Cr,Y,Zr",16,0.128000000000,0,0.000000000000,62,0.496000000000,47,0.376000000000
2581,Cr31Y62Zr32,125,3,"Cr,Y,Zr",31,0.248000000000,0,0.000000000000,62,0.496000000000,32,0.256000000000
2582,Cr30Y58Zr27,115,3,"Cr,Y,Zr",30,0.260869565217,0,0.000000000000,58,0.504347826087,27,0.234782608696
2583,Cr31Y62Zr32,125,3,"Cr,Y,Zr",31,0.248000000000,0,0.000000000000,62,0.496000000000,32,0.256000000000
2584,Cr16Y62Zr47,125,3,"Cr,Y,Zr",16,0.128000000000,0,0.000000000000,62,0.496000000000,47,0.376000000000
2585,Cr16Y62Zr47,125,3,"Cr,Y,Zr",16,0.128000000000,0,0.000000000000,62,0.496000000000,47,0.376000000000
2586,Cr16Y62Zr47,125,3,"Cr,Y,Zr",16,0.128000000000,0,0.000000000000,62,0.496000000000,47,0.376000000000
2587,Cr16Y62Zr48,126,3,"Cr,Y,Zr",16,0.126984126984,0,0.000000000000,62,0.492063492063,48,0.380952380952
2588,Cr16Y62Zr47,125,3,"Cr,Y,Zr",16,0.128000000000,0,0.000000000000,62,0.496000000000,47,0.376000000000
2589,Cr16Y62Zr47,125,3,"Cr,Y,Zr",16,0.128000000000,0,0.000000000000,62,0.496000000000,47,0.376000000000
2590,Cr15Y55Zr44,114,3,"Cr,Y,Zr",15,0.131578947368,0,0.000000000000,55,0.482456140351,44,0.385964912281
2591,Cr16Y62Zr47,125,3,"Cr,Y,Zr",16,0.128000000000,0,0.000000000000,62,0.496000000000,47,0.376000000000
2592,Cr31Y78Zr16,125,3,"Cr,Y,Zr",31,0.248000000000,0,0.000000000000,78,0.624000000000,16,0.128000000000
2593,Cr30Y73Zr16,119,3,"Cr,Y,Zr",30,0.252100840336,0,0.000000000000,73,0.613445378151,16,0.134453781513
2594,Cr31Y78Zr16,125,3,"Cr,Y,Zr",31,0.248000000000,0,0.000000000000,78,0.624000000000,16,0.128000000000
2595,Cr31Y78Zr16,125,3,"Cr,Y,Zr",31,0.248000000000,0,0.000000000000,78,0.624000000000,16,0.128000000000
2596,Cr31Y78Zr16,125,3,"Cr,Y,Zr",31,0.248000000000,0,0.000000000000,78,0.624000000000,16,0.128000000000
2597,Cr16Y62Zr47,125,3,"Cr,Y,Zr",16,0.128000000000,0,0.000000000000,62,0.496000000000,47,0.376000000000
2598,Cr16Y62Zr47,125,3,"Cr,Y,Zr",16,0.128000000000,0,0.000000000000,62,0.496000000000,47,0.376000000000
2599,Cr16Y62Zr47,125,3,"Cr,Y,Zr",16,0.128000000000,0,0.000000000000,62,0.496000000000,47,0.376000000000
2600,Cr31Y78Zr16,125,3,"Cr,Y,Zr",31,0.248000000000,0,0.000000000000,78,0.624000000000,16,0.128000000000
2601,Cr26Y72Zr15,113,3,"Cr,Y,Zr",26,0.230088495575,0,0.000000000000,72,0.637168141593,15,0.132743362832
2602,Cr32Y78Zr16,126,3,"Cr,Y,Zr",32,0.253968253968,0,0.000000000000,78,0.619047619048,16,0.126984126984
2603,Cr31Y78Zr16,125,3,"Cr,Y,Zr",31,0.248000000000,0,0.000000000000,78,0.624000000000,16,0.128000000000
2604,Cr31Y78Zr16,125,3,"Cr,Y,Zr",31,0.248000000000,0,0.000000000000,78,0.624000000000,16,0.128000000000
2605,Cr31Y78Zr17,126,3,"Cr,Y,Zr",31,0.246031746032,0,0.000000000000,78,0.619047619048,17,0.134920634921
2606,Cr31WY78Zr16,126,4,"Cr,W,Y,Zr",31,0.246031746032,1,0.007936507937,78,0.619047619048,16,0.126984126984
2607,Cr31Y78Zr16,125,3,"Cr,Y,Zr",31,0.248000000000,0,0.000000000000,78,0.624000000000,16,0.128000000000
2608,Cr29Y70Zr16,115,3,"Cr,Y,Zr",29,0.252173913043,0,0.000000000000,70,0.608695652174,16,0.139130434783
2609,Cr32Y78Zr16,126,3,"Cr,Y,Zr",32,0.253968253968,0,0.000000000000,78,0.619047619048,16,0.126984126984
2610,Cr31Y78Zr16,125,3,"Cr,Y,Zr",31,0.248000000000,0,0.000000000000,78,0.624000000000,16,0.128000000000
2611,Cr31Y78Zr16,125,3,"Cr,Y,Zr",31,0.248000000000,0,0.000000000000,78,0.624000000000,16,0.128000000000
2612,Cr31Y78Zr16,125,3,"Cr,Y,Zr",31,0.248000000000,0,0.000000000000,78,0.624000000000,16,0.128000000000
2613,Cr31Y78Zr16,125,3,"Cr,Y,Zr",31,0.248000000000,0,0.000000000000,78,0.624000000000,16,0.128000000000
2614,Cr25Y74Zr15,114,3,"Cr,Y,Zr",25,0.219298245614,0,0.000000000000,74,0.649122807018,15,0.131578947368
2615,Cr31Y80Zr17,128,3,"Cr,Y,Zr",31,0.242187500000,0,0.000000000000,80,0.625000000000,17,0.132812500000
2616,Cr32Y79Zr16,127,3,"Cr,Y,Zr",32,0.251968503937,0,0.000000000000,79,0.622047244094,16,0.125984251969
2617,Cr16Y78Zr31,125,3,"Cr,Y,Zr",16,0.128000000000,0,0.000000000000,78,0.624000000000,31,0.248000000000
2618,Cr16Y78Zr31,125,3,"Cr,Y,Zr",16,0.128000000000,0,0.000000000000,78,0.624000000000,31,0.248000000000
2619,Cr16Y78Zr31,125,3,"Cr,Y,Zr",16,0.128000000000,0,0.000000000000,78,0.624000000000,31,0.248000000000
2620,Cr16Y78Zr31,125,3,"Cr,Y,Zr",16,0.128000000000,0,0.000000000000,78,0.624000000000,31,0.248000000000
2621,Cr16Y94Zr15,125,3,"Cr,Y,Zr",16,0.128000000000,0,0.000000000000,94,0.752000000000,15,0.120000000000
2622,Cr16Y94Zr15,125,3,"Cr,Y,Zr",16,0.128000000000,0,0.000000000000,94,0.752000000000,15,0.120000000000
2623,Cr16Y94Zr15,125,3,"Cr,Y,Zr",16,0.128000000000,0,0.000000000000,94,0.752000000000,15,0.120000000000
2624,Cr16Y94Zr15,125,3,"Cr,Y,Zr",16,0.128000000000,0,0.000000000000,94,0.752000000000,15,0.120000000000
2625,Cr16Y78Zr31,125,3,"Cr,Y,Zr",16,0.128000000000,0,0.000000000000,78,0.624000000000,31,0.248000000000
2626,Cr16Y78Zr31,125,3,"Cr,Y,Zr",16,0.128000000000,0,0.000000000000,78,0.624000000000,31,0.248000000000
2627,Cr16Y78Zr31,125,3,"Cr,Y,Zr",16,0.128000000000,0,0.000000000000,78,0.624000000000,31,0.248000000000
2628,Cr16Y78Zr31,125,3,"Cr,Y,Zr",16,0.128000000000,0,0.000000000000,78,0.624000000000,31,0.248000000000
2629,Cr16Y78Zr31,125,3,"Cr,Y,Zr",16,0.128000000000,0,0.000000000000,78,0.624000000000,31,0.248000000000
2630,Cr16Y79Zr31,126,3,"Cr,Y,Zr",16,0.126984126984,0,0.000000000000,79,0.626984126984,31,0.246031746032
2631,Cr17Y94Zr17,128,3,"Cr,Y,Zr",17,0.132812500000,0,0.000000000000,94,0.734375000000,17,0.132812500000
2632,Cr16Y94Zr15,125,3,"Cr,Y,Zr",16,0.128000000000,0,0.000000000000,94,0.752000000000,15,0.120000000000
2633,Cr16Y94Zr15,125,3,"Cr,Y,Zr",16,0.128000000000,0,0.000000000000,94,0.752000000000,15,0.120000000000
2634,Cr16Y78Zr31,125,3,"Cr,Y,Zr",16,0.128000000000,0,0.000000000000,78,0.624000000000,31,0.248000000000
2635,Cr16WY78Zr32,127,4,"Cr,W,Y,Zr",16,0.125984251969,1,0.007874015748,78,0.614173228346,32,0.251968503937
2636,Cr16Y94Zr15,125,3,"Cr,Y,Zr",16,0.128000000000,0,0.000000000000,94,0.752000000000,15,0.120000000000
2637,Cr16Y94Zr15,125,3,"Cr,Y,Zr",16,0.128000000000,0,0.000000000000,94,0.752000000000,15,0.120000000000
2638,Cr16Y88Zr14,118,3,"Cr,Y,Zr",16,0.135593220339,0,0.000000000000,88,0.745762711864,14,0.118644067797
2639,Cr16Y95Zr16,127,3,"Cr,Y,Zr",16,0.125984251969,0,0.000000000000,95,0.748031496063,16,0.125984251969
2640,Cr17Y79Zr33,129,3,"Cr,Y,Zr",17,0.131782945736,0,0.000000000000,79,0.612403100775,33,0.255813953488
2641,Cr16Y78Zr31,125,3,"Cr,Y,Zr",16,0.128000000000,0,0.000000000000,78,0.624000000000,31,0.248000000000
2642,Cr12Y89Zr14,115,3,"Cr,Y,Zr",12,0.104347826087,0,0.000000000000,89,0.773913043478,14,0.121739130435
2643,Cr15Y84Zr14,113,3,"Cr,Y,Zr",15,0.132743362832,0,0.000000000000,84,0.743362831858,14,0.123893805310
2644,Cr16WY94Zr15,126,4,"Cr,W,Y,Zr",16,0.126984126984,1,0.007936507937,94,0.746031746032,15,0.119047619048
2645,Cr16Y68Zr29,113,3,"Cr,Y,Zr",16,0.141592920354,0,0.000000000000,68,0.601769911504,29,0.256637168142
2646,Cr15Y74Zr28,117,3,"Cr,Y,Zr",15,0.128205128205,0,0.000000000000,74,0.632478632479,28,0.239316239316
2647,Cr16Y78Zr31,125,3,"Cr,Y,Zr",16,0.128000000000,0,0.000000000000,78,0.624000000000,31,0.248000000000
2648,Cr16Y94Zr15,125,3,"Cr,Y,Zr",16,0.128000000000,0,0.000000000000,94,0.752000000000,15,0.120000000000
2649,Cr16WY94Zr15,126,4,"Cr,W,Y,Zr",16,0.126984126984,1,0.007936507937,94,0.746031746032,15,0.119047619048
2650,W85Y16Zr13,114,3,"W,Y,Zr",0,0.000000000000,85,0.745614035088,16,0.140350877193,13,0.114035087719
2651,W96Y16Zr16,128,3,"W,Y,Zr",0,0.000000000000,96,0.750000000000,16,0.125000000000,16,0.125000000000
2652,Cr16WY94Zr15,126,4,"Cr,W,Y,Zr",16,0.126984126984,1,0.007936507937,94,0.746031746032,15,0.119047619048
2653,W94Y16Zr15,125,3,"W,Y,Zr",0,0.000000000000,94,0.752000000000,16,0.128000000000,15,0.120000000000
2654,W94Y16Zr15,125,3,"W,Y,Zr",0,0.000000000000,94,0.752000000000,16,0.128000000000,15,0.120000000000
2655,W94Y16Zr15,125,3,"W,Y,Zr",0,0.000000000000,94,0.752000000000,16,0.128000000000,15,0.120000000000
2656,W94Y16Zr15,125,3,"W,Y,Zr",0,0.000000000000,94,0.752000000000,16,0.128000000000,15,0.120000000000
2657,W78Y16Zr31,125,3,"W,Y,Zr",0,0.000000000000,78,0.624000000000,16,0.128000000000,31,0.248000000000
2658,W78Y17Zr31,126,3,"W,Y,Zr",0,0.000000000000,78,0.619047619048,17,0.134920634921,31,0.246031746032
2659,W94Y16Zr15,125,3,"W,Y,Zr",0,0.000000000000,94,0.752000000000,16,0.128000000000,15,0.120000000000
2660,W94Y16Zr15,125,3,"W,Y,Zr",0,0.000000000000,94,0.752000000000,16,0.128000000000,15,0.120000000000
2661,W94Y16Zr15,125,3,"W,Y,Zr",0,0.000000000000,94,0.752000000000,16,0.128000000000,15,0.120000000000
2662,W94Y16Zr15,125,3,"W,Y,Zr",0,0.000000000000,94,0.752000000000,16,0.128000000000,15,0.120000000000
2663,W83Y16Zr15,114,3,"W,Y,Zr",0,0.000000000000,83,0.728070175439,16,0.140350877193,15,0.131578947368
2664,W96Y16Zr15,127,3,"W,Y,Zr",0,0.000000000000,96,0.755905511811,16,0.125984251969,15,0.118110236220
2665,W94Y16Zr15,125,3,"W,Y,Zr",0,0.000000000000,94,0.752000000000,16,0.128000000000,15,0.120000000000
2666,CrW94Y16Zr15,126,4,"Cr,W,Y,Zr",1,0.007936507937,94,0.746031746032,16,0.126984126984,15,0.119047619048
2667,W78Y16Zr31,125,3,"W,Y,Zr",0,0.000000000000,78,0.624000000000,16,0.128000000000,31,0.248000000000
2668,W71Y15Zr29,115,3,"W,Y,Zr",0,0.000000000000,71,0.617391304348,15,0.130434782609,29,0.252173913043
2669,W78Y16Zr31,125,3,"W,Y,Zr",0,0.000000000000,78,0.624000000000,16,0.128000000000,31,0.248000000000
2670,W94Y16Zr15,125,3,"W,Y,Zr",0,0.000000000000,94,0.752000000000,16,0.128000000000,15,0.120000000000
2671,W94Y16Zr15,125,3,"W,Y,Zr",0,0.000000000000,94,0.752000000000,16,0.128000000000,15,0.120000000000
2672,W78Y16Zr32,126,3,"W,Y,Zr",0,0.000000000000,78,0.619047619048,16,0.126984126984,32,0.253968253968
2673,W78Y16Zr31,125,3,"W,Y,Zr",0,0.000000000000,78,0.624000000000,16,0.128000000000,31,0.248000000000
2674,W69Y15Zr30,114,3,"W,Y,Zr",0,0.000000000000,69,0.605263157895,15,0.131578947368,30,0.263157894737
2675,W79Y17Zr33,129,3,"W,Y,Zr",0,0.000000000000,79,0.612403100775,17,0.131782945736,33,0.255813953488
2676,W78Y16Zr31,125,3,"W,Y,Zr",0,0.000000000000,78,0.624000000000,16,0.128000000000,31,0.248000000000
2677,W78Y16Zr31,125,3,"W,Y,Zr",0,0.000000000000,78,0.624000000000,16,0.128000000000,31,0.248000000000
2678,CrW78Y16Zr31,126,4,"Cr,W,Y,Zr",1,0.007936507937,78,0.619047619048,16,0.126984126984,31,0.246031746032
2679,W78Y16Zr31,125,3,"W,Y,Zr",0,0.000000000000,78,0.624000000000,16,0.128000000000,31,0.248000000000
2680,W78Y16Zr31,125,3,"W,Y,Zr",0,0.000000000000,78,0.624000000000,16,0.128000000000,31,0.248000000000
2681,W78Y16Zr31,125,3,"W,Y,Zr",0,0.000000000000,78,0.624000000000,16,0.128000000000,31,0.248000000000
2682,CrW62Y17Zr47,127,4,"Cr,W,Y,Zr",1,0.007874015748,62,0.488188976378,17,0.133858267717,47,0.370078740157
2683,W78Y16Zr32,126,3,"W,Y,Zr",0,0.000000000000,78,0.619047619048,16,0.126984126984,32,0.253968253968
2684,W62Y16Zr48,126,3,"W,Y,Zr",0,0.000000000000,62,0.492063492063,16,0.126984126984,48,0.380952380952
2685,W62Y16Zr47,125,3,"W,Y,Zr",0,0.000000000000,62,0.496000000000,16,0.128000000000,47,0.376000000000
2686,W62Y16Zr47,125,3,"W,Y,Zr",0,0.000000000000,62,0.496000000000,16,0.128000000000,47,0.376000000000
2687,W62Y16Zr47,125,3,"W,Y,Zr",0,0.000000000000,62,0.496000000000,16,0.128000000000,47,0.376000000000
2688,W62Y16Zr47,125,3,"W,Y,Zr",0,0.000000000000,62,0.496000000000,16,0.128000000000,47,0.376000000000
2689,W61Y14Zr42,117,3,"W,Y,Zr",0,0.000000000000,61,0.521367521368,14,0.119658119658,42,0.358974358974
2690,W62Y16Zr47,125,3,"W,Y,Zr",0,0.000000000000,62,0.496000000000,16,0.128000000000,47,0.376000000000
2691,W62Y16Zr47,125,3,"W,Y,Zr",0,0.000000000000,62,0.496000000000,16,0.128000000000,47,0.376000000000
2692,W62Y16Zr47,125,3,"W,Y,Zr",0,0.000000000000,62,0.496000000000,16,0.128000000000,47,0.376000000000
2693,W62Y16Zr47,125,3,"W,Y,Zr",0,0.000000000000,62,0.496000000000,16,0.128000000000,47,0.376000000000
2694,W62Y16Zr47,125,3,"W,Y,Zr",0,0.000000000000,62,0.496000000000,16,0.128000000000,47,0.376000000000
2695,W48Y16Zr62,126,3,"W,Y,Zr",0,0.000000000000,48,0.380952380952,16,0.126984126984,62,0.492063492063
2696,W62Y16Zr47,125,3,"W,Y,Zr",0,0.000000000000,62,0.496000000000,16,0.128000000000,47,0.376000000000
2697,W59Y14Zr42,115,3,"W,Y,Zr",0,0.000000000000,59,0.513043478261,14,0.121739130435,42,0.365217391304
2698,W55Y14Zr45,114,3,"W,Y,Zr",0,0.000000000000,55,0.482456140351,14,0.122807017544,45,0.394736842105
2699,W62Y16Zr47,125,3,"W,Y,Zr",0,0.000000000000,62,0.496000000000,16,0.128000000000,47,0.376000000000
2700,CrW47Y16Zr62,126,4,"Cr,W,Y,Zr",1,0.007936507937,47,0.373015873016,16,0.126984126984,62,0.492063492063
2701,W47Y16Zr62,125,3,"W,Y,Zr",0,0.000000000000,47,0.376000000000,16,0.128000000000,62,0.496000000000
2702,W47Y16Zr62,125,3,"W,Y,Zr",0,0.000000000000,47,0.376000000000,16,0.128000000000,62,0.496000000000
2703,W45Y15Zr54,114,3,"W,Y,Zr",0,0.000000000000,45,0.394736842105,15,0.131578947368,54,0.473684210526
2704,W47Y17Zr62,126,3,"W,Y,Zr",0,0.000000000000,47,0.373015873016,17,0.134920634921,62,0.492063492063
2705,W47Y16Zr62,125,3,"W,Y,Zr",0,0.000000000000,47,0.376000000000,16,0.128000000000,62,0.496000000000
2706,W47Y16Zr62,125,3,"W,Y,Zr",0,0.000000000000,47,0.376000000000,16,0.128000000000,62,0.496000000000
2707,W47Y16Zr62,125,3,"W,Y,Zr",0,0.000000000000,47,0.376000000000,16,0.128000000000,62,0.496000000000
2708,W47Y16Zr63,126,3,"W,Y,Zr",0,0.000000000000,47,0.373015873016,16,0.126984126984,63,0.500000000000
2709,W31Y16Zr78,125,3,"W,Y,Zr",0,0.000000000000,31,0.248000000000,16,0.128000000000,78,0.624000000000
2710,W31Y16Zr78,125,3,"W,Y,Zr",0,0.000000000000,31,0.248000000000,16,0.128000000000,78,0.624000000000
2711,W47Y16Zr62,125,3,"W,Y,Zr",0,0.000000000000,47,0.376000000000,16,0.128000000000,62,0.496000000000
2712,CrW47Y16Zr62,126,4,"Cr,W,Y,Zr",1,0.007936507937,47,0.373015873016,16,0.126984126984,62,0.492063492063
2713,W47Y16Zr62,125,3,"W,Y,Zr",0,0.000000000000,47,0.376000000000,16,0.128000000000,62,0.496000000000
2714,W47Y16Zr62,125,3,"W,Y,Zr",0,0.000000000000,47,0.376000000000,16,0.128000000000,62,0.496000000000
2715,W46Y13Zr56,115,3,"W,Y,Zr",0,0.000000000000,46,0.400000000000,13,0.113043478261,56,0.486956521739
2716,W39Y15Zr60,114,3,"W,Y,Zr",0,0.000000000000,39,0.342105263158,15,0.131578947368,60,0.526315789474
2717,W47Y16Zr63,126,3,"W,Y,Zr",0,0.000000000000,47,0.373015873016,16,0.126984126984,63,0.500000000000
2718,W31Y16Zr78,125,3,"W,Y,Zr",0,0.000000000000,31,0.248000000000,16,0.128000000000,78,0.624000000000
2719,W28Y15Zr71,114,3,"W,Y,Zr",0,0.000000000000,28,0.245614035088,15,0.131578947368,71,0.622807017544
2720,CrW31Y17Zr78,127,4,"Cr,W,Y,Zr",1,0.007874015748,31,0.244094488189,17,0.133858267717,78,0.614173228346
2721,W31Y16Zr78,125,3,"W,Y,Zr",0,0.000000000000,31,0.248000000000,16,0.128000000000,78,0.624000000000
2722,W31Y16Zr78,125,3,"W,Y,Zr",0,0.000000000000,31,0.248000000000,16,0.128000000000,78,0.624000000000
2723,CrW31Y16Zr78,126,4,"Cr,W,Y,Zr",1,0.007936507937,31,0.246031746032,16,0.126984126984,78,0.619047619048
2724,W31Y16Zr78,125,3,"W,Y,Zr",0,0.000000000000,31,0.248000000000,16,0.128000000000,78,0.624000000000
2725,W31Y16Zr78,125,3,"W,Y,Zr",0,0.000000000000,31,0.248000000000,16,0.128000000000,78,0.624000000000
2726,W31Y15Zr68,114,3,"W,Y,Zr",0,0.000000000000,31,0.271929824561,15,0.131578947368,68,0.596491228070
2727,W31Y16Zr78,125,3,"W,Y,Zr",0,0.000000000000,31,0.248000000000,16,0.128000000000,78,0.624000000000
2728,W25Y16Zr73,114,3,"W,Y,Zr",0,0.000000000000,25,0.219298245614,16,0.140350877193,73,0.640350877193
2729,W31Y16Zr78,125,3,"W,Y,Zr",0,0.000000000000,31,0.248000000000,16,0.128000000000,78,0.624000000000
2730,W31Y16Zr78,125,3,"W,Y,Zr",0,0.000000000000,31,0.248000000000,16,0.128000000000,78,0.624000000000
2731,W31Y17Zr78,126,3,"W,Y,Zr",0,0.000000000000,31,0.246031746032,17,0.134920634921,78,0.619047619048
2732,W16Y15Zr94,125,3,"W,Y,Zr",0,0.000000000000,16,0.128000000000,15,0.120000000000,94,0.752000000000
2733,W13Y15Zr86,114,3,"W,Y,Zr",0,0.000000000000,13,0.114035087719,15,0.131578947368,86,0.754385964912
2734,CrW16Y15Zr94,126,4,"Cr,W,Y,Zr",1,0.007936507937,16,0.126984126984,15,0.119047619048,94,0.746031746032
2735,W16Y15Zr94,125,3,"W,Y,Zr",0,0.000000000000,16,0.128000000000,15,0.120000000000,94,0.752000000000
2736,W16Y15Zr94,125,3,"W,Y,Zr",0,0.000000000000,16,0.128000000000,15,0.120000000000,94,0.752000000000
2737,W17Y16Zr95,128,3,"W,Y,Zr",0,0.000000000000,17,0.132812500000,16,0.125000000000,95,0.742187500000
2738,W16Y16Zr93,125,3,"W,Y,Zr",0,0.000000000000,16,0.128000000000,16,0.128000000000,93,0.744000000000
2739,W16Y16Zr93,125,3,"W,Y,Zr",0,0.000000000000,16,0.128000000000,16,0.128000000000,93,0.744000000000
2740,W16Y15Zr82,113,3,"W,Y,Zr",0,0.000000000000,16,0.141592920354,15,0.132743362832,82,0.725663716814
2741,W16Y16Zr93,125,3,"W,Y,Zr",0,0.000000000000,16,0.128000000000,16,0.128000000000,93,0.744000000000
2742,W16Y16Zr93,125,3,"W,Y,Zr",0,0.000000000000,16,0.128000000000,16,0.128000000000,93,0.744000000000
2743,W18Y16Zr93,127,3,"W,Y,Zr",0,0.000000000000,18,0.141732283465,16,0.125984251969,93,0.732283464567
2744,W16Y15Zr94,125,3,"W,Y,Zr",0,0.000000000000,16,0.128000000000,15,0.120000000000,94,0.752000000000
2745,W16Y15Zr94,125,3,"W,Y,Zr",0,0.000000000000,16,0.128000000000,15,0.120000000000,94,0.752000000000
2746,W16Y15Zr94,125,3,"W,Y,Zr",0,0.000000000000,16,0.128000000000,15,0.120000000000,94,0.752000000000
2747,W78Y31Zr16,125,3,"W,Y,Zr",0,0.000000000000,78,0.624000000000,31,0.248000000000,16,0.128000000000
2748,W78Y31Zr16,125,3,"W,Y,Zr",0,0.000000000000,78,0.624000000000,31,0.248000000000,16,0.128000000000
2749,W79Y31Zr17,127,3,"W,Y,Zr",0,0.000000000000,79,0.622047244094,31,0.244094488189,17,0.133858267717
2750,W78Y31Zr16,125,3,"W,Y,Zr",0,0.000000000000,78,0.624000000000,31,0.248000000000,16,0.128000000000
2751,W78Y31Zr16,125,3,"W,Y,Zr",0,0.000000000000,78,0.624000000000,31,0.248000000000,16,0.128000000000
2752,CrW78Y31Zr16,126,4,"Cr,W,Y,Zr",1,0.007936507937,78,0.619047619048,31,0.246031746032,16,0.126984126984
2753,W78Y31Zr16,125,3,"W,Y,Zr",0,0.000000000000,78,0.624000000000,31,0.248000000000,16,0.128000000000
2754,W78Y31Zr16,125,3,"W,Y,Zr",0,0.000000000000,78,0.624000000000,31,0.248000000000,16,0.128000000000
2755,W78Y31Zr16,125,3,"W,Y,Zr",0,0.000000000000,78,0.624000000000,31,0.248000000000,16,0.128000000000
2756,Cr2W78Y31Zr16,127,4,"Cr,W,Y,Zr",2,0.015748031496,78,0.614173228346,31,0.244094488189,16,0.125984251969
2757,W78Y31Zr16,125,3,"W,Y,Zr",0,0.000000000000,78,0.624000000000,31,0.248000000000,16,0.128000000000
2758,W78Y31Zr16,125,3,"W,Y,Zr",0,0.000000000000,78,0.624000000000,31,0.248000000000,16,0.128000000000
2759,W70Y30Zr16,116,3,"W,Y,Zr",0,0.000000000000,70,0.603448275862,30,0.258620689655,16,0.137931034483
2760,W78Y31Zr16,125,3,"W,Y,Zr",0,0.000000000000,78,0.624000000000,31,0.248000000000,16,0.128000000000
2761,W78Y31Zr16,125,3,"W,Y,Zr",0,0.000000000000,78,0.624000000000,31,0.248000000000,16,0.128000000000
2762,W78Y31Zr16,125,3,"W,Y,Zr",0,0.000000000000,78,0.624000000000,31,0.248000000000,16,0.128000000000
2763,W68Y29Zr16,113,3,"W,Y,Zr",0,0.000000000000,68,0.601769911504,29,0.256637168142,16,0.141592920354
2764,W78Y31Zr16,125,3,"W,Y,Zr",0,0.000000000000,78,0.624000000000,31,0.248000000000,16,0.128000000000
2765,W78Y31Zr16,125,3,"W,Y,Zr",0,0.000000000000,78,0.624000000000,31,0.248000000000,16,0.128000000000
2766,W63Y31Zr31,125,3,"W,Y,Zr",0,0.000000000000,63,0.504000000000,31,0.248000000000,31,0.248000000000
2767,W63Y31Zr31,125,3,"W,Y,Zr",0,0.000000000000,63,0.504000000000,31,0.248000000000,31,0.248000000000
2768,W63Y31Zr31,125,3,"W,Y,Zr",0,0.000000000000,63,0.504000000000,31,0.248000000000,31,0.248000000000
2769,CrW63Y31Zr31,126,4,"Cr,W,Y,Zr",1,0.007936507937,63,0.500000000000,31,0.246031746032,31,0.246031746032
2770,W63Y31Zr31,125,3,"W,Y,Zr",0,0.000000000000,63,0.504000000000,31,0.248000000000,31,0.248000000000
2771,W55Y29Zr30,114,3,"W,Y,Zr",0,0.000000000000,55,0.482456140351,29,0.254385964912,30,0.263157894737
2772,CrW63Y31Zr31,126,4,"Cr,W,Y,Zr",1,0.007936507937,63,0.500000000000,31,0.246031746032,31,0.246031746032
2773,W62Y31Zr33,126,3,"W,Y,Zr",0,0.000000000000,62,0.492063492063,31,0.246031746032,33,0.261904761905
2774,W62Y31Zr32,125,3,"W,Y,Zr",0,0.000000000000,62,0.496000000000,31,0.248000000000,32,0.256000000000
2775,W62Y31Zr32,125,3,"W,Y,Zr",0,0.000000000000,62,0.496000000000,31,0.248000000000,32,0.256000000000
2776,W54Y30Zr32,116,3,"W,Y,Zr",0,0.000000000000,54,0.465517241379,30,0.258620689655,32,0.275862068966
2777,W62Y31Zr32,125,3,"W,Y,Zr",0,0.000000000000,62,0.496000000000,31,0.248000000000,32,0.256000000000
2778,W63Y31Zr31,125,3,"W,Y,Zr",0,0.000000000000,63,0.504000000000,31,0.248000000000,31,0.248000000000
2779,CrW47Y31Zr47,126,4,"Cr,W,Y,Zr",1,0.007936507937,47,0.373015873016,31,0.246031746032,47,0.373015873016
2780,W47Y31Zr47,125,3,"W,Y,Zr",0,0.000000000000,47,0.376000000000,31,0.248000000000,47,0.376000000000
2781,W47Y31Zr47,125,3,"W,Y,Zr",0,0.000000000000,47,0.376000000000,31,0.248000000000,47,0.376000000000
2782,W47Y32Zr47,126,3,"W,Y,Zr",0,0.000000000000,47,0.373015873016,32,0.253968253968,47,0.373015873016
2783,W47Y31Zr47,125,3,"W,Y,Zr",0,0.000000000000,47,0.376000000000,31,0.248000000000,47,0.376000000000
2784,W47Y31Zr47,125,3,"W,Y,Zr",0,0.000000000000,47,0.376000000000,31,0.248000000000,47,0.376000000000
2785,CrW47Y31Zr48,127,4,"Cr,W,Y,Zr",1,0.007874015748,47,0.370078740157,31,0.244094488189,48,0.377952755906
2786,W47Y31Zr47,125,3,"W,Y,Zr",0,0.000000000000,47,0.376000000000,31,0.248000000000,47,0.376000000000
2787,W47Y31Zr47,125,3,"W,Y,Zr",0,0.000000000000,47,0.376000000000,31,0.248000000000,47,0.376000000000
2788,W31Y31Zr63,125,3,"W,Y,Zr",0,0.000000000000,31,0.248000000000,31,0.248000000000,63,0.504000000000
2789,W31Y31Zr63,125,3,"W,Y,Zr",0,0.000000000000,31,0.248000000000,31,0.248000000000,63,0.504000000000
2790,W31Y31Zr63,125,3,"W,Y,Zr",0,0.000000000000,31,0.248000000000,31,0.248000000000,63,0.504000000000
2791,W31Y31Zr63,125,3,"W,Y,Zr",0,0.000000000000,31,0.248000000000,31,0.248000000000,63,0.504000000000
2792,W31Y32Zr63,126,3,"W,Y,Zr",0,0.000000000000,31,0.246031746032,32,0.253968253968,63,0.500000000000
2793,W47Y31Zr47,125,3,"W,Y,Zr",0,0.000000000000,47,0.376000000000,31,0.248000000000,47,0.376000000000
2794,W45Y27Zr42,114,3,"W,Y,Zr",0,0.000000000000,45,0.394736842105,27,0.236842105263,42,0.368421052632
2795,W41Y31Zr41,113,3,"W,Y,Zr",0,0.000000000000,41,0.362831858407,31,0.274336283186,41,0.362831858407
2796,CrW47Y31Zr47,126,4,"Cr,W,Y,Zr",1,0.007936507937,47,0.373015873016,31,0.246031746032,47,0.373015873016
2797,W31Y31Zr63,125,3,"W,Y,Zr",0,0.000000000000,31,0.248000000000,31,0.248000000000,63,0.504000000000
2798,W47Y31Zr47,125,3,"W,Y,Zr",0,0.000000000000,47,0.376000000000,31,0.248000000000,47,0.376000000000
2799,W48Y31Zr47,126,3,"W,Y,Zr",0,0.000000000000,48,0.380952380952,31,0.246031746032,47,0.373015873016
2800,W62Y31Zr32,125,3,"W,Y,Zr",0,0.000000000000,62,0.496000000000,31,0.248000000000,32,0.256000000000
2801,CrW62Y31Zr32,126,4,"Cr,W,Y,Zr",1,0.007936507937,62,0.492063492063,31,0.246031746032,32,0.253968253968
2802,W31Y31Zr63,125,3,"W,Y,Zr",0,0.000000000000,31,0.248000000000,31,0.248000000000,63,0.504000000000
2803,CrW31Y32Zr63,127,4,"Cr,W,Y,Zr",1,0.007874015748,31,0.244094488189,32,0.251968503937,63,0.496062992126
2804,W32Y31Zr64,127,3,"W,Y,Zr",0,0.000000000000,32,0.251968503937,31,0.244094488189,64,0.503937007874
2805,W16Y31Zr78,125,3,"W,Y,Zr",0,0.000000000000,16,0.128000000000,31,0.248000000000,78,0.624000000000
2806,W16Y31Zr78,125,3,"W,Y,Zr",0,0.000000000000,16,0.128000000000,31,0.248000000000,78,0.624000000000
2807,W16Y31Zr78,125,3,"W,Y,Zr",0,0.000000000000,16,0.128000000000,31,0.248000000000,78,0.624000000000
2808,W29Y28Zr56,113,3,"W,Y,Zr",0,0.000000000000,29,0.256637168142,28,0.247787610619,56,0.495575221239
2809,W31Y31Zr63,125,3,"W,Y,Zr",0,0.000000000000,31,0.248000000000,31,0.248000000000,63,0.504000000000
2810,W31Y31Zr63,125,3,"W,Y,Zr",0,0.000000000000,31,0.248000000000,31,0.248000000000,63,0.504000000000
2811,W31Y31Zr63,125,3,"W,Y,Zr",0,0.000000000000,31,0.248000000000,31,0.248000000000,63,0.504000000000
2812,W31Y31Zr63,125,3,"W,Y,Zr",0,0.000000000000,31,0.248000000000,31,0.248000000000,63,0.504000000000
2813,W16Y31Zr78,125,3,"W,Y,Zr",0,0.000000000000,16,0.128000000000,31,0.248000000000,78,0.624000000000
2814,W15Y30Zr69,114,3,"W,Y,Zr",0,0.000000000000,15,0.131578947368,30,0.263157894737,69,0.605263157895
2815,W16Y32Zr78,126,3,"W,Y,Zr",0,0.000000000000,16,0.126984126984,32,0.253968253968,78,0.619047619048
2816,W30Y30Zr54,114,3,"W,Y,Zr",0,0.000000000000,30,0.263157894737,30,0.263157894737,54,0.473684210526
2817,W32Y31Zr63,126,3,"W,Y,Zr",0,0.000000000000,32,0.253968253968,31,0.246031746032,63,0.500000000000
2818,W16Y31Zr78,125,3,"W,Y,Zr",0,0.000000000000,16,0.128000000000,31,0.248000000000,78,0.624000000000
2819,W16Y31Zr78,125,3,"W,Y,Zr",0,0.000000000000,16,0.128000000000,31,0.248000000000,78,0.624000000000
2820,W16Y31Zr78,125,3,"W,Y,Zr",0,0.000000000000,16,0.128000000000,31,0.248000000000,78,0.624000000000
2821,W16Y31Zr78,125,3,"W,Y,Zr",0,0.000000000000,16,0.128000000000,31,0.248000000000,78,0.624000000000
2822,W16Y31Zr78,125,3,"W,Y,Zr",0,0.000000000000,16,0.128000000000,31,0.248000000000,78,0.624000000000
2823,W16Y31Zr78,125,3,"W,Y,Zr",0,0.000000000000,16,0.128000000000,31,0.248000000000,78,0.624000000000
2824,W16Y31Zr78,125,3,"W,Y,Zr",0,0.000000000000,16,0.128000000000,31,0.248000000000,78,0.624000000000
2825,W16Y31Zr78,125,3,"W,Y,Zr",0,0.000000000000,16,0.128000000000,31,0.248000000000,78,0.624000000000
2826,W16Y31Zr78,125,3,"W,Y,Zr",0,0.000000000000,16,0.128000000000,31,0.248000000000,78,0.624000000000
2827,W15Y30Zr71,116,3,"W,Y,Zr",0,0.000000000000,15,0.129310344828,30,0.258620689655,71,0.612068965517
2828,W16Y31Zr80,127,3,"W,Y,Zr",0,0.000000000000,16,0.125984251969,31,0.244094488189,80,0.629921259843
2829,CrW16Y31Zr78,126,4,"Cr,W,Y,Zr",1,0.007936507937,16,0.126984126984,31,0.246031746032,78,0.619047619048
2830,W57Y40Zr16,113,3,"W,Y,Zr",0,0.000000000000,57,0.504424778761,40,0.353982300885,16,0.141592920354
2831,CrW62Y48Zr16,127,4,"Cr,W,Y,Zr",1,0.007874015748,62,0.488188976378,48,0.377952755906,16,0.125984251969
2832,W16Y31Zr78,125,3,"W,Y,Zr",0,0.000000000000,16,0.128000000000,31,0.248000000000,78,0.624000000000
2833,W62Y47Zr16,125,3,"W,Y,Zr",0,0.000000000000,62,0.496000000000,47,0.376000000000,16,0.128000000000
2834,W62Y47Zr16,125,3,"W,Y,Zr",0,0.000000000000,62,0.496000000000,47,0.376000000000,16,0.128000000000
2835,W62Y47Zr16,125,3,"W,Y,Zr",0,0.000000000000,62,0.496000000000,47,0.376000000000,16,0.128000000000
2836,W62Y47Zr16,125,3,"W,Y,Zr",0,0.000000000000,62,0.496000000000,47,0.376000000000,16,0.128000000000
2837,W62Y47Zr16,125,3,"W,Y,Zr",0,0.000000000000,62,0.496000000000,47,0.376000000000,16,0.128000000000
2838,W62Y47Zr16,125,3,"W,Y,Zr",0,0.000000000000,62,0.496000000000,47,0.376000000000,16,0.128000000000
2839,W62Y47Zr16,125,3,"W,Y,Zr",0,0.000000000000,62,0.496000000000,47,0.376000000000,16,0.128000000000
2840,W62Y47Zr16,125,3,"W,Y,Zr",0,0.000000000000,62,0.496000000000,47,0.376000000000,16,0.128000000000
2841,W64Y47Zr17,128,3,"W,Y,Zr",0,0.000000000000,64,0.500000000000,47,0.367187500000,17,0.132812500000
2842,W62Y47Zr17,126,3,"W,Y,Zr",0,0.000000000000,62,0.492063492063,47,0.373015873016,17,0.134920634921
2843,W62Y47Zr16,125,3,"W,Y,Zr",0,0.000000000000,62,0.496000000000,47,0.376000000000,16,0.128000000000
2844,W62Y47Zr16,125,3,"W,Y,Zr",0,0.000000000000,62,0.496000000000,47,0.376000000000,16,0.128000000000
2845,W47Y47Zr31,125,3,"W,Y,Zr",0,0.000000000000,47,0.376000000000,47,0.376000000000,31,0.248000000000
2846,W62Y47Zr16,125,3,"W,Y,Zr",0,0.000000000000,62,0.496000000000,47,0.376000000000,16,0.128000000000
2847,W54Y44Zr16,114,3,"W,Y,Zr",0,0.000000000000,54,0.473684210526,44,0.385964912281,16,0.140350877193
2848,W57Y43Zr14,114,3,"W,Y,Zr",0,0.000000000000,57,0.500000000000,43,0.377192982456,14,0.122807017544
2849,W62Y47Zr16,125,3,"W,Y,Zr",0,0.000000000000,62,0.496000000000,47,0.376000000000,16,0.128000000000
2850,W47Y47Zr31,125,3,"W,Y,Zr",0,0.000000000000,47,0.376000000000,47,0.376000000000,31,0.248000000000
2851,W48Y47Zr31,126,3,"W,Y,Zr",0,0.000000000000,48,0.380952380952,47,0.373015873016,31,0.246031746032
2852,W47Y47Zr31,125,3,"W,Y,Zr",0,0.000000000000,47,0.376000000000,47,0.376000000000,31,0.248000000000
2853,W48Y47Zr31,126,3,"W,Y,Zr",0,0.000000000000,48,0.380952380952,47,0.373015873016,31,0.246031746032
2854,W47Y47Zr31,125,3,"W,Y,Zr",0,0.000000000000,47,0.376000000000,47,0.376000000000,31,0.248000000000
2855,W47Y47Zr31,125,3,"W,Y,Zr",0,0.000000000000,47,0.376000000000,47,0.376000000000,31,0.248000000000
2856,W47Y47Zr31,125,3,"W,Y,Zr",0,0.000000000000,47,0.376000000000,47,0.376000000000,31,0.248000000000
2857,W47Y47Zr31,125,3,"W,Y,Zr",0,0.000000000000,47,0.376000000000,47,0.376000000000,31,0.248000000000
2858,W31Y47Zr47,125,3,"W,Y,Zr",0,0.000000000000,31,0.248000000000,47,0.376000000000,47,0.376000000000
2859,W31Y47Zr47,125,3,"W,Y,Zr",0,0.000000000000,31,0.248000000000,47,0.376000000000,47,0.376000000000
2860,W47Y47Zr31,125,3,"W,Y,Zr",0,0.000000000000,47,0.376000000000,47,0.376000000000,31,0.248000000000
2861,W45Y40Zr29,114,3,"W,Y,Zr",0,0.000000000000,45,0.394736842105,40,0.350877192982,29,0.254385964912
2862,W40Y46Zr29,115,3,"W,Y,Zr",0,0.000000000000,40,0.347826086957,46,0.400000000000,29,0.252173913043
2863,CrW47Y47Zr31,126,4,"Cr,W,Y,Zr",1,0.007936507937,47,0.373015873016,47,0.373015873016,31,0.246031746032
2864,W47Y47Zr31,125,3,"W,Y,Zr",0,0.000000000000,47,0.376000000000,47,0.376000000000,31,0.248000000000
2865,W48Y47Zr31,126,3,"W,Y,Zr",0,0.000000000000,48,0.380952380952,47,0.373015873016,31,0.246031746032
2866,W31Y47Zr47,125,3,"W,Y,Zr",0,0.000000000000,31,0.248000000000,47,0.376000000000,47,0.376000000000
2867,W31Y47Zr47,125,3,"W,Y,Zr",0,0.000000000000,31,0.248000000000,47,0.376000000000,47,0.376000000000
2868,W30Y45Zr40,115,3,"W,Y,Zr",0,0.000000000000,30,0.260869565217,45,0.391304347826,40,0.347826086957
2869,W31Y47Zr47,125,3,"W,Y,Zr",0,0.000000000000,31,0.248000000000,47,0.376000000000,47,0.376000000000
2870,W31Y47Zr47,125,3,"W,Y,Zr",0,0.000000000000,31,0.248000000000,47,0.376000000000,47,0.376000000000
2871,W15Y41Zr57,113,3,"W,Y,Zr",0,0.000000000000,15,0.132743362832,41,0.362831858407,57,0.504424778761
2872,W16Y47Zr63,126,3,"W,Y,Zr",0,0.000000000000,16,0.126984126984,47,0.373015873016,63,0.500000000000
2873,W31Y47Zr47,125,3,"W,Y,Zr",0,0.000000000000,31,0.248000000000,47,0.376000000000,47,0.376000000000
2874,W29Y41Zr43,113,3,"W,Y,Zr",0,0.000000000000,29,0.256637168142,41,0.362831858407,43,0.380530973451
2875,W31Y48Zr47,126,3,"W,Y,Zr",0,0.000000000000,31,0.246031746032,48,0.380952380952,47,0.373015873016
2876,W31Y48Zr47,126,3,"W,Y,Zr",0,0.000000000000,31,0.246031746032,48,0.380952380952,47,0.373015873016
2877,W31Y47Zr47,125,3,"W,Y,Zr",0,0.000000000000,31,0.248000000000,47,0.376000000000,47,0.376000000000
2878,W31Y47Zr47,125,3,"W,Y,Zr",0,0.000000000000,31,0.248000000000,47,0.376000000000,47,0.376000000000
2879,W31Y47Zr47,125,3,"W,Y,Zr",0,0.000000000000,31,0.248000000000,47,0.376000000000,47,0.376000000000
2880,W31Y47Zr47,125,3,"W,Y,Zr",0,0.000000000000,31,0.248000000000,47,0.376000000000,47,0.376000000000
2881,W16Y47Zr62,125,3,"W,Y,Zr",0,0.000000000000,16,0.128000000000,47,0.376000000000,62,0.496000000000
2882,W16Y47Zr62,125,3,"W,Y,Zr",0,0.000000000000,16,0.128000000000,47,0.376000000000,62,0.496000000000
2883,W16Y47Zr62,125,3,"W,Y,Zr",0,0.000000000000,16,0.128000000000,47,0.376000000000,62,0.496000000000
2884,W16Y47Zr62,125,3,"W,Y,Zr",0,0.000000000000,16,0.128000000000,47,0.376000000000,62,0.496000000000
2885,W16Y47Zr62,125,3,"W,Y,Zr",0,0.000000000000,16,0.128000000000,47,0.376000000000,62,0.496000000000
2886,W16Y47Zr62,125,3,"W,Y,Zr",0,0.000000000000,16,0.128000000000,47,0.376000000000,62,0.496000000000
2887,W16Y47Zr62,125,3,"W,Y,Zr",0,0.000000000000,16,0.128000000000,47,0.376000000000,62,0.496000000000
2888,W16Y47Zr62,125,3,"W,Y,Zr",0,0.000000000000,16,0.128000000000,47,0.376000000000,62,0.496000000000
2889,W16Y47Zr62,125,3,"W,Y,Zr",0,0.000000000000,16,0.128000000000,47,0.376000000000,62,0.496000000000
2890,W16Y47Zr62,125,3,"W,Y,Zr",0,0.000000000000,16,0.128000000000,47,0.376000000000,62,0.496000000000
2891,W16Y47Zr62,125,3,"W,Y,Zr",0,0.000000000000,16,0.128000000000,47,0.376000000000,62,0.496000000000
2892,W16Y42Zr56,114,3,"W,Y,Zr",0,0.000000000000,16,0.140350877193,42,0.368421052632,56,0.491228070175
2893,W16Y47Zr62,125,3,"W,Y,Zr",0,0.000000000000,16,0.128000000000,47,0.376000000000,62,0.496000000000
2894,W16Y47Zr62,125,3,"W,Y,Zr",0,0.000000000000,16,0.128000000000,47,0.376000000000,62,0.496000000000
2895,W14Y43Zr59,116,3,"W,Y,Zr",0,0.000000000000,14,0.120689655172,43,0.370689655172,59,0.508620689655
2896,W16Y47Zr62,125,3,"W,Y,Zr",0,0.000000000000,16,0.128000000000,47,0.376000000000,62,0.496000000000
2897,W47Y62Zr16,125,3,"W,Y,Zr",0,0.000000000000,47,0.376000000000,62,0.496000000000,16,0.128000000000
2898,W44Y55Zr16,115,3,"W,Y,Zr",0,0.000000000000,44,0.382608695652,55,0.478260869565,16,0.139130434783
2899,W47Y62Zr16,125,3,"W,Y,Zr",0,0.000000000000,47,0.376000000000,62,0.496000000000,16,0.128000000000
2900,W46Y56Zr11,113,3,"W,Y,Zr",0,0.000000000000,46,0.407079646018,56,0.495575221239,11,0.097345132743
2901,W47Y62Zr16,125,3,"W,Y,Zr",0,0.000000000000,47,0.376000000000,62,0.496000000000,16,0.128000000000
2902,W39Y58Zr16,113,3,"W,Y,Zr",0,0.000000000000,39,0.345132743363,58,0.513274336283,16,0.141592920354
2903,W47Y62Zr16,125,3,"W,Y,Zr",0,0.000000000000,47,0.376000000000,62,0.496000000000,16,0.128000000000
2904,W47Y62Zr16,125,3,"W,Y,Zr",0,0.000000000000,47,0.376000000000,62,0.496000000000,16,0.128000000000
2905,W42Y58Zr13,113,3,"W,Y,Zr",0,0.000000000000,42,0.371681415929,58,0.513274336283,13,0.115044247788
2906,W45Y53Zr15,113,3,"W,Y,Zr",0,0.000000000000,45,0.398230088496,53,0.469026548673,15,0.132743362832
2907,W47Y62Zr17,126,3,"W,Y,Zr",0,0.000000000000,47,0.373015873016,62,0.492063492063,17,0.134920634921
2908,W47Y62Zr16,125,3,"W,Y,Zr",0,0.000000000000,47,0.376000000000,62,0.496000000000,16,0.128000000000
2909,W47Y62Zr16,125,3,"W,Y,Zr",0,0.000000000000,47,0.376000000000,62,0.496000000000,16,0.128000000000
2910,W47Y62Zr17,126,3,"W,Y,Zr",0,0.000000000000,47,0.373015873016,62,0.492063492063,17,0.134920634921
2911,W47Y62Zr16,125,3,"W,Y,Zr",0,0.000000000000,47,0.376000000000,62,0.496000000000,16,0.128000000000
2912,CrW47Y62Zr16,126,4,"Cr,W,Y,Zr",1,0.007936507937,47,0.373015873016,62,0.492063492063,16,0.126984126984
2913,W47Y62Zr16,125,3,"W,Y,Zr",0,0.000000000000,47,0.376000000000,62,0.496000000000,16,0.128000000000
2914,W47Y62Zr16,125,3,"W,Y,Zr",0,0.000000000000,47,0.376000000000,62,0.496000000000,16,0.128000000000
2915,W31Y64Zr32,127,3,"W,Y,Zr",0,0.000000000000,31,0.244094488189,64,0.503937007874,32,0.251968503937
2916,W31Y63Zr31,125,3,"W,Y,Zr",0,0.000000000000,31,0.248000000000,63,0.504000000000,31,0.248000000000
2917,W31Y63Zr31,125,3,"W,Y,Zr",0,0.000000000000,31,0.248000000000,63,0.504000000000,31,0.248000000000
2918,W31Y63Zr31,125,3,"W,Y,Zr",0,0.000000000000,31,0.248000000000,63,0.504000000000,31,0.248000000000
2919,CrW31Y63Zr32,127,4,"Cr,W,Y,Zr",1,0.007874015748,31,0.244094488189,63,0.496062992126,32,0.251968503937
2920,W31Y63Zr31,125,3,"W,Y,Zr",0,0.000000000000,31,0.248000000000,63,0.504000000000,31,0.248000000000
2921,W31Y57Zr27,115,3,"W,Y,Zr",0,0.000000000000,31,0.269565217391,57,0.495652173913,27,0.234782608696
2922,W31Y63Zr31,125,3,"W,Y,Zr",0,0.000000000000,31,0.248000000000,63,0.504000000000,31,0.248000000000
2923,W31Y62Zr32,125,3,"W,Y,Zr",0,0.000000000000,31,0.248000000000,62,0.496000000000,32,0.256000000000
2924,W26Y57Zr32,115,3,"W,Y,Zr",0,0.000000000000,26,0.226086956522,57,0.495652173913,32,0.278260869565
2925,W31Y62Zr32,125,3,"W,Y,Zr",0,0.000000000000,31,0.248000000000,62,0.496000000000,32,0.256000000000
2926,W32Y62Zr32,126,3,"W,Y,Zr",0,0.000000000000,32,0.253968253968,62,0.492063492063,32,0.253968253968
2927,W31Y62Zr32,125,3,"W,Y,Zr",0,0.000000000000,31,0.248000000000,62,0.496000000000,32,0.256000000000
2928,W31Y62Zr32,125,3,"W,Y,Zr",0,0.000000000000,31,0.248000000000,62,0.496000000000,32,0.256000000000
2929,W31Y56Zr27,114,3,"W,Y,Zr",0,0.000000000000,31,0.271929824561,56,0.491228070175,27,0.236842105263
2930,W28Y55Zr31,114,3,"W,Y,Zr",0,0.000000000000,28,0.245614035088,55,0.482456140351,31,0.271929824561
2931,W32Y62Zr32,126,3,"W,Y,Zr",0,0.000000000000,32,0.253968253968,62,0.492063492063,32,0.253968253968
2932,W16Y62Zr47,125,3,"W,Y,Zr",0,0.000000000000,16,0.128000000000,62,0.496000000000,47,0.376000000000
2933,W16Y62Zr47,125,3,"W,Y,Zr",0,0.000000000000,16,0.128000000000,62,0.496000000000,47,0.376000000000
2934,W16Y62Zr47,125,3,"W,Y,Zr",0,0.000000000000,16,0.128000000000,62,0.496000000000,47,0.376000000000
2935,W16Y62Zr49,127,3,"W,Y,Zr",0,0.000000000000,16,0.125984251969,62,0.488188976378,49,0.385826771654
2936,W16Y62Zr47,125,3,"W,Y,Zr",0,0.000000000000,16,0.128000000000,62,0.496000000000,47,0.376000000000
2937,W16Y62Zr47,125,3,"W,Y,Zr",0,0.000000000000,16,0.128000000000,62,0.496000000000,47,0.376000000000
2938,W14Y57Zr45,116,3,"W,Y,Zr",0,0.000000000000,14,0.120689655172,57,0.491379310345,45,0.387931034483
2939,W16Y62Zr47,125,3,"W,Y,Zr",0,0.000000000000,16,0.128000000000,62,0.496000000000,47,0.376000000000
2940,W17Y62Zr47,126,3,"W,Y,Zr",0,0.000000000000,17,0.134920634921,62,0.492063492063,47,0.373015873016
2941,W16Y62Zr47,125,3,"W,Y,Zr",0,0.000000000000,16,0.128000000000,62,0.496000000000,47,0.376000000000
2942,W16Y62Zr47,125,3,"W,Y,Zr",0,0.000000000000,16,0.128000000000,62,0.496000000000,47,0.376000000000
2943,W16Y63Zr47,126,3,"W,Y,Zr",0,0.000000000000,16,0.126984126984,63,0.500000000000,47,0.373015873016
2944,W16Y62Zr47,125,3,"W,Y,Zr",0,0.000000000000,16,0.128000000000,62,0.496000000000,47,0.376000000000
2945,W16Y55Zr42,113,3,"W,Y,Zr",0,0.000000000000,16,0.141592920354,55,0.486725663717,42,0.371681415929
2946,W16Y62Zr47,125,3,"W,Y,Zr",0,0.000000000000,16,0.128000000000,62,0.496000000000,47,0.376000000000
2947,W14Y57Zr42,113,3,"W,Y,Zr",0,0.000000000000,14,0.123893805310,57,0.504424778761,42,0.371681415929
2948,CrW16Y62Zr47,126,4,"Cr,W,Y,Zr",1,0.007936507937,16,0.126984126984,62,0.492063492063,47,0.373015873016
2949,W16Y62Zr47,125,3,"W,Y,Zr",0,0.000000000000,16,0.128000000000,62,0.496000000000,47,0.376000000000
2950,W16Y62Zr47,125,3,"W,Y,Zr",0,0.000000000000,16,0.128000000000,62,0.496000000000,47,0.376000000000
2951,W29Y72Zr16,117,3,"W,Y,Zr",0,0.000000000000,29,0.247863247863,72,0.615384615385,16,0.136752136752
2952,W31Y67Zr15,113,3,"W,Y,Zr",0,0.000000000000,31,0.274336283186,67,0.592920353982,15,0.132743362832
2953,W31Y78Zr16,125,3,"W,Y,Zr",0,0.000000000000,31,0.248000000000,78,0.624000000000,16,0.128000000000
2954,W31Y78Zr16,125,3,"W,Y,Zr",0,0.000000000000,31,0.248000000000,78,0.624000000000,16,0.128000000000
2955,Cr2W31Y78Zr16,127,4,"Cr,W,Y,Zr",2,0.015748031496,31,0.244094488189,78,0.614173228346,16,0.125984251969
2956,W31Y78Zr16,125,3,"W,Y,Zr",0,0.000000000000,31,0.248000000000,78,0.624000000000,16,0.128000000000
2957,W31Y78Zr16,125,3,"W,Y,Zr",0,0.000000000000,31,0.248000000000,78,0.624000000000,16,0.128000000000
2958,W31Y78Zr16,125,3,"W,Y,Zr",0,0.000000000000,31,0.248000000000,78,0.624000000000,16,0.128000000000
2959,W30Y72Zr12,114,3,"W,Y,Zr",0,0.000000000000,30,0.263157894737,72,0.631578947368,12,0.105263157895
2960,W31Y78Zr17,126,3,"W,Y,Zr",0,0.000000000000,31,0.246031746032,78,0.619047619048,17,0.134920634921
2961,W16Y79Zr31,126,3,"W,Y,Zr",0,0.000000000000,16,0.126984126984,79,0.626984126984,31,0.246031746032
2962,W31Y78Zr16,125,3,"W,Y,Zr",0,0.000000000000,31,0.248000000000,78,0.624000000000,16,0.128000000000
2963,W31Y78Zr16,125,3,"W,Y,Zr",0,0.000000000000,31,0.248000000000,78,0.624000000000,16,0.128000000000
2964,W16Y78Zr31,125,3,"W,Y,Zr",0,0.000000000000,16,0.128000000000,78,0.624000000000,31,0.248000000000
2965,W31Y79Zr16,126,3,"W,Y,Zr",0,0.000000000000,31,0.246031746032,79,0.626984126984,16,0.126984126984
2966,W31Y78Zr16,125,3,"W,Y,Zr",0,0.000000000000,31,0.248000000000,78,0.624000000000,16,0.128000000000
2967,W31Y78Zr16,125,3,"W,Y,Zr",0,0.000000000000,31,0.248000000000,78,0.624000000000,16,0.128000000000
2968,W31Y78Zr16,125,3,"W,Y,Zr",0,0.000000000000,31,0.248000000000,78,0.624000000000,16,0.128000000000
2969,W30Y73Zr13,116,3,"W,Y,Zr",0,0.000000000000,30,0.258620689655,73,0.629310344828,13,0.112068965517
2970,W26Y77Zr16,119,3,"W,Y,Zr",0,0.000000000000,26,0.218487394958,77,0.647058823529,16,0.134453781513
2971,W27Y74Zr15,116,3,"W,Y,Zr",0,0.000000000000,27,0.232758620690,74,0.637931034483,15,0.129310344828
2972,W31Y78Zr16,125,3,"W,Y,Zr",0,0.000000000000,31,0.248000000000,78,0.624000000000,16,0.128000000000
2973,W16Y78Zr32,126,3,"W,Y,Zr",0,0.000000000000,16,0.126984126984,78,0.619047619048,32,0.253968253968
2974,W16Y78Zr31,125,3,"W,Y,Zr",0,0.000000000000,16,0.128000000000,78,0.624000000000,31,0.248000000000
2975,W16Y78Zr31,125,3,"W,Y,Zr",0,0.000000000000,16,0.128000000000,78,0.624000000000,31,0.248000000000
2976,W16Y78Zr31,125,3,"W,Y,Zr",0,0.000000000000,16,0.128000000000,78,0.624000000000,31,0.248000000000
2977,W16Y71Zr27,114,3,"W,Y,Zr",0,0.000000000000,16,0.140350877193,71,0.622807017544,27,0.236842105263
2978,W18Y78Zr31,127,3,"W,Y,Zr",0,0.000000000000,18,0.141732283465,78,0.614173228346,31,0.244094488189
2979,W16Y78Zr31,125,3,"W,Y,Zr",0,0.000000000000,16,0.128000000000,78,0.624000000000,31,0.248000000000
2980,W16Y78Zr31,125,3,"W,Y,Zr",0,0.000000000000,16,0.128000000000,78,0.624000000000,31,0.248000000000
2981,W15Y70Zr30,115,3,"W,Y,Zr",0,0.000000000000,15,0.130434782609,70,0.608695652174,30,0.260869565217
2982,W16Y79Zr31,126,3,"W,Y,Zr",0,0.000000000000,16,0.126984126984,79,0.626984126984,31,0.246031746032
2983,W16Y78Zr31,125,3,"W,Y,Zr",0,0.000000000000,16,0.128000000000,78,0.624000000000,31,0.248000000000
2984,W17Y94Zr15,126,3,"W,Y,Zr",0,0.000000000000,17,0.134920634921,94,0.746031746032,15,0.119047619048
2985,W16Y94Zr15,125,3,"W,Y,Zr",0,0.000000000000,16,0.128000000000,94,0.752000000000,15,0.120000000000
2986,W17Y94Zr15,126,3,"W,Y,Zr",0,0.000000000000,17,0.134920634921,94,0.746031746032,15,0.119047619048
2987,W13Y71Zr30,114,3,"W,Y,Zr",0,0.000000000000,13,0.114035087719,71,0.622807017544,30,0.263157894737
2988,CrW16Y78Zr31,126,4,"Cr,W,Y,Zr",1,0.007936507937,16,0.126984126984,78,0.619047619048,31,0.246031746032
2989,W16Y94Zr15,125,3,"W,Y,Zr",0,0.000000000000,16,0.128000000000,94,0.752000000000,15,0.120000000000
2990,W16Y94Zr15,125,3,"W,Y,Zr",0,0.000000000000,16,0.128000000000,94,0.752000000000,15,0.120000000000
2991,W16Y94Zr15,125,3,"W,Y,Zr",0,0.000000000000,16,0.128000000000,94,0.752000000000,15,0.120000000000
2992,W16Y94Zr15,125,3,"W,Y,Zr",0,0.000000000000,16,0.128000000000,94,0.752000000000,15,0.120000000000
2993,W16Y94Zr15,125,3,"W,Y,Zr",0,0.000000000000,16,0.128000000000,94,0.752000000000,15,0.120000000000
2994,W16Y94Zr15,125,3,"W,Y,Zr",0,0.000000000000,16,0.128000000000,94,0.752000000000,15,0.120000000000
2995,W16Y94Zr15,125,3,"W,Y,Zr",0,0.000000000000,16,0.128000000000,94,0.752000000000,15,0.120000000000
2996,W15Y89Zr13,117,3,"W,Y,Zr",0,0.000000000000,15,0.128205128205,89,0.760683760684,13,0.111111111111
2997,W16Y82Zr15,113,3,"W,Y,Zr",0,0.000000000000,16,0.141592920354,82,0.725663716814,15,0.132743362832
2998,W16Y94Zr15,125,3,"W,Y,Zr",0,0.000000000000,16,0.128000000000,94,0.752000000000,15,0.120000000000
2999,W16Y94Zr15,125,3,"W,Y,Zr",0,0.000000000000,16,0.128000000000,94,0.752000000000,15,0.120000000000
